0,112 : -1.267293602778384
0,121 : -0.7981941420180592
0,443 : -1.0645412864259152
0,452 : -1.1884157615346442
0,646 : -1.0230280918931323
0,789 : -1.1405995853896704
0,821 : -1.1940444344210581
0,970 : -0.857712941116826
1,72 : -0.46260237663756065
1,669 : -0.9377510417799468
1,716 : -1.225790127700118
1,819 : -1.2022039920275684
2,7 : -1.296608851544475
2,47 : -1.2260099114762357
2,246 : -0.7434706847424606
2,378 : -1.2022579846793007
2,712 : -0.954853194048964
2,863 : -1.2883197316487442
3,132 : -0.9515094432211977
3,355 : -1.4450822980001643
3,403 : -1.1553794768953085
3,615 : -1.0011240927925114
3,736 : -1.1720937476650848
3,740 : -0.8487099201853097
3,747 : -1.1440697044676909
3,801 : -0.8398534607714692
3,903 : -1.07654626961273
4,122 : -1.0405216731333589
4,426 : -1.0904755089448201
4,432 : -1.2093508550907592
4,542 : -1.3200737676912078
4,900 : -1.1064300850557531
4,979 : -1.1386620922007102
5,27 : -0.9901869642565306
5,109 : -0.8133398815529311
5,124 : -1.367271918833898
5,661 : -1.0607355431167629
5,767 : -1.2022209600725473
5,897 : -1.1530551605173973
6,365 : -0.9865847226023627
6,439 : -0.9590024291598436
6,466 : -1.113323955260947
6,553 : -1.0492342074453331
6,777 : -0.6681937296692908
6,806 : -0.7033932066144568
6,918 : -1.2738511206828207
7,38 : -0.9353242679651648
7,86 : -1.147218741517225
7,404 : -1.452090406683082
7,438 : -1.5125391921687648
7,502 : -1.323641783083576
7,542 : -1.1275973651155708
7,817 : -1.376969499454253
7,854 : -0.7699521530096098
8,138 : -1.2922596518536364
8,555 : -0.9828333348885292
8,581 : -1.0371156960197343
8,606 : -1.1031690425719791
8,628 : -0.8781059661116972
8,753 : -1.0673424313942022
8,968 : -1.0929150634359148
9,800 : -1.3140286064624949
9,873 : -1.1879962814914005
9,928 : -0.8250209327490656
9,958 : -0.992978535685509
10,180 : -1.3012820389424125
10,435 : -1.0168549787774674
10,510 : -0.814817694547195
10,546 : -0.9273512161640443
10,553 : -1.0609687041850053
10,868 : -1.1864234969970875
10,990 : -0.8957447073189826
11,21 : -1.29008099293576
11,164 : -1.3214761705917235
11,252 : -1.0455177816131345
11,868 : -0.9065110805471328
11,934 : -0.9175950498351777
11,949 : -0.9408528267870764
11,981 : -0.979511850538956
12,15 : -1.0891610795958577
12,84 : -0.992393844853821
12,318 : -1.3200450733525368
12,362 : -1.155156366499551
12,620 : -1.3200666958839609
12,651 : -1.2540594831418623
13,125 : -1.2380796372306726
13,157 : -1.008551001205026
13,457 : -1.0232582795895642
13,620 : -0.9491445868470827
13,811 : -0.940748019415258
13,873 : -1.1385731824069456
14,174 : -0.8250420796108542
14,328 : -0.9899859661870662
15,199 : -1.2690463026667391
15,422 : -1.2540384868012477
15,566 : -1.3365077306811202
15,939 : -1.0888978350591616
16,32 : -1.0057073015584432
16,193 : -0.9477508472664629
16,247 : -1.3052894562874044
16,318 : -0.991520223444176
16,458 : -0.9504681018513588
16,482 : -0.9156078413439297
16,559 : -1.06350495352833
16,594 : -0.9304698461040082
16,773 : -1.1083357475753504
16,875 : -1.1284256342170629
17,164 : -1.257378482311581
17,165 : -0.8889120932488932
17,400 : -0.8244430440918609
17,626 : -0.9697223156556012
18,80 : -0.9902332283511295
18,306 : -0.7546025836683152
18,351 : -1.1669818038167374
18,411 : -0.9905495530239028
18,752 : -1.2101239467740843
18,915 : -1.264140713841289
19,79 : -0.8986752740067891
19,147 : -1.242603580727986
19,278 : -0.7922317166913466
19,367 : -0.9577510707161156
19,397 : -1.4850280050714142
19,451 : -1.2315333039429714
19,619 : -1.1882368409416326
19,753 : -1.2335116501556413
19,920 : -0.896368712397952
20,308 : -1.1963023718564219
20,573 : 0.012184669638898749
20,783 : -0.6810308397794409
20,976 : -0.6194998392990183
21,191 : -1.1101429237195997
21,283 : -1.1840156072088082
21,288 : -1.176629579972074
21,331 : -1.0353595606839567
21,370 : -1.0545892179082927
21,416 : -1.02008962631042
21,502 : -1.1101680256227198
21,517 : -1.2352570543862669
21,579 : -1.2900607729747726
21,694 : -1.152655505929145
22,143 : -1.00187168697793
22,262 : -1.1550644892936228
22,519 : -0.8374507186571507
22,855 : -1.2174768866274714
22,969 : -1.2259137590732232
23,34 : -0.6953344161509185
23,237 : -1.1688619434776868
23,281 : -0.9718929638361635
23,388 : -0.957664184877262
23,704 : -0.8688201480287683
23,710 : -0.7295567344118632
23,862 : -1.3002469599173683
24,90 : -1.0891610795958577
24,118 : -1.4596376730422227
24,464 : -0.8273063961547824
24,516 : -1.320060391506047
24,794 : -1.1548617692342198
24,950 : -1.3200522740207896
25,219 : -1.0130615093177058
25,248 : -1.1434591431358063
25,405 : -1.1254590358871148
25,410 : -1.0947843154115047
25,488 : -0.9776632300995054
25,549 : -1.1654288165237543
25,658 : -0.9997090960449959
25,853 : -1.1837879693478341
26,34 : -1.2427599208867761
26,45 : -1.421574420406568
26,312 : -1.0287959111817253
26,314 : -1.1270579402092138
26,360 : -1.2391319879229803
26,530 : -1.0285501852744274
26,604 : -0.9904503295455553
26,765 : -1.136249771252106
26,925 : -0.9524231263531018
27,67 : -0.9709436294540117
27,747 : -0.6775182661624273
27,865 : -1.0749796490915875
27,870 : -0.8280361534466019
28,108 : -1.010923527248715
28,157 : -0.76602416663986
28,293 : -0.6602214876720396
28,553 : -0.992226603925479
28,570 : -0.8867534866597468
29,279 : -1.211964469738961
29,477 : -1.347823958315161
29,478 : -0.9909269647226155
29,701 : -1.0661353978097394
29,729 : -1.1553789194800919
29,813 : -1.2651526034475604
29,849 : -1.2650019901743788
29,926 : -1.2819443704683398
30,126 : -1.1765506146129976
30,172 : -1.1632655695130492
30,775 : -1.0995631124010217
30,909 : -0.5842999673696745
31,106 : -0.8258990669222355
31,229 : -0.8541411706302016
31,571 : -0.9304309001279236
31,821 : -0.9673599289179988
31,917 : -0.8948458859228929
32,108 : -1.3388551676100335
32,147 : -1.2619926354281628
32,231 : -0.934534320572622
32,256 : -1.0831856814349408
32,308 : -1.2978894847011517
32,393 : -1.1252019915335434
32,600 : -1.143074477990329
32,641 : -1.3313502805130337
32,871 : -1.2153063794424934
33,335 : -0.9627439870378978
33,342 : -1.1315193003913775
33,445 : -0.7109564688070751
33,488 : -1.193473194492027
33,594 : -1.0451843984284324
33,676 : -0.9278368095282319
34,273 : -1.08983477081795
34,552 : -1.2439266564663711
34,618 : -1.006673721821468
34,712 : -0.9406011066695292
35,54 : -0.995673440427211
35,63 : -1.0942721883976096
35,374 : -1.1870939001159329
35,486 : -0.9701472834734313
35,808 : -1.1847219778823934
35,864 : -0.8328850827879839
36,115 : -1.0643359289629921
36,449 : -0.6604019939596031
36,961 : -0.92146907429809
37,289 : -0.8688149664074967
37,564 : -1.0414622259989916
37,668 : -1.0743940414560544
37,801 : -1.1139664234869833
37,809 : -0.9696900253194387
37,817 : -1.3203212547876184
37,855 : -0.9489883892239768
37,922 : -1.0990643325500526
37,950 : -1.1993416409099744
37,961 : -1.0182532658436942
38,629 : -0.7921349351335394
38,984 : -0.8310199437824797
39,194 : -0.9567261962816924
39,588 : -0.9242208654567237
39,673 : -0.7845488007208401
39,897 : -1.0891271478165496
40,159 : -0.9289071431271028
40,366 : -1.0530651201561412
40,753 : -1.0298755991244892
40,803 : -0.9274679767836418
40,875 : -1.1126930383176363
40,959 : -1.3051493634077156
41,563 : -1.0230216246181767
41,704 : -1.1137769869688339
41,767 : -1.0725075496318537
42,119 : -1.0801031765933424
42,278 : -0.6190556882691518
42,929 : -0.8664804198117855
43,389 : -0.930714777671283
43,644 : -0.991655061555798
43,791 : -0.9561214679363546
43,919 : -0.9357578872600021
43,940 : -1.139319063751338
44,176 : -0.9350143213255526
44,814 : -0.3308502905148085
44,846 : -0.9239822588691511
45,354 : -0.9075811343038123
45,749 : -1.0891610795958577
45,756 : -1.353020012808737
45,804 : -1.2169955706963091
45,985 : -0.8249557104488316
46,368 : -0.963155682116092
46,526 : -1.3200805864555862
46,706 : -1.0069276357884647
46,729 : -1.13500375097815
46,874 : -1.1574109746017114
47,338 : -1.1991557588878212
47,351 : -1.208570920741555
47,430 : -1.3357469405066515
47,787 : -1.1688364185145552
48,198 : -1.3407009216645398
48,325 : -0.9733143394022106
48,721 : -0.9079866952497659
48,798 : -1.1277153465905405
48,879 : -0.9241401953509318
49,500 : -1.130437964805163
49,536 : -1.08007047105257
49,576 : -1.2600286554158528
49,591 : -0.9630573300795788
49,658 : -1.193702748838989
49,719 : -1.0802290571268545
50,71 : -0.8251929661017794
50,691 : -0.8279758754357291
51,196 : -0.9627965597624253
51,203 : -0.6830135805437418
51,276 : -1.0486262029249165
51,286 : -1.012628468488996
51,461 : -0.8911095426649962
51,508 : -1.3200661442602573
51,961 : -1.001754023527044
52,312 : -0.9916066275658442
52,526 : -1.2719365160767886
52,626 : -0.9362396646016877
52,724 : -1.155717034789391
52,840 : -1.0456629928813865
52,983 : -1.103974580889303
53,129 : -1.2025714454705252
53,135 : -0.7610172020664763
53,265 : -0.8971433961778268
53,295 : -1.161532891495919
53,774 : -1.1598657239862211
53,933 : -0.9940187972720218
54,85 : -1.2375225501612794
54,165 : -1.0218595546195464
54,396 : -0.7847079838561546
54,549 : -1.0197288667034083
54,559 : -1.410803755696608
54,631 : -1.212804028180646
54,721 : -1.0552367381946608
55,230 : -0.8664391534567424
55,721 : -1.1160548620042112
55,979 : -1.1385583214847381
56,365 : -0.7746670757710137
56,368 : -0.8800776561000083
57,405 : -0.7424730675773701
57,572 : -0.6599258805449912
58,103 : -1.0731245482548455
58,178 : -1.051996666995762
58,688 : -1.1001960792733634
59,194 : -1.3652466259237261
59,614 : -1.230454765077524
59,831 : -1.1315578739823082
59,923 : -1.0607764589864566
59,959 : -1.2153574176501665
60,240 : -1.4800868379972796
60,450 : -1.2100265788055244
60,483 : -1.2674967816499931
60,532 : -1.0842904773643083
60,875 : -1.0121204210689299
60,911 : -1.0523139265318964
60,942 : -1.0399622684413785
61,291 : -1.134592880162078
61,369 : -1.3557847156694502
61,639 : -1.200129168904967
61,874 : -1.2902260382698483
61,992 : -1.179063630128692
62,163 : -1.326160140221198
62,286 : -0.8800862893604289
62,388 : -0.9737624488477681
62,645 : -0.5570914717155253
62,687 : -0.9391083979025427
62,900 : -1.1695889452387975
62,916 : -1.2378758471173157
63,91 : -1.0629516584696015
63,289 : -1.069357723772752
63,579 : -1.2101363666582916
63,700 : -0.9961895376479508
63,863 : -1.193267487398197
63,942 : -0.9523873485595429
64,123 : -1.2600277928718917
64,671 : -0.9194202915972283
64,702 : -0.9354826727194432
65,260 : -0.9928152237209433
65,292 : -0.877507189988894
65,327 : -0.9416151812395839
65,341 : -1.3490401810779362
65,409 : -1.1938934237978422
65,713 : -1.0934161123840207
65,849 : -1.2375233090987656
65,986 : -1.2624911154849192
66,130 : -1.2305562690358443
66,291 : -0.9904689831367219
66,357 : -1.3261066074352867
66,621 : -0.8665859014056183
66,794 : -1.0172119013424181
66,896 : -1.0490243165053323
67,106 : -0.9881779897086376
67,455 : -0.9923584465638045
67,461 : -0.8894444636689327
67,523 : -1.143454154781697
67,554 : -1.0867620440193742
67,725 : -1.2795341160825875
67,735 : -1.1638541541041443
67,770 : -1.0118331686630562
67,774 : -1.0824029602883902
68,113 : -0.9906011552850726
68,236 : -1.2495346345386356
68,395 : -0.9395542911652179
68,476 : -1.1315213739999654
68,706 : -0.9839854802356194
69,158 : -1.0438299529402761
69,282 : -0.9196798642798021
69,357 : -1.3241844308119228
69,516 : -1.1883737186573273
69,519 : -1.0539797265330884
69,669 : -1.1883613366471195
69,869 : -0.9905137236788004
69,904 : -1.1923933888504843
70,102 : -0.8082374941496213
70,318 : -1.210516997940978
70,526 : -1.1348718200361922
70,536 : -1.1962939572859903
70,543 : -1.0090308634146568
70,616 : -1.2298344080410084
70,829 : -1.0939654033934119
70,886 : -1.1196794198946018
71,212 : -1.2183634181955552
71,401 : -1.0767399349161089
71,503 : -1.1590584327880933
71,655 : -1.2169335084579478
71,829 : -0.9933695624078296
71,834 : -1.140653929225727
72,201 : -0.7272131828895085
72,283 : -1.0396707591758423
72,824 : -0.7902276307141596
73,295 : -1.1022433694093134
73,555 : -1.1161162803882831
73,557 : -0.9725328798620236
73,611 : -1.1895482042706575
73,635 : -0.9194278409987025
74,210 : -1.1552865585172638
74,274 : -0.7157823380165702
74,411 : -1.046625682783934
74,557 : -0.8394594867724887
74,615 : -0.8374755607715736
74,811 : -0.825103927031023
74,922 : -1.04512443348146
75,222 : -0.9902482677218618
75,378 : -1.0027078632478634
75,483 : -1.0452151406076156
75,790 : -1.2375501123881572
76,81 : -1.3364819340297878
76,225 : -0.8667638755304194
76,350 : -1.2788683951934825
76,388 : -1.204147853647899
76,462 : -1.3261100689566883
76,558 : -1.4496567593131493
76,582 : -1.4027839483109754
76,852 : -1.3789869560341637
77,306 : -0.6631481210044003
77,461 : -0.9631445439592867
77,791 : -1.1830257584704809
77,889 : -0.7904104980437117
77,982 : -0.8256779505070619
78,398 : -1.0061554616190649
78,454 : -1.1712932880798101
78,552 : -1.1353319646224236
78,695 : -0.9769314957652653
78,710 : -0.9164186860464507
78,736 : -0.9638680576282113
78,987 : -1.0449755728975538
79,365 : -1.0139291069162852
79,380 : -1.225748036459862
79,688 : -1.101846025908209
79,735 : -0.9334569222892748
79,929 : -0.9345707990154968
80,180 : -1.0890506260174497
80,279 : -1.1700496251757935
80,292 : -1.0607355498741837
81,401 : -0.8910984404801703
81,703 : -1.2240825779331295
81,758 : -1.111278040032908
81,913 : -0.8974289649583265
82,203 : -0.8984683892019363
82,210 : -0.9554277394260411
82,432 : -0.9559834178687159
82,488 : -1.2734675668147206
82,495 : -1.1677368378238313
82,540 : -1.301304102224858
82,597 : -1.2217022867573508
82,651 : -1.3084462902342167
82,687 : -1.260129501396043
82,904 : -0.9854306350990747
82,982 : -1.1059964329558731
83,103 : -0.8966483097894375
83,123 : -1.0615701986044108
83,140 : -1.0377127421989645
83,157 : -1.003010047772427
83,544 : -1.0075336122834413
83,707 : -0.9512765173687061
83,838 : -0.99239781087417
83,858 : -1.1021313583416141
84,88 : -1.1550700080465806
84,309 : -1.265143778226554
84,960 : -1.0021336619236365
85,253 : -1.0911240722483857
85,295 : -1.1718141042813954
85,943 : -0.8910451486855155
86,330 : -1.1358534903563822
86,524 : -1.3821666857070936
86,629 : -1.1527117017111514
86,798 : -1.0924338108504283
86,819 : -1.2751496837473786
87,169 : -0.9316649545745106
87,265 : -1.1151665594111861
87,307 : -1.1219978200904372
87,320 : -0.93595790766667
87,343 : -1.1550783266047557
87,675 : -0.6600098821481883
87,714 : -0.4685825153065142
87,780 : -1.0415207929098433
87,924 : -1.0907224079411701
88,622 : -0.9784308738911753
88,919 : -1.0474043413738676
88,967 : -1.0760460421459594
89,469 : -1.171537390380787
89,663 : -1.159756355307743
89,890 : -1.1387997932890404
89,939 : -0.9900317224875543
90,201 : -1.2870350093547387
90,606 : -1.187996281491401
90,771 : -1.1597997865694634
90,957 : -1.1597906376557106
91,105 : -1.3281765180035574
91,295 : -1.2357621222925665
91,356 : -0.97558471031297
91,459 : -0.9750154192433855
91,479 : -1.009177826176992
91,531 : -0.9545849715960564
91,680 : -1.0662422559140823
91,801 : -1.3144078673484874
91,926 : -1.2827883417809556
91,949 : -1.2694336315322579
92,371 : -0.8665962855392317
92,514 : -1.1578012900678925
92,618 : -1.0933061430004232
92,756 : -1.361360293290005
92,842 : -0.8467693485233583
92,958 : -1.1513340598821706
93,199 : -1.2215477751052997
93,262 : -1.2259124629274982
93,447 : -0.8432833698646007
93,530 : -1.367150950654966
93,583 : -0.9622364902505507
93,921 : -1.0787120263678611
94,202 : -1.1892413919268865
94,212 : -0.9199835504359068
94,218 : -1.2981366412284663
94,220 : -0.8859541422946027
94,745 : -1.1081934799960518
94,777 : -1.1391271448780254
94,789 : -1.1108067132735373
94,807 : -0.9628916938220504
94,863 : -1.1656113156858554
94,929 : -1.216486530807269
94,984 : -1.239056617508398
95,172 : -1.2064851105327308
95,212 : -1.2300801993359505
95,327 : -0.7709131115075585
95,574 : -0.9901074710760047
95,966 : -1.0460934232885668
95,982 : -1.040324662159529
96,126 : -1.2752915599840549
96,414 : -0.8960206376167161
96,447 : -1.0679406213624478
96,647 : -0.6663854176054909
96,723 : -0.684661436382179
96,895 : -0.8792807050204907
97,249 : -0.9096031910863986
97,538 : -0.6599774873023918
97,978 : -1.0785423422692837
98,509 : -0.5951937082377088
98,953 : -0.9194356777273913
99,453 : -1.1227395960562894
99,484 : -1.3115840910174157
99,594 : -0.7552451714606241
99,935 : -0.8629749164348746
100,143 : -1.3083250126471375
100,245 : -1.1795488094327382
100,362 : -1.1776868269845462
100,624 : -1.3629149589119898
100,763 : -1.0933036650860615
100,786 : -1.1137790528482299
100,945 : -1.1226883499452107
101,161 : -0.9487697334061793
101,174 : -1.4850021684013734
101,416 : -1.0314776970909039
101,470 : -1.3612801879016772
101,591 : -0.748586618104977
101,631 : -1.2128045699813819
101,801 : -0.8716189561393795
101,903 : -0.8838585593365242
102,172 : -1.0011923830884983
102,196 : -0.9928625195521872
102,211 : -0.9908631641226875
102,288 : -0.8673069631841015
102,292 : -0.9829103753254955
102,344 : -1.0846800125511953
102,375 : -0.7995687031462744
102,394 : -1.0233293072862422
102,611 : -0.9961901934418207
102,614 : -1.2746627564248838
102,771 : -0.7422351291392935
102,887 : -1.1448387374576487
103,276 : -1.2660506039116148
103,309 : -0.941496745703323
103,490 : -0.6722104150584538
103,552 : -1.0131492987001103
103,805 : -0.9901585677022977
103,979 : -1.1293067360992768
104,243 : 0.019789136910552285
104,483 : -0.7699877750174027
105,146 : -1.3365053871870476
105,190 : -0.9487729663164917
105,199 : -1.1308713610349121
105,446 : -0.9639277402214212
105,748 : -1.0272422211836791
105,924 : -1.2939323517047123
106,445 : -1.1421340551151333
106,517 : -1.1141886337676334
106,683 : -1.093469124195126
106,779 : -1.0199470797738694
106,796 : -1.0066754280582555
106,821 : -0.8674022396731769
106,835 : -1.0726182670796929
106,847 : -0.922497140839182
106,935 : -1.1324318950917753
107,158 : -0.9488709555819228
107,703 : -1.0500518461037491
108,191 : -1.2169481750418676
108,299 : -1.054219454225621
108,325 : -1.1795781434598211
108,465 : -1.2746564520089723
109,504 : -0.6435986464552093
109,762 : -1.237454536141919
109,808 : -1.2021049797052945
110,225 : -0.6851509561731737
110,493 : -1.0787546457199229
110,702 : -0.695053082996619
110,785 : -1.2024056299428683
110,815 : -1.0745678642948553
111,180 : -1.4726959745161912
111,265 : -1.134564006365597
111,371 : -1.0793686136870937
111,506 : -0.9969439394881128
111,597 : -1.1430415406466867
111,632 : -1.0174260858490172
111,886 : -1.177236437492494
112,115 : -1.2982821423982012
112,501 : -1.0452317664266002
112,612 : -1.2652886159350722
112,651 : -1.2657106850904096
112,652 : -0.992520385748684
112,776 : -1.1440877298592578
112,978 : -1.2925837765394061
113,183 : -1.060935995708598
113,348 : -1.1928786451739422
113,705 : -1.1175250783396136
113,813 : -1.320087115074564
113,851 : -1.2931223674302794
113,871 : -1.0734571000281243
113,875 : -0.8460836853108342
114,157 : -0.9769901728652446
114,387 : -1.1315948743609225
114,753 : -1.0871596224537763
114,891 : -1.1532817773782367
114,927 : -0.7376169931732668
115,284 : -1.3366994641211933
115,312 : -1.1601578622382007
115,369 : -1.2996349573655657
115,636 : -1.0415273429161673
115,713 : -1.1882821573866753
115,747 : -1.1385636213971813
115,759 : -1.1523754574684077
116,178 : -1.386282009073203
116,211 : -1.1310793910264998
116,254 : -0.8793730388587693
116,489 : -0.9738712363924558
116,692 : -1.1558746414009393
116,700 : -1.3146172645521519
116,869 : -1.1386400357728688
117,194 : -1.1961949435453092
117,249 : -1.0382843261124481
117,585 : -0.7961206306463078
117,706 : -1.1607144557218971
117,877 : -1.062941047198155
117,979 : -1.040027353738394
118,182 : -1.0534962219787074
118,257 : -1.0510085191138634
118,397 : -1.1009312442280104
118,417 : -1.4042022145485067
118,447 : -0.8680608751641472
118,459 : -1.051089928043246
118,594 : -1.100274545017664
118,647 : -0.8006102230414405
118,787 : -1.3140540136007264
119,120 : -1.1422718866713408
119,192 : -1.2605759405002073
119,202 : -1.329734500775622
119,239 : -1.22405352105543
119,448 : -0.900268110451198
119,694 : -1.1684683213974933
119,738 : -1.1735386230184215
119,796 : -0.9994482989167364
119,821 : -1.0829275709412713
120,261 : -1.1059502459392703
120,286 : -1.0935352065339932
120,426 : -1.1140174561642011
120,642 : -1.0911799553744062
120,820 : -1.1880263776680011
120,822 : -0.9064513789940487
120,830 : -1.0371712524952783
121,364 : -1.0445099283943327
121,556 : -1.089238340624958
121,611 : -1.0450932249044826
122,289 : -0.9901141605539316
122,842 : -0.6613270011214754
123,482 : -0.6451049899296057
123,506 : -1.2615952044887813
123,689 : -1.0272415885431
123,879 : -1.274055521091915
123,918 : -1.1795330952589218
124,233 : -1.562010635130692
124,284 : -1.4527694096678085
124,450 : -1.2100290429191256
124,652 : -1.321679751442828
124,810 : -1.3214909722786352
125,233 : -1.287357421693291
125,663 : -1.378949371864346
125,686 : -1.0890891947787686
125,710 : -0.9491169813681739
125,839 : -1.1964655796816843
125,901 : -1.0396509221805763
125,926 : -1.0321552844522963
126,209 : -1.014039428024871
126,266 : -1.084507835690125
126,313 : -1.2025473201471968
126,737 : -1.1033179475043768
127,194 : -0.9927025947197445
127,242 : -0.843296261631413
127,300 : -0.7232243232395004
127,580 : -0.844945128653459
127,612 : -0.9519555354061575
127,649 : -0.9053719187772447
127,832 : -0.8498269267645715
128,140 : -0.33978006417378515
128,506 : -1.0804200303474194
128,641 : -0.5809488700943637
129,138 : -1.2491948957394197
129,240 : -1.3276821426802234
129,319 : -1.2128079958624944
129,409 : -1.018074459090169
129,847 : -0.8819110257849645
129,926 : -1.1551371627926974
129,974 : -0.7858808124535146
130,430 : -1.184056412002608
130,517 : -1.1063385487864306
130,551 : -1.4134311129134614
130,824 : -1.0891653405147927
130,840 : -0.8974160391121273
130,845 : -0.7919952026199106
130,902 : -1.3507292730985103
130,925 : -0.8932620659292287
131,274 : -0.9376732401365864
131,342 : -1.193401376656733
131,355 : -1.1872274950042536
131,871 : -1.1142454820426746
131,904 : -1.1532333371297385
132,277 : -1.1660798833163382
132,314 : -0.9936358645936192
132,388 : -1.100897679798372
132,425 : -0.9474983290961898
132,577 : -0.8666044054928066
132,710 : -0.7764167559671102
132,724 : -0.6693119875613256
133,297 : -1.2994705463232012
133,606 : -1.089645946799795
133,611 : -1.07100909703958
133,627 : -1.2952202816396472
133,946 : -1.113970738625813
133,951 : -1.0769687184064898
134,307 : -1.0511248153778636
134,326 : -1.2540024293425844
134,343 : -0.8473291398323661
134,964 : -1.1139480421547918
135,870 : -1.0786827784011095
136,193 : -1.1140808688102188
136,205 : -1.14327279345699
136,244 : -0.8085377348105021
136,402 : -1.2787886384148246
136,428 : -0.866431048199543
136,624 : -1.179618382537221
136,800 : -1.1314349337782001
137,214 : -1.0609195486005216
137,221 : -1.1141234513558684
137,258 : -0.9654208150712544
137,387 : -1.1677932773075268
137,608 : -1.0770401453386906
137,614 : -1.027235632147936
137,768 : -1.3439194643453192
138,166 : -1.1784985752101207
138,309 : -1.156115711788562
138,364 : -1.131662865747634
138,408 : -1.1551296854818491
138,776 : -1.1790644987450727
138,786 : -1.2600223898219385
138,852 : -1.17692357470741
139,453 : -1.1344772741587135
139,483 : -0.8805420358898397
139,488 : -0.8874890418220165
139,518 : -0.6664368361748598
140,428 : -1.0613077232793509
140,553 : -1.4496931129067114
140,641 : -0.8539196864135592
140,661 : -1.0607679664248213
140,776 : -1.159796487903412
141,343 : -1.0725896167818059
141,355 : -1.200092500793919
141,364 : -1.2900417061552991
141,484 : -1.2450544474294838
141,971 : -1.0628529553666732
142,144 : -0.7425521515589564
142,194 : -0.9706409556114717
142,199 : -0.8700729290737022
143,160 : -1.1678665521846576
143,298 : -0.9128598445170284
143,508 : -1.2259273478021484
143,878 : -0.7792533267027419
143,930 : -0.9992626288469781
144,254 : -0.9913416179177297
144,793 : -0.7500990845011442
145,274 : -1.1031682394865157
145,310 : -0.8913513367379244
145,394 : -0.8952907281426943
145,650 : -1.01874266063923
145,711 : -0.894061461995757
146,197 : -1.2022385559894913
146,263 : -1.3011427211951063
146,334 : -1.0890420827591818
147,345 : -1.310833894604884
147,457 : -1.1252646353160358
147,511 : -1.1457738233741699
147,557 : -1.1030481510657553
147,615 : -1.3110538273570214
147,636 : -1.1345948067394818
147,683 : -1.0365445339853525
147,697 : -1.0350231268254353
147,844 : -0.9450928676228387
148,554 : -0.5568943333199261
148,838 : -0.44009218042938025
149,195 : -0.7425416737898738
149,723 : -0.4950045185926675
150,244 : -0.6858310303707857
150,353 : -1.0171546167211902
150,582 : -1.1216968458748058
150,791 : -1.2377629345169545
150,841 : -1.1387753191830332
150,868 : -1.0996362132937803
150,893 : -0.9922712046678346
151,210 : -0.8438660917512073
151,267 : -1.3012898793161587
151,294 : -0.8739924022596377
151,608 : -0.7932016058050406
151,875 : -0.9801359373758336
151,948 : -1.1163846229847825
152,322 : -0.9922993292163671
152,596 : -0.9900897494796692
152,763 : -0.8251353496401084
153,604 : -0.6685169820024652
153,741 : -0.9300229344967252
154,403 : -0.9930365916917259
154,637 : -1.2690866688726308
154,891 : -1.2305238480271834
155,232 : -0.9901202316750555
155,577 : -1.326114916486941
155,702 : -0.9273784329235704
155,765 : -1.0846277943715874
155,945 : -1.1406756159849238
155,958 : -1.1032150980128357
155,984 : -0.9900795629827663
156,338 : -0.5694758212994198
156,877 : -0.866318426057411
156,921 : -0.9899867712044279
157,316 : -0.8093502167178483
157,499 : -0.9254241278200299
157,590 : -0.8166941651980446
157,591 : -0.9863212779342327
157,792 : -0.9872915464938818
157,918 : -0.9795407807481573
157,996 : -0.8504207238703807
158,219 : -0.8089333693195133
158,477 : -1.0619339835912927
158,564 : -1.08940331488678
158,666 : -0.9654538668910306
158,736 : -0.8668751961144117
159,256 : -1.2258042010535766
159,600 : -0.8769922363700549
159,605 : -0.9583865338444963
159,638 : -1.2486395678126962
159,670 : -0.9950485869347563
159,682 : -1.0257022180357245
159,689 : -1.056180788081011
159,844 : -0.9901855800605919
159,891 : -1.113150591414961
159,965 : -1.138386919223004
160,223 : -1.1749779729421101
160,288 : -1.2025613604662424
160,478 : -0.9902551705649008
160,503 : -1.3142947567820502
160,653 : -0.9945385263085558
160,970 : -1.2652340339539916
161,881 : -0.8957437053507222
161,956 : -1.1220112458921805
162,362 : -1.0789330668027555
162,370 : -1.414287989170825
162,642 : -0.9922002440675195
162,834 : -0.9960700428807532
162,837 : -1.2021049797052945
162,946 : -0.9194975827039733
162,960 : -0.8523907188472477
163,165 : -1.3358012361089022
163,519 : -0.9904317523256196
163,774 : -1.0401090742170571
163,932 : -1.2753231949185464
163,954 : -1.0614576393930926
164,302 : -1.0120469565548964
164,430 : -1.0552669141892164
164,552 : -1.2375907349542605
164,739 : -1.1313162622666768
164,779 : -0.9367066904070014
165,427 : -1.1550321018646055
165,674 : -1.0553177839640444
165,706 : -1.063212529261572
165,787 : -1.2792306415401336
165,899 : -1.0619377968323134
166,232 : -0.7674447611610054
166,571 : -1.0518222168203701
166,702 : -1.0499033446351271
166,705 : -1.1235761601643444
166,792 : -1.1602004528787528
166,884 : -1.231259587054919
166,886 : -1.1204623816914636
166,907 : -0.7373635242104952
166,908 : -1.345444824724959
166,916 : -1.1553494927023946
166,984 : -1.028776129510578
167,349 : -1.1941442343838555
167,427 : -1.2021511692656208
167,603 : -1.1158896740155724
167,638 : -0.7931125537512536
167,968 : -1.3121908792160744
168,265 : -1.2376175242872662
168,294 : -0.8809956582436502
168,425 : -0.9453449024063467
168,510 : -0.660627978053486
168,896 : -1.2375251821815745
169,275 : -1.0471835248217758
169,283 : -1.1384649197824177
169,353 : -1.158658134494262
169,521 : -1.3105271451858576
169,631 : -1.1790602497082299
169,674 : -1.0864492023408272
169,714 : -0.8633760447127998
169,746 : -1.0463714181894503
169,952 : -1.113326726089078
170,362 : -1.1196609545945533
170,437 : -0.9196668364076241
170,544 : -1.0611200252280208
170,639 : -1.1553003318149297
170,895 : -1.0964969994106837
171,257 : -1.0890819301113996
171,305 : -0.9553311372395759
171,476 : -0.7098590834882157
171,523 : -0.9706054395592105
172,205 : -1.128184406608323
172,214 : -1.2024495425216593
172,475 : -1.0614016306901535
172,598 : -0.9487903363556007
172,612 : -0.9592544578820488
172,840 : -1.0727771998893099
173,260 : -1.2787709757621437
173,263 : -1.0604465423497054
173,280 : -0.9693664935764117
173,385 : -1.1549528845954646
173,850 : -1.4025093917968263
173,934 : -1.2451684594053294
174,339 : -1.2554235206760431
174,595 : -1.1859378288603812
174,607 : -0.7680250774679578
174,687 : -0.9616040073428831
174,822 : -1.3727094931357402
175,458 : -1.0918102525209123
175,623 : -0.9364082905460962
175,648 : -1.1318742673041755
175,847 : -0.9246043222796012
176,212 : -0.9915982237949614
176,295 : -1.0213722905409153
176,524 : -1.1100794149192934
176,622 : -0.872521020865918
176,666 : -0.6821200239504703
176,874 : -1.1057437186590606
176,999 : -0.8867586149080569
177,269 : -0.8486357375845239
177,438 : -0.8416153804089532
177,687 : -0.9139191382131511
178,226 : -0.8292243490494307
178,321 : -0.787161637813885
178,332 : -0.6437568523380957
178,992 : -0.9654008911525893
179,196 : -1.2538737747920186
179,203 : -0.9491065244610848
179,305 : -0.9502989561070918
179,311 : -1.1711715666370486
179,370 : -1.2664844703261395
179,471 : -1.1341374097064225
179,599 : -1.0453188152728572
179,726 : -1.0817524850646212
179,790 : -0.8652188675091597
180,212 : -1.2954780638799184
180,268 : -1.301272001397821
180,387 : -1.2672477085717495
180,453 : -1.1758731012340844
180,464 : -1.0891676076742587
180,706 : -1.012184927923804
180,857 : -0.990136019542309
181,254 : -1.052196764548448
181,743 : -0.9592629754768367
181,822 : -1.2000770379247827
181,900 : -1.210103702422567
181,901 : -1.03995230353681
181,986 : -1.0316322646402578
182,323 : -0.8250399056056765
182,341 : -0.8869172564640144
183,218 : -0.9202136784911754
183,417 : -0.8140525979294284
183,465 : -0.5825846585726888
183,768 : -1.0609214141467262
183,938 : -1.1731194198124637
183,966 : -1.0935489939888785
184,328 : -0.9899468347303197
184,563 : -1.1220027741990313
184,583 : -0.9239327980975884
185,194 : -1.0940870070775643
185,220 : -0.9067549545806943
185,412 : -1.0908066789767537
185,673 : -0.9005631059680241
185,793 : -1.0808262961623032
185,914 : -0.7457013061832289
185,920 : -1.1616527996821624
185,968 : -1.2266649045661309
186,284 : -1.347344883057393
186,381 : -1.2376565347178863
186,571 : -1.1365819156434593
186,574 : -0.8663261820742474
186,733 : -0.9900619318068506
186,754 : -1.113868374819328
186,824 : -0.9911352790460266
186,839 : -1.1142441549405109
187,200 : -1.334154834888444
187,346 : -0.8561438180904326
187,512 : -1.3672309021640556
187,544 : -1.1610922551066354
187,552 : -0.9433974635724933
187,585 : -1.0604098529520676
187,718 : -1.1589182643475815
187,750 : -1.1553556395022184
187,803 : -1.016529829976362
187,912 : -1.0992443235644767
188,383 : -0.8254237048130824
188,622 : -1.0857458142020593
188,681 : -1.1197233211046012
188,950 : -0.9159733704475705
189,237 : -1.0614525474526841
189,274 : -1.2729357549278353
189,345 : -1.3083041451851054
189,428 : -0.9941993637406705
189,654 : -1.1351151389804048
190,198 : -1.0725399902283645
190,760 : -1.0230172167836526
191,462 : -1.0844859597010892
191,705 : -0.8665032046304999
191,802 : -1.210083211774244
191,945 : -1.1551167815323176
192,402 : -1.0725649745825931
192,601 : -0.8250288691328946
192,730 : -1.0822247286137054
192,768 : -0.990250527800735
192,839 : -1.08011755604723
193,564 : -1.0892714393981278
193,686 : -0.9657631314651618
193,966 : -0.9717170131790309
193,993 : -0.9657748609367389
194,209 : -1.3592013070072926
194,307 : -1.3490146016944746
194,358 : -0.9216804534960312
194,421 : -1.1958715493051284
194,455 : -1.2575060524625674
194,668 : -1.2134685511166259
194,913 : -1.0777339597139344
194,962 : -0.9507576339993173
194,969 : -1.3769243924470325
195,410 : -0.7015565887714947
195,504 : -0.9919876929864526
195,605 : -0.8715103297017204
195,769 : -1.16393145412697
195,817 : -1.298616968976869
196,351 : -1.0926956719306236
196,516 : -1.3771783003304519
196,656 : -1.047913326357277
196,664 : -0.9901917170388066
196,727 : -0.8417582105587129
196,784 : -0.9655093144550584
196,785 : -1.12894460051228
197,230 : -1.2259012936414315
197,314 : -1.0306240777822828
197,684 : -1.0892433907862373
197,986 : -1.317380264315902
198,246 : -1.0519601753300316
198,278 : -1.206627562654969
198,354 : -1.1757768789450407
198,445 : -1.372697381402447
198,484 : -1.3903480776758803
198,492 : -1.0937668076549882
198,505 : -1.367516793233519
198,541 : -0.744071352808032
198,681 : -1.1715240333378123
198,726 : -0.9885961793763369
198,968 : -1.193140919230144
198,985 : -1.175657287590771
199,397 : -0.8383754016207217
199,401 : -0.9094440353806976
199,600 : -1.1448491625781378
199,822 : -1.2167643031793283
200,204 : -1.320067892105886
200,325 : -0.9633260094867773
200,592 : -1.309286024056826
200,814 : -0.9903013152952522
200,835 : -0.9087039258483118
200,847 : -0.9926024279464691
201,359 : -1.3578734159593076
201,495 : -1.162000707413358
201,640 : -1.3365231655397194
201,672 : -1.2098928142580183
201,741 : -1.126669756774282
201,890 : -1.1388970184480636
201,930 : -1.2872779178875478
202,217 : -0.6443938640102029
202,477 : -1.003349335101177
202,516 : -1.309130939150502
202,643 : -0.8451142932611766
202,663 : -1.1195267921422984
202,731 : -0.8416801232852422
203,249 : -1.2530496678059135
203,296 : -0.886333092259084
203,387 : -0.9474695856616691
203,489 : -1.207874447831995
203,634 : -0.9648930463189207
203,703 : -0.9522025556003668
204,367 : -1.017742802346056
204,481 : -1.1715281744178814
204,493 : -1.3613393024637066
204,757 : -1.1550002800326356
205,293 : -0.9536800900158897
205,441 : -1.2023272783193422
205,550 : -1.1413813690354901
205,713 : -1.0924247737765187
205,834 : -1.1136601247227356
205,900 : -1.2721978227677586
205,939 : -1.260019148844508
206,639 : -1.0561101032582187
206,799 : -0.9915835262755031
206,879 : -0.8934044097620868
207,729 : -0.8645944826199994
207,738 : -0.7973707769024014
207,812 : -0.6060835547925127
207,933 : -0.8512334132873725
208,276 : -0.7023374903702133
208,594 : -0.8800947014798555
209,255 : -0.9435824012832215
209,319 : -0.9243325033024683
209,333 : -1.1551641368612886
209,372 : -1.1551131297778952
210,221 : -1.0416718455997334
210,760 : -0.8469047676947836
210,871 : -1.0893492436629186
210,964 : -1.485034939036117
211,260 : -0.9912839390501973
211,282 : -0.5645520495235283
211,300 : -0.7159086708728029
211,302 : -0.995349836490298
211,485 : -0.9015809108059121
211,611 : -0.834519404492537
211,613 : -1.2180007818885095
211,673 : -0.9209246557234625
212,361 : -1.0108971484150295
212,377 : -1.1278883628521035
212,458 : -1.1968664583771762
212,731 : -0.702670778641598
212,907 : -1.0197726668470875
212,999 : -0.8680915919543883
213,284 : -1.2790966791539562
213,432 : -1.0611689256439414
213,482 : -0.5569242410183151
213,587 : -1.0726087921667604
213,592 : -1.237680233723495
213,619 : -1.2376874727397706
213,934 : -1.3388165139718344
214,527 : -0.9432104533483749
214,554 : -0.6287944988709608
214,637 : -0.9718188179452101
214,641 : -1.4141766580410318
214,779 : -1.2023111841377494
215,281 : -0.9900395237662369
215,829 : -0.9487743780342506
215,873 : -0.7260515743894698
216,503 : -1.0088693799763715
216,577 : -1.176338497222937
216,673 : -1.2379028458612602
216,724 : -0.9544668623704542
216,734 : -1.2171243093021662
216,974 : -1.1622763947010548
217,313 : -0.9529555568028061
217,361 : -0.9996111620106354
217,627 : -1.080108344155419
218,243 : -0.7699877750174029
218,572 : -1.1001367831558353
218,584 : -0.8890536770396438
218,624 : -1.2330422917406985
218,891 : -1.242070989752884
219,799 : -1.155470807879801
219,874 : -1.0727002783164248
220,284 : -1.038152817390075
220,530 : -0.8488300327976845
220,798 : -0.911779647276604
220,923 : -0.9787079719038285
221,323 : -1.237668032129697
221,334 : -0.9260409105765719
221,429 : -1.00685828594957
221,447 : -1.016629078188945
221,461 : -0.9079479211161627
221,479 : -0.9780930570226825
221,595 : -1.1140532871855306
221,685 : -1.0733150596682663
221,790 : -1.1139630530114886
222,661 : -1.0725248838505
222,671 : -1.0844287129581858
222,985 : -1.031380360538158
223,308 : -1.184124953905886
223,372 : -1.2601904853910773
223,412 : -1.1108346035803178
223,514 : -1.13843381749462
223,589 : -0.9320609277173757
223,621 : -1.0913359052587501
223,695 : -1.1208537982998057
223,763 : -1.0651296761120719
223,790 : -1.1209294907079252
224,449 : -0.495886210717039
224,559 : -1.0230706909238214
225,388 : -0.9530869301648643
225,702 : -0.6881328412027812
226,520 : -1.1567125890265153
226,544 : -0.7346486546054463
226,729 : -0.7522628505088447
226,838 : -0.9965374333568024
226,878 : -0.8797234747176497
226,940 : -0.8474426183276988
226,953 : -1.3012436604510245
227,300 : -1.0560559528879039
227,359 : -1.0324993218965317
227,383 : -0.9465220225911422
227,754 : -1.2539993250585715
227,880 : -1.0067301903142933
228,513 : -0.7460533581732549
228,611 : -1.0356038963519856
228,804 : -0.7851005181821007
228,833 : -0.7434090713746639
228,959 : -1.1551694306196385
229,491 : -0.8467998663589995
229,514 : -0.7275937442100076
229,656 : -1.171548062155431
230,539 : -1.0148590470044607
230,758 : -1.1826158444559898
230,918 : -1.320185351547086
231,755 : -0.8128053961519157
232,315 : -0.6836874012674428
232,517 : -0.927465890421233
232,698 : -1.1405530298561195
232,836 : -1.0610979991232563
233,272 : -1.231088280452985
233,461 : -1.2059511592503482
233,590 : -1.1910381437665452
233,764 : -1.1439941515941165
233,812 : -1.071081395639227
233,854 : -0.7919919229461119
234,759 : -0.7150197774667633
235,298 : -0.9925583659820241
235,678 : -0.8911280608872598
235,851 : -1.0451734673030102
236,260 : -1.1167778838252151
236,308 : -0.9980425744191694
236,361 : -0.8774173901657318
236,382 : -1.072661374438626
236,446 : -1.0023678050062372
236,533 : -1.295310223563006
236,534 : -1.1552918972373716
236,608 : -1.2296143933023629
236,765 : -1.1151776887965528
236,963 : -0.9502820828603284
237,754 : -1.1826904688936684
237,764 : -0.7894072690339744
237,812 : -0.9990733303851431
237,974 : -1.0510901515346176
237,997 : -1.1842296530375274
238,281 : -1.072652977638544
238,409 : -0.7158321639749556
238,417 : -0.8670733447800127
238,436 : -0.9202827763347035
238,571 : -0.8864551296437444
238,713 : -1.0652109711865272
239,267 : -1.052073441645577
239,646 : -0.627149020327235
239,817 : -1.0453510800762955
240,314 : -1.2579176940158243
240,759 : -1.066760396154538
240,811 : -0.909784987146327
240,818 : -1.1059845008775042
240,881 : -1.0353377279615792
240,898 : -1.1400016593174866
240,922 : -1.108211180402515
240,995 : -1.2083068470681044
241,345 : -0.7455086302498051
241,516 : -1.0450596371525167
241,633 : -0.8663187626171212
241,822 : -0.945568650514709
242,358 : -1.0066958111453355
242,475 : -1.1405009613682733
242,544 : -1.2403946048446741
242,633 : -1.1139366911507396
242,684 : -1.114169750034013
242,866 : -1.1385294898223304
244,891 : -0.9556052259243188
245,394 : -1.176713174955402
245,600 : -1.287209201928027
245,699 : -1.1509478375338897
245,856 : -0.8250490693711507
245,926 : -1.1976676984530767
246,422 : -1.2650047761330097
246,549 : -1.155033410664828
247,810 : -1.3200695856298656
247,873 : -1.2539300956024841
247,898 : -0.9899468347303197
247,924 : -1.2001536323944162
247,947 : -1.0891849990057674
248,467 : -1.005881359768023
248,471 : -0.9530353594134651
248,570 : -0.9475659050702203
248,850 : -1.1791587005548347
249,498 : -0.7024315989286762
249,938 : -1.155927745649286
250,264 : -0.9743576788822592
250,342 : -0.9941368722205732
250,382 : -1.0846665894196317
250,452 : -0.9617627103689874
250,561 : -1.1160761044311922
250,863 : -1.153951181044829
250,915 : -1.387787843305356
252,335 : -0.5941906784046824
252,404 : -1.1385465678420297
252,703 : -1.1700420260393725
253,263 : -1.2021997579385846
253,280 : -1.07078953721469
253,293 : -1.2160896110613955
253,348 : -1.1804290209541453
253,593 : -1.091356337002412
253,719 : -1.2001457873938501
253,896 : -1.253003188189819
254,507 : -0.9549389592645126
254,747 : -1.1758270475743604
255,476 : -1.131573529660848
255,481 : -1.0184585561367072
255,721 : -0.866370958213547
255,879 : -1.011372019305068
256,369 : -1.326221218365684
256,441 : -0.9307306395810642
256,537 : -1.2846969596914222
256,582 : -0.9283398119528221
257,583 : -0.5978717690693929
257,847 : -0.8362117480571203
257,933 : -0.7639182729170608
258,284 : -1.386016858502268
258,317 : -0.9929325860454985
258,736 : -0.9946189331499355
258,901 : -1.0917427776374247
259,312 : -0.7429040118791788
259,423 : -1.0890703300404017
259,597 : -1.2150216883747196
259,649 : -1.0891186873342944
260,286 : -0.905657516332663
260,752 : -1.0045709547262076
260,945 : -1.1237696786930895
261,608 : -1.1387040369497003
261,764 : -1.303573904043823
261,855 : -1.1345687834964355
262,529 : -1.2693342179066889
262,658 : -1.155112829068257
262,756 : -1.0727503462330272
262,851 : -1.2650664534437732
263,696 : -1.2021365443639684
263,739 : -1.3436177860157685
263,794 : -1.2025236072537324
263,996 : -1.2751517801927332
264,386 : -1.0490627731930013
264,437 : -0.9356891355378623
264,468 : -0.9665678813128284
264,700 : -1.102770430039604
264,744 : -0.7298724335847386
264,887 : -1.0571526408655911
264,895 : -1.0741256331549982
264,917 : -0.7498524920442664
265,354 : -0.9751830802559018
265,524 : -1.2237234465726865
265,644 : -1.252737515310403
265,651 : -1.2478550574002054
265,973 : -0.8303635409578303
266,340 : -1.0075242229199306
266,413 : -1.0115694835115678
266,468 : -0.7660312506427462
266,917 : -0.7249528738115854
267,270 : -0.9531865457076119
267,403 : -1.1387899773612529
267,583 : -1.2128037080103389
267,588 : -0.9902315295209148
267,961 : -1.1709512616521343
268,288 : -1.0666599454160286
268,552 : -1.131615320484499
268,561 : -0.8183304903612698
268,676 : -1.2573458604691732
268,808 : -1.2022023872707086
269,310 : -1.155579917983189
269,415 : -1.2260522103401508
269,440 : -0.9371222945718507
269,877 : -0.8585229925108582
269,947 : -1.0617194605955538
270,537 : -0.7934880040300634
270,785 : -1.1001256914552209
270,812 : -1.111276873620331
271,521 : -0.6600228827283638
271,573 : -0.24742678043054278
272,320 : -1.1107607538315363
272,432 : -1.2474000354561063
272,511 : -1.0329108509126659
272,830 : -0.9246551217128443
272,867 : -1.1421907139028207
273,392 : -1.0744800427623384
273,516 : -1.1276573716751832
273,753 : -1.29948733646729
273,798 : -0.9909450837867926
274,303 : -1.2257791627238932
274,526 : -1.1403900167104846
275,534 : -1.072681405789739
275,552 : -0.9903108138734837
276,393 : -0.8965228435541923
276,585 : -0.9403065330754652
276,658 : -1.0414787468117237
276,841 : -0.983115658016704
276,927 : -0.9472126329749122
277,373 : -0.9900516331770846
277,395 : -0.9785075090326116
277,701 : -0.9205000554987459
278,644 : -1.0450444183190566
279,307 : -1.4195112381083126
279,415 : -1.2452095919902226
279,502 : -1.1758792227128598
279,533 : -1.4040018489358332
279,541 : -1.0513108854550834
279,693 : -1.1965047298013003
279,726 : -1.2934480332170821
279,876 : -1.2344922097397042
280,322 : -1.1175606899331543
280,658 : -1.1140835206756212
280,682 : -1.1196367467322141
280,863 : -1.2091385048409826
280,936 : -1.4025169589017579
281,328 : -1.2788784587893343
281,329 : -1.1550558181242057
281,556 : -1.2215165513519088
281,655 : -1.2788776313287507
281,695 : -1.2241193309256992
281,970 : -1.163785289427628
282,286 : -0.9795776436693413
282,383 : -0.936066654500981
282,760 : -1.0160719948382968
282,766 : -0.8663053567271364
282,914 : -0.8759995813933519
283,322 : -0.7929135864918384
283,363 : -1.1883398507294682
283,369 : -1.3737999742103173
283,603 : -0.7968107954310759
283,934 : -1.0048035832201259
283,983 : -1.0715235824380143
284,333 : -1.40258319061001
284,467 : -1.210783643627245
284,540 : -1.279544007311269
284,550 : -1.0588129663391372
284,579 : -1.25408926592449
284,673 : -1.1881165196656056
284,689 : -0.9922060859674104
284,705 : -1.1475316957145707
284,749 : -1.1881112962147249
285,389 : -1.1207819729680382
285,485 : -1.1943672082525003
285,568 : -1.1015367166916246
285,590 : -1.2263794805734545
285,700 : -1.04896246545127
285,782 : -1.1105750946411743
285,838 : -1.0545967117691144
286,537 : -1.1732870075483834
287,303 : -0.7699998843357687
287,883 : -0.5938994144322887
288,544 : -1.1934515200189248
288,771 : -0.7130220925041395
289,564 : -0.9535486630820174
289,650 : -1.2034276628277887
289,743 : -1.0768659396765283
289,874 : -1.2382985972400675
290,948 : -1.0106667829116889
291,349 : -1.1804796036913983
291,693 : -0.9194516600558709
292,863 : -1.1407795382383394
292,901 : -1.1528772059407584
292,917 : -1.1405483287094564
293,648 : -1.1432814686592505
293,718 : -0.9628268553010482
294,500 : -1.303856235992149
294,590 : -1.2266061810039304
294,669 : -1.4027543519272192
294,758 : -0.8832676001361262
294,760 : -0.9465975082485087
294,842 : -1.0461764837681455
295,436 : -1.0990352474921146
295,448 : -1.0333900812810608
295,649 : -1.336807880891452
295,752 : -1.1229904205226284
295,892 : -1.3203580281240694
295,928 : -1.1137659671447149
296,637 : -1.0285580359467588
296,804 : -0.9489011298791643
296,940 : -0.7665216525151148
297,324 : -1.078906491355065
297,341 : -1.2376279008250495
297,541 : -1.2792388345889298
297,718 : -1.0529428406656813
297,784 : -1.1509680316143265
298,343 : -1.2105875677829987
298,455 : -1.0259043953963691
298,645 : -0.9900908086745739
298,724 : -1.3042231189628324
298,815 : -0.9242597788509066
298,878 : -0.582403838689248
299,319 : -0.5198431573617428
299,561 : -0.8256093764854369
300,564 : -1.3154334210360261
300,649 : -0.991361235273698
300,897 : -1.1369803757959867
302,388 : -1.1533357684873549
302,551 : -0.9187155494007873
302,766 : -0.7539156523980788
302,830 : -0.7725427606702464
303,336 : -0.8258194240118859
303,503 : -0.8366259788936561
303,557 : -1.224317309647478
303,623 : -1.0537322179674407
303,927 : -1.0527383550094789
304,321 : -1.1572786362600636
304,333 : -1.299688320554337
304,349 : -1.1334925427668638
304,377 : -0.7773925409366318
304,588 : -0.7677032110250255
304,595 : -1.2376476117317279
304,863 : -1.1463866685708908
305,321 : -0.8872546821374887
305,682 : -0.8466201637972912
305,777 : -0.48653670443929564
305,831 : -0.9903703487149396
305,894 : -0.8064692364730739
307,329 : -1.231488439332625
307,332 : -1.1285765943795338
307,527 : -1.1934493021171386
307,577 : -1.1046556914069656
307,590 : -0.9288338843347808
307,632 : -1.0288770459815955
307,740 : -1.2413744620886344
307,843 : -1.2114114078478577
308,474 : -1.284790448821989
308,634 : -1.1416362133282552
308,667 : -1.0973373273158842
308,731 : -0.8675466719458909
308,800 : -1.2428424478069875
308,864 : -0.8000699628640962
309,349 : -1.007141081031179
309,353 : -0.8415559889389428
309,534 : -1.1002066709633187
309,813 : -1.01808429040141
309,880 : -0.6878832849176555
310,486 : -0.9631171970333439
310,491 : -1.0940036746404207
310,583 : -1.3090226908249458
310,935 : -0.9365967106741246
311,869 : -0.8092634004201511
311,954 : -1.0882716350546389
312,793 : -1.0022295336451332
313,597 : -1.1026987221881726
313,745 : -0.8704368194221179
313,879 : -0.9049242256765029
313,911 : -1.1223435250283211
314,566 : -1.1292272484505146
314,590 : -0.8979333821557463
314,741 : -0.7716306904285843
314,768 : -1.1551179177569737
315,398 : -0.6601695250981381
315,902 : -0.56663831677078
316,357 : -0.9353871792570962
316,612 : -1.032920010943537
316,735 : -0.8956188647363024
316,768 : -1.030660110442133
316,789 : -0.9707339735136835
317,513 : -0.8911587577935236
317,739 : -1.0891103119112167
317,937 : -1.0890285212397361
318,546 : -1.367203209690926
318,673 : -0.9497698117743119
319,479 : -1.2928904583211032
319,749 : -0.5947527919539761
320,524 : -0.8896178902685437
320,655 : -1.340650411872021
320,666 : -1.0007635422936083
320,978 : -1.1138623982875768
320,998 : -1.0547078315266236
321,512 : -1.2847562171450364
321,561 : -1.0739057284318743
321,590 : -1.091043833874744
321,674 : -0.8490555272834048
321,729 : -0.9964913615504611
321,806 : -0.9349422377848113
321,818 : -1.0905563639231373
321,860 : -1.1550363592045922
322,327 : -1.0553366356631324
322,532 : -0.9903673254856393
322,840 : -0.9590639368697287
322,952 : -0.8313264899478943
323,521 : -1.182955627468071
323,762 : -1.2395639175759774
323,783 : -0.9993453140502611
323,843 : -1.202547789211124
323,946 : -0.9902232120224324
323,975 : -1.0528043256702233
324,407 : -1.0432755145212989
324,562 : -0.9935994334633866
324,625 : -1.2025219015962874
324,708 : -1.0337829824155036
324,969 : -1.0648923505078822
325,485 : -1.2025255317410384
325,581 : -0.9487729663164917
325,834 : -1.3082502684913235
325,849 : -0.9899829702058762
326,694 : -1.204814423707318
326,716 : -0.9117365632557122
326,720 : -0.8629860403328173
326,801 : -1.155041898325341
327,387 : -1.0618718661508044
327,423 : -1.1635187520784638
327,559 : -1.1884351078815865
327,616 : -1.2383513710177692
327,804 : -1.1777158197763469
328,384 : -1.3201187627630242
328,392 : -1.3200005872526148
328,821 : -1.3800446031153601
329,624 : -1.1551820983222632
329,665 : -0.6639189032279615
329,708 : -1.155097221961487
329,902 : -1.2964573330696556
330,397 : -1.3877866651676967
330,460 : -0.9617821379003859
330,545 : -1.1597914997949559
330,617 : -1.159735654277656
330,756 : -1.4002170632931774
330,760 : -1.4001630087719241
331,410 : -0.9770062059726143
331,487 : -1.2257675810077568
331,750 : -1.2573679939000049
331,932 : -1.0624529276014547
332,467 : -1.2068726989653555
332,499 : -0.8266201813423655
332,590 : -0.7438378806735435
332,774 : -0.9489655012748344
332,878 : -0.8914095902431738
333,341 : -0.9920522752469667
333,443 : -1.237502009760115
333,682 : -1.2397663375611971
333,846 : -1.1139414345740386
333,976 : -1.1162750140364222
334,724 : -0.9463725970597836
335,765 : -1.2540087694608366
335,852 : -1.3011474144350808
336,451 : -1.179118210796017
336,488 : -1.0153586406049984
337,438 : -0.8425722468863797
337,687 : -0.8991213707543579
337,764 : -0.7962019419881692
338,440 : -1.1509418895462913
338,584 : -0.8370086632937734
338,785 : -0.8584491587386256
339,344 : -1.1597544357729372
339,585 : -1.0772255573008893
339,590 : -1.0278234861025393
339,780 : -1.2081002532094276
340,476 : -0.8717895435015204
340,491 : -1.003965420845049
340,797 : -0.626036640735006
340,848 : -0.8789074499762082
340,918 : -1.0955265237492977
340,974 : -1.1451471326490124
341,359 : -1.193559643206029
341,644 : -1.2789998614185203
342,533 : -0.9618223426050712
342,673 : -1.2140631536724893
342,808 : -1.1335909234043418
343,392 : -1.4300054639715105
343,427 : -0.9355145875896358
343,795 : -1.1413816641793386
343,911 : -1.2379398534448094
344,362 : -1.039886010924847
345,484 : -1.1868940413085896
345,519 : -1.2645699580725438
345,690 : -0.9653052382591025
345,820 : -1.1137813889309052
346,471 : -1.1440783524565399
346,624 : -1.2859293559430887
346,756 : -1.2488822439986302
346,841 : -1.0010943690707412
347,744 : -1.0724986703271822
347,886 : -1.072508944083677
348,354 : -1.2178500460915727
348,363 : -0.9649270444197753
348,449 : -1.0359656114831788
348,512 : -1.106229134704503
348,649 : -0.9154284727876592
348,767 : -0.9735466113272706
348,770 : -1.163371605759929
348,916 : -1.1101438774842722
348,918 : -1.332573924964417
349,351 : -1.1009910145341824
349,366 : -1.0537561006767486
349,458 : -1.06819666024992
349,491 : -0.9055598090248052
349,524 : -1.0946011101743816
349,683 : -1.1663020338335484
349,868 : -1.338885349335957
349,879 : -1.0558973817930344
350,415 : -1.100137204973255
350,456 : -0.9901478912773034
350,744 : -1.0318134749051238
350,863 : -1.217143472566697
351,377 : -1.117936318660126
351,591 : -0.891776370435174
351,830 : -1.0174872651753955
351,836 : -1.2375503678218909
351,903 : -0.990498490327191
352,384 : -1.37776996640905
352,477 : -1.089109734212725
352,505 : -1.089043641155722
352,570 : -1.3140237187367316
352,911 : -1.0148958448128886
353,524 : -1.1963487623791482
353,544 : -1.1845805449279285
353,641 : -1.1357852920308509
353,729 : -1.0548684335496956
354,386 : -1.1694096459237215
354,716 : -1.072672022560904
354,970 : -1.1142084842866837
355,513 : -1.1700417614375276
355,610 : -1.2002552805101256
355,774 : -1.066435652960604
355,839 : -1.2133073327750274
355,979 : -1.3686636759517086
356,447 : -0.8922580064837433
356,456 : -1.0891374943098664
356,982 : -1.0270913638615013
357,415 : -1.129996832100252
357,466 : -1.1331747743470402
357,751 : -1.0073317435991207
357,776 : -1.1386176892867463
358,484 : -1.1157768801460355
358,520 : -1.1559140840582502
358,794 : -1.2397286905406473
358,936 : -0.8828844223322885
359,450 : -0.795608608039881
359,543 : -1.1062517241791392
359,619 : -1.1846053874295288
360,513 : -1.2375030618486926
360,547 : -1.072499286415633
360,654 : -0.999380030295542
360,669 : -0.9943172060539038
360,965 : -0.8671041799058234
361,462 : -1.247278028474434
361,470 : -1.20402798282019
361,546 : -0.9140967192915179
361,659 : -0.7584570782501485
361,785 : -0.9462955122484833
361,800 : -0.9581346991300659
362,971 : -1.3261201616988778
362,973 : -1.2490440714883073
363,463 : -0.8845848291984644
363,496 : -1.0607679841595887
363,617 : -1.0609077027836888
363,649 : -0.9199119840708447
364,399 : -1.0716702336914379
364,541 : -1.010787514024762
364,585 : -1.2208164762496176
364,586 : -1.0891433228913296
364,697 : -1.2526259443789067
365,495 : -0.8428213856352249
365,544 : -0.9301581777687509
365,616 : -1.083787246091036
365,932 : -1.3672532501600574
366,559 : -0.9047283916754516
366,674 : -0.9900493573505338
366,972 : -0.8915859887945208
366,987 : -0.7593405796296469
366,989 : -1.1440772893697977
367,405 : -1.2382801604396176
367,434 : -0.9352633942903354
367,618 : -1.1001659703751092
367,990 : -0.9900399448636414
368,412 : -1.2653485963831086
368,451 : -1.1381438573709
368,512 : -1.312272457600332
368,800 : -1.1953502610794597
369,772 : -0.8250456378205762
369,870 : -1.0527109154180732
370,557 : -1.1139791298776847
370,760 : -1.0193013105549693
370,884 : -1.2847061180438626
371,486 : -0.9529645982073918
371,498 : -0.7487705361836157
371,687 : -1.0397286772126382
371,783 : -1.0118256552417417
371,788 : -0.9916330244716884
371,855 : -1.0369989647653748
372,387 : -1.0428243558479684
372,435 : -1.2169761999589204
372,708 : -1.101593684138825
373,458 : -0.718644472406452
373,998 : -0.6726158233500052
374,441 : -1.2922966541073522
374,511 : -0.9557912048026653
374,578 : -1.1790845090467585
374,644 : -1.0870561034330466
374,734 : -1.307412521642676
374,744 : -1.4175962954552874
374,873 : -1.206050405152677
375,597 : -1.2150669667602472
375,828 : -0.7778893247743488
375,977 : -0.7592156012907871
376,436 : -1.12050869376008
376,607 : -0.8418835807207741
376,745 : -0.9078379623678869
376,949 : -0.8527278809772483
377,380 : -0.8258653095959738
377,408 : -0.9351110857551741
377,588 : -0.737736362104322
377,625 : -1.1827315131216989
377,895 : -1.1966549194615266
377,900 : -1.323862549361393
378,451 : -1.1444039402064208
378,520 : -0.9430235477116837
378,605 : -1.0652580451966367
379,400 : -0.3603875808442891
379,489 : -0.7433229113337088
379,998 : -0.8915797798141987
380,499 : -1.0458140574296442
380,603 : -0.5610096279016936
380,612 : -1.1146134768106761
380,895 : -0.9081705459021205
381,780 : -1.18044962512987
381,858 : -1.2540758091633233
382,436 : -1.237942976533576
382,536 : -1.1549528845954646
382,763 : -0.994723901567923
382,825 : -1.1551735327907586
383,554 : -1.1563739110946112
383,666 : -0.8939105794333377
383,710 : -1.1023783370257285
383,729 : -1.0859785846355745
383,915 : -1.23175837349486
384,400 : -1.1795064005236275
384,408 : -1.2811161066816679
384,737 : -1.1963511697814342
384,768 : -1.3091347345437727
384,820 : -1.3200063851285218
384,826 : -1.196876788818538
384,945 : -1.3821895567668405
385,462 : -1.0607532289662607
385,563 : -1.1385418706277077
385,733 : -0.745563848379188
386,592 : -1.1052819658749535
386,686 : -1.309023419726413
386,843 : -1.2650705945621183
386,957 : -1.0923156136107401
387,405 : -0.9993942729929786
387,560 : -1.2376204261650434
387,863 : -0.950466211783688
387,894 : -1.0908585927505663
387,904 : -1.0805255276637609
388,534 : -0.9255064756607667
388,616 : -1.2678830270398995
388,778 : -0.38967840786111463
388,837 : -0.9685872864505596
389,710 : -0.8534953746508696
389,724 : -0.8399761854354175
389,751 : -1.1094545011228574
390,470 : -0.866346239514256
390,544 : -1.2993984443278292
390,728 : -0.8910200082290416
390,988 : -0.6226715024266518
391,408 : -1.0891614857678928
391,456 : -1.0645514501908169
391,548 : -1.3365239676770853
391,628 : -1.0892153572414793
391,652 : -1.204928758699094
391,831 : -1.1816300592223152
391,949 : -1.1443552686753136
392,587 : -1.3200005872526148
392,719 : -1.3200065466662414
393,407 : -0.8843504780439866
393,584 : -1.1148483310760406
393,658 : -0.9206003472624618
393,872 : -0.9900719322091347
393,943 : -0.9922641708819255
393,981 : -1.1169242091720504
394,453 : -0.8692772436858935
394,579 : -0.8697971910144786
394,735 : -1.047841069357475
395,567 : -0.8063822360315742
395,612 : -1.0739455211373938
395,620 : -1.061574813700958
395,857 : -0.8416474225004089
395,918 : -1.0900995199411256
396,400 : -1.0313931915526542
396,435 : -1.0937393433039029
396,499 : -1.4300168146923378
396,770 : -0.9644745880524264
397,501 : -1.113879068364057
397,682 : -1.278976356890631
397,962 : -0.6565050894793354
398,446 : -1.3124046147216615
398,850 : -1.1216512452319467
398,916 : -1.2650874819143776
398,957 : -1.3359109619367802
399,886 : -0.7931055634114341
399,906 : -1.3365110973754843
399,939 : -1.0889947891411489
400,864 : -0.8368979683599429
400,964 : -1.2376276409712785
401,962 : -0.5947868335661612
402,488 : -1.278904940728034
402,906 : -1.0108642909868983
402,998 : -1.1086167998633885
403,828 : -1.1597983617087162
404,635 : -0.7922745206013952
404,640 : -1.1880560725484415
404,676 : -1.1190460073609456
404,742 : 0.019981631177649506
404,782 : -1.1191004282806176
405,445 : -0.984156080382526
405,822 : -1.097038757112092
406,418 : -1.2996423220142832
406,464 : -1.253907587406193
406,511 : -1.1060314497489436
406,567 : -1.1897339554797588
406,713 : -1.2332679894641831
406,826 : -1.2130663932674342
406,876 : -1.1037799681730172
406,965 : -1.167727730447452
407,624 : -0.9951878768778148
407,750 : -1.1074586489635823
407,762 : -1.1760116457059415
407,769 : -0.9296680004910636
408,603 : -0.9901408923901123
408,956 : -1.2046047770084858
409,839 : -0.993133379877142
409,953 : -1.1396336431894758
409,971 : -0.9550557305408682
410,493 : -1.1718106783921378
410,676 : -0.9209409055830788
410,698 : -1.0156937004370503
410,934 : -1.002354183354806
411,446 : -0.923771917165197
411,467 : -1.1722554001804761
411,490 : -0.9051316193966208
411,826 : -1.2640704790221382
412,437 : -1.265113984084171
412,586 : -0.8601126150922898
412,629 : -1.1556306027632433
412,692 : -1.2240327884345072
412,796 : -1.254054370364841
412,958 : -0.9462739512641405
413,580 : -1.1846667590625684
413,670 : -1.1434588509220176
413,707 : -1.1142726081168766
413,881 : -1.2376154399261168
414,505 : -0.9239842111403833
415,689 : -1.0342098726089874
416,472 : -1.3406512414184286
416,810 : -1.1575499154336786
416,950 : -1.1963279192201393
416,993 : -0.7591383427380309
417,562 : -0.9788499553172805
417,882 : -0.9299150164577015
418,598 : -0.8250480461694529
418,607 : -0.8415067067368085
418,687 : -1.130535013166487
418,889 : -1.184564895654499
418,918 : -1.2129700570909212
418,927 : -1.0522083737687682
419,448 : -0.8747471080355018
419,580 : -1.0196110994666272
419,738 : -0.9992043725918127
419,901 : -1.0404202138517533
419,926 : -0.8172430851798103
419,983 : -1.0683022450865933
419,999 : -0.9948245286781168
420,986 : -0.4376391087330511
421,745 : -0.5262722894071643
421,853 : -1.1234139307282112
421,942 : -0.8431997497559087
422,506 : -1.1804334396658582
422,616 : -1.1638037572781768
422,634 : -1.1572139209940326
422,730 : -1.2553875928467662
422,953 : -0.9514128042012429
423,493 : -1.3697689506133823
423,695 : -1.2410554891857588
423,772 : -0.8250848622493108
423,861 : -0.8914715783138805
423,919 : -1.215797749530711
423,924 : -1.2845436142580917
424,465 : 0.019980193971689264
425,436 : -1.0749017375131942
425,553 : -1.0288623527288427
425,666 : -0.9980711465672183
425,705 : -1.1610497380723022
425,718 : -0.7549063304413948
426,448 : -1.0931603239524743
426,469 : -1.2581626116604054
426,761 : -1.1756549282556272
426,849 : -0.9900390482726948
428,597 : -1.0651594865567593
428,625 : -1.4024753801588892
428,773 : -1.1551613441335
429,457 : -0.924880467671152
429,467 : -1.0473152425292818
429,875 : -1.044377015705925
430,480 : -1.4457251414074843
430,607 : -1.2240633256898468
430,828 : -1.2868279635081517
430,999 : -1.2245893618119696
431,460 : -0.6270847529736685
431,730 : -0.9150328185272212
431,828 : -0.6135684264411703
432,519 : -0.9953394073321498
432,599 : -0.8276298780900755
432,829 : -1.2030956935118091
433,455 : -1.099477596104156
433,562 : -1.1882366173505687
433,791 : -1.182741014714515
433,844 : -0.9901144762713754
434,527 : -0.99238573462141
434,557 : -1.155065213612752
434,617 : -1.0727997480992366
434,957 : -1.0842570252454369
435,502 : -1.1085296282931
435,953 : -1.0789881253028941
436,683 : -1.0339278324926955
436,876 : -1.0964918153527918
436,934 : -1.040628874557596
437,452 : -0.9618861613081733
437,557 : -1.3083188000758845
437,840 : -1.2985995272758712
438,481 : -1.1881111186544313
438,544 : -1.1948377131818546
438,663 : -1.1812482037387149
438,851 : -1.0532456086351143
439,735 : -0.9331880008908904
440,687 : -1.2900248204192808
440,701 : -1.0785637290805283
440,847 : -1.3340610158551955
440,866 : -1.2746490421343708
441,544 : -1.0919457762530818
441,632 : -1.204503863842847
441,859 : -1.2134510226081838
441,880 : -0.9440754654414052
442,572 : -1.1001270690041158
442,673 : -1.1555284771723957
442,679 : -0.5507597263870063
442,732 : -0.4543692309174603
442,830 : -0.9327448211819047
442,998 : -1.132810332273551
443,548 : -0.9653214553312464
444,912 : -0.7071396117156894
445,696 : -1.141315718447347
445,908 : -0.9901251887345985
446,864 : -0.8522893906461562
447,551 : -1.1451085305189768
447,695 : -0.9945069876011048
447,721 : -1.1759885503837606
447,736 : -0.8522412974228042
448,830 : -0.9650042308731948
448,959 : -0.9752970994575194
449,473 : -1.2100379918250592
449,521 : -1.0451467227976146
449,826 : -0.9901521219744163
451,548 : -1.2240695968607072
451,779 : -1.1896422560812345
451,972 : -0.9991235632397037
452,704 : -1.295302912796024
452,955 : -0.7941435467787308
453,478 : -0.8685759124794992
453,729 : -0.7662879538440368
454,461 : -0.7377167307119303
454,678 : -0.48577110433455095
454,809 : -0.8664579262612493
455,534 : -1.1050577021853893
455,651 : -1.2493157797742258
455,662 : -1.1194371757553156
455,695 : -1.3520180947586686
455,743 : -1.207750331172921
455,753 : -0.8361126748186756
455,767 : -1.3518543943082157
455,866 : -1.1577295902847125
455,928 : -1.1676867304435707
456,559 : -1.0154108635263182
456,662 : -1.1190246162824047
456,676 : -1.0725126146601829
456,789 : -1.2914739522362266
456,933 : -1.0611000190732232
457,461 : -1.045062701398125
457,589 : -1.2651096402629425
457,980 : -1.1549528845954646
458,601 : -0.924037972102909
458,933 : -0.9834867319807461
458,948 : -1.1634222827959313
458,998 : -1.0825848855763915
459,595 : -0.7814669159977483
460,496 : -0.8911584876617944
460,858 : -0.9905056767758538
461,543 : -0.9955106365136599
461,651 : -0.9605706900173632
462,487 : -1.0020121228142767
462,656 : -1.1031993676393275
462,940 : -1.20232767770149
463,780 : -1.1805231921171035
464,596 : -0.5894443430130301
464,948 : -1.1140621343465305
464,979 : -1.0563489219167206
465,730 : -1.2240912004363809
466,562 : -1.1891625903132548
466,593 : -1.078419854999682
466,600 : -0.9911032589179731
466,652 : -1.1473382854674279
467,555 : -1.1002748704292742
467,888 : -1.0450327376187447
468,677 : -1.068717922327656
469,533 : -1.1715318110979882
469,655 : -1.320003992754787
470,605 : -1.0438607358223724
470,644 : -1.1622281006480208
470,792 : -0.8619425640111467
471,536 : -0.8911441412716199
471,931 : -1.2540277741648413
472,498 : -1.0553059737567052
472,540 : -1.238059509963155
472,630 : -1.1509418895462904
472,869 : -1.089080009424217
472,906 : -1.2407062298394553
473,491 : -1.0382052605755803
473,580 : -1.241562970789186
473,597 : -0.9360198996877038
473,663 : -1.19442649598646
474,495 : -0.967601205376555
474,556 : -1.1321429281823154
474,762 : -1.2023897158401082
474,802 : -1.422171150669774
474,898 : -1.0371375851514641
475,477 : -1.0095285243798209
475,802 : -1.1032174394886867
476,878 : -0.9940686584434864
476,883 : -1.202255266554455
477,942 : -1.1636797038310958
478,913 : -1.1880027080705244
479,523 : -1.037695094053018
479,534 : -1.0623603461752742
479,636 : -1.165456228307347
479,638 : -1.1562861940568832
479,694 : -1.2199759581615455
479,727 : -0.9087787683850181
479,761 : -1.2812140746455625
479,771 : -1.2065368729969874
479,777 : -1.07292066021756
479,963 : -1.1306570431470253
480,502 : -1.230584752618447
480,615 : -0.9111983435791813
480,619 : -1.0635570313601042
480,707 : -0.9972765365639686
480,860 : -1.237503061848693
481,905 : -1.0890396506494264
481,958 : -1.1878931235390926
483,651 : -1.0571214308858243
483,723 : -1.2103835944862373
483,944 : -1.237673288012619
484,495 : -1.2551857458293432
484,497 : -1.035025883166775
484,672 : -0.8656384638631651
484,770 : -1.1114047855529874
484,868 : -1.1427603138783766
485,656 : -1.0184182088787739
485,707 : -1.1159435971193084
485,766 : -0.7958044256596082
485,810 : -1.2572301858333828
486,548 : -0.8420453352865125
486,995 : -0.9900775133631514
487,638 : -1.0432191681671155
487,994 : -0.8665617609556988
488,697 : -1.25832115934254
489,864 : -0.6711342925934085
490,507 : -1.132545079520841
490,677 : -0.7995506458583712
490,863 : -1.036467103902876
491,514 : -1.0249690941606113
492,541 : -0.5233492356819804
492,680 : -0.8681710513217047
492,751 : -1.020365574966426
492,938 : -0.9647932646565074
493,527 : -1.1573036677144284
493,564 : -1.1473369023285702
493,671 : -0.9660551612911443
493,684 : -1.3449760297766558
493,728 : -1.1965875184737778
493,826 : -1.2593541336865406
494,733 : -0.4948190601816669
494,859 : -0.837692583013826
495,915 : -1.047237204416449
495,923 : -1.0177432705458402
496,931 : -1.1552841063227364
497,690 : -0.44545079007669663
497,973 : -1.1250775624723524
497,998 : -0.9901182217465734
498,514 : -0.9498226897141047
498,568 : -0.8940678525624866
498,595 : -0.8097385089297968
498,819 : -0.9726240124393117
498,838 : -0.7972751167331227
499,719 : -1.072635274575532
499,914 : -1.1216399864369633
499,940 : -0.9534889533439532
500,503 : -1.2355662122644393
500,515 : -1.0395826055661557
500,543 : -1.1522667562241833
500,802 : -1.4632794809147223
500,947 : -1.2375883644090693
500,949 : -1.2573347186716162
501,510 : -1.2375212356826495
501,549 : -1.1063275065376197
501,963 : -0.841998308987971
501,971 : -1.2259325564859758
502,574 : -1.0452444969905748
502,885 : -1.1685329636901556
502,978 : -1.3268668608257004
502,993 : -0.9240969983212104
503,598 : -0.6900614696324714
503,600 : -1.0936198139578588
503,613 : -0.9970831209365194
503,730 : -1.2186095591380441
503,736 : -1.0704843278826557
503,780 : -1.2260173800642877
504,512 : -0.820683489611943
504,897 : -0.89155261586914
506,509 : -1.0063241223999344
506,618 : -1.2450902850850092
506,665 : -1.0050497482069578
507,511 : -0.9351701740313045
507,777 : -0.8699095914308015
507,782 : -0.8570872351992362
507,818 : -0.9215233387106476
508,515 : -0.9901999734861155
508,525 : -1.1550699203167611
508,648 : -1.3671487398359563
508,876 : -1.0844917223367552
509,563 : -0.9911118669890122
509,780 : -1.111064908475413
509,841 : -0.7597121747992532
510,516 : -1.3477842979627743
510,608 : -0.9654765522196063
510,688 : -1.2379496899470417
510,802 : -1.0591626395547689
510,934 : -1.2938404143560058
511,620 : -0.7782571893234578
511,862 : -1.0947276829112171
512,767 : -0.9378891504671829
512,827 : -1.004337951889803
514,544 : -0.965169115732428
514,596 : -1.000268774259438
514,643 : -1.1223239047340585
514,679 : -1.041120350925063
514,753 : -1.0284591804747905
514,762 : -1.0916912533081344
514,922 : -1.254256925449516
515,568 : -1.1440996352285504
515,775 : -0.9193295997540449
517,571 : -0.7959601680555375
517,709 : -0.8036799604107236
517,825 : -1.2310060980213686
517,953 : -1.0061854210622094
519,543 : -1.0161105909267016
519,848 : -1.264255507524425
520,585 : -0.9368298457534279
520,734 : -1.2812555760816404
520,997 : -1.1550295094312801
521,687 : -1.2356623274125518
521,895 : -1.4439092026986504
522,787 : -1.1159768833541652
522,809 : -1.2994401833760674
522,892 : -1.114040596872898
522,895 : -1.1767585416810782
522,979 : -1.120671949792972
523,584 : -1.0534577907822302
523,752 : -1.044948778606277
523,789 : -0.9481427009688659
523,917 : -1.0321943244606713
523,950 : -1.0368709404642322
524,602 : -1.2529097261749738
524,653 : -1.1700934441843498
524,722 : -1.0800801167168466
524,876 : -1.3757442684425296
525,800 : -1.2150798314286755
526,570 : -1.417593854148405
526,707 : -0.9288509852702225
526,831 : -1.1316973971043152
527,615 : -0.880193145316162
527,838 : -1.1001788901333827
528,555 : -0.9901116746747258
528,655 : -0.9899859661870658
529,586 : -0.944979571327766
529,736 : -1.021675013645039
529,800 : -1.0500705758546394
529,830 : -1.2199766418479259
529,940 : -1.0452938230378264
529,949 : -1.0459454231667604
530,531 : -0.7013874921527412
530,571 : -1.1254304263653987
530,904 : -1.1810984789310939
531,550 : -0.949436903691748
532,638 : -1.125172670605071
532,705 : -0.938256972776434
532,892 : -1.1165058556199279
532,914 : -1.1140094504514453
533,786 : -1.0888978350591607
534,753 : -0.9170352709736556
534,907 : -0.8418179756634991
535,750 : -1.100003916579586
535,850 : -1.010641695934562
535,989 : -0.7260547278034861
537,688 : -1.1279021492058545
537,923 : -1.0771042211448014
538,774 : -0.7919919229461116
539,600 : -0.9690310399085731
539,603 : -0.8421880490331193
539,694 : -1.0837202719720982
539,736 : -0.9618198406308813
539,895 : -0.9904751331089274
540,720 : -1.0165893197154854
540,902 : -1.1936229131380163
540,963 : -0.8254674403280804
541,652 : -1.2111436135653415
542,957 : -1.225917188263728
543,599 : -0.9947605069657435
543,711 : -0.9837482446346026
543,775 : -0.8168229177139037
544,915 : -0.9958462510896342
544,935 : -1.0625738680476031
545,610 : -1.1550684952259624
545,780 : -1.1198774876314155
545,987 : -0.9900728800542984
546,562 : -0.9629778067300037
546,783 : -1.1317837415447594
546,983 : -0.9683628887961155
547,551 : -1.0500252552452771
547,677 : -1.0230249012177701
548,730 : -1.3140292545707615
549,630 : -1.2540454572329587
549,677 : -0.98009281723179
549,864 : -0.9906865786781658
550,613 : -1.1553613971653025
550,816 : -0.830537439823789
550,821 : -1.2423213478597503
550,941 : -1.1963551999537527
550,960 : -1.1038845675706606
550,999 : -1.2961602527566836
551,591 : -0.9178549680766594
551,633 : -1.3557774608836577
551,830 : -0.9240410597336997
551,863 : -1.1200393874486112
551,982 : -1.1419476541544817
552,825 : -1.1510316721310478
553,608 : -0.8994918266451251
553,714 : -1.1964077087491605
553,836 : -1.1567205630107438
553,839 : -0.8806997774616216
553,919 : -1.29268714895555
553,998 : -1.1203668404200777
555,599 : -0.9313491181104512
556,604 : -1.1402965106368432
556,803 : -0.9999764399510469
556,937 : -1.0257520338952273
556,950 : -1.4026250558864817
557,999 : -1.3366863262499562
558,612 : -1.115116165847505
558,691 : -0.625422590848395
558,926 : -1.0867836469121208
558,941 : -0.7076892820763347
559,662 : -0.7432662626362381
559,692 : -1.2048154165465057
559,908 : -1.2539107200899995
560,564 : -1.040160096805283
560,606 : -1.1032849804433336
560,631 : -0.962245911990038
560,802 : -1.0452632220969358
561,623 : -1.1551010563502233
561,694 : -1.035194404665157
561,768 : -1.080761908082362
562,839 : -0.9575632550918498
562,924 : -1.0904373713856983
562,934 : -1.0905417509686726
563,731 : -1.1880562390134632
563,809 : -1.3861440321674605
563,824 : -0.9487066056774727
563,983 : -1.2185845763536518
564,582 : -1.0041686219824286
564,601 : -1.0230296061622237
565,670 : -0.8701102223155841
565,874 : -0.8251251171637017
566,676 : -1.1070300092246077
566,692 : -1.2389962900589113
566,777 : -0.830742501254695
567,693 : -0.8486838695372607
567,853 : -1.1396162081770882
568,639 : -0.8885618387517225
568,640 : -1.1662678181215735
568,662 : -1.2797188226430745
568,689 : -1.1990649460620766
569,627 : -0.8250048362723104
569,787 : -0.8249784547872621
569,923 : -0.6607138302949389
570,682 : -1.1374357959949988
570,703 : -1.0428190268798367
570,834 : -1.093686463214425
570,879 : -1.0419319491013743
570,969 : -1.2922728082600257
571,693 : -1.247720671607436
572,669 : -1.031486629048132
572,695 : -1.155183714868004
572,817 : -1.2100875293679696
573,826 : -1.1137790528482299
573,949 : -1.2649949564639842
575,615 : -1.046458193748375
575,806 : -1.1345933209065127
575,824 : -0.8035809588413463
576,579 : -0.8251280728475128
576,762 : -1.1137803790462382
576,960 : -1.0607325232697349
577,632 : -0.937819696767078
577,748 : -0.990462442857587
577,909 : -0.818062122810979
577,936 : -0.8664062411532949
578,641 : -1.1597382080746996
578,671 : -1.018333531351407
578,822 : -0.8647245972881072
578,996 : -0.9477939131527471
579,865 : -1.0726904258500989
580,894 : -0.7529716770024732
580,987 : -1.1316223979102746
581,741 : -0.948788005516475
582,644 : -1.2118863489239962
582,751 : -1.1753575210506213
582,807 : -1.1440700274029467
582,884 : -1.1551024868793096
584,710 : -1.2670030483323602
584,875 : -0.845603456881892
584,942 : -1.040124568120556
585,682 : -1.2650772463742328
585,819 : -0.9667716040669023
585,859 : -1.1146554553549244
586,757 : -1.0889947891411489
587,639 : -1.1550224415713082
587,683 : -0.9363140828505776
587,697 : -0.9920266552047274
587,997 : -1.1550866260213497
589,648 : -1.210626046606074
589,682 : -0.8007387272640099
589,777 : -0.8704365800273073
590,603 : -0.9004368680297983
591,704 : -1.1998014256016978
591,804 : -1.0035316336897782
592,709 : -1.0908792850930569
592,727 : -1.1427166794836214
592,744 : -1.2133283612367576
592,795 : -1.2870068149581213
592,798 : -1.0510844657988372
592,995 : -1.2873490719416125
593,944 : -0.9489334254597366
594,613 : -1.0776431884871327
594,847 : -0.935213025893531
594,908 : -0.8250520298524318
595,938 : -1.0602281911070115
596,713 : -1.2022007921884752
596,783 : -1.1757149693720939
596,794 : -0.866745890157018
597,800 : -0.956565479321211
597,932 : -1.0676945682684904
597,942 : -0.8464088380801438
599,627 : -0.9920830046241804
599,758 : -0.916359297032173
599,807 : -0.500449292802531
599,929 : -1.0518059692663284
599,956 : -0.9920608177073047
600,708 : -1.2006678745875963
600,905 : -0.9906148966577826
602,720 : -1.0020888012433309
602,838 : -1.2099389462202153
602,842 : -1.155027778321982
602,858 : -0.7430147834004641
605,864 : -1.1381668598094836
607,652 : -1.2540328925910211
608,732 : -1.0891706218166561
608,758 : -0.9559391946894338
608,926 : -1.3118671605899426
609,750 : -0.8800569597524424
609,800 : -0.8103758396703864
609,981 : -0.783868501537325
610,752 : -1.1058765388559708
610,812 : -1.1826996495348596
610,831 : -1.037336561911948
611,730 : -1.177580671474289
611,995 : -1.0380585290677873
612,876 : -1.2259473006614163
612,886 : -0.9086801957476194
612,983 : -0.9359234626622184
613,630 : -1.089090731135224
613,907 : -0.7613702473542765
613,932 : -1.3877948474269637
614,748 : -1.1880036304821813
614,828 : -0.876927981235768
615,698 : -1.0450199116227834
615,809 : -0.9496830095372977
615,857 : -1.1440766239013254
616,762 : -1.1235528984691219
616,769 : -0.9148510797126321
616,797 : -1.3603053476729805
616,856 : -0.9012181662531249
616,903 : -1.2892834069504122
617,730 : -1.1701208492629758
618,744 : -1.0313135850934483
618,931 : -1.155105111439099
619,887 : -1.13880546945735
620,690 : -1.1440587604923382
620,734 : -0.9096401749829117
621,649 : -1.0643647867102048
622,704 : -1.2847488943025707
622,740 : -0.9619308868069787
622,752 : -1.011399520673332
622,900 : -1.1158709160464562
623,779 : -0.8537390595790955
623,800 : -1.1073422317814101
624,901 : -1.3243096941131034
625,703 : -1.1927070549387762
625,739 : -1.1316873407451737
625,791 : -1.1824901651724082
625,837 : -1.2374545361419185
625,959 : -1.125367245836122
626,645 : -0.891150687960053
626,843 : -1.0262294818817166
626,867 : -1.0405979814905195
626,907 : -1.0680018721230153
626,917 : -1.0770241391406854
626,962 : -1.042012715758577
627,643 : -0.9091043766758937
627,920 : -1.1252753374829987
628,643 : -0.5225846627338191
629,702 : -0.8712377799266333
629,717 : -0.8422365851678091
629,755 : -1.2628524253722357
629,859 : -1.2536611492781757
629,890 : -0.9411469780046091
629,914 : -1.027468584998236
630,716 : -1.2539993250585715
630,782 : -1.2540352797091527
631,751 : -1.3140341295566151
632,884 : -1.0846258271368514
632,927 : -1.2650775708426583
633,814 : -1.1756781333919681
633,964 : -1.2994419313177996
634,718 : -0.9380085541629839
634,728 : -0.7623522466799051
634,770 : -0.7241066288427196
634,870 : -0.9352903684778235
634,906 : -0.9907098588910286
635,773 : -0.5625273984628569
636,818 : -0.7781959797451834
637,683 : -1.2351500501008714
637,769 : -1.3108473903436235
637,950 : -1.2039225525094346
637,952 : -1.4721721434363193
638,690 : -1.161083049843814
638,784 : -1.1342676383526697
638,834 : -1.1515020548748933
638,945 : -1.0353273720034233
639,876 : -1.0609308280511338
640,784 : -1.187893123539093
640,916 : -1.0891610795958573
641,787 : -1.1847336643868234
642,692 : -1.225890031848818
642,859 : -1.1044793248232678
642,896 : -1.0608535138590502
642,921 : -1.0784605743183313
643,787 : -0.7186189404993804
644,702 : -1.0034207987802195
645,900 : -0.5776634622576582
647,972 : -0.9928080329340545
648,788 : -1.22590131080065
649,711 : -1.2870422240864912
649,825 : -1.1882388216459319
650,813 : -1.0746571040780823
650,891 : -1.0972948808649838
650,989 : -1.2304496770070834
651,656 : -1.0890630090133522
651,691 : -1.0565689196861463
652,694 : -1.057341343760413
652,795 : -1.1550277174761798
652,962 : -1.0562512342539576
654,801 : -1.0612478900465994
654,901 : -1.25878764591942
654,906 : -1.0522758250680875
655,883 : -1.1550663496728637
658,738 : -0.9905351351321059
659,667 : -1.0560515016239833
659,808 : -1.1437593031425246
660,690 : -0.8942142388973282
660,751 : -1.1754384805174372
660,971 : -1.308497283949373
660,996 : -1.1317643221793916
661,999 : -1.1385510276546862
662,972 : -0.9529327234391143
662,978 : -0.946225584906145
664,741 : -0.5676575877097392
664,788 : -0.619045709083113
665,866 : -0.9239327980975887
666,839 : -0.8538595659439703
666,918 : -1.1508507511760726
666,950 : -1.061196360441948
667,699 : -0.99266996374927
667,700 : -1.0341165022833225
667,703 : -1.269045291194839
668,688 : -1.1298942644584904
668,815 : -1.0743761621272272
668,941 : -1.2375248408426085
669,890 : -1.0036014946251814
669,960 : -1.3082464879217595
669,984 : -1.202396484246842
670,706 : -1.0762239597456134
670,746 : -0.855188461739786
670,970 : -1.0392840402224541
671,737 : -1.159744378744147
672,698 : -1.1141084173574667
672,743 : -1.0574254282533384
672,755 : -1.2242948804411027
672,871 : -0.9628286269707247
672,981 : -0.6761334682962881
673,706 : -1.3451100299466239
673,725 : -1.130551329186258
674,797 : -0.8948877183241022
674,844 : -0.8778550110367707
674,863 : -1.0507469408354937
675,800 : -0.7200187337188257
676,680 : -1.0313092838870457
676,806 : -0.9506294492756278
676,893 : -0.9347761451860603
677,701 : -1.0049526927845953
677,794 : -1.2254213559108926
677,952 : -1.4002123670254054
678,775 : -1.018440519351031
678,970 : -1.0441760310582073
679,721 : -1.0790425956243088
679,732 : -0.6729211585090555
679,735 : -0.947372499947186
679,895 : -1.0081602636112903
681,774 : -1.3012135317436346
681,850 : -1.264243621201092
681,858 : -0.9837183127895166
681,867 : -1.0789167299330735
681,930 : -0.8142563670504501
682,777 : -0.719885561579541
683,874 : -1.1550934514631708
684,688 : -1.0953085009787467
684,759 : -1.0481036684863123
684,813 : -1.2707286530371382
684,882 : -0.9909851139326689
684,922 : -1.0488093866945785
685,971 : -0.9571808802385791
686,768 : -1.2305244479608635
686,900 : -1.144071850691581
687,703 : -1.0524625756451256
687,830 : -1.0298383963403261
687,914 : -0.9907303294681187
688,975 : -0.930698971473062
691,803 : -0.8489279608965634
691,941 : -0.7486150759652241
692,722 : -0.990187824427109
692,865 : -1.198386229921336
692,976 : -1.155611385685952
693,822 : -1.3372490025116814
693,857 : -0.7779675694126631
693,892 : -1.1473721694633445
694,901 : -1.2376313148262277
694,980 : -0.9411626769727732
695,784 : -1.2375966846345894
696,960 : -1.07872240761102
698,761 : -0.8692297233021056
698,796 : -0.7429698095425759
698,852 : -1.0435345896536
699,859 : -1.3936466633583757
699,948 : -1.2128037080103389
699,967 : -1.2539993250585715
700,776 : -1.2540399918059184
700,861 : -0.7430270738677986
700,926 : -1.1415750689665538
701,734 : -1.1259997362933594
701,756 : -1.1528199639727692
701,983 : -0.8178532131328553
702,934 : -1.2461170139910092
704,724 : -1.155196487084357
704,859 : -1.3364925273901758
705,751 : -0.9369092051307693
705,867 : -0.9300078058560817
706,864 : -0.9016070497140165
706,986 : -1.2253295998765816
707,811 : -0.8694786610901764
708,717 : -0.9204500833421365
708,754 : -1.1881471321672201
708,868 : -1.2874698701858307
708,955 : -1.2870377455213813
708,964 : -0.9543634969518755
708,986 : -1.2748984863595538
709,769 : -0.8544428009631468
712,775 : -0.8839682384244971
712,848 : -0.9901537225734292
713,760 : -1.0272295257273591
713,993 : -1.0890981996556857
714,792 : -0.7719185709229737
715,797 : -0.9078151672415915
715,848 : -0.969915453143086
715,891 : -1.1085695337102468
716,937 : -1.0750081972165022
717,968 : -1.0614554838686372
717,981 : -0.8378685871714728
720,721 : -1.3261159032928855
720,759 : -1.225762909175789
720,808 : -1.2750610980121087
720,867 : -1.061116362484693
722,875 : -0.8781516097590689
722,885 : -0.8416919076791198
723,872 : -0.3315341640175067
723,895 : -0.7020163449304566
724,735 : -0.9586487471483822
724,922 : -1.1662889400084904
725,938 : -1.0122772895373573
728,864 : -0.7383512249659163
729,835 : -1.0690354954941452
730,924 : -0.992798839234021
733,956 : -1.2375236696777123
734,759 : -1.3889061470149997
734,763 : -1.3613005181165532
734,874 : -1.2654000403330645
734,907 : -0.996359413530751
734,912 : -1.1439939351971473
736,803 : -1.1600497848375713
736,945 : -1.2762997268272285
737,827 : -0.7972835252537125
738,797 : -0.9921712364681459
738,853 : -0.8724326699520564
738,952 : -1.0546692372770203
739,989 : -1.3011511420266801
739,999 : -0.9342200241723853
741,835 : -0.8182595639865131
743,821 : -1.0617730628035646
743,868 : -1.00629189949432
744,755 : -1.176931360216861
744,826 : -0.9345019940612787
746,905 : -0.47081502357159377
748,822 : -1.2239885555364958
749,781 : -0.6437874064631885
749,967 : -0.8417682779360047
750,825 : -0.9904394984579634
751,768 : -1.1452307082883642
752,764 : -0.9032981771841273
752,773 : -1.1771380632885746
753,863 : -1.0675890841534814
753,978 : -1.0633220867706612
754,982 : -1.0108641205266506
755,773 : -1.052397109345915
755,853 : -1.2006586004221278
755,933 : -0.762640160416687
756,829 : -1.1919365861082252
756,959 : -1.047569287893929
756,961 : -1.1003442362817748
757,862 : -1.0518919872053258
757,932 : -0.9198472844602186
759,855 : -1.1286698585970445
759,963 : -0.9368825156624512
760,771 : -1.0610016840509986
760,897 : -0.8553288931702032
760,950 : -0.8460292878360147
761,780 : -1.180435826511439
762,910 : -1.1160513762508435
763,797 : -1.1550496473761136
765,904 : -0.901901564230835
767,837 : -0.9281830393494528
767,903 : -1.237673187206636
768,924 : -1.001217836085809
770,961 : -1.1002442848909078
771,859 : -1.164206678283374
771,919 : -1.0858534397791129
772,904 : -0.9773592084785254
773,954 : -1.2554660954448211
774,973 : -1.1838939037208167
777,930 : -1.1140152963146202
780,798 : -1.1217857848717045
780,927 : -1.0125550740314777
781,964 : -0.930402556482441
782,888 : -0.8801273024559206
782,904 : -1.3032296527138936
782,941 : -0.8805282942802108
782,973 : -1.4451725178612715
782,986 : -1.1222276692387414
783,838 : -1.2788008748807091
783,976 : -0.93089121775302
785,981 : -0.9906134718508164
786,823 : -0.8249905139167111
787,976 : -1.1259473633696722
788,963 : -0.9351843428729538
789,964 : -1.2871695982437243
789,975 : -1.3244083119012453
789,999 : -0.997515897431122
791,810 : -0.9931496862558311
791,973 : -1.4150891608719558
792,889 : -0.8813705216706935
794,984 : -1.3789790835828937
798,830 : -1.143529442587913
798,924 : -1.1253876458586611
799,839 : -0.8906250883824076
799,916 : -1.296463177278163
799,938 : -1.1555311229549963
801,870 : -1.2025252966488296
801,889 : -1.1316906137650111
802,952 : -1.1716491351718212
802,966 : -1.0471865978833157
804,881 : -1.0698857916271627
805,840 : -1.072876261429088
805,891 : -1.1789336729188937
806,965 : -0.9549446778343134
808,938 : -1.3672529769255206
809,967 : -1.01131077204262
810,959 : -1.3447946719036636
810,980 : -0.9625879544645417
812,835 : -0.5238737398677757
812,899 : -1.0453833277705709
812,929 : -1.2485682340581779
816,908 : -0.7839796976593756
817,942 : -1.1038362624534614
817,959 : -1.01091349780972
818,868 : -1.1527604556199322
819,983 : -0.866414034440216
820,922 : -1.2870023749391817
821,897 : -1.318830027826079
821,927 : -1.265310912259248
821,966 : -1.0109720377751308
822,976 : -1.1590307906078046
822,979 : -1.2557953302094083
825,959 : -1.417703135205148
825,975 : -1.0537827647024667
828,846 : -1.3011465114703027
828,944 : -1.1435872207308373
829,919 : -1.107308633434795
829,952 : -1.0788332029398715
830,905 : -1.142577059322952
831,948 : -1.3171067909293068
832,838 : -1.226466793198309
832,998 : -1.20643608530405
833,974 : -0.9236816799261294
834,843 : -1.0649837068171024
835,851 : -1.1828015819724156
835,957 : -1.0789356451512484
835,993 : -1.0890958491615428
836,862 : -1.3406585319419109
836,926 : -0.9487994257661179
836,983 : -1.0451396356522271
839,891 : -1.116755051933012
839,992 : -1.0566451984205392
840,919 : -1.1584090870155692
842,930 : -1.0314039611262045
842,950 : -0.9489050268976318
843,860 : -1.0607559818466608
845,929 : -0.7919945427961479
847,974 : -0.4480678460789811
850,901 : -1.348934813595367
852,927 : -0.9435869288874503
853,869 : -1.0891354659154975
855,967 : -1.0323479921510397
856,973 : -0.9600646800878372
858,897 : -1.0972466435530914
858,968 : -1.0522952988722287
859,885 : -1.2567996609202874
859,960 : -1.137021696617507
860,908 : -0.9900599984992227
861,868 : -1.2946447894371906
861,912 : -1.2021548918704839
862,890 : -1.361316900754887
864,875 : -0.8125274819358863
866,976 : -1.3364819340297878
867,929 : -1.164774781393338
867,966 : -1.1223868241016994
868,891 : -1.1509313498160592
868,949 : -1.083801063518255
868,991 : 0.01999174386999991
872,895 : -0.5777268766852199
872,922 : -1.0891397757390786
877,878 : -0.5689219296435697
877,975 : -1.1934187220477064
879,880 : -1.10559643192205
881,980 : -1.2021470989354026
882,956 : -1.2210709013854308
885,971 : -1.202233058230179
890,912 : -1.061031785761453
890,969 : -1.3261052214151725
890,989 : -1.2127987155544147
892,911 : -0.8946855428560934
892,947 : -1.2650622225290444
892,955 : -1.2653454614663695
893,902 : -1.202147992997583
894,941 : -0.990338578746224
894,951 : -1.1757326529280485
896,976 : -0.8664897337804849
899,911 : -0.9473132487690239
899,978 : -0.9462991807616863
900,911 : -1.1830084666615428
902,940 : -1.2305739357888217
904,942 : -1.112451397299382
910,988 : -0.7487647400428157
915,949 : -0.9222006888290986
917,969 : -1.2642333268360817
922,966 : -1.1394286070720332
931,950 : -1.279122311696062
931,994 : -0.8804243360000266
932,948 : -1.2640177548286626
937,959 : -0.9832800673943534
940,957 : -1.1599620935264774
953,969 : -1.1314685442267365
956,981 : -1.254944897552674
965,992 : -0.5811494328597702
968,990 : -0.935040652545688
970,996 : -0.9590238811618548
972,997 : -0.8910646819786625
0,78,650 : -0.914756426589125
0,144,679 : -0.8994969624792073
1,72,963 : -0.544464032329933
1,82,658 : -0.9503107442785566
1,654,975 : -0.9091252504496241
2,541,603 : -0.7597660596637579
4,17,118 : -0.8992830447992726
4,30,237 : -0.7966269265002732
4,35,597 : -0.7988644875489965
4,123,824 : -0.8863384319863972
5,22,774 : -0.928869029301155
6,92,764 : -0.8471859365463099
6,170,638 : -0.7705724896687418
6,254,692 : -0.8458646884719956
6,442,894 : -0.7972917444503329
9,349,929 : -1.054757920817349
11,120,832 : -0.7844311758897515
11,367,399 : -0.999982517700051
13,556,670 : -0.7840101675817701
13,748,936 : -0.7992574166963271
13,780,906 : -0.9499304716584143
13,818,862 : -0.7006297274412319
14,62,534 : -0.7053575632450793
16,194,683 : -0.9049251858546548
17,593,930 : -0.8034271837072819
17,611,881 : -0.9116954628126936
18,159,956 : -0.9133101259636256
19,540,997 : -0.869961047320112
23,307,378 : -0.8660337909066884
25,29,589 : -0.8743786938157323
25,74,988 : -0.668068163458654
25,769,827 : -0.6833778226097751
26,102,886 : -0.8204245782811936
26,127,282 : -0.798197353619255
26,730,843 : -0.9605704648811382
26,840,992 : -0.7991548418334105
27,58,440 : -0.8920653012686985
28,345,951 : -0.8535010156677338
30,31,110 : -0.9332596580095316
30,67,490 : -0.8864413996028655
30,132,806 : -0.788549597024994
30,210,426 : -0.8035629471779158
30,404,931 : -0.9856055946324984
30,429,628 : -0.8579611371513585
31,170,529 : -0.7277066281053595
31,254,934 : -0.8602643890257475
31,379,662 : -0.7323211565859267
32,123,646 : -0.9104425134444298
33,60,887 : -0.9465855316591929
34,388,798 : -0.7620549608086373
34,415,713 : -0.9108133416058743
34,542,955 : -0.9570094691277302
34,894,897 : -0.837080411934574
35,851,906 : -0.9090456875674757
36,95,889 : -0.7761134068416506
37,187,947 : -0.9591571449723233
37,401,954 : -0.8615499566561424
38,734,779 : -0.8467003279838161
39,318,397 : -0.6768789298329503
39,629,812 : -0.896508340355362
40,84,905 : -0.8021469215347379
40,116,793 : -0.7228452811447421
40,133,253 : -0.8728391077216999
40,245,555 : -0.7622101713513243
42,417,735 : -0.9156227836363453
43,211,704 : -0.7912087158735623
43,360,719 : -0.7851437960104009
43,438,907 : -0.9298067339846448
46,281,285 : -0.7943250702124738
47,98,592 : -0.8988456838830552
47,123,626 : -0.8439113245171157
47,152,628 : -0.7681738709148442
47,202,475 : -0.6904693821690147
48,459,682 : -0.6624365715643421
49,336,414 : -0.7756785492965785
49,374,806 : -0.9166521742862495
49,420,899 : -0.643517421783695
49,442,702 : -0.9200385116442997
49,729,735 : -0.8477953372988614
50,136,318 : -0.7924446880115488
51,146,616 : -0.9747545030658751
51,292,483 : -0.7322300530013035
52,286,436 : -0.8006778599784181
52,371,627 : -0.7886292461549473
52,753,944 : -0.8202791123548916
53,658,709 : -0.8446744128091077
55,204,920 : -0.7328484495445227
56,633,697 : -0.6697125479430022
58,188,570 : -0.8723953152927724
58,225,372 : -0.8643018930837383
59,94,493 : -0.8428915217792876
59,334,802 : -0.8023588638243822
60,779,870 : -0.9790382221482021
61,74,909 : -0.8079357149829312
61,77,809 : -0.8253794701347061
61,360,764 : -0.8614571707071257
61,387,940 : -0.8775132843114513
61,404,773 : -0.9228005297302841
61,694,717 : -0.9136696381049492
63,256,430 : -0.950315445519323
63,473,879 : -0.7358096757095416
64,862,904 : -0.8706199052862211
65,95,821 : -0.8343298126780967
65,139,151 : -0.7994036232078887
66,312,522 : -0.9512636035251951
67,193,825 : -0.9540591934601639
67,369,996 : -0.9819224497141406
68,439,627 : -0.913591201886168
68,552,668 : -0.8578212597492965
69,216,595 : -0.9297299876598766
69,430,658 : -0.9536715922790715
70,185,580 : -0.7643833238117561
70,277,745 : -0.7960105332758096
70,394,909 : -0.6320438060665472
70,529,817 : -0.833599403049134
71,358,389 : -0.8904199650123972
72,233,741 : -0.7740066343167831
73,291,384 : -0.810763028803942
73,342,794 : -0.9474796385980051
75,153,600 : -0.860892587800731
75,832,901 : -0.8268027874286592
78,425,555 : -0.7857630362152339
78,777,830 : -0.864225008691913
78,850,994 : -0.7965714723291586
79,326,769 : -0.8753494223497755
82,135,230 : -0.9343946446728881
82,766,804 : -0.787670708711433
83,213,438 : -0.9669875888753965
84,507,558 : -0.8078416131099919
85,198,437 : -0.9650322703556067
86,131,811 : -0.8882583861118054
88,406,765 : -0.9149492966513688
88,564,827 : -0.8295291373774347
89,559,833 : -0.9891106373656093
91,158,514 : -0.8323566708805714
91,344,867 : -0.8914873730272279
92,159,982 : -0.8957469931912452
93,118,304 : -0.777921480776792
94,711,914 : -0.7692861634382542
94,726,829 : -0.766420767742396
95,261,946 : -0.9346402549081514
95,942,948 : -0.8044294757664758
96,318,758 : -0.9088748604099228
97,133,344 : -0.7134919987456501
97,229,511 : -0.8416193784128039
97,294,371 : -0.8153639013774581
98,283,506 : -0.6137343725981714
98,317,651 : -1.0328246424739125
99,318,865 : -0.7302306296468453
99,596,663 : -0.917635862100465
99,647,881 : -0.7549354527326484
100,167,840 : -0.7699789883638795
102,400,998 : -0.8498738571771955
102,793,943 : -0.6827218402555237
103,138,734 : -0.7854744773679427
105,381,773 : -0.923428867924857
106,666,726 : -0.7838071388015417
107,439,807 : -0.7239767503933321
108,306,884 : -0.776062793331139
108,316,473 : -0.924556222626491
110,354,910 : -0.767100949047566
111,770,981 : -0.7464184333280262
112,268,610 : -0.8783498187403929
114,195,272 : -0.8302040833090847
114,427,927 : -0.6932296090584971
114,855,935 : -0.8160486533241735
115,361,924 : -0.6826026432266552
116,217,463 : -0.9291934942485605
116,670,770 : -0.8905081189666659
117,525,544 : -0.939607212106055
118,391,410 : -0.909199645260556
119,334,718 : -0.8326817277316112
120,346,563 : -1.0057827564504773
121,830,996 : -0.6682329136446943
122,356,444 : -0.6059324958379979
122,713,998 : -0.918800084028943
123,332,799 : -0.8901200022898066
124,128,244 : -0.7486261644562824
124,212,308 : -0.9149363867666203
124,251,650 : -0.5570617770790398
126,509,936 : -0.95775891269516
127,367,863 : -0.8479326571508663
128,189,981 : -0.8392441638776376
130,206,805 : -0.7611790627144019
131,193,410 : -0.7824594361920427
131,735,804 : -0.8501078772022148
134,567,815 : -0.699285034553571
135,386,959 : -0.850387940945561
137,413,460 : -0.9928289163461912
138,303,500 : -0.7580384900208652
139,611,891 : -0.9331535981567987
141,677,815 : -0.8265997672506515
144,311,430 : -0.887270600806858
144,819,944 : -0.767001488913466
150,289,793 : -0.8306325567731747
151,219,603 : -0.8936706714211511
153,582,925 : -0.8059849452600649
154,200,426 : -0.9055045858829582
154,406,696 : -0.900240396062959
156,273,523 : -0.8240531064158199
157,248,970 : -0.7336395403923783
157,409,490 : -0.7634451161587861
159,372,490 : -0.6090294774110334
159,493,878 : -1.0550424592394547
160,172,466 : -0.7606245389249473
160,197,207 : -0.8816360056446271
160,445,929 : -0.9337737955313876
163,417,857 : -0.901116872670104
164,335,726 : -0.7852212150431352
164,560,738 : -0.6698146303319685
165,379,636 : -0.6375596110713222
166,351,703 : -0.8640738475049676
167,562,571 : -0.8206701401624659
168,203,221 : -0.5730657584862104
169,706,875 : -0.6294659754731464
170,229,616 : -0.6181317602045571
171,340,875 : -0.6189772248770253
171,737,738 : -0.7802777941177057
171,877,998 : -0.7059968197892221
172,407,575 : -0.8134580721056153
172,492,590 : -0.7705480539056802
174,883,919 : -0.9973349553488235
175,505,516 : -0.8082117321498217
176,200,237 : -0.8033424989646578
177,674,853 : -0.8077115303031432
178,265,973 : -0.7488456457478512
178,488,750 : -0.8601287638098629
179,355,555 : -0.7559692401809457
179,487,897 : -0.6957501341605141
185,337,469 : -0.8429299337443363
185,375,730 : -0.801307572594756
187,660,984 : -1.036972100372116
188,226,365 : -0.649992464211739
189,859,979 : -0.9425356131092557
194,433,922 : -0.7993089299675256
195,210,357 : -0.8279222863675879
195,525,758 : -0.8604290669707704
195,831,973 : -0.8434037177636644
196,242,617 : -0.9293155555341486
196,743,832 : -0.7045769276236964
197,470,588 : -0.982963340199011
198,245,863 : -0.917990853820646
199,308,670 : -0.7813865629551024
199,425,468 : -0.8307118686183981
199,612,671 : -0.9736852472680013
201,551,888 : -0.8381197960153002
202,232,362 : -0.965160190609013
203,554,608 : -0.7450782320050053
205,210,410 : -0.779122721754145
205,495,627 : -0.9231412089283786
206,419,472 : -0.8658542760936525
207,225,717 : -0.6538719964886628
208,484,780 : -0.7406890852803618
208,714,759 : -0.7957135296460955
211,300,710 : -0.503754258166413
216,422,745 : -0.8010214579727879
218,290,619 : -0.8261707158965108
218,785,924 : -0.755131511648818
219,260,756 : -0.8745702084386293
220,340,524 : -0.8362265370125406
222,848,931 : -0.8724379783072882
222,882,891 : -0.8033182240500651
223,398,677 : -0.8280198010034949
224,649,946 : -0.6543400351415092
226,421,660 : -0.7316458241487243
228,487,682 : -0.8244830610846838
231,240,521 : -0.9431280068932442
231,402,415 : -0.7827343965528741
233,688,697 : -0.8937817892959699
234,347,850 : -0.5638539500651838
235,365,570 : -0.8603173036699481
235,695,848 : -0.874536752638392
236,904,956 : -0.9366124744829176
239,435,659 : -0.8987809227172896
248,550,792 : -0.7169196697463789
248,714,961 : -0.7587881904548262
249,280,977 : -0.6619713630554009
251,470,619 : -0.51735210634132
253,267,743 : -1.0635967984920027
253,886,926 : -0.8796083504819514
254,275,871 : -0.8099482106068749
255,358,906 : -0.8295665711673701
255,848,940 : -0.9092153670475858
261,670,818 : -0.8476982801371893
265,373,792 : -0.7439563542957432
265,563,963 : -1.0107962275811588
266,467,995 : -0.8657030363508798
269,729,768 : -0.8150013059693761
270,376,715 : -0.7555189150035564
272,378,642 : -0.9357423460245298
272,436,660 : -0.8535710125732425
272,443,746 : -0.7739670989641256
272,475,671 : -0.9197720688206465
274,558,853 : -1.005754762921549
275,391,704 : -1.0378236126955618
275,467,805 : -0.8236461203505787
276,297,554 : -0.7805896512168107
279,490,518 : -0.811974846120544
281,368,956 : -0.848295938820002
281,635,921 : -0.9142504988793392
282,951,954 : -0.6650618497496654
285,425,447 : -0.855861372796106
286,322,422 : -0.7429051877026343
286,405,418 : -0.8638483209012673
286,687,778 : -0.558835303272855
288,526,966 : -0.8261711807896792
290,633,735 : -0.8425941459986697
293,590,703 : -0.7611223444105695
295,451,788 : -0.9934175016258702
296,332,852 : -0.8113179168506546
296,381,439 : -0.8403773330034157
297,968,981 : -0.7343459557365706
298,453,877 : -0.7242338883005313
298,486,599 : -0.7945383088310716
299,707,967 : -0.8978213032686493
300,364,926 : -0.7983396310497188
300,368,945 : -0.8759120152245512
302,343,369 : -0.9418074013280071
302,823,944 : -0.7585079061279649
303,346,858 : -0.9446188323572642
305,728,768 : -0.7375770964606496
309,480,889 : -0.876126007510601
310,332,750 : -0.9117042980314367
310,685,891 : -0.8386237851118845
310,816,998 : -0.8400262097517999
311,521,985 : -0.8989252355900388
311,595,839 : -0.8108053958055059
312,549,785 : -0.8845507383696072
313,398,663 : -0.808268221354119
313,517,903 : -0.9141930456638778
314,664,935 : -0.637552421960935
316,331,889 : -0.935114645534658
316,543,774 : -0.7498940201279172
320,561,571 : -0.879789271947371
321,627,987 : -0.855855017538147
324,506,846 : -0.9075648445276197
325,565,715 : -0.809937530960767
331,862,893 : -0.8077846865781559
336,500,805 : -0.6262333276409453
337,477,754 : -0.8326961870759622
339,403,684 : -0.9376558946897737
339,648,715 : -0.8363319967889753
340,586,674 : -0.6976090011509957
341,648,692 : -1.0018605336344395
341,851,899 : -0.8832209441427561
346,594,803 : -0.7551386965765441
346,653,719 : -0.8437732742662243
350,589,970 : -0.9163729997344796
355,514,550 : -0.8503350451239817
355,541,789 : -0.6987689412375429
358,514,769 : -0.8620229072777583
359,637,878 : -0.90744098208591
361,475,963 : -0.7418047516217139
363,541,930 : -0.8307203760516133
364,590,612 : -0.5918595234417954
364,710,797 : -0.8732085871287936
366,438,474 : -0.9014615423018375
366,911,919 : -0.9223082693830411
367,386,439 : -0.876286580763785
368,506,964 : -0.9234045945996052
370,463,589 : -0.8384866958229971
371,554,637 : -0.7273087883232698
371,781,970 : -0.7506926055402183
372,561,810 : -0.768724621526149
372,591,674 : -0.7616284113373823
374,522,918 : -0.8848352621519453
374,571,685 : -0.8719910733385681
376,435,923 : -0.7308464101600776
383,562,709 : -0.8431143884367733
384,473,755 : -0.8502040956108563
384,515,815 : -0.8220411866801021
386,817,965 : -0.8471111639065851
387,419,795 : -0.8987589172614521
387,529,698 : -0.87317519506501
389,545,868 : -0.8191712035765941
389,789,938 : -0.8656824690052094
391,807,865 : -0.8166584828600301
392,692,915 : -0.9811042108862611
394,395,434 : -0.8084951753023764
396,785,870 : -0.7323441211473651
398,544,743 : -0.9237467085936786
400,436,674 : -0.8889233474249787
404,767,778 : -0.7877836726492922
405,433,633 : -0.7870412156030246
407,539,741 : -0.8611634041379062
409,605,833 : -0.7067471350033645
409,647,925 : -0.9229809204523569
411,549,988 : -0.5212358486657225
413,477,691 : -0.9746528254320137
413,602,716 : -0.8124056149488381
415,634,704 : -0.9286162843909538
415,680,973 : -0.8735553951837449
417,465,504 : -0.8028430024933209
419,440,739 : -0.7847649775352212
421,529,974 : -0.6283644278128335
423,673,895 : -0.8810892482379127
423,700,931 : -0.8767104106478625
425,479,550 : -0.6516860780605236
430,678,740 : -0.8019250070366741
435,924,966 : -0.7852604449247296
436,604,780 : -0.9742715843054408
436,707,920 : -0.8308946455916568
436,758,981 : -0.7873042106489145
442,568,781 : -0.7005933030073974
445,560,827 : -0.5322337535940855
445,738,806 : -0.7386103506070694
446,505,692 : -0.9389652372718749
446,659,824 : -0.7530997188709299
450,604,775 : -0.8550292311985346
451,473,986 : -0.9974425386511403
451,723,931 : -0.9689207418798769
451,904,929 : -0.8097566374854646
453,738,750 : -0.8897052418456783
454,721,770 : -0.8322545910163783
458,566,904 : -0.8593821200445315
459,468,670 : -0.7508468494498612
468,632,718 : -0.7580427449326141
468,819,826 : -0.897990777201825
469,775,913 : -0.7851060396918734
472,660,847 : -0.9140043996673615
476,621,743 : -0.8885801027113547
478,567,725 : -0.8099831849423098
479,491,864 : -0.7817982471240261
479,543,751 : -0.7929190983691314
479,571,626 : -0.6791585870996844
480,791,796 : -0.9423647575948868
483,803,943 : -0.7261426088242176
489,523,783 : -0.7099732567470938
489,874,995 : -0.8507190312351911
491,566,841 : -0.9393555452887044
495,553,833 : -0.7404351519115
496,810,814 : -0.9028957888668274
499,590,994 : -0.7075016766264359
499,882,954 : -0.7576129730886043
506,704,899 : -0.9457412930599576
511,568,611 : -0.9663684251931253
516,529,915 : -0.7451927335756054
518,556,997 : -0.787387699293121
521,620,851 : -0.8696191564717592
522,848,917 : -0.7831093502873876
525,532,603 : -0.8412732827952558
528,584,853 : -0.82730295993599
529,623,965 : -0.7716769187178889
531,542,751 : -0.8352598933930668
537,654,704 : -0.852544242944026
540,677,768 : -1.026687086338562
542,566,711 : -0.8185001851793676
543,717,764 : -0.6871403334447683
546,575,684 : -0.7615824023761113
551,727,788 : -0.60157594374648
552,613,623 : -0.7292275279366298
554,653,682 : -0.793084609467372
555,858,865 : -0.7538764071759414
556,653,833 : -0.6704256631496384
567,589,885 : -0.8734218314185522
574,799,951 : -0.7826204225885112
575,896,975 : -0.7780266557152906
584,732,884 : -0.9173554716792489
605,910,973 : -0.7299704112781011
606,616,688 : -0.9164596012371975
619,790,813 : -0.720519622029903
620,703,961 : -0.8629412997948702
620,726,974 : -0.722541084719063
624,879,974 : -0.94118811500879
627,662,727 : -0.8274174572532171
637,912,914 : -0.8052396698783839
637,925,954 : -0.8093935483725974
638,751,880 : -0.7121159164687509
644,909,935 : -0.8489087037850447
659,713,752 : -0.8031821450867556
660,832,902 : -0.8386542454877102
660,833,897 : -0.7313061295202534
672,718,981 : -0.5766778144063989
672,934,938 : -0.8704680814596109
673,892,942 : -0.8565003778165758
683,956,982 : -0.8561914840698006
695,859,887 : -0.8807915290214154
707,892,978 : -0.8702629045721564
718,747,768 : -0.8302152389761077
725,846,852 : -0.9401985147737157
740,809,823 : -0.6988041934732452
752,792,864 : -0.8360512706289365
758,833,891 : -0.7447283533197471
764,851,998 : -0.8073378336964216
764,853,933 : -0.7241452334353009
790,792,880 : -0.7022673815031022
791,883,894 : -0.9217106286663355
816,863,979 : -0.7819212764245598
855,930,975 : -0.8567886386729993
859,937,977 : -0.8729339466707065
882,913,936 : -0.7637478835434792
903,955,970 : -0.9547293870357518
912,937,961 : -0.7803048828011523
950,968,999 : -0.9470611094075121
