[205, 258, 292], [205, 258, 269]
[205, 258, 292], [172, 205, 258]
[205, 258, 292], [205, 258, 272]
[205, 258, 292], [205, 258, 287]
[205, 258, 292], [140, 205, 258]
[205, 258, 292], [205, 258, 288]
[205, 258, 292], [205, 235, 258]
[205, 258, 292], [133, 205, 258]
[205, 258, 292], [205, 258, 280]
[205, 258, 292], [205, 258, 303]
[205, 258, 292], [166, 205, 258]
[205, 258, 292], [202, 205, 258]
[205, 258, 292], [205, 258, 265]
[205, 258, 292], [205, 258, 299]
[205, 258, 292], [141, 205, 258]
[205, 258, 292], [11, 205, 258]
[205, 258, 269], [172, 205, 258]
[205, 258, 269], [205, 258, 272]
[205, 258, 269], [205, 258, 287]
[205, 258, 269], [140, 205, 258]
[205, 258, 269], [205, 258, 288]
[205, 258, 269], [205, 235, 258]
[205, 258, 269], [133, 205, 258]
[205, 258, 269], [205, 258, 280]
[205, 258, 269], [205, 258, 303]
[205, 258, 269], [166, 205, 258]
[205, 258, 269], [202, 205, 258]
[205, 258, 269], [205, 258, 265]
[205, 258, 269], [205, 258, 299]
[205, 258, 269], [141, 205, 258]
[205, 258, 269], [11, 205, 258]
[172, 205, 258], [205, 258, 272]
[172, 205, 258], [205, 258, 287]
[172, 205, 258], [140, 205, 258]
[172, 205, 258], [205, 258, 288]
[172, 205, 258], [205, 235, 258]
[172, 205, 258], [133, 205, 258]
[172, 205, 258], [205, 258, 280]
[172, 205, 258], [205, 258, 303]
[172, 205, 258], [166, 205, 258]
[172, 205, 258], [202, 205, 258]
[172, 205, 258], [205, 258, 265]
[172, 205, 258], [205, 258, 299]
[172, 205, 258], [141, 205, 258]
[172, 205, 258], [11, 205, 258]
[205, 258, 272], [205, 258, 287]
[205, 258, 272], [140, 205, 258]
[205, 258, 272], [205, 258, 288]
[205, 258, 272], [205, 235, 258]
[205, 258, 272], [133, 205, 258]
[205, 258, 272], [205, 258, 280]
[205, 258, 272], [205, 258, 303]
[205, 258, 272], [166, 205, 258]
[205, 258, 272], [202, 205, 258]
[205, 258, 272], [205, 258, 265]
[205, 258, 272], [205, 258, 299]
[205, 258, 272], [141, 205, 258]
[205, 258, 272], [11, 205, 258]
[205, 258, 287], [140, 205, 258]
[205, 258, 287], [205, 258, 288]
[205, 258, 287], [205, 235, 258]
[205, 258, 287], [133, 205, 258]
[205, 258, 287], [205, 258, 280]
[205, 258, 287], [205, 258, 303]
[205, 258, 287], [166, 205, 258]
[205, 258, 287], [202, 205, 258]
[205, 258, 287], [205, 258, 265]
[205, 258, 287], [205, 258, 299]
[205, 258, 287], [141, 205, 258]
[205, 258, 287], [11, 205, 258]
[140, 205, 258], [205, 258, 288]
[140, 205, 258], [205, 235, 258]
[140, 205, 258], [133, 205, 258]
[140, 205, 258], [205, 258, 280]
[140, 205, 258], [205, 258, 303]
[140, 205, 258], [166, 205, 258]
[140, 205, 258], [202, 205, 258]
[140, 205, 258], [205, 258, 265]
[140, 205, 258], [205, 258, 299]
[140, 205, 258], [141, 205, 258]
[140, 205, 258], [11, 205, 258]
[205, 258, 288], [205, 235, 258]
[205, 258, 288], [133, 205, 258]
[205, 258, 288], [205, 258, 280]
[205, 258, 288], [205, 258, 303]
[205, 258, 288], [166, 205, 258]
[205, 258, 288], [202, 205, 258]
[205, 258, 288], [205, 258, 265]
[205, 258, 288], [205, 258, 299]
[205, 258, 288], [141, 205, 258]
[205, 258, 288], [11, 205, 258]
[205, 235, 258], [133, 205, 258]
[205, 235, 258], [205, 258, 280]
[205, 235, 258], [205, 258, 303]
[205, 235, 258], [166, 205, 258]
[205, 235, 258], [202, 205, 258]
[205, 235, 258], [205, 258, 265]
[205, 235, 258], [205, 258, 299]
[205, 235, 258], [141, 205, 258]
[205, 235, 258], [11, 205, 258]
[133, 205, 258], [205, 258, 280]
[133, 205, 258], [205, 258, 303]
[133, 205, 258], [166, 205, 258]
[133, 205, 258], [202, 205, 258]
[133, 205, 258], [205, 258, 265]
[133, 205, 258], [205, 258, 299]
[133, 205, 258], [141, 205, 258]
[133, 205, 258], [11, 205, 258]
[205, 258, 280], [205, 258, 303]
[205, 258, 280], [166, 205, 258]
[205, 258, 280], [202, 205, 258]
[205, 258, 280], [205, 258, 265]
[205, 258, 280], [205, 258, 299]
[205, 258, 280], [141, 205, 258]
[205, 258, 280], [11, 205, 258]
[205, 258, 303], [166, 205, 258]
[205, 258, 303], [202, 205, 258]
[205, 258, 303], [205, 258, 265]
[205, 258, 303], [205, 258, 299]
[205, 258, 303], [141, 205, 258]
[205, 258, 303], [11, 205, 258]
[166, 205, 258], [202, 205, 258]
[166, 205, 258], [205, 258, 265]
[166, 205, 258], [205, 258, 299]
[166, 205, 258], [141, 205, 258]
[166, 205, 258], [11, 205, 258]
[202, 205, 258], [205, 258, 265]
[202, 205, 258], [205, 258, 299]
[202, 205, 258], [141, 205, 258]
[202, 205, 258], [11, 205, 258]
[205, 258, 265], [205, 258, 299]
[205, 258, 265], [141, 205, 258]
[205, 258, 265], [11, 205, 258]
[205, 258, 299], [141, 205, 258]
[205, 258, 299], [11, 205, 258]
[141, 205, 258], [11, 205, 258]
[205, 258, 292], [258, 292, 305]
[203, 208, 256], [203, 207, 208]
[203, 208, 256], [203, 208, 263]
[203, 207, 208], [203, 208, 263]
[203, 208, 256], [203, 204, 256]
[203, 208, 256], [203, 215, 256]
[203, 204, 256], [203, 215, 256]
[203, 208, 256], [208, 215, 256]
[51, 196, 314], [51, 73, 196]
[51, 196, 314], [51, 173, 196]
[51, 196, 314], [51, 120, 196]
[51, 196, 314], [51, 196, 260]
[51, 73, 196], [51, 173, 196]
[51, 73, 196], [51, 120, 196]
[51, 73, 196], [51, 196, 260]
[51, 173, 196], [51, 120, 196]
[51, 173, 196], [51, 196, 260]
[51, 120, 196], [51, 196, 260]
[51, 196, 314], [51, 173, 314]
[51, 196, 314], [51, 52, 314]
[51, 196, 314], [51, 159, 314]
[51, 173, 314], [51, 52, 314]
[51, 173, 314], [51, 159, 314]
[51, 52, 314], [51, 159, 314]
[51, 196, 314], [173, 196, 314]
[51, 196, 314], [196, 260, 314]
[173, 196, 314], [196, 260, 314]
[9, 11, 235], [9, 11, 303]
[9, 11, 235], [9, 11, 265]
[9, 11, 235], [9, 11, 316]
[9, 11, 235], [9, 11, 313]
[9, 11, 235], [9, 11, 205]
[9, 11, 235], [9, 10, 11]
[9, 11, 235], [9, 11, 321]
[9, 11, 235], [9, 11, 112]
[9, 11, 303], [9, 11, 265]
[9, 11, 303], [9, 11, 316]
[9, 11, 303], [9, 11, 313]
[9, 11, 303], [9, 11, 205]
[9, 11, 303], [9, 10, 11]
[9, 11, 303], [9, 11, 321]
[9, 11, 303], [9, 11, 112]
[9, 11, 265], [9, 11, 316]
[9, 11, 265], [9, 11, 313]
[9, 11, 265], [9, 11, 205]
[9, 11, 265], [9, 10, 11]
[9, 11, 265], [9, 11, 321]
[9, 11, 265], [9, 11, 112]
[9, 11, 316], [9, 11, 313]
[9, 11, 316], [9, 11, 205]
[9, 11, 316], [9, 10, 11]
[9, 11, 316], [9, 11, 321]
[9, 11, 316], [9, 11, 112]
[9, 11, 313], [9, 11, 205]
[9, 11, 313], [9, 10, 11]
[9, 11, 313], [9, 11, 321]
[9, 11, 313], [9, 11, 112]
[9, 11, 205], [9, 10, 11]
[9, 11, 205], [9, 11, 321]
[9, 11, 205], [9, 11, 112]
[9, 10, 11], [9, 11, 321]
[9, 10, 11], [9, 11, 112]
[9, 11, 321], [9, 11, 112]
[9, 11, 235], [9, 235, 316]
[9, 11, 235], [9, 112, 235]
[9, 11, 235], [9, 235, 303]
[9, 235, 316], [9, 112, 235]
[9, 235, 316], [9, 235, 303]
[9, 112, 235], [9, 235, 303]
[9, 11, 235], [11, 122, 235]
[9, 11, 235], [11, 178, 235]
[9, 11, 235], [11, 235, 292]
[9, 11, 235], [11, 235, 293]
[9, 11, 235], [11, 235, 313]
[11, 122, 235], [11, 178, 235]
[11, 122, 235], [11, 235, 292]
[11, 122, 235], [11, 235, 293]
[11, 122, 235], [11, 235, 313]
[11, 178, 235], [11, 235, 292]
[11, 178, 235], [11, 235, 293]
[11, 178, 235], [11, 235, 313]
[11, 235, 292], [11, 235, 293]
[11, 235, 292], [11, 235, 313]
[11, 235, 293], [11, 235, 313]
[29, 64, 65], [29, 64, 86]
[29, 64, 65], [29, 64, 121]
[29, 64, 86], [29, 64, 121]
[29, 64, 65], [29, 65, 121]
[29, 64, 65], [64, 65, 130]
[29, 64, 65], [33, 64, 65]
[29, 64, 65], [64, 65, 121]
[29, 64, 65], [64, 65, 114]
[29, 64, 65], [61, 64, 65]
[29, 64, 65], [64, 65, 115]
[29, 64, 65], [64, 65, 116]
[64, 65, 130], [33, 64, 65]
[64, 65, 130], [64, 65, 121]
[64, 65, 130], [64, 65, 114]
[64, 65, 130], [61, 64, 65]
[64, 65, 130], [64, 65, 115]
[64, 65, 130], [64, 65, 116]
[33, 64, 65], [64, 65, 121]
[33, 64, 65], [64, 65, 114]
[33, 64, 65], [61, 64, 65]
[33, 64, 65], [64, 65, 115]
[33, 64, 65], [64, 65, 116]
[64, 65, 121], [64, 65, 114]
[64, 65, 121], [61, 64, 65]
[64, 65, 121], [64, 65, 115]
[64, 65, 121], [64, 65, 116]
[64, 65, 114], [61, 64, 65]
[64, 65, 114], [64, 65, 115]
[64, 65, 114], [64, 65, 116]
[61, 64, 65], [64, 65, 115]
[61, 64, 65], [64, 65, 116]
[64, 65, 115], [64, 65, 116]
[31, 175, 209], [31, 209, 266]
[31, 175, 209], [31, 206, 209]
[31, 175, 209], [31, 132, 209]
[31, 175, 209], [31, 178, 209]
[31, 175, 209], [31, 176, 209]
[31, 175, 209], [31, 179, 209]
[31, 175, 209], [31, 58, 209]
[31, 175, 209], [31, 182, 209]
[31, 209, 266], [31, 206, 209]
[31, 209, 266], [31, 132, 209]
[31, 209, 266], [31, 178, 209]
[31, 209, 266], [31, 176, 209]
[31, 209, 266], [31, 179, 209]
[31, 209, 266], [31, 58, 209]
[31, 209, 266], [31, 182, 209]
[31, 206, 209], [31, 132, 209]
[31, 206, 209], [31, 178, 209]
[31, 206, 209], [31, 176, 209]
[31, 206, 209], [31, 179, 209]
[31, 206, 209], [31, 58, 209]
[31, 206, 209], [31, 182, 209]
[31, 132, 209], [31, 178, 209]
[31, 132, 209], [31, 176, 209]
[31, 132, 209], [31, 179, 209]
[31, 132, 209], [31, 58, 209]
[31, 132, 209], [31, 182, 209]
[31, 178, 209], [31, 176, 209]
[31, 178, 209], [31, 179, 209]
[31, 178, 209], [31, 58, 209]
[31, 178, 209], [31, 182, 209]
[31, 176, 209], [31, 179, 209]
[31, 176, 209], [31, 58, 209]
[31, 176, 209], [31, 182, 209]
[31, 179, 209], [31, 58, 209]
[31, 179, 209], [31, 182, 209]
[31, 58, 209], [31, 182, 209]
[31, 175, 209], [175, 176, 209]
[186, 245, 277], [124, 186, 245]
[186, 245, 277], [135, 186, 245]
[124, 186, 245], [135, 186, 245]
[186, 245, 277], [82, 186, 277]
[186, 245, 277], [43, 186, 277]
[186, 245, 277], [163, 186, 277]
[186, 245, 277], [56, 186, 277]
[186, 245, 277], [127, 186, 277]
[186, 245, 277], [135, 186, 277]
[186, 245, 277], [83, 186, 277]
[186, 245, 277], [111, 186, 277]
[186, 245, 277], [124, 186, 277]
[82, 186, 277], [43, 186, 277]
[82, 186, 277], [163, 186, 277]
[82, 186, 277], [56, 186, 277]
[82, 186, 277], [127, 186, 277]
[82, 186, 277], [135, 186, 277]
[82, 186, 277], [83, 186, 277]
[82, 186, 277], [111, 186, 277]
[82, 186, 277], [124, 186, 277]
[43, 186, 277], [163, 186, 277]
[43, 186, 277], [56, 186, 277]
[43, 186, 277], [127, 186, 277]
[43, 186, 277], [135, 186, 277]
[43, 186, 277], [83, 186, 277]
[43, 186, 277], [111, 186, 277]
[43, 186, 277], [124, 186, 277]
[163, 186, 277], [56, 186, 277]
[163, 186, 277], [127, 186, 277]
[163, 186, 277], [135, 186, 277]
[163, 186, 277], [83, 186, 277]
[163, 186, 277], [111, 186, 277]
[163, 186, 277], [124, 186, 277]
[56, 186, 277], [127, 186, 277]
[56, 186, 277], [135, 186, 277]
[56, 186, 277], [83, 186, 277]
[56, 186, 277], [111, 186, 277]
[56, 186, 277], [124, 186, 277]
[127, 186, 277], [135, 186, 277]
[127, 186, 277], [83, 186, 277]
[127, 186, 277], [111, 186, 277]
[127, 186, 277], [124, 186, 277]
[135, 186, 277], [83, 186, 277]
[135, 186, 277], [111, 186, 277]
[135, 186, 277], [124, 186, 277]
[83, 186, 277], [111, 186, 277]
[83, 186, 277], [124, 186, 277]
[111, 186, 277], [124, 186, 277]
[186, 245, 277], [82, 245, 277]
[186, 245, 277], [245, 261, 277]
[186, 245, 277], [237, 245, 277]
[186, 245, 277], [135, 245, 277]
[186, 245, 277], [124, 245, 277]
[186, 245, 277], [111, 245, 277]
[186, 245, 277], [245, 267, 277]
[82, 245, 277], [245, 261, 277]
[82, 245, 277], [237, 245, 277]
[82, 245, 277], [135, 245, 277]
[82, 245, 277], [124, 245, 277]
[82, 245, 277], [111, 245, 277]
[82, 245, 277], [245, 267, 277]
[245, 261, 277], [237, 245, 277]
[245, 261, 277], [135, 245, 277]
[245, 261, 277], [124, 245, 277]
[245, 261, 277], [111, 245, 277]
[245, 261, 277], [245, 267, 277]
[237, 245, 277], [135, 245, 277]
[237, 245, 277], [124, 245, 277]
[237, 245, 277], [111, 245, 277]
[237, 245, 277], [245, 267, 277]
[135, 245, 277], [124, 245, 277]
[135, 245, 277], [111, 245, 277]
[135, 245, 277], [245, 267, 277]
[124, 245, 277], [111, 245, 277]
[124, 245, 277], [245, 267, 277]
[111, 245, 277], [245, 267, 277]
[30, 175, 193], [30, 175, 186]
[30, 175, 193], [30, 57, 175]
[30, 175, 186], [30, 57, 175]
[30, 175, 193], [30, 186, 193]
[30, 175, 193], [30, 122, 193]
[30, 175, 193], [30, 58, 193]
[30, 175, 193], [30, 77, 193]
[30, 186, 193], [30, 122, 193]
[30, 186, 193], [30, 58, 193]
[30, 186, 193], [30, 77, 193]
[30, 122, 193], [30, 58, 193]
[30, 122, 193], [30, 77, 193]
[30, 58, 193], [30, 77, 193]
[30, 175, 193], [175, 176, 193]
[71, 72, 167], [71, 72, 196]
[71, 72, 167], [71, 72, 194]
[71, 72, 167], [71, 72, 81]
[71, 72, 167], [71, 72, 326]
[71, 72, 167], [71, 72, 80]
[71, 72, 196], [71, 72, 194]
[71, 72, 196], [71, 72, 81]
[71, 72, 196], [71, 72, 326]
[71, 72, 196], [71, 72, 80]
[71, 72, 194], [71, 72, 81]
[71, 72, 194], [71, 72, 326]
[71, 72, 194], [71, 72, 80]
[71, 72, 81], [71, 72, 326]
[71, 72, 81], [71, 72, 80]
[71, 72, 326], [71, 72, 80]
[71, 72, 167], [71, 153, 167]
[71, 72, 167], [71, 128, 167]
[71, 72, 167], [71, 80, 167]
[71, 72, 167], [47, 71, 167]
[71, 72, 167], [71, 155, 167]
[71, 72, 167], [40, 71, 167]
[71, 72, 167], [71, 102, 167]
[71, 72, 167], [21, 71, 167]
[71, 72, 167], [22, 71, 167]
[71, 72, 167], [71, 109, 167]
[71, 153, 167], [71, 128, 167]
[71, 153, 167], [71, 80, 167]
[71, 153, 167], [47, 71, 167]
[71, 153, 167], [71, 155, 167]
[71, 153, 167], [40, 71, 167]
[71, 153, 167], [71, 102, 167]
[71, 153, 167], [21, 71, 167]
[71, 153, 167], [22, 71, 167]
[71, 153, 167], [71, 109, 167]
[71, 128, 167], [71, 80, 167]
[71, 128, 167], [47, 71, 167]
[71, 128, 167], [71, 155, 167]
[71, 128, 167], [40, 71, 167]
[71, 128, 167], [71, 102, 167]
[71, 128, 167], [21, 71, 167]
[71, 128, 167], [22, 71, 167]
[71, 128, 167], [71, 109, 167]
[71, 80, 167], [47, 71, 167]
[71, 80, 167], [71, 155, 167]
[71, 80, 167], [40, 71, 167]
[71, 80, 167], [71, 102, 167]
[71, 80, 167], [21, 71, 167]
[71, 80, 167], [22, 71, 167]
[71, 80, 167], [71, 109, 167]
[47, 71, 167], [71, 155, 167]
[47, 71, 167], [40, 71, 167]
[47, 71, 167], [71, 102, 167]
[47, 71, 167], [21, 71, 167]
[47, 71, 167], [22, 71, 167]
[47, 71, 167], [71, 109, 167]
[71, 155, 167], [40, 71, 167]
[71, 155, 167], [71, 102, 167]
[71, 155, 167], [21, 71, 167]
[71, 155, 167], [22, 71, 167]
[71, 155, 167], [71, 109, 167]
[40, 71, 167], [71, 102, 167]
[40, 71, 167], [21, 71, 167]
[40, 71, 167], [22, 71, 167]
[40, 71, 167], [71, 109, 167]
[71, 102, 167], [21, 71, 167]
[71, 102, 167], [22, 71, 167]
[71, 102, 167], [71, 109, 167]
[21, 71, 167], [22, 71, 167]
[21, 71, 167], [71, 109, 167]
[22, 71, 167], [71, 109, 167]
[71, 72, 167], [40, 72, 167]
[71, 72, 167], [72, 153, 167]
[71, 72, 167], [72, 155, 167]
[40, 72, 167], [72, 153, 167]
[40, 72, 167], [72, 155, 167]
[72, 153, 167], [72, 155, 167]
[126, 174, 317], [126, 174, 177]
[126, 174, 317], [126, 174, 194]
[126, 174, 317], [126, 174, 195]
[126, 174, 317], [100, 126, 174]
[126, 174, 317], [126, 170, 174]
[126, 174, 317], [98, 126, 174]
[126, 174, 317], [99, 126, 174]
[126, 174, 177], [126, 174, 194]
[126, 174, 177], [126, 174, 195]
[126, 174, 177], [100, 126, 174]
[126, 174, 177], [126, 170, 174]
[126, 174, 177], [98, 126, 174]
[126, 174, 177], [99, 126, 174]
[126, 174, 194], [126, 174, 195]
[126, 174, 194], [100, 126, 174]
[126, 174, 194], [126, 170, 174]
[126, 174, 194], [98, 126, 174]
[126, 174, 194], [99, 126, 174]
[126, 174, 195], [100, 126, 174]
[126, 174, 195], [126, 170, 174]
[126, 174, 195], [98, 126, 174]
[126, 174, 195], [99, 126, 174]
[100, 126, 174], [126, 170, 174]
[100, 126, 174], [98, 126, 174]
[100, 126, 174], [99, 126, 174]
[126, 170, 174], [98, 126, 174]
[126, 170, 174], [99, 126, 174]
[98, 126, 174], [99, 126, 174]
[126, 174, 317], [49, 126, 317]
[126, 174, 317], [126, 177, 317]
[126, 174, 317], [126, 188, 317]
[126, 174, 317], [59, 126, 317]
[126, 174, 317], [100, 126, 317]
[126, 174, 317], [126, 185, 317]
[126, 174, 317], [126, 170, 317]
[126, 174, 317], [98, 126, 317]
[126, 174, 317], [60, 126, 317]
[126, 174, 317], [126, 196, 317]
[49, 126, 317], [126, 177, 317]
[49, 126, 317], [126, 188, 317]
[49, 126, 317], [59, 126, 317]
[49, 126, 317], [100, 126, 317]
[49, 126, 317], [126, 185, 317]
[49, 126, 317], [126, 170, 317]
[49, 126, 317], [98, 126, 317]
[49, 126, 317], [60, 126, 317]
[49, 126, 317], [126, 196, 317]
[126, 177, 317], [126, 188, 317]
[126, 177, 317], [59, 126, 317]
[126, 177, 317], [100, 126, 317]
[126, 177, 317], [126, 185, 317]
[126, 177, 317], [126, 170, 317]
[126, 177, 317], [98, 126, 317]
[126, 177, 317], [60, 126, 317]
[126, 177, 317], [126, 196, 317]
[126, 188, 317], [59, 126, 317]
[126, 188, 317], [100, 126, 317]
[126, 188, 317], [126, 185, 317]
[126, 188, 317], [126, 170, 317]
[126, 188, 317], [98, 126, 317]
[126, 188, 317], [60, 126, 317]
[126, 188, 317], [126, 196, 317]
[59, 126, 317], [100, 126, 317]
[59, 126, 317], [126, 185, 317]
[59, 126, 317], [126, 170, 317]
[59, 126, 317], [98, 126, 317]
[59, 126, 317], [60, 126, 317]
[59, 126, 317], [126, 196, 317]
[100, 126, 317], [126, 185, 317]
[100, 126, 317], [126, 170, 317]
[100, 126, 317], [98, 126, 317]
[100, 126, 317], [60, 126, 317]
[100, 126, 317], [126, 196, 317]
[126, 185, 317], [126, 170, 317]
[126, 185, 317], [98, 126, 317]
[126, 185, 317], [60, 126, 317]
[126, 185, 317], [126, 196, 317]
[126, 170, 317], [98, 126, 317]
[126, 170, 317], [60, 126, 317]
[126, 170, 317], [126, 196, 317]
[98, 126, 317], [60, 126, 317]
[98, 126, 317], [126, 196, 317]
[60, 126, 317], [126, 196, 317]
[126, 174, 317], [170, 174, 317]
[126, 174, 317], [174, 177, 317]
[126, 174, 317], [98, 174, 317]
[170, 174, 317], [174, 177, 317]
[170, 174, 317], [98, 174, 317]
[174, 177, 317], [98, 174, 317]
[152, 169, 213], [149, 152, 169]
[152, 169, 213], [152, 167, 169]
[149, 152, 169], [152, 167, 169]
[152, 169, 213], [71, 152, 213]
[22, 279, 323], [22, 75, 279]
[22, 279, 323], [2, 22, 279]
[22, 279, 323], [22, 27, 279]
[22, 75, 279], [2, 22, 279]
[22, 75, 279], [22, 27, 279]
[2, 22, 279], [22, 27, 279]
[22, 279, 323], [21, 22, 323]
[22, 279, 323], [22, 152, 323]
[22, 279, 323], [22, 27, 323]
[22, 279, 323], [22, 155, 323]
[22, 279, 323], [22, 75, 323]
[21, 22, 323], [22, 152, 323]
[21, 22, 323], [22, 27, 323]
[21, 22, 323], [22, 155, 323]
[21, 22, 323], [22, 75, 323]
[22, 152, 323], [22, 27, 323]
[22, 152, 323], [22, 155, 323]
[22, 152, 323], [22, 75, 323]
[22, 27, 323], [22, 155, 323]
[22, 27, 323], [22, 75, 323]
[22, 155, 323], [22, 75, 323]
[207, 227, 294], [207, 215, 227]
[207, 227, 294], [227, 294, 326]
[37, 88, 239], [88, 176, 239]
[37, 88, 239], [88, 122, 239]
[37, 88, 239], [88, 239, 261]
[88, 176, 239], [88, 122, 239]
[88, 176, 239], [88, 239, 261]
[88, 122, 239], [88, 239, 261]
[136, 144, 272], [136, 144, 305]
[136, 144, 272], [136, 144, 202]
[136, 144, 272], [136, 142, 144]
[136, 144, 305], [136, 144, 202]
[136, 144, 305], [136, 142, 144]
[136, 144, 202], [136, 142, 144]
[136, 144, 272], [136, 202, 272]
[136, 144, 272], [136, 272, 285]
[136, 144, 272], [11, 136, 272]
[136, 144, 272], [136, 272, 273]
[136, 144, 272], [136, 272, 305]
[136, 144, 272], [136, 145, 272]
[136, 202, 272], [136, 272, 285]
[136, 202, 272], [11, 136, 272]
[136, 202, 272], [136, 272, 273]
[136, 202, 272], [136, 272, 305]
[136, 202, 272], [136, 145, 272]
[136, 272, 285], [11, 136, 272]
[136, 272, 285], [136, 272, 273]
[136, 272, 285], [136, 272, 305]
[136, 272, 285], [136, 145, 272]
[11, 136, 272], [136, 272, 273]
[11, 136, 272], [136, 272, 305]
[11, 136, 272], [136, 145, 272]
[136, 272, 273], [136, 272, 305]
[136, 272, 273], [136, 145, 272]
[136, 272, 305], [136, 145, 272]
[136, 144, 272], [141, 144, 272]
[136, 144, 272], [144, 272, 281]
[136, 144, 272], [144, 272, 280]
[136, 144, 272], [144, 272, 301]
[136, 144, 272], [144, 265, 272]
[136, 144, 272], [144, 272, 305]
[141, 144, 272], [144, 272, 281]
[141, 144, 272], [144, 272, 280]
[141, 144, 272], [144, 272, 301]
[141, 144, 272], [144, 265, 272]
[141, 144, 272], [144, 272, 305]
[144, 272, 281], [144, 272, 280]
[144, 272, 281], [144, 272, 301]
[144, 272, 281], [144, 265, 272]
[144, 272, 281], [144, 272, 305]
[144, 272, 280], [144, 272, 301]
[144, 272, 280], [144, 265, 272]
[144, 272, 280], [144, 272, 305]
[144, 272, 301], [144, 265, 272]
[144, 272, 301], [144, 272, 305]
[144, 265, 272], [144, 272, 305]
[30, 186, 193], [30, 175, 186]
[30, 186, 193], [30, 58, 186]
[30, 175, 186], [30, 58, 186]
[101, 210, 221], [78, 101, 210]
[101, 210, 221], [101, 210, 220]
[78, 101, 210], [101, 210, 220]
[101, 210, 221], [101, 163, 221]
[101, 210, 221], [101, 220, 221]
[101, 163, 221], [101, 220, 221]
[101, 210, 221], [122, 210, 221]
[51, 73, 196], [51, 73, 173]
[51, 73, 196], [49, 73, 196]
[51, 73, 196], [73, 188, 196]
[51, 73, 196], [73, 171, 196]
[51, 73, 196], [60, 73, 196]
[51, 73, 196], [73, 160, 196]
[51, 73, 196], [73, 177, 196]
[51, 73, 196], [73, 184, 196]
[51, 73, 196], [73, 187, 196]
[51, 73, 196], [73, 170, 196]
[51, 73, 196], [22, 73, 196]
[51, 73, 196], [73, 173, 196]
[51, 73, 196], [73, 118, 196]
[51, 73, 196], [72, 73, 196]
[49, 73, 196], [73, 188, 196]
[49, 73, 196], [73, 171, 196]
[49, 73, 196], [60, 73, 196]
[49, 73, 196], [73, 160, 196]
[49, 73, 196], [73, 177, 196]
[49, 73, 196], [73, 184, 196]
[49, 73, 196], [73, 187, 196]
[49, 73, 196], [73, 170, 196]
[49, 73, 196], [22, 73, 196]
[49, 73, 196], [73, 173, 196]
[49, 73, 196], [73, 118, 196]
[49, 73, 196], [72, 73, 196]
[73, 188, 196], [73, 171, 196]
[73, 188, 196], [60, 73, 196]
[73, 188, 196], [73, 160, 196]
[73, 188, 196], [73, 177, 196]
[73, 188, 196], [73, 184, 196]
[73, 188, 196], [73, 187, 196]
[73, 188, 196], [73, 170, 196]
[73, 188, 196], [22, 73, 196]
[73, 188, 196], [73, 173, 196]
[73, 188, 196], [73, 118, 196]
[73, 188, 196], [72, 73, 196]
[73, 171, 196], [60, 73, 196]
[73, 171, 196], [73, 160, 196]
[73, 171, 196], [73, 177, 196]
[73, 171, 196], [73, 184, 196]
[73, 171, 196], [73, 187, 196]
[73, 171, 196], [73, 170, 196]
[73, 171, 196], [22, 73, 196]
[73, 171, 196], [73, 173, 196]
[73, 171, 196], [73, 118, 196]
[73, 171, 196], [72, 73, 196]
[60, 73, 196], [73, 160, 196]
[60, 73, 196], [73, 177, 196]
[60, 73, 196], [73, 184, 196]
[60, 73, 196], [73, 187, 196]
[60, 73, 196], [73, 170, 196]
[60, 73, 196], [22, 73, 196]
[60, 73, 196], [73, 173, 196]
[60, 73, 196], [73, 118, 196]
[60, 73, 196], [72, 73, 196]
[73, 160, 196], [73, 177, 196]
[73, 160, 196], [73, 184, 196]
[73, 160, 196], [73, 187, 196]
[73, 160, 196], [73, 170, 196]
[73, 160, 196], [22, 73, 196]
[73, 160, 196], [73, 173, 196]
[73, 160, 196], [73, 118, 196]
[73, 160, 196], [72, 73, 196]
[73, 177, 196], [73, 184, 196]
[73, 177, 196], [73, 187, 196]
[73, 177, 196], [73, 170, 196]
[73, 177, 196], [22, 73, 196]
[73, 177, 196], [73, 173, 196]
[73, 177, 196], [73, 118, 196]
[73, 177, 196], [72, 73, 196]
[73, 184, 196], [73, 187, 196]
[73, 184, 196], [73, 170, 196]
[73, 184, 196], [22, 73, 196]
[73, 184, 196], [73, 173, 196]
[73, 184, 196], [73, 118, 196]
[73, 184, 196], [72, 73, 196]
[73, 187, 196], [73, 170, 196]
[73, 187, 196], [22, 73, 196]
[73, 187, 196], [73, 173, 196]
[73, 187, 196], [73, 118, 196]
[73, 187, 196], [72, 73, 196]
[73, 170, 196], [22, 73, 196]
[73, 170, 196], [73, 173, 196]
[73, 170, 196], [73, 118, 196]
[73, 170, 196], [72, 73, 196]
[22, 73, 196], [73, 173, 196]
[22, 73, 196], [73, 118, 196]
[22, 73, 196], [72, 73, 196]
[73, 173, 196], [73, 118, 196]
[73, 173, 196], [72, 73, 196]
[73, 118, 196], [72, 73, 196]
[41, 76, 92], [41, 76, 107]
[41, 76, 92], [41, 76, 85]
[41, 76, 92], [41, 42, 76]
[41, 76, 92], [41, 76, 97]
[41, 76, 92], [28, 41, 76]
[41, 76, 92], [41, 48, 76]
[41, 76, 92], [41, 76, 91]
[41, 76, 92], [41, 66, 76]
[41, 76, 107], [41, 76, 85]
[41, 76, 107], [41, 42, 76]
[41, 76, 107], [41, 76, 97]
[41, 76, 107], [28, 41, 76]
[41, 76, 107], [41, 48, 76]
[41, 76, 107], [41, 76, 91]
[41, 76, 107], [41, 66, 76]
[41, 76, 85], [41, 42, 76]
[41, 76, 85], [41, 76, 97]
[41, 76, 85], [28, 41, 76]
[41, 76, 85], [41, 48, 76]
[41, 76, 85], [41, 76, 91]
[41, 76, 85], [41, 66, 76]
[41, 42, 76], [41, 76, 97]
[41, 42, 76], [28, 41, 76]
[41, 42, 76], [41, 48, 76]
[41, 42, 76], [41, 76, 91]
[41, 42, 76], [41, 66, 76]
[41, 76, 97], [28, 41, 76]
[41, 76, 97], [41, 48, 76]
[41, 76, 97], [41, 76, 91]
[41, 76, 97], [41, 66, 76]
[28, 41, 76], [41, 48, 76]
[28, 41, 76], [41, 76, 91]
[28, 41, 76], [41, 66, 76]
[41, 48, 76], [41, 76, 91]
[41, 48, 76], [41, 66, 76]
[41, 76, 91], [41, 66, 76]
[41, 76, 92], [41, 92, 107]
[41, 76, 92], [41, 92, 101]
[41, 76, 92], [28, 41, 92]
[41, 76, 92], [41, 91, 92]
[41, 76, 92], [41, 85, 92]
[41, 92, 107], [41, 92, 101]
[41, 92, 107], [28, 41, 92]
[41, 92, 107], [41, 91, 92]
[41, 92, 107], [41, 85, 92]
[41, 92, 101], [28, 41, 92]
[41, 92, 101], [41, 91, 92]
[41, 92, 101], [41, 85, 92]
[28, 41, 92], [41, 91, 92]
[28, 41, 92], [41, 85, 92]
[41, 91, 92], [41, 85, 92]
[41, 76, 92], [76, 91, 92]
[41, 76, 92], [7, 76, 92]
[41, 76, 92], [28, 76, 92]
[41, 76, 92], [76, 85, 92]
[41, 76, 92], [76, 92, 107]
[76, 91, 92], [7, 76, 92]
[76, 91, 92], [28, 76, 92]
[76, 91, 92], [76, 85, 92]
[76, 91, 92], [76, 92, 107]
[7, 76, 92], [28, 76, 92]
[7, 76, 92], [76, 85, 92]
[7, 76, 92], [76, 92, 107]
[28, 76, 92], [76, 85, 92]
[28, 76, 92], [76, 92, 107]
[76, 85, 92], [76, 92, 107]
[167, 169, 323], [21, 167, 169]
[167, 169, 323], [152, 167, 169]
[21, 167, 169], [152, 167, 169]
[167, 169, 323], [21, 167, 323]
[167, 169, 323], [25, 167, 323]
[21, 167, 323], [25, 167, 323]
[55, 94, 108], [55, 108, 286]
[55, 94, 108], [94, 108, 129]
[55, 94, 108], [94, 107, 108]
[55, 94, 108], [94, 103, 108]
[55, 94, 108], [94, 101, 108]
[55, 94, 108], [38, 94, 108]
[55, 94, 108], [94, 108, 115]
[55, 94, 108], [76, 94, 108]
[55, 94, 108], [94, 97, 108]
[55, 94, 108], [4, 94, 108]
[55, 94, 108], [37, 94, 108]
[55, 94, 108], [92, 94, 108]
[94, 108, 129], [94, 107, 108]
[94, 108, 129], [94, 103, 108]
[94, 108, 129], [94, 101, 108]
[94, 108, 129], [38, 94, 108]
[94, 108, 129], [94, 108, 115]
[94, 108, 129], [76, 94, 108]
[94, 108, 129], [94, 97, 108]
[94, 108, 129], [4, 94, 108]
[94, 108, 129], [37, 94, 108]
[94, 108, 129], [92, 94, 108]
[94, 107, 108], [94, 103, 108]
[94, 107, 108], [94, 101, 108]
[94, 107, 108], [38, 94, 108]
[94, 107, 108], [94, 108, 115]
[94, 107, 108], [76, 94, 108]
[94, 107, 108], [94, 97, 108]
[94, 107, 108], [4, 94, 108]
[94, 107, 108], [37, 94, 108]
[94, 107, 108], [92, 94, 108]
[94, 103, 108], [94, 101, 108]
[94, 103, 108], [38, 94, 108]
[94, 103, 108], [94, 108, 115]
[94, 103, 108], [76, 94, 108]
[94, 103, 108], [94, 97, 108]
[94, 103, 108], [4, 94, 108]
[94, 103, 108], [37, 94, 108]
[94, 103, 108], [92, 94, 108]
[94, 101, 108], [38, 94, 108]
[94, 101, 108], [94, 108, 115]
[94, 101, 108], [76, 94, 108]
[94, 101, 108], [94, 97, 108]
[94, 101, 108], [4, 94, 108]
[94, 101, 108], [37, 94, 108]
[94, 101, 108], [92, 94, 108]
[38, 94, 108], [94, 108, 115]
[38, 94, 108], [76, 94, 108]
[38, 94, 108], [94, 97, 108]
[38, 94, 108], [4, 94, 108]
[38, 94, 108], [37, 94, 108]
[38, 94, 108], [92, 94, 108]
[94, 108, 115], [76, 94, 108]
[94, 108, 115], [94, 97, 108]
[94, 108, 115], [4, 94, 108]
[94, 108, 115], [37, 94, 108]
[94, 108, 115], [92, 94, 108]
[76, 94, 108], [94, 97, 108]
[76, 94, 108], [4, 94, 108]
[76, 94, 108], [37, 94, 108]
[76, 94, 108], [92, 94, 108]
[94, 97, 108], [4, 94, 108]
[94, 97, 108], [37, 94, 108]
[94, 97, 108], [92, 94, 108]
[4, 94, 108], [37, 94, 108]
[4, 94, 108], [92, 94, 108]
[37, 94, 108], [92, 94, 108]
[12, 222, 249], [12, 197, 249]
[12, 222, 249], [6, 222, 249]
[12, 222, 249], [211, 222, 249]
[6, 222, 249], [211, 222, 249]
[71, 153, 167], [71, 81, 153]
[71, 153, 167], [153, 167, 202]
[71, 153, 167], [102, 153, 167]
[71, 153, 167], [22, 153, 167]
[71, 153, 167], [72, 153, 167]
[71, 153, 167], [26, 153, 167]
[71, 153, 167], [25, 153, 167]
[153, 167, 202], [102, 153, 167]
[153, 167, 202], [22, 153, 167]
[153, 167, 202], [72, 153, 167]
[153, 167, 202], [26, 153, 167]
[153, 167, 202], [25, 153, 167]
[102, 153, 167], [22, 153, 167]
[102, 153, 167], [72, 153, 167]
[102, 153, 167], [26, 153, 167]
[102, 153, 167], [25, 153, 167]
[22, 153, 167], [72, 153, 167]
[22, 153, 167], [26, 153, 167]
[22, 153, 167], [25, 153, 167]
[72, 153, 167], [26, 153, 167]
[72, 153, 167], [25, 153, 167]
[26, 153, 167], [25, 153, 167]
[17, 184, 198], [17, 138, 184]
[17, 184, 198], [17, 138, 198]
[17, 184, 198], [17, 139, 198]
[17, 138, 198], [17, 139, 198]
[138, 220, 221], [138, 139, 221]
[138, 220, 221], [84, 220, 221]
[138, 220, 221], [101, 220, 221]
[138, 220, 221], [161, 220, 221]
[138, 220, 221], [132, 220, 221]
[84, 220, 221], [101, 220, 221]
[84, 220, 221], [161, 220, 221]
[84, 220, 221], [132, 220, 221]
[101, 220, 221], [161, 220, 221]
[101, 220, 221], [132, 220, 221]
[161, 220, 221], [132, 220, 221]
[41, 76, 107], [41, 92, 107]
[41, 76, 107], [41, 91, 107]
[41, 76, 107], [28, 41, 107]
[41, 92, 107], [41, 91, 107]
[41, 92, 107], [28, 41, 107]
[41, 91, 107], [28, 41, 107]
[41, 76, 107], [7, 76, 107]
[41, 76, 107], [76, 94, 107]
[41, 76, 107], [75, 76, 107]
[41, 76, 107], [76, 92, 107]
[41, 76, 107], [42, 76, 107]
[7, 76, 107], [76, 94, 107]
[7, 76, 107], [75, 76, 107]
[7, 76, 107], [76, 92, 107]
[7, 76, 107], [42, 76, 107]
[76, 94, 107], [75, 76, 107]
[76, 94, 107], [76, 92, 107]
[76, 94, 107], [42, 76, 107]
[75, 76, 107], [76, 92, 107]
[75, 76, 107], [42, 76, 107]
[76, 92, 107], [42, 76, 107]
[13, 259, 306], [13, 259, 262]
[13, 259, 306], [13, 222, 259]
[13, 259, 306], [13, 226, 259]
[13, 259, 306], [13, 108, 259]
[13, 259, 306], [13, 104, 259]
[13, 259, 306], [13, 112, 259]
[13, 259, 306], [13, 134, 259]
[13, 259, 306], [13, 18, 259]
[13, 259, 262], [13, 222, 259]
[13, 259, 262], [13, 226, 259]
[13, 259, 262], [13, 108, 259]
[13, 259, 262], [13, 104, 259]
[13, 259, 262], [13, 112, 259]
[13, 259, 262], [13, 134, 259]
[13, 259, 262], [13, 18, 259]
[13, 222, 259], [13, 226, 259]
[13, 222, 259], [13, 108, 259]
[13, 222, 259], [13, 104, 259]
[13, 222, 259], [13, 112, 259]
[13, 222, 259], [13, 134, 259]
[13, 222, 259], [13, 18, 259]
[13, 226, 259], [13, 108, 259]
[13, 226, 259], [13, 104, 259]
[13, 226, 259], [13, 112, 259]
[13, 226, 259], [13, 134, 259]
[13, 226, 259], [13, 18, 259]
[13, 108, 259], [13, 104, 259]
[13, 108, 259], [13, 112, 259]
[13, 108, 259], [13, 134, 259]
[13, 108, 259], [13, 18, 259]
[13, 104, 259], [13, 112, 259]
[13, 104, 259], [13, 134, 259]
[13, 104, 259], [13, 18, 259]
[13, 112, 259], [13, 134, 259]
[13, 112, 259], [13, 18, 259]
[13, 134, 259], [13, 18, 259]
[13, 259, 306], [107, 259, 306]
[87, 135, 286], [87, 247, 286]
[87, 135, 286], [87, 225, 286]
[87, 135, 286], [87, 246, 286]
[87, 135, 286], [87, 232, 286]
[87, 135, 286], [87, 264, 286]
[87, 135, 286], [56, 87, 286]
[87, 135, 286], [55, 87, 286]
[87, 135, 286], [87, 88, 286]
[87, 247, 286], [87, 225, 286]
[87, 247, 286], [87, 246, 286]
[87, 247, 286], [87, 232, 286]
[87, 247, 286], [87, 264, 286]
[87, 247, 286], [56, 87, 286]
[87, 247, 286], [55, 87, 286]
[87, 247, 286], [87, 88, 286]
[87, 225, 286], [87, 246, 286]
[87, 225, 286], [87, 232, 286]
[87, 225, 286], [87, 264, 286]
[87, 225, 286], [56, 87, 286]
[87, 225, 286], [55, 87, 286]
[87, 225, 286], [87, 88, 286]
[87, 246, 286], [87, 232, 286]
[87, 246, 286], [87, 264, 286]
[87, 246, 286], [56, 87, 286]
[87, 246, 286], [55, 87, 286]
[87, 246, 286], [87, 88, 286]
[87, 232, 286], [87, 264, 286]
[87, 232, 286], [56, 87, 286]
[87, 232, 286], [55, 87, 286]
[87, 232, 286], [87, 88, 286]
[87, 264, 286], [56, 87, 286]
[87, 264, 286], [55, 87, 286]
[87, 264, 286], [87, 88, 286]
[56, 87, 286], [55, 87, 286]
[56, 87, 286], [87, 88, 286]
[55, 87, 286], [87, 88, 286]
[87, 135, 286], [135, 225, 286]
[47, 80, 108], [47, 80, 111]
[47, 80, 108], [47, 80, 237]
[47, 80, 108], [47, 72, 80]
[47, 80, 111], [47, 80, 237]
[47, 80, 111], [47, 72, 80]
[47, 80, 237], [47, 72, 80]
[47, 80, 108], [42, 47, 108]
[47, 80, 108], [47, 85, 108]
[47, 80, 108], [4, 47, 108]
[42, 47, 108], [47, 85, 108]
[42, 47, 108], [4, 47, 108]
[47, 85, 108], [4, 47, 108]
[140, 145, 166], [145, 166, 172]
[140, 145, 166], [145, 166, 305]
[140, 145, 166], [145, 166, 276]
[140, 145, 166], [145, 166, 299]
[140, 145, 166], [145, 166, 272]
[140, 145, 166], [9, 145, 166]
[140, 145, 166], [145, 166, 285]
[140, 145, 166], [145, 166, 258]
[140, 145, 166], [145, 166, 290]
[140, 145, 166], [145, 166, 303]
[140, 145, 166], [144, 145, 166]
[140, 145, 166], [145, 147, 166]
[140, 145, 166], [145, 166, 292]
[140, 145, 166], [145, 166, 301]
[140, 145, 166], [145, 166, 202]
[140, 145, 166], [145, 166, 269]
[145, 166, 172], [145, 166, 305]
[145, 166, 172], [145, 166, 276]
[145, 166, 172], [145, 166, 299]
[145, 166, 172], [145, 166, 272]
[145, 166, 172], [9, 145, 166]
[145, 166, 172], [145, 166, 285]
[145, 166, 172], [145, 166, 258]
[145, 166, 172], [145, 166, 290]
[145, 166, 172], [145, 166, 303]
[145, 166, 172], [144, 145, 166]
[145, 166, 172], [145, 147, 166]
[145, 166, 172], [145, 166, 292]
[145, 166, 172], [145, 166, 301]
[145, 166, 172], [145, 166, 202]
[145, 166, 172], [145, 166, 269]
[145, 166, 305], [145, 166, 276]
[145, 166, 305], [145, 166, 299]
[145, 166, 305], [145, 166, 272]
[145, 166, 305], [9, 145, 166]
[145, 166, 305], [145, 166, 285]
[145, 166, 305], [145, 166, 258]
[145, 166, 305], [145, 166, 290]
[145, 166, 305], [145, 166, 303]
[145, 166, 305], [144, 145, 166]
[145, 166, 305], [145, 147, 166]
[145, 166, 305], [145, 166, 292]
[145, 166, 305], [145, 166, 301]
[145, 166, 305], [145, 166, 202]
[145, 166, 305], [145, 166, 269]
[145, 166, 276], [145, 166, 299]
[145, 166, 276], [145, 166, 272]
[145, 166, 276], [9, 145, 166]
[145, 166, 276], [145, 166, 285]
[145, 166, 276], [145, 166, 258]
[145, 166, 276], [145, 166, 290]
[145, 166, 276], [145, 166, 303]
[145, 166, 276], [144, 145, 166]
[145, 166, 276], [145, 147, 166]
[145, 166, 276], [145, 166, 292]
[145, 166, 276], [145, 166, 301]
[145, 166, 276], [145, 166, 202]
[145, 166, 276], [145, 166, 269]
[145, 166, 299], [145, 166, 272]
[145, 166, 299], [9, 145, 166]
[145, 166, 299], [145, 166, 285]
[145, 166, 299], [145, 166, 258]
[145, 166, 299], [145, 166, 290]
[145, 166, 299], [145, 166, 303]
[145, 166, 299], [144, 145, 166]
[145, 166, 299], [145, 147, 166]
[145, 166, 299], [145, 166, 292]
[145, 166, 299], [145, 166, 301]
[145, 166, 299], [145, 166, 202]
[145, 166, 299], [145, 166, 269]
[145, 166, 272], [9, 145, 166]
[145, 166, 272], [145, 166, 285]
[145, 166, 272], [145, 166, 258]
[145, 166, 272], [145, 166, 290]
[145, 166, 272], [145, 166, 303]
[145, 166, 272], [144, 145, 166]
[145, 166, 272], [145, 147, 166]
[145, 166, 272], [145, 166, 292]
[145, 166, 272], [145, 166, 301]
[145, 166, 272], [145, 166, 202]
[145, 166, 272], [145, 166, 269]
[9, 145, 166], [145, 166, 285]
[9, 145, 166], [145, 166, 258]
[9, 145, 166], [145, 166, 290]
[9, 145, 166], [145, 166, 303]
[9, 145, 166], [144, 145, 166]
[9, 145, 166], [145, 147, 166]
[9, 145, 166], [145, 166, 292]
[9, 145, 166], [145, 166, 301]
[9, 145, 166], [145, 166, 202]
[9, 145, 166], [145, 166, 269]
[145, 166, 285], [145, 166, 258]
[145, 166, 285], [145, 166, 290]
[145, 166, 285], [145, 166, 303]
[145, 166, 285], [144, 145, 166]
[145, 166, 285], [145, 147, 166]
[145, 166, 285], [145, 166, 292]
[145, 166, 285], [145, 166, 301]
[145, 166, 285], [145, 166, 202]
[145, 166, 285], [145, 166, 269]
[145, 166, 258], [145, 166, 290]
[145, 166, 258], [145, 166, 303]
[145, 166, 258], [144, 145, 166]
[145, 166, 258], [145, 147, 166]
[145, 166, 258], [145, 166, 292]
[145, 166, 258], [145, 166, 301]
[145, 166, 258], [145, 166, 202]
[145, 166, 258], [145, 166, 269]
[145, 166, 290], [145, 166, 303]
[145, 166, 290], [144, 145, 166]
[145, 166, 290], [145, 147, 166]
[145, 166, 290], [145, 166, 292]
[145, 166, 290], [145, 166, 301]
[145, 166, 290], [145, 166, 202]
[145, 166, 290], [145, 166, 269]
[145, 166, 303], [144, 145, 166]
[145, 166, 303], [145, 147, 166]
[145, 166, 303], [145, 166, 292]
[145, 166, 303], [145, 166, 301]
[145, 166, 303], [145, 166, 202]
[145, 166, 303], [145, 166, 269]
[144, 145, 166], [145, 147, 166]
[144, 145, 166], [145, 166, 292]
[144, 145, 166], [145, 166, 301]
[144, 145, 166], [145, 166, 202]
[144, 145, 166], [145, 166, 269]
[145, 147, 166], [145, 166, 292]
[145, 147, 166], [145, 166, 301]
[145, 147, 166], [145, 166, 202]
[145, 147, 166], [145, 166, 269]
[145, 166, 292], [145, 166, 301]
[145, 166, 292], [145, 166, 202]
[145, 166, 292], [145, 166, 269]
[145, 166, 301], [145, 166, 202]
[145, 166, 301], [145, 166, 269]
[145, 166, 202], [145, 166, 269]
[58, 127, 206], [58, 77, 127]
[58, 127, 206], [58, 127, 163]
[58, 127, 206], [58, 127, 302]
[58, 127, 206], [57, 58, 127]
[58, 77, 127], [58, 127, 163]
[58, 77, 127], [58, 127, 302]
[58, 77, 127], [57, 58, 127]
[58, 127, 163], [58, 127, 302]
[58, 127, 163], [57, 58, 127]
[58, 127, 302], [57, 58, 127]
[58, 127, 206], [58, 206, 209]
[58, 127, 206], [58, 206, 302]
[58, 206, 209], [58, 206, 302]
[58, 127, 206], [127, 206, 302]
[1, 2, 171], [1, 2, 131]
[1, 2, 171], [1, 2, 22]
[1, 2, 171], [1, 2, 321]
[1, 2, 171], [1, 2, 279]
[1, 2, 171], [1, 2, 271]
[1, 2, 131], [1, 2, 22]
[1, 2, 131], [1, 2, 321]
[1, 2, 131], [1, 2, 279]
[1, 2, 131], [1, 2, 271]
[1, 2, 22], [1, 2, 321]
[1, 2, 22], [1, 2, 279]
[1, 2, 22], [1, 2, 271]
[1, 2, 321], [1, 2, 279]
[1, 2, 321], [1, 2, 271]
[1, 2, 279], [1, 2, 271]
[1, 2, 171], [1, 22, 171]
[8, 47, 97], [4, 8, 47]
[8, 47, 97], [8, 42, 47]
[8, 47, 97], [8, 47, 48]
[4, 8, 47], [8, 42, 47]
[4, 8, 47], [8, 47, 48]
[8, 42, 47], [8, 47, 48]
[8, 47, 97], [8, 92, 97]
[8, 47, 97], [8, 48, 97]
[8, 47, 97], [8, 42, 97]
[8, 92, 97], [8, 48, 97]
[8, 92, 97], [8, 42, 97]
[8, 48, 97], [8, 42, 97]
[8, 47, 97], [47, 92, 97]
[8, 47, 97], [41, 47, 97]
[8, 47, 97], [47, 48, 97]
[47, 92, 97], [41, 47, 97]
[47, 92, 97], [47, 48, 97]
[41, 47, 97], [47, 48, 97]
[141, 172, 202], [141, 172, 299]
[141, 172, 202], [141, 172, 265]
[141, 172, 202], [141, 172, 205]
[141, 172, 202], [141, 172, 305]
[141, 172, 202], [141, 172, 293]
[141, 172, 202], [141, 172, 287]
[141, 172, 202], [141, 142, 172]
[141, 172, 299], [141, 172, 265]
[141, 172, 299], [141, 172, 205]
[141, 172, 299], [141, 172, 305]
[141, 172, 299], [141, 172, 293]
[141, 172, 299], [141, 172, 287]
[141, 172, 299], [141, 142, 172]
[141, 172, 265], [141, 172, 205]
[141, 172, 265], [141, 172, 305]
[141, 172, 265], [141, 172, 293]
[141, 172, 265], [141, 172, 287]
[141, 172, 265], [141, 142, 172]
[141, 172, 205], [141, 172, 305]
[141, 172, 205], [141, 172, 293]
[141, 172, 205], [141, 172, 287]
[141, 172, 205], [141, 142, 172]
[141, 172, 305], [141, 172, 293]
[141, 172, 305], [141, 172, 287]
[141, 172, 305], [141, 142, 172]
[141, 172, 293], [141, 172, 287]
[141, 172, 293], [141, 142, 172]
[141, 172, 287], [141, 142, 172]
[141, 172, 202], [141, 202, 258]
[141, 172, 202], [141, 202, 205]
[141, 172, 202], [141, 202, 265]
[141, 202, 258], [141, 202, 205]
[141, 202, 258], [141, 202, 265]
[141, 202, 205], [141, 202, 265]
[141, 172, 202], [172, 202, 281]
[141, 172, 202], [172, 202, 265]
[141, 172, 202], [172, 202, 205]
[172, 202, 281], [172, 202, 265]
[172, 202, 281], [172, 202, 205]
[172, 202, 265], [172, 202, 205]
[6, 226, 298], [6, 226, 262]
[6, 226, 298], [6, 112, 226]
[6, 226, 262], [6, 112, 226]
[6, 226, 298], [6, 216, 298]
[6, 226, 298], [6, 112, 298]
[6, 216, 298], [6, 112, 298]
[6, 226, 298], [13, 226, 298]
[144, 269, 299], [144, 145, 269]
[144, 269, 299], [144, 269, 285]
[144, 269, 299], [144, 166, 269]
[144, 145, 269], [144, 269, 285]
[144, 145, 269], [144, 166, 269]
[144, 269, 285], [144, 166, 269]
[144, 269, 299], [144, 258, 299]
[144, 269, 299], [144, 145, 299]
[144, 269, 299], [144, 166, 299]
[144, 258, 299], [144, 145, 299]
[144, 258, 299], [144, 166, 299]
[144, 145, 299], [144, 166, 299]
[144, 269, 299], [269, 288, 299]
[144, 269, 299], [166, 269, 299]
[144, 269, 299], [145, 269, 299]
[269, 288, 299], [166, 269, 299]
[269, 288, 299], [145, 269, 299]
[166, 269, 299], [145, 269, 299]
[32, 114, 115], [32, 61, 114]
[32, 114, 115], [32, 107, 114]
[32, 114, 115], [32, 33, 114]
[32, 61, 114], [32, 107, 114]
[32, 61, 114], [32, 33, 114]
[32, 107, 114], [32, 33, 114]
[32, 114, 115], [4, 32, 115]
[32, 114, 115], [32, 61, 115]
[32, 114, 115], [28, 32, 115]
[32, 114, 115], [29, 32, 115]
[32, 114, 115], [32, 107, 115]
[32, 114, 115], [32, 64, 115]
[32, 114, 115], [32, 115, 130]
[32, 114, 115], [32, 115, 117]
[32, 114, 115], [32, 33, 115]
[32, 114, 115], [32, 115, 116]
[32, 114, 115], [32, 85, 115]
[4, 32, 115], [32, 61, 115]
[4, 32, 115], [28, 32, 115]
[4, 32, 115], [29, 32, 115]
[4, 32, 115], [32, 107, 115]
[4, 32, 115], [32, 64, 115]
[4, 32, 115], [32, 115, 130]
[4, 32, 115], [32, 115, 117]
[4, 32, 115], [32, 33, 115]
[4, 32, 115], [32, 115, 116]
[4, 32, 115], [32, 85, 115]
[32, 61, 115], [28, 32, 115]
[32, 61, 115], [29, 32, 115]
[32, 61, 115], [32, 107, 115]
[32, 61, 115], [32, 64, 115]
[32, 61, 115], [32, 115, 130]
[32, 61, 115], [32, 115, 117]
[32, 61, 115], [32, 33, 115]
[32, 61, 115], [32, 115, 116]
[32, 61, 115], [32, 85, 115]
[28, 32, 115], [29, 32, 115]
[28, 32, 115], [32, 107, 115]
[28, 32, 115], [32, 64, 115]
[28, 32, 115], [32, 115, 130]
[28, 32, 115], [32, 115, 117]
[28, 32, 115], [32, 33, 115]
[28, 32, 115], [32, 115, 116]
[28, 32, 115], [32, 85, 115]
[29, 32, 115], [32, 107, 115]
[29, 32, 115], [32, 64, 115]
[29, 32, 115], [32, 115, 130]
[29, 32, 115], [32, 115, 117]
[29, 32, 115], [32, 33, 115]
[29, 32, 115], [32, 115, 116]
[29, 32, 115], [32, 85, 115]
[32, 107, 115], [32, 64, 115]
[32, 107, 115], [32, 115, 130]
[32, 107, 115], [32, 115, 117]
[32, 107, 115], [32, 33, 115]
[32, 107, 115], [32, 115, 116]
[32, 107, 115], [32, 85, 115]
[32, 64, 115], [32, 115, 130]
[32, 64, 115], [32, 115, 117]
[32, 64, 115], [32, 33, 115]
[32, 64, 115], [32, 115, 116]
[32, 64, 115], [32, 85, 115]
[32, 115, 130], [32, 115, 117]
[32, 115, 130], [32, 33, 115]
[32, 115, 130], [32, 115, 116]
[32, 115, 130], [32, 85, 115]
[32, 115, 117], [32, 33, 115]
[32, 115, 117], [32, 115, 116]
[32, 115, 117], [32, 85, 115]
[32, 33, 115], [32, 115, 116]
[32, 33, 115], [32, 85, 115]
[32, 115, 116], [32, 85, 115]
[32, 114, 115], [64, 114, 115]
[32, 114, 115], [61, 114, 115]
[64, 114, 115], [61, 114, 115]
[203, 207, 215], [203, 207, 208]
[203, 207, 215], [203, 207, 326]
[203, 207, 215], [203, 207, 254]
[203, 207, 215], [35, 203, 207]
[203, 207, 208], [203, 207, 326]
[203, 207, 208], [203, 207, 254]
[203, 207, 208], [35, 203, 207]
[203, 207, 326], [203, 207, 254]
[203, 207, 326], [35, 203, 207]
[203, 207, 254], [35, 203, 207]
[203, 207, 215], [203, 215, 227]
[203, 207, 215], [199, 203, 215]
[203, 207, 215], [203, 213, 215]
[203, 207, 215], [203, 215, 234]
[203, 207, 215], [203, 215, 256]
[203, 207, 215], [203, 215, 326]
[203, 207, 215], [148, 203, 215]
[203, 207, 215], [203, 215, 254]
[203, 215, 227], [199, 203, 215]
[203, 215, 227], [203, 213, 215]
[203, 215, 227], [203, 215, 234]
[203, 215, 227], [203, 215, 256]
[203, 215, 227], [203, 215, 326]
[203, 215, 227], [148, 203, 215]
[203, 215, 227], [203, 215, 254]
[199, 203, 215], [203, 213, 215]
[199, 203, 215], [203, 215, 234]
[199, 203, 215], [203, 215, 256]
[199, 203, 215], [203, 215, 326]
[199, 203, 215], [148, 203, 215]
[199, 203, 215], [203, 215, 254]
[203, 213, 215], [203, 215, 234]
[203, 213, 215], [203, 215, 256]
[203, 213, 215], [203, 215, 326]
[203, 213, 215], [148, 203, 215]
[203, 213, 215], [203, 215, 254]
[203, 215, 234], [203, 215, 256]
[203, 215, 234], [203, 215, 326]
[203, 215, 234], [148, 203, 215]
[203, 215, 234], [203, 215, 254]
[203, 215, 256], [203, 215, 326]
[203, 215, 256], [148, 203, 215]
[203, 215, 256], [203, 215, 254]
[203, 215, 326], [148, 203, 215]
[203, 215, 326], [203, 215, 254]
[148, 203, 215], [203, 215, 254]
[203, 207, 215], [207, 215, 227]
[203, 207, 215], [207, 215, 326]
[203, 207, 215], [207, 215, 254]
[207, 215, 227], [207, 215, 326]
[207, 215, 227], [207, 215, 254]
[207, 215, 326], [207, 215, 254]
[7, 8, 76], [7, 8, 107]
[7, 8, 76], [7, 8, 37]
[7, 8, 107], [7, 8, 37]
[7, 8, 76], [7, 76, 94]
[7, 8, 76], [7, 76, 107]
[7, 8, 76], [7, 37, 76]
[7, 8, 76], [7, 76, 92]
[7, 8, 76], [7, 28, 76]
[7, 8, 76], [7, 76, 97]
[7, 8, 76], [7, 76, 108]
[7, 8, 76], [7, 66, 76]
[7, 8, 76], [7, 76, 85]
[7, 76, 94], [7, 76, 107]
[7, 76, 94], [7, 37, 76]
[7, 76, 94], [7, 76, 92]
[7, 76, 94], [7, 28, 76]
[7, 76, 94], [7, 76, 97]
[7, 76, 94], [7, 76, 108]
[7, 76, 94], [7, 66, 76]
[7, 76, 94], [7, 76, 85]
[7, 76, 107], [7, 37, 76]
[7, 76, 107], [7, 76, 92]
[7, 76, 107], [7, 28, 76]
[7, 76, 107], [7, 76, 97]
[7, 76, 107], [7, 76, 108]
[7, 76, 107], [7, 66, 76]
[7, 76, 107], [7, 76, 85]
[7, 37, 76], [7, 76, 92]
[7, 37, 76], [7, 28, 76]
[7, 37, 76], [7, 76, 97]
[7, 37, 76], [7, 76, 108]
[7, 37, 76], [7, 66, 76]
[7, 37, 76], [7, 76, 85]
[7, 76, 92], [7, 28, 76]
[7, 76, 92], [7, 76, 97]
[7, 76, 92], [7, 76, 108]
[7, 76, 92], [7, 66, 76]
[7, 76, 92], [7, 76, 85]
[7, 28, 76], [7, 76, 97]
[7, 28, 76], [7, 76, 108]
[7, 28, 76], [7, 66, 76]
[7, 28, 76], [7, 76, 85]
[7, 76, 97], [7, 76, 108]
[7, 76, 97], [7, 66, 76]
[7, 76, 97], [7, 76, 85]
[7, 76, 108], [7, 66, 76]
[7, 76, 108], [7, 76, 85]
[7, 66, 76], [7, 76, 85]
[7, 8, 76], [8, 76, 101]
[7, 8, 76], [8, 76, 94]
[8, 76, 101], [8, 76, 94]
[107, 108, 247], [13, 107, 108]
[107, 108, 247], [107, 108, 130]
[107, 108, 247], [92, 107, 108]
[107, 108, 247], [94, 107, 108]
[107, 108, 247], [85, 107, 108]
[107, 108, 247], [107, 108, 206]
[107, 108, 247], [107, 108, 302]
[107, 108, 247], [107, 108, 121]
[107, 108, 247], [107, 108, 286]
[107, 108, 247], [107, 108, 178]
[107, 108, 247], [78, 107, 108]
[107, 108, 247], [107, 108, 191]
[107, 108, 247], [107, 108, 177]
[107, 108, 247], [107, 108, 176]
[13, 107, 108], [107, 108, 130]
[13, 107, 108], [92, 107, 108]
[13, 107, 108], [94, 107, 108]
[13, 107, 108], [85, 107, 108]
[13, 107, 108], [107, 108, 206]
[13, 107, 108], [107, 108, 302]
[13, 107, 108], [107, 108, 121]
[13, 107, 108], [107, 108, 286]
[13, 107, 108], [107, 108, 178]
[13, 107, 108], [78, 107, 108]
[13, 107, 108], [107, 108, 191]
[13, 107, 108], [107, 108, 177]
[13, 107, 108], [107, 108, 176]
[107, 108, 130], [92, 107, 108]
[107, 108, 130], [94, 107, 108]
[107, 108, 130], [85, 107, 108]
[107, 108, 130], [107, 108, 206]
[107, 108, 130], [107, 108, 302]
[107, 108, 130], [107, 108, 121]
[107, 108, 130], [107, 108, 286]
[107, 108, 130], [107, 108, 178]
[107, 108, 130], [78, 107, 108]
[107, 108, 130], [107, 108, 191]
[107, 108, 130], [107, 108, 177]
[107, 108, 130], [107, 108, 176]
[92, 107, 108], [94, 107, 108]
[92, 107, 108], [85, 107, 108]
[92, 107, 108], [107, 108, 206]
[92, 107, 108], [107, 108, 302]
[92, 107, 108], [107, 108, 121]
[92, 107, 108], [107, 108, 286]
[92, 107, 108], [107, 108, 178]
[92, 107, 108], [78, 107, 108]
[92, 107, 108], [107, 108, 191]
[92, 107, 108], [107, 108, 177]
[92, 107, 108], [107, 108, 176]
[94, 107, 108], [85, 107, 108]
[94, 107, 108], [107, 108, 206]
[94, 107, 108], [107, 108, 302]
[94, 107, 108], [107, 108, 121]
[94, 107, 108], [107, 108, 286]
[94, 107, 108], [107, 108, 178]
[94, 107, 108], [78, 107, 108]
[94, 107, 108], [107, 108, 191]
[94, 107, 108], [107, 108, 177]
[94, 107, 108], [107, 108, 176]
[85, 107, 108], [107, 108, 206]
[85, 107, 108], [107, 108, 302]
[85, 107, 108], [107, 108, 121]
[85, 107, 108], [107, 108, 286]
[85, 107, 108], [107, 108, 178]
[85, 107, 108], [78, 107, 108]
[85, 107, 108], [107, 108, 191]
[85, 107, 108], [107, 108, 177]
[85, 107, 108], [107, 108, 176]
[107, 108, 206], [107, 108, 302]
[107, 108, 206], [107, 108, 121]
[107, 108, 206], [107, 108, 286]
[107, 108, 206], [107, 108, 178]
[107, 108, 206], [78, 107, 108]
[107, 108, 206], [107, 108, 191]
[107, 108, 206], [107, 108, 177]
[107, 108, 206], [107, 108, 176]
[107, 108, 302], [107, 108, 121]
[107, 108, 302], [107, 108, 286]
[107, 108, 302], [107, 108, 178]
[107, 108, 302], [78, 107, 108]
[107, 108, 302], [107, 108, 191]
[107, 108, 302], [107, 108, 177]
[107, 108, 302], [107, 108, 176]
[107, 108, 121], [107, 108, 286]
[107, 108, 121], [107, 108, 178]
[107, 108, 121], [78, 107, 108]
[107, 108, 121], [107, 108, 191]
[107, 108, 121], [107, 108, 177]
[107, 108, 121], [107, 108, 176]
[107, 108, 286], [107, 108, 178]
[107, 108, 286], [78, 107, 108]
[107, 108, 286], [107, 108, 191]
[107, 108, 286], [107, 108, 177]
[107, 108, 286], [107, 108, 176]
[107, 108, 178], [78, 107, 108]
[107, 108, 178], [107, 108, 191]
[107, 108, 178], [107, 108, 177]
[107, 108, 178], [107, 108, 176]
[78, 107, 108], [107, 108, 191]
[78, 107, 108], [107, 108, 177]
[78, 107, 108], [107, 108, 176]
[107, 108, 191], [107, 108, 177]
[107, 108, 191], [107, 108, 176]
[107, 108, 177], [107, 108, 176]
[144, 145, 269], [144, 145, 285]
[144, 145, 269], [144, 145, 299]
[144, 145, 269], [144, 145, 166]
[144, 145, 285], [144, 145, 299]
[144, 145, 285], [144, 145, 166]
[144, 145, 299], [144, 145, 166]
[144, 145, 269], [145, 269, 299]
[144, 145, 269], [145, 269, 305]
[144, 145, 269], [145, 268, 269]
[144, 145, 269], [145, 269, 272]
[144, 145, 269], [145, 269, 285]
[144, 145, 269], [145, 166, 269]
[145, 269, 299], [145, 269, 305]
[145, 269, 299], [145, 268, 269]
[145, 269, 299], [145, 269, 272]
[145, 269, 299], [145, 269, 285]
[145, 269, 299], [145, 166, 269]
[145, 269, 305], [145, 268, 269]
[145, 269, 305], [145, 269, 272]
[145, 269, 305], [145, 269, 285]
[145, 269, 305], [145, 166, 269]
[145, 268, 269], [145, 269, 272]
[145, 268, 269], [145, 269, 285]
[145, 268, 269], [145, 166, 269]
[145, 269, 272], [145, 269, 285]
[145, 269, 272], [145, 166, 269]
[145, 269, 285], [145, 166, 269]
[206, 209, 302], [58, 206, 209]
[206, 209, 302], [31, 206, 209]
[206, 209, 302], [178, 206, 209]
[206, 209, 302], [176, 206, 209]
[58, 206, 209], [31, 206, 209]
[58, 206, 209], [178, 206, 209]
[58, 206, 209], [176, 206, 209]
[31, 206, 209], [178, 206, 209]
[31, 206, 209], [176, 206, 209]
[178, 206, 209], [176, 206, 209]
[206, 209, 302], [178, 206, 302]
[206, 209, 302], [176, 206, 302]
[206, 209, 302], [31, 206, 302]
[206, 209, 302], [58, 206, 302]
[206, 209, 302], [127, 206, 302]
[178, 206, 302], [176, 206, 302]
[178, 206, 302], [31, 206, 302]
[178, 206, 302], [58, 206, 302]
[178, 206, 302], [127, 206, 302]
[176, 206, 302], [31, 206, 302]
[176, 206, 302], [58, 206, 302]
[176, 206, 302], [127, 206, 302]
[31, 206, 302], [58, 206, 302]
[31, 206, 302], [127, 206, 302]
[58, 206, 302], [127, 206, 302]
[206, 209, 302], [58, 209, 302]
[206, 209, 302], [178, 209, 302]
[206, 209, 302], [176, 209, 302]
[206, 209, 302], [132, 209, 302]
[58, 209, 302], [178, 209, 302]
[58, 209, 302], [176, 209, 302]
[58, 209, 302], [132, 209, 302]
[178, 209, 302], [176, 209, 302]
[178, 209, 302], [132, 209, 302]
[176, 209, 302], [132, 209, 302]
[124, 127, 135], [124, 127, 175]
[124, 127, 135], [14, 124, 127]
[124, 127, 175], [14, 124, 127]
[124, 127, 135], [14, 124, 135]
[124, 127, 135], [124, 135, 277]
[124, 127, 135], [56, 124, 135]
[124, 127, 135], [124, 135, 186]
[14, 124, 135], [124, 135, 277]
[14, 124, 135], [56, 124, 135]
[14, 124, 135], [124, 135, 186]
[124, 135, 277], [56, 124, 135]
[124, 135, 277], [124, 135, 186]
[56, 124, 135], [124, 135, 186]
[124, 127, 135], [77, 127, 135]
[100, 174, 184], [60, 100, 174]
[100, 174, 184], [98, 100, 174]
[100, 174, 184], [100, 170, 174]
[100, 174, 184], [100, 174, 183]
[100, 174, 184], [100, 174, 177]
[100, 174, 184], [100, 107, 174]
[100, 174, 184], [100, 126, 174]
[100, 174, 184], [100, 174, 187]
[100, 174, 184], [49, 100, 174]
[100, 174, 184], [100, 174, 274]
[60, 100, 174], [98, 100, 174]
[60, 100, 174], [100, 170, 174]
[60, 100, 174], [100, 174, 183]
[60, 100, 174], [100, 174, 177]
[60, 100, 174], [100, 107, 174]
[60, 100, 174], [100, 126, 174]
[60, 100, 174], [100, 174, 187]
[60, 100, 174], [49, 100, 174]
[60, 100, 174], [100, 174, 274]
[98, 100, 174], [100, 170, 174]
[98, 100, 174], [100, 174, 183]
[98, 100, 174], [100, 174, 177]
[98, 100, 174], [100, 107, 174]
[98, 100, 174], [100, 126, 174]
[98, 100, 174], [100, 174, 187]
[98, 100, 174], [49, 100, 174]
[98, 100, 174], [100, 174, 274]
[100, 170, 174], [100, 174, 183]
[100, 170, 174], [100, 174, 177]
[100, 170, 174], [100, 107, 174]
[100, 170, 174], [100, 126, 174]
[100, 170, 174], [100, 174, 187]
[100, 170, 174], [49, 100, 174]
[100, 170, 174], [100, 174, 274]
[100, 174, 183], [100, 174, 177]
[100, 174, 183], [100, 107, 174]
[100, 174, 183], [100, 126, 174]
[100, 174, 183], [100, 174, 187]
[100, 174, 183], [49, 100, 174]
[100, 174, 183], [100, 174, 274]
[100, 174, 177], [100, 107, 174]
[100, 174, 177], [100, 126, 174]
[100, 174, 177], [100, 174, 187]
[100, 174, 177], [49, 100, 174]
[100, 174, 177], [100, 174, 274]
[100, 107, 174], [100, 126, 174]
[100, 107, 174], [100, 174, 187]
[100, 107, 174], [49, 100, 174]
[100, 107, 174], [100, 174, 274]
[100, 126, 174], [100, 174, 187]
[100, 126, 174], [49, 100, 174]
[100, 126, 174], [100, 174, 274]
[100, 174, 187], [49, 100, 174]
[100, 174, 187], [100, 174, 274]
[49, 100, 174], [100, 174, 274]
[100, 174, 184], [60, 174, 184]
[100, 174, 184], [174, 184, 188]
[60, 174, 184], [174, 184, 188]
[205, 303, 305], [205, 299, 303]
[205, 303, 305], [133, 205, 303]
[205, 303, 305], [141, 205, 303]
[205, 303, 305], [205, 258, 303]
[205, 303, 305], [205, 276, 303]
[205, 303, 305], [205, 265, 303]
[205, 299, 303], [133, 205, 303]
[205, 299, 303], [141, 205, 303]
[205, 299, 303], [205, 258, 303]
[205, 299, 303], [205, 276, 303]
[205, 299, 303], [205, 265, 303]
[133, 205, 303], [141, 205, 303]
[133, 205, 303], [205, 258, 303]
[133, 205, 303], [205, 276, 303]
[133, 205, 303], [205, 265, 303]
[141, 205, 303], [205, 258, 303]
[141, 205, 303], [205, 276, 303]
[141, 205, 303], [205, 265, 303]
[205, 258, 303], [205, 276, 303]
[205, 258, 303], [205, 265, 303]
[205, 276, 303], [205, 265, 303]
[205, 303, 305], [205, 301, 305]
[205, 303, 305], [301, 303, 305]
[205, 303, 305], [293, 303, 305]
[301, 303, 305], [293, 303, 305]
[77, 127, 163], [58, 77, 127]
[77, 127, 163], [77, 127, 175]
[77, 127, 163], [77, 107, 127]
[77, 127, 163], [77, 127, 135]
[77, 127, 163], [70, 77, 127]
[58, 77, 127], [77, 127, 175]
[58, 77, 127], [77, 107, 127]
[58, 77, 127], [77, 127, 135]
[58, 77, 127], [70, 77, 127]
[77, 127, 175], [77, 107, 127]
[77, 127, 175], [77, 127, 135]
[77, 127, 175], [70, 77, 127]
[77, 107, 127], [77, 127, 135]
[77, 107, 127], [70, 77, 127]
[77, 127, 135], [70, 77, 127]
[77, 127, 163], [77, 163, 277]
[77, 127, 163], [77, 84, 163]
[77, 127, 163], [77, 163, 175]
[77, 127, 163], [77, 161, 163]
[77, 127, 163], [57, 77, 163]
[77, 127, 163], [77, 163, 179]
[77, 127, 163], [77, 163, 245]
[77, 127, 163], [77, 163, 181]
[77, 127, 163], [77, 163, 186]
[77, 127, 163], [58, 77, 163]
[77, 127, 163], [77, 78, 163]
[77, 127, 163], [30, 77, 163]
[77, 127, 163], [31, 77, 163]
[77, 127, 163], [77, 163, 192]
[77, 127, 163], [77, 107, 163]
[77, 127, 163], [77, 134, 163]
[77, 163, 277], [77, 84, 163]
[77, 163, 277], [77, 163, 175]
[77, 163, 277], [77, 161, 163]
[77, 163, 277], [57, 77, 163]
[77, 163, 277], [77, 163, 179]
[77, 163, 277], [77, 163, 245]
[77, 163, 277], [77, 163, 181]
[77, 163, 277], [77, 163, 186]
[77, 163, 277], [58, 77, 163]
[77, 163, 277], [77, 78, 163]
[77, 163, 277], [30, 77, 163]
[77, 163, 277], [31, 77, 163]
[77, 163, 277], [77, 163, 192]
[77, 163, 277], [77, 107, 163]
[77, 163, 277], [77, 134, 163]
[77, 84, 163], [77, 163, 175]
[77, 84, 163], [77, 161, 163]
[77, 84, 163], [57, 77, 163]
[77, 84, 163], [77, 163, 179]
[77, 84, 163], [77, 163, 245]
[77, 84, 163], [77, 163, 181]
[77, 84, 163], [77, 163, 186]
[77, 84, 163], [58, 77, 163]
[77, 84, 163], [77, 78, 163]
[77, 84, 163], [30, 77, 163]
[77, 84, 163], [31, 77, 163]
[77, 84, 163], [77, 163, 192]
[77, 84, 163], [77, 107, 163]
[77, 84, 163], [77, 134, 163]
[77, 163, 175], [77, 161, 163]
[77, 163, 175], [57, 77, 163]
[77, 163, 175], [77, 163, 179]
[77, 163, 175], [77, 163, 245]
[77, 163, 175], [77, 163, 181]
[77, 163, 175], [77, 163, 186]
[77, 163, 175], [58, 77, 163]
[77, 163, 175], [77, 78, 163]
[77, 163, 175], [30, 77, 163]
[77, 163, 175], [31, 77, 163]
[77, 163, 175], [77, 163, 192]
[77, 163, 175], [77, 107, 163]
[77, 163, 175], [77, 134, 163]
[77, 161, 163], [57, 77, 163]
[77, 161, 163], [77, 163, 179]
[77, 161, 163], [77, 163, 245]
[77, 161, 163], [77, 163, 181]
[77, 161, 163], [77, 163, 186]
[77, 161, 163], [58, 77, 163]
[77, 161, 163], [77, 78, 163]
[77, 161, 163], [30, 77, 163]
[77, 161, 163], [31, 77, 163]
[77, 161, 163], [77, 163, 192]
[77, 161, 163], [77, 107, 163]
[77, 161, 163], [77, 134, 163]
[57, 77, 163], [77, 163, 179]
[57, 77, 163], [77, 163, 245]
[57, 77, 163], [77, 163, 181]
[57, 77, 163], [77, 163, 186]
[57, 77, 163], [58, 77, 163]
[57, 77, 163], [77, 78, 163]
[57, 77, 163], [30, 77, 163]
[57, 77, 163], [31, 77, 163]
[57, 77, 163], [77, 163, 192]
[57, 77, 163], [77, 107, 163]
[57, 77, 163], [77, 134, 163]
[77, 163, 179], [77, 163, 245]
[77, 163, 179], [77, 163, 181]
[77, 163, 179], [77, 163, 186]
[77, 163, 179], [58, 77, 163]
[77, 163, 179], [77, 78, 163]
[77, 163, 179], [30, 77, 163]
[77, 163, 179], [31, 77, 163]
[77, 163, 179], [77, 163, 192]
[77, 163, 179], [77, 107, 163]
[77, 163, 179], [77, 134, 163]
[77, 163, 245], [77, 163, 181]
[77, 163, 245], [77, 163, 186]
[77, 163, 245], [58, 77, 163]
[77, 163, 245], [77, 78, 163]
[77, 163, 245], [30, 77, 163]
[77, 163, 245], [31, 77, 163]
[77, 163, 245], [77, 163, 192]
[77, 163, 245], [77, 107, 163]
[77, 163, 245], [77, 134, 163]
[77, 163, 181], [77, 163, 186]
[77, 163, 181], [58, 77, 163]
[77, 163, 181], [77, 78, 163]
[77, 163, 181], [30, 77, 163]
[77, 163, 181], [31, 77, 163]
[77, 163, 181], [77, 163, 192]
[77, 163, 181], [77, 107, 163]
[77, 163, 181], [77, 134, 163]
[77, 163, 186], [58, 77, 163]
[77, 163, 186], [77, 78, 163]
[77, 163, 186], [30, 77, 163]
[77, 163, 186], [31, 77, 163]
[77, 163, 186], [77, 163, 192]
[77, 163, 186], [77, 107, 163]
[77, 163, 186], [77, 134, 163]
[58, 77, 163], [77, 78, 163]
[58, 77, 163], [30, 77, 163]
[58, 77, 163], [31, 77, 163]
[58, 77, 163], [77, 163, 192]
[58, 77, 163], [77, 107, 163]
[58, 77, 163], [77, 134, 163]
[77, 78, 163], [30, 77, 163]
[77, 78, 163], [31, 77, 163]
[77, 78, 163], [77, 163, 192]
[77, 78, 163], [77, 107, 163]
[77, 78, 163], [77, 134, 163]
[30, 77, 163], [31, 77, 163]
[30, 77, 163], [77, 163, 192]
[30, 77, 163], [77, 107, 163]
[30, 77, 163], [77, 134, 163]
[31, 77, 163], [77, 163, 192]
[31, 77, 163], [77, 107, 163]
[31, 77, 163], [77, 134, 163]
[77, 163, 192], [77, 107, 163]
[77, 163, 192], [77, 134, 163]
[77, 107, 163], [77, 134, 163]
[77, 127, 163], [58, 127, 163]
[77, 127, 163], [122, 127, 163]
[77, 127, 163], [127, 163, 186]
[77, 127, 163], [127, 163, 302]
[77, 127, 163], [127, 163, 175]
[58, 127, 163], [122, 127, 163]
[58, 127, 163], [127, 163, 186]
[58, 127, 163], [127, 163, 302]
[58, 127, 163], [127, 163, 175]
[122, 127, 163], [127, 163, 186]
[122, 127, 163], [127, 163, 302]
[122, 127, 163], [127, 163, 175]
[127, 163, 186], [127, 163, 302]
[127, 163, 186], [127, 163, 175]
[127, 163, 302], [127, 163, 175]
[23, 126, 177], [23, 107, 126]
[23, 126, 177], [23, 177, 188]
[23, 126, 177], [126, 177, 317]
[23, 126, 177], [100, 126, 177]
[23, 126, 177], [99, 126, 177]
[23, 126, 177], [126, 177, 316]
[23, 126, 177], [126, 170, 177]
[23, 126, 177], [59, 126, 177]
[23, 126, 177], [126, 174, 177]
[23, 126, 177], [126, 177, 188]
[126, 177, 317], [100, 126, 177]
[126, 177, 317], [99, 126, 177]
[126, 177, 317], [126, 177, 316]
[126, 177, 317], [126, 170, 177]
[126, 177, 317], [59, 126, 177]
[126, 177, 317], [126, 174, 177]
[126, 177, 317], [126, 177, 188]
[100, 126, 177], [99, 126, 177]
[100, 126, 177], [126, 177, 316]
[100, 126, 177], [126, 170, 177]
[100, 126, 177], [59, 126, 177]
[100, 126, 177], [126, 174, 177]
[100, 126, 177], [126, 177, 188]
[99, 126, 177], [126, 177, 316]
[99, 126, 177], [126, 170, 177]
[99, 126, 177], [59, 126, 177]
[99, 126, 177], [126, 174, 177]
[99, 126, 177], [126, 177, 188]
[126, 177, 316], [126, 170, 177]
[126, 177, 316], [59, 126, 177]
[126, 177, 316], [126, 174, 177]
[126, 177, 316], [126, 177, 188]
[126, 170, 177], [59, 126, 177]
[126, 170, 177], [126, 174, 177]
[126, 170, 177], [126, 177, 188]
[59, 126, 177], [126, 174, 177]
[59, 126, 177], [126, 177, 188]
[126, 174, 177], [126, 177, 188]
[91, 92, 101], [91, 92, 130]
[91, 92, 101], [76, 91, 92]
[91, 92, 101], [41, 91, 92]
[91, 92, 101], [86, 91, 92]
[91, 92, 130], [76, 91, 92]
[91, 92, 130], [41, 91, 92]
[91, 92, 130], [86, 91, 92]
[76, 91, 92], [41, 91, 92]
[76, 91, 92], [86, 91, 92]
[41, 91, 92], [86, 91, 92]
[91, 92, 101], [91, 101, 115]
[91, 92, 101], [41, 91, 101]
[91, 92, 101], [85, 91, 101]
[91, 92, 101], [28, 91, 101]
[91, 101, 115], [41, 91, 101]
[91, 101, 115], [85, 91, 101]
[91, 101, 115], [28, 91, 101]
[41, 91, 101], [85, 91, 101]
[41, 91, 101], [28, 91, 101]
[85, 91, 101], [28, 91, 101]
[91, 92, 101], [28, 92, 101]
[91, 92, 101], [92, 101, 107]
[91, 92, 101], [41, 92, 101]
[91, 92, 101], [36, 92, 101]
[28, 92, 101], [92, 101, 107]
[28, 92, 101], [41, 92, 101]
[28, 92, 101], [36, 92, 101]
[92, 101, 107], [41, 92, 101]
[92, 101, 107], [36, 92, 101]
[41, 92, 101], [36, 92, 101]
[124, 127, 175], [83, 124, 175]
[124, 127, 175], [14, 124, 175]
[83, 124, 175], [14, 124, 175]
[124, 127, 175], [77, 127, 175]
[124, 127, 175], [57, 127, 175]
[124, 127, 175], [127, 175, 186]
[124, 127, 175], [70, 127, 175]
[124, 127, 175], [127, 163, 175]
[77, 127, 175], [57, 127, 175]
[77, 127, 175], [127, 175, 186]
[77, 127, 175], [70, 127, 175]
[77, 127, 175], [127, 163, 175]
[57, 127, 175], [127, 175, 186]
[57, 127, 175], [70, 127, 175]
[57, 127, 175], [127, 163, 175]
[127, 175, 186], [70, 127, 175]
[127, 175, 186], [127, 163, 175]
[70, 127, 175], [127, 163, 175]
[52, 62, 231], [52, 62, 67]
[52, 62, 231], [52, 67, 231]
[52, 62, 231], [62, 67, 231]
[276, 288, 299], [268, 276, 299]
[276, 288, 299], [18, 288, 299]
[276, 288, 299], [269, 288, 299]
[276, 288, 299], [103, 288, 299]
[276, 288, 299], [280, 288, 299]
[276, 288, 299], [258, 288, 299]
[276, 288, 299], [272, 288, 299]
[276, 288, 299], [145, 288, 299]
[276, 288, 299], [205, 288, 299]
[18, 288, 299], [269, 288, 299]
[18, 288, 299], [103, 288, 299]
[18, 288, 299], [280, 288, 299]
[18, 288, 299], [258, 288, 299]
[18, 288, 299], [272, 288, 299]
[18, 288, 299], [145, 288, 299]
[18, 288, 299], [205, 288, 299]
[269, 288, 299], [103, 288, 299]
[269, 288, 299], [280, 288, 299]
[269, 288, 299], [258, 288, 299]
[269, 288, 299], [272, 288, 299]
[269, 288, 299], [145, 288, 299]
[269, 288, 299], [205, 288, 299]
[103, 288, 299], [280, 288, 299]
[103, 288, 299], [258, 288, 299]
[103, 288, 299], [272, 288, 299]
[103, 288, 299], [145, 288, 299]
[103, 288, 299], [205, 288, 299]
[280, 288, 299], [258, 288, 299]
[280, 288, 299], [272, 288, 299]
[280, 288, 299], [145, 288, 299]
[280, 288, 299], [205, 288, 299]
[258, 288, 299], [272, 288, 299]
[258, 288, 299], [145, 288, 299]
[258, 288, 299], [205, 288, 299]
[272, 288, 299], [145, 288, 299]
[272, 288, 299], [205, 288, 299]
[145, 288, 299], [205, 288, 299]
[258, 288, 303], [205, 258, 288]
[258, 288, 303], [202, 258, 288]
[258, 288, 303], [258, 288, 299]
[258, 288, 303], [258, 265, 288]
[258, 288, 303], [11, 258, 288]
[205, 258, 288], [202, 258, 288]
[205, 258, 288], [258, 288, 299]
[205, 258, 288], [258, 265, 288]
[205, 258, 288], [11, 258, 288]
[202, 258, 288], [258, 288, 299]
[202, 258, 288], [258, 265, 288]
[202, 258, 288], [11, 258, 288]
[258, 288, 299], [258, 265, 288]
[258, 288, 299], [11, 258, 288]
[258, 265, 288], [11, 258, 288]
[258, 288, 303], [258, 269, 303]
[258, 288, 303], [205, 258, 303]
[258, 269, 303], [205, 258, 303]
[258, 288, 303], [265, 288, 303]
[59, 170, 317], [59, 126, 170]
[59, 170, 317], [59, 170, 188]
[59, 126, 170], [59, 170, 188]
[59, 170, 317], [59, 195, 317]
[59, 170, 317], [59, 126, 317]
[59, 195, 317], [59, 126, 317]
[59, 170, 317], [170, 174, 317]
[59, 170, 317], [170, 173, 317]
[59, 170, 317], [170, 188, 317]
[59, 170, 317], [126, 170, 317]
[59, 170, 317], [170, 177, 317]
[59, 170, 317], [49, 170, 317]
[170, 174, 317], [170, 173, 317]
[170, 174, 317], [170, 188, 317]
[170, 174, 317], [126, 170, 317]
[170, 174, 317], [170, 177, 317]
[170, 174, 317], [49, 170, 317]
[170, 173, 317], [170, 188, 317]
[170, 173, 317], [126, 170, 317]
[170, 173, 317], [170, 177, 317]
[170, 173, 317], [49, 170, 317]
[170, 188, 317], [126, 170, 317]
[170, 188, 317], [170, 177, 317]
[170, 188, 317], [49, 170, 317]
[126, 170, 317], [170, 177, 317]
[126, 170, 317], [49, 170, 317]
[170, 177, 317], [49, 170, 317]
[83, 124, 175], [56, 83, 124]
[83, 124, 175], [14, 83, 175]
[83, 124, 175], [83, 175, 302]
[14, 83, 175], [83, 175, 302]
[30, 58, 82], [30, 58, 193]
[30, 58, 82], [30, 58, 221]
[30, 58, 82], [30, 58, 186]
[30, 58, 82], [30, 58, 83]
[30, 58, 193], [30, 58, 221]
[30, 58, 193], [30, 58, 186]
[30, 58, 193], [30, 58, 83]
[30, 58, 221], [30, 58, 186]
[30, 58, 221], [30, 58, 83]
[30, 58, 186], [30, 58, 83]
[30, 58, 82], [30, 82, 83]
[30, 58, 82], [30, 82, 122]
[30, 82, 83], [30, 82, 122]
[30, 58, 82], [58, 82, 193]
[30, 58, 82], [58, 82, 83]
[58, 82, 193], [58, 82, 83]
[23, 177, 188], [49, 177, 188]
[23, 177, 188], [98, 177, 188]
[23, 177, 188], [107, 177, 188]
[23, 177, 188], [59, 177, 188]
[23, 177, 188], [126, 177, 188]
[23, 177, 188], [177, 188, 292]
[23, 177, 188], [162, 177, 188]
[23, 177, 188], [173, 177, 188]
[23, 177, 188], [177, 188, 317]
[23, 177, 188], [177, 188, 189]
[23, 177, 188], [177, 188, 202]
[23, 177, 188], [170, 177, 188]
[49, 177, 188], [98, 177, 188]
[49, 177, 188], [107, 177, 188]
[49, 177, 188], [59, 177, 188]
[49, 177, 188], [126, 177, 188]
[49, 177, 188], [177, 188, 292]
[49, 177, 188], [162, 177, 188]
[49, 177, 188], [173, 177, 188]
[49, 177, 188], [177, 188, 317]
[49, 177, 188], [177, 188, 189]
[49, 177, 188], [177, 188, 202]
[49, 177, 188], [170, 177, 188]
[98, 177, 188], [107, 177, 188]
[98, 177, 188], [59, 177, 188]
[98, 177, 188], [126, 177, 188]
[98, 177, 188], [177, 188, 292]
[98, 177, 188], [162, 177, 188]
[98, 177, 188], [173, 177, 188]
[98, 177, 188], [177, 188, 317]
[98, 177, 188], [177, 188, 189]
[98, 177, 188], [177, 188, 202]
[98, 177, 188], [170, 177, 188]
[107, 177, 188], [59, 177, 188]
[107, 177, 188], [126, 177, 188]
[107, 177, 188], [177, 188, 292]
[107, 177, 188], [162, 177, 188]
[107, 177, 188], [173, 177, 188]
[107, 177, 188], [177, 188, 317]
[107, 177, 188], [177, 188, 189]
[107, 177, 188], [177, 188, 202]
[107, 177, 188], [170, 177, 188]
[59, 177, 188], [126, 177, 188]
[59, 177, 188], [177, 188, 292]
[59, 177, 188], [162, 177, 188]
[59, 177, 188], [173, 177, 188]
[59, 177, 188], [177, 188, 317]
[59, 177, 188], [177, 188, 189]
[59, 177, 188], [177, 188, 202]
[59, 177, 188], [170, 177, 188]
[126, 177, 188], [177, 188, 292]
[126, 177, 188], [162, 177, 188]
[126, 177, 188], [173, 177, 188]
[126, 177, 188], [177, 188, 317]
[126, 177, 188], [177, 188, 189]
[126, 177, 188], [177, 188, 202]
[126, 177, 188], [170, 177, 188]
[177, 188, 292], [162, 177, 188]
[177, 188, 292], [173, 177, 188]
[177, 188, 292], [177, 188, 317]
[177, 188, 292], [177, 188, 189]
[177, 188, 292], [177, 188, 202]
[177, 188, 292], [170, 177, 188]
[162, 177, 188], [173, 177, 188]
[162, 177, 188], [177, 188, 317]
[162, 177, 188], [177, 188, 189]
[162, 177, 188], [177, 188, 202]
[162, 177, 188], [170, 177, 188]
[173, 177, 188], [177, 188, 317]
[173, 177, 188], [177, 188, 189]
[173, 177, 188], [177, 188, 202]
[173, 177, 188], [170, 177, 188]
[177, 188, 317], [177, 188, 189]
[177, 188, 317], [177, 188, 202]
[177, 188, 317], [170, 177, 188]
[177, 188, 189], [177, 188, 202]
[177, 188, 189], [170, 177, 188]
[177, 188, 202], [170, 177, 188]
[29, 64, 86], [29, 86, 101]
[29, 64, 86], [29, 61, 86]
[29, 64, 86], [29, 86, 115]
[29, 64, 86], [28, 29, 86]
[29, 64, 86], [16, 29, 86]
[29, 64, 86], [29, 32, 86]
[29, 86, 101], [29, 61, 86]
[29, 86, 101], [29, 86, 115]
[29, 86, 101], [28, 29, 86]
[29, 86, 101], [16, 29, 86]
[29, 86, 101], [29, 32, 86]
[29, 61, 86], [29, 86, 115]
[29, 61, 86], [28, 29, 86]
[29, 61, 86], [16, 29, 86]
[29, 61, 86], [29, 32, 86]
[29, 86, 115], [28, 29, 86]
[29, 86, 115], [16, 29, 86]
[29, 86, 115], [29, 32, 86]
[28, 29, 86], [16, 29, 86]
[28, 29, 86], [29, 32, 86]
[16, 29, 86], [29, 32, 86]
[40, 72, 167], [40, 71, 167]
[55, 247, 277], [55, 247, 286]
[55, 247, 277], [55, 246, 247]
[55, 247, 277], [55, 87, 247]
[55, 247, 286], [55, 246, 247]
[55, 247, 286], [55, 87, 247]
[55, 246, 247], [55, 87, 247]
[55, 247, 277], [55, 135, 277]
[55, 247, 277], [247, 261, 277]
[35, 147, 297], [35, 147, 326]
[35, 147, 297], [35, 147, 285]
[35, 147, 297], [35, 147, 148]
[35, 147, 326], [35, 147, 285]
[35, 147, 326], [35, 147, 148]
[35, 147, 285], [35, 147, 148]
[35, 147, 297], [35, 148, 297]
[35, 147, 297], [35, 285, 297]
[35, 148, 297], [35, 285, 297]
[35, 147, 297], [147, 263, 297]
[35, 147, 297], [147, 148, 297]
[35, 147, 297], [147, 285, 297]
[35, 147, 297], [147, 244, 297]
[35, 147, 297], [147, 257, 297]
[35, 147, 297], [147, 297, 326]
[147, 263, 297], [147, 148, 297]
[147, 263, 297], [147, 285, 297]
[147, 263, 297], [147, 244, 297]
[147, 263, 297], [147, 257, 297]
[147, 263, 297], [147, 297, 326]
[147, 148, 297], [147, 285, 297]
[147, 148, 297], [147, 244, 297]
[147, 148, 297], [147, 257, 297]
[147, 148, 297], [147, 297, 326]
[147, 285, 297], [147, 244, 297]
[147, 285, 297], [147, 257, 297]
[147, 285, 297], [147, 297, 326]
[147, 244, 297], [147, 257, 297]
[147, 244, 297], [147, 297, 326]
[147, 257, 297], [147, 297, 326]
[32, 61, 64], [32, 61, 115]
[32, 61, 64], [16, 32, 61]
[32, 61, 64], [32, 61, 114]
[32, 61, 64], [32, 61, 130]
[32, 61, 64], [32, 33, 61]
[32, 61, 115], [16, 32, 61]
[32, 61, 115], [32, 61, 114]
[32, 61, 115], [32, 61, 130]
[32, 61, 115], [32, 33, 61]
[16, 32, 61], [32, 61, 114]
[16, 32, 61], [32, 61, 130]
[16, 32, 61], [32, 33, 61]
[32, 61, 114], [32, 61, 130]
[32, 61, 114], [32, 33, 61]
[32, 61, 130], [32, 33, 61]
[32, 61, 64], [32, 64, 115]
[32, 61, 64], [32, 33, 64]
[32, 64, 115], [32, 33, 64]
[32, 61, 64], [61, 64, 115]
[32, 61, 64], [61, 64, 114]
[32, 61, 64], [61, 64, 65]
[32, 61, 64], [33, 61, 64]
[61, 64, 115], [61, 64, 114]
[61, 64, 115], [61, 64, 65]
[61, 64, 115], [33, 61, 64]
[61, 64, 114], [61, 64, 65]
[61, 64, 114], [33, 61, 64]
[61, 64, 65], [33, 61, 64]
[218, 219, 226], [218, 219, 262]
[218, 219, 226], [11, 218, 219]
[218, 219, 226], [122, 218, 219]
[218, 219, 226], [20, 218, 219]
[218, 219, 226], [218, 219, 224]
[218, 219, 226], [218, 219, 243]
[218, 219, 226], [112, 218, 219]
[218, 219, 226], [18, 218, 219]
[218, 219, 226], [217, 218, 219]
[218, 219, 226], [218, 219, 259]
[218, 219, 226], [218, 219, 249]
[218, 219, 226], [134, 218, 219]
[218, 219, 226], [218, 219, 229]
[218, 219, 262], [11, 218, 219]
[218, 219, 262], [122, 218, 219]
[218, 219, 262], [20, 218, 219]
[218, 219, 262], [218, 219, 224]
[218, 219, 262], [218, 219, 243]
[218, 219, 262], [112, 218, 219]
[218, 219, 262], [18, 218, 219]
[218, 219, 262], [217, 218, 219]
[218, 219, 262], [218, 219, 259]
[218, 219, 262], [218, 219, 249]
[218, 219, 262], [134, 218, 219]
[218, 219, 262], [218, 219, 229]
[11, 218, 219], [122, 218, 219]
[11, 218, 219], [20, 218, 219]
[11, 218, 219], [218, 219, 224]
[11, 218, 219], [218, 219, 243]
[11, 218, 219], [112, 218, 219]
[11, 218, 219], [18, 218, 219]
[11, 218, 219], [217, 218, 219]
[11, 218, 219], [218, 219, 259]
[11, 218, 219], [218, 219, 249]
[11, 218, 219], [134, 218, 219]
[11, 218, 219], [218, 219, 229]
[122, 218, 219], [20, 218, 219]
[122, 218, 219], [218, 219, 224]
[122, 218, 219], [218, 219, 243]
[122, 218, 219], [112, 218, 219]
[122, 218, 219], [18, 218, 219]
[122, 218, 219], [217, 218, 219]
[122, 218, 219], [218, 219, 259]
[122, 218, 219], [218, 219, 249]
[122, 218, 219], [134, 218, 219]
[122, 218, 219], [218, 219, 229]
[20, 218, 219], [218, 219, 224]
[20, 218, 219], [218, 219, 243]
[20, 218, 219], [112, 218, 219]
[20, 218, 219], [18, 218, 219]
[20, 218, 219], [217, 218, 219]
[20, 218, 219], [218, 219, 259]
[20, 218, 219], [218, 219, 249]
[20, 218, 219], [134, 218, 219]
[20, 218, 219], [218, 219, 229]
[218, 219, 224], [218, 219, 243]
[218, 219, 224], [112, 218, 219]
[218, 219, 224], [18, 218, 219]
[218, 219, 224], [217, 218, 219]
[218, 219, 224], [218, 219, 259]
[218, 219, 224], [218, 219, 249]
[218, 219, 224], [134, 218, 219]
[218, 219, 224], [218, 219, 229]
[218, 219, 243], [112, 218, 219]
[218, 219, 243], [18, 218, 219]
[218, 219, 243], [217, 218, 219]
[218, 219, 243], [218, 219, 259]
[218, 219, 243], [218, 219, 249]
[218, 219, 243], [134, 218, 219]
[218, 219, 243], [218, 219, 229]
[112, 218, 219], [18, 218, 219]
[112, 218, 219], [217, 218, 219]
[112, 218, 219], [218, 219, 259]
[112, 218, 219], [218, 219, 249]
[112, 218, 219], [134, 218, 219]
[112, 218, 219], [218, 219, 229]
[18, 218, 219], [217, 218, 219]
[18, 218, 219], [218, 219, 259]
[18, 218, 219], [218, 219, 249]
[18, 218, 219], [134, 218, 219]
[18, 218, 219], [218, 219, 229]
[217, 218, 219], [218, 219, 259]
[217, 218, 219], [218, 219, 249]
[217, 218, 219], [134, 218, 219]
[217, 218, 219], [218, 219, 229]
[218, 219, 259], [218, 219, 249]
[218, 219, 259], [134, 218, 219]
[218, 219, 259], [218, 219, 229]
[218, 219, 249], [134, 218, 219]
[218, 219, 249], [218, 219, 229]
[134, 218, 219], [218, 219, 229]
[218, 219, 226], [219, 224, 226]
[29, 86, 101], [29, 76, 101]
[29, 86, 101], [29, 32, 101]
[29, 76, 101], [29, 32, 101]
[29, 86, 101], [76, 86, 101]
[29, 86, 101], [85, 86, 101]
[29, 86, 101], [28, 86, 101]
[76, 86, 101], [85, 86, 101]
[76, 86, 101], [28, 86, 101]
[85, 86, 101], [28, 86, 101]
[20, 90, 104], [18, 20, 104]
[20, 90, 104], [20, 104, 217]
[20, 90, 104], [20, 104, 259]
[20, 90, 104], [20, 104, 105]
[20, 90, 104], [20, 104, 298]
[18, 20, 104], [20, 104, 217]
[18, 20, 104], [20, 104, 259]
[18, 20, 104], [20, 104, 105]
[18, 20, 104], [20, 104, 298]
[20, 104, 217], [20, 104, 259]
[20, 104, 217], [20, 104, 105]
[20, 104, 217], [20, 104, 298]
[20, 104, 259], [20, 104, 105]
[20, 104, 259], [20, 104, 298]
[20, 104, 105], [20, 104, 298]
[202, 268, 276], [202, 268, 293]
[202, 268, 276], [265, 268, 276]
[202, 268, 276], [172, 268, 276]
[202, 268, 276], [104, 268, 276]
[202, 268, 276], [268, 276, 285]
[202, 268, 276], [268, 276, 292]
[202, 268, 276], [268, 276, 299]
[202, 268, 276], [268, 276, 280]
[202, 268, 276], [145, 268, 276]
[202, 268, 276], [268, 276, 305]
[202, 268, 276], [268, 269, 276]
[202, 268, 276], [166, 268, 276]
[265, 268, 276], [172, 268, 276]
[265, 268, 276], [104, 268, 276]
[265, 268, 276], [268, 276, 285]
[265, 268, 276], [268, 276, 292]
[265, 268, 276], [268, 276, 299]
[265, 268, 276], [268, 276, 280]
[265, 268, 276], [145, 268, 276]
[265, 268, 276], [268, 276, 305]
[265, 268, 276], [268, 269, 276]
[265, 268, 276], [166, 268, 276]
[172, 268, 276], [104, 268, 276]
[172, 268, 276], [268, 276, 285]
[172, 268, 276], [268, 276, 292]
[172, 268, 276], [268, 276, 299]
[172, 268, 276], [268, 276, 280]
[172, 268, 276], [145, 268, 276]
[172, 268, 276], [268, 276, 305]
[172, 268, 276], [268, 269, 276]
[172, 268, 276], [166, 268, 276]
[104, 268, 276], [268, 276, 285]
[104, 268, 276], [268, 276, 292]
[104, 268, 276], [268, 276, 299]
[104, 268, 276], [268, 276, 280]
[104, 268, 276], [145, 268, 276]
[104, 268, 276], [268, 276, 305]
[104, 268, 276], [268, 269, 276]
[104, 268, 276], [166, 268, 276]
[268, 276, 285], [268, 276, 292]
[268, 276, 285], [268, 276, 299]
[268, 276, 285], [268, 276, 280]
[268, 276, 285], [145, 268, 276]
[268, 276, 285], [268, 276, 305]
[268, 276, 285], [268, 269, 276]
[268, 276, 285], [166, 268, 276]
[268, 276, 292], [268, 276, 299]
[268, 276, 292], [268, 276, 280]
[268, 276, 292], [145, 268, 276]
[268, 276, 292], [268, 276, 305]
[268, 276, 292], [268, 269, 276]
[268, 276, 292], [166, 268, 276]
[268, 276, 299], [268, 276, 280]
[268, 276, 299], [145, 268, 276]
[268, 276, 299], [268, 276, 305]
[268, 276, 299], [268, 269, 276]
[268, 276, 299], [166, 268, 276]
[268, 276, 280], [145, 268, 276]
[268, 276, 280], [268, 276, 305]
[268, 276, 280], [268, 269, 276]
[268, 276, 280], [166, 268, 276]
[145, 268, 276], [268, 276, 305]
[145, 268, 276], [268, 269, 276]
[145, 268, 276], [166, 268, 276]
[268, 276, 305], [268, 269, 276]
[268, 276, 305], [166, 268, 276]
[268, 269, 276], [166, 268, 276]
[31, 163, 192], [31, 163, 186]
[31, 163, 192], [31, 77, 163]
[31, 163, 186], [31, 77, 163]
[31, 163, 192], [77, 163, 192]
[31, 163, 192], [122, 163, 192]
[77, 163, 192], [122, 163, 192]
[71, 128, 167], [71, 81, 128]
[52, 93, 270], [52, 95, 270]
[52, 93, 270], [52, 158, 270]
[52, 93, 270], [51, 52, 270]
[52, 95, 270], [52, 158, 270]
[52, 95, 270], [51, 52, 270]
[52, 158, 270], [51, 52, 270]
[134, 218, 243], [134, 218, 298]
[134, 218, 243], [6, 134, 218]
[134, 218, 243], [112, 134, 218]
[134, 218, 243], [134, 218, 219]
[134, 218, 298], [6, 134, 218]
[134, 218, 298], [112, 134, 218]
[134, 218, 298], [134, 218, 219]
[6, 134, 218], [112, 134, 218]
[6, 134, 218], [134, 218, 219]
[112, 134, 218], [134, 218, 219]
[134, 218, 243], [89, 134, 243]
[134, 218, 243], [134, 216, 243]
[134, 218, 243], [134, 219, 243]
[134, 218, 243], [134, 229, 243]
[134, 218, 243], [105, 134, 243]
[89, 134, 243], [134, 216, 243]
[89, 134, 243], [134, 219, 243]
[89, 134, 243], [134, 229, 243]
[89, 134, 243], [105, 134, 243]
[134, 216, 243], [134, 219, 243]
[134, 216, 243], [134, 229, 243]
[134, 216, 243], [105, 134, 243]
[134, 219, 243], [134, 229, 243]
[134, 219, 243], [105, 134, 243]
[134, 229, 243], [105, 134, 243]
[134, 218, 243], [112, 218, 243]
[134, 218, 243], [218, 219, 243]
[134, 218, 243], [218, 229, 243]
[112, 218, 243], [218, 219, 243]
[112, 218, 243], [218, 229, 243]
[218, 219, 243], [218, 229, 243]
[94, 127, 186], [127, 186, 277]
[94, 127, 186], [127, 175, 186]
[94, 127, 186], [127, 186, 302]
[94, 127, 186], [127, 163, 186]
[94, 127, 186], [83, 127, 186]
[94, 127, 186], [82, 127, 186]
[127, 186, 277], [127, 175, 186]
[127, 186, 277], [127, 186, 302]
[127, 186, 277], [127, 163, 186]
[127, 186, 277], [83, 127, 186]
[127, 186, 277], [82, 127, 186]
[127, 175, 186], [127, 186, 302]
[127, 175, 186], [127, 163, 186]
[127, 175, 186], [83, 127, 186]
[127, 175, 186], [82, 127, 186]
[127, 186, 302], [127, 163, 186]
[127, 186, 302], [83, 127, 186]
[127, 186, 302], [82, 127, 186]
[127, 163, 186], [83, 127, 186]
[127, 163, 186], [82, 127, 186]
[83, 127, 186], [82, 127, 186]
[49, 73, 196], [49, 73, 187]
[49, 73, 196], [49, 73, 118]
[49, 73, 196], [49, 50, 73]
[49, 73, 196], [49, 73, 170]
[49, 73, 187], [49, 73, 118]
[49, 73, 187], [49, 50, 73]
[49, 73, 187], [49, 73, 170]
[49, 73, 118], [49, 50, 73]
[49, 73, 118], [49, 73, 170]
[49, 50, 73], [49, 73, 170]
[49, 73, 196], [49, 174, 196]
[49, 73, 196], [49, 187, 196]
[49, 73, 196], [49, 118, 196]
[49, 73, 196], [49, 170, 196]
[49, 73, 196], [49, 184, 196]
[49, 174, 196], [49, 187, 196]
[49, 174, 196], [49, 118, 196]
[49, 174, 196], [49, 170, 196]
[49, 174, 196], [49, 184, 196]
[49, 187, 196], [49, 118, 196]
[49, 187, 196], [49, 170, 196]
[49, 187, 196], [49, 184, 196]
[49, 118, 196], [49, 170, 196]
[49, 118, 196], [49, 184, 196]
[49, 170, 196], [49, 184, 196]
[80, 81, 326], [80, 81, 128]
[80, 81, 326], [71, 80, 81]
[80, 81, 326], [80, 81, 103]
[80, 81, 326], [80, 81, 131]
[80, 81, 326], [72, 80, 81]
[80, 81, 128], [71, 80, 81]
[80, 81, 128], [80, 81, 103]
[80, 81, 128], [80, 81, 131]
[80, 81, 128], [72, 80, 81]
[71, 80, 81], [80, 81, 103]
[71, 80, 81], [80, 81, 131]
[71, 80, 81], [72, 80, 81]
[80, 81, 103], [80, 81, 131]
[80, 81, 103], [72, 80, 81]
[80, 81, 131], [72, 80, 81]
[80, 81, 326], [72, 80, 326]
[80, 81, 326], [71, 81, 326]
[80, 81, 326], [72, 81, 326]
[71, 81, 326], [72, 81, 326]
[219, 243, 259], [112, 219, 243]
[219, 243, 259], [218, 219, 243]
[219, 243, 259], [134, 219, 243]
[219, 243, 259], [219, 224, 243]
[112, 219, 243], [218, 219, 243]
[112, 219, 243], [134, 219, 243]
[112, 219, 243], [219, 224, 243]
[218, 219, 243], [134, 219, 243]
[218, 219, 243], [219, 224, 243]
[134, 219, 243], [219, 224, 243]
[219, 243, 259], [89, 219, 259]
[219, 243, 259], [218, 219, 259]
[89, 219, 259], [218, 219, 259]
[219, 243, 259], [229, 243, 259]
[219, 243, 259], [224, 243, 259]
[229, 243, 259], [224, 243, 259]
[85, 101, 130], [41, 85, 101]
[85, 101, 130], [85, 101, 115]
[85, 101, 130], [7, 85, 101]
[85, 101, 130], [85, 101, 114]
[85, 101, 130], [85, 86, 101]
[85, 101, 130], [28, 85, 101]
[85, 101, 130], [32, 85, 101]
[85, 101, 130], [85, 91, 101]
[85, 101, 130], [85, 101, 107]
[41, 85, 101], [85, 101, 115]
[41, 85, 101], [7, 85, 101]
[41, 85, 101], [85, 101, 114]
[41, 85, 101], [85, 86, 101]
[41, 85, 101], [28, 85, 101]
[41, 85, 101], [32, 85, 101]
[41, 85, 101], [85, 91, 101]
[41, 85, 101], [85, 101, 107]
[85, 101, 115], [7, 85, 101]
[85, 101, 115], [85, 101, 114]
[85, 101, 115], [85, 86, 101]
[85, 101, 115], [28, 85, 101]
[85, 101, 115], [32, 85, 101]
[85, 101, 115], [85, 91, 101]
[85, 101, 115], [85, 101, 107]
[7, 85, 101], [85, 101, 114]
[7, 85, 101], [85, 86, 101]
[7, 85, 101], [28, 85, 101]
[7, 85, 101], [32, 85, 101]
[7, 85, 101], [85, 91, 101]
[7, 85, 101], [85, 101, 107]
[85, 101, 114], [85, 86, 101]
[85, 101, 114], [28, 85, 101]
[85, 101, 114], [32, 85, 101]
[85, 101, 114], [85, 91, 101]
[85, 101, 114], [85, 101, 107]
[85, 86, 101], [28, 85, 101]
[85, 86, 101], [32, 85, 101]
[85, 86, 101], [85, 91, 101]
[85, 86, 101], [85, 101, 107]
[28, 85, 101], [32, 85, 101]
[28, 85, 101], [85, 91, 101]
[28, 85, 101], [85, 101, 107]
[32, 85, 101], [85, 91, 101]
[32, 85, 101], [85, 101, 107]
[85, 91, 101], [85, 101, 107]
[85, 101, 130], [85, 115, 130]
[85, 101, 130], [4, 85, 130]
[85, 115, 130], [4, 85, 130]
[85, 101, 130], [101, 115, 130]
[9, 272, 276], [9, 10, 276]
[9, 272, 276], [9, 276, 281]
[9, 272, 276], [9, 133, 276]
[9, 10, 276], [9, 276, 281]
[9, 10, 276], [9, 133, 276]
[9, 276, 281], [9, 133, 276]
[91, 101, 115], [91, 115, 116]
[91, 101, 115], [41, 91, 115]
[91, 115, 116], [41, 91, 115]
[91, 101, 115], [101, 115, 130]
[91, 101, 115], [85, 101, 115]
[101, 115, 130], [85, 101, 115]
[36, 38, 127], [36, 38, 210]
[36, 38, 127], [36, 38, 116]
[36, 38, 127], [36, 38, 181]
[36, 38, 127], [36, 38, 256]
[36, 38, 127], [11, 36, 38]
[36, 38, 127], [36, 38, 121]
[36, 38, 127], [36, 38, 107]
[36, 38, 127], [36, 38, 154]
[36, 38, 210], [36, 38, 116]
[36, 38, 210], [36, 38, 181]
[36, 38, 210], [36, 38, 256]
[36, 38, 210], [11, 36, 38]
[36, 38, 210], [36, 38, 121]
[36, 38, 210], [36, 38, 107]
[36, 38, 210], [36, 38, 154]
[36, 38, 116], [36, 38, 181]
[36, 38, 116], [36, 38, 256]
[36, 38, 116], [11, 36, 38]
[36, 38, 116], [36, 38, 121]
[36, 38, 116], [36, 38, 107]
[36, 38, 116], [36, 38, 154]
[36, 38, 181], [36, 38, 256]
[36, 38, 181], [11, 36, 38]
[36, 38, 181], [36, 38, 121]
[36, 38, 181], [36, 38, 107]
[36, 38, 181], [36, 38, 154]
[36, 38, 256], [11, 36, 38]
[36, 38, 256], [36, 38, 121]
[36, 38, 256], [36, 38, 107]
[36, 38, 256], [36, 38, 154]
[11, 36, 38], [36, 38, 121]
[11, 36, 38], [36, 38, 107]
[11, 36, 38], [36, 38, 154]
[36, 38, 121], [36, 38, 107]
[36, 38, 121], [36, 38, 154]
[36, 38, 107], [36, 38, 154]
[36, 38, 127], [17, 36, 127]
[36, 38, 127], [38, 121, 127]
[88, 176, 239], [88, 176, 178]
[30, 82, 83], [30, 83, 122]
[30, 82, 83], [30, 58, 83]
[30, 83, 122], [30, 58, 83]
[30, 82, 83], [82, 83, 135]
[30, 82, 83], [82, 83, 186]
[30, 82, 83], [58, 82, 83]
[82, 83, 135], [82, 83, 186]
[82, 83, 135], [58, 82, 83]
[82, 83, 186], [58, 82, 83]
[16, 61, 115], [16, 61, 121]
[16, 61, 115], [16, 32, 61]
[16, 61, 115], [16, 61, 116]
[16, 61, 115], [16, 17, 61]
[16, 61, 115], [16, 61, 114]
[16, 61, 115], [16, 61, 65]
[16, 61, 121], [16, 32, 61]
[16, 61, 121], [16, 61, 116]
[16, 61, 121], [16, 17, 61]
[16, 61, 121], [16, 61, 114]
[16, 61, 121], [16, 61, 65]
[16, 32, 61], [16, 61, 116]
[16, 32, 61], [16, 17, 61]
[16, 32, 61], [16, 61, 114]
[16, 32, 61], [16, 61, 65]
[16, 61, 116], [16, 17, 61]
[16, 61, 116], [16, 61, 114]
[16, 61, 116], [16, 61, 65]
[16, 17, 61], [16, 61, 114]
[16, 17, 61], [16, 61, 65]
[16, 61, 114], [16, 61, 65]
[16, 61, 115], [16, 17, 115]
[16, 61, 115], [32, 61, 115]
[16, 61, 115], [61, 64, 115]
[16, 61, 115], [28, 61, 115]
[16, 61, 115], [61, 114, 115]
[16, 61, 115], [61, 115, 130]
[16, 61, 115], [61, 65, 115]
[32, 61, 115], [61, 64, 115]
[32, 61, 115], [28, 61, 115]
[32, 61, 115], [61, 114, 115]
[32, 61, 115], [61, 115, 130]
[32, 61, 115], [61, 65, 115]
[61, 64, 115], [28, 61, 115]
[61, 64, 115], [61, 114, 115]
[61, 64, 115], [61, 115, 130]
[61, 64, 115], [61, 65, 115]
[28, 61, 115], [61, 114, 115]
[28, 61, 115], [61, 115, 130]
[28, 61, 115], [61, 65, 115]
[61, 114, 115], [61, 115, 130]
[61, 114, 115], [61, 65, 115]
[61, 115, 130], [61, 65, 115]
[14, 56, 124], [14, 124, 135]
[14, 56, 124], [14, 124, 232]
[14, 56, 124], [14, 124, 277]
[14, 56, 124], [14, 124, 175]
[14, 56, 124], [14, 124, 127]
[14, 56, 124], [14, 43, 124]
[14, 56, 124], [14, 124, 245]
[14, 124, 135], [14, 124, 232]
[14, 124, 135], [14, 124, 277]
[14, 124, 135], [14, 124, 175]
[14, 124, 135], [14, 124, 127]
[14, 124, 135], [14, 43, 124]
[14, 124, 135], [14, 124, 245]
[14, 124, 232], [14, 124, 277]
[14, 124, 232], [14, 124, 175]
[14, 124, 232], [14, 124, 127]
[14, 124, 232], [14, 43, 124]
[14, 124, 232], [14, 124, 245]
[14, 124, 277], [14, 124, 175]
[14, 124, 277], [14, 124, 127]
[14, 124, 277], [14, 43, 124]
[14, 124, 277], [14, 124, 245]
[14, 124, 175], [14, 124, 127]
[14, 124, 175], [14, 43, 124]
[14, 124, 175], [14, 124, 245]
[14, 124, 127], [14, 43, 124]
[14, 124, 127], [14, 124, 245]
[14, 43, 124], [14, 124, 245]
[14, 56, 124], [56, 83, 124]
[14, 56, 124], [56, 124, 135]
[56, 83, 124], [56, 124, 135]
[71, 80, 167], [71, 80, 194]
[71, 80, 167], [71, 80, 81]
[71, 80, 167], [71, 72, 80]
[71, 80, 194], [71, 80, 81]
[71, 80, 194], [71, 72, 80]
[71, 80, 81], [71, 72, 80]
[41, 92, 107], [92, 101, 107]
[41, 92, 107], [92, 107, 108]
[41, 92, 107], [28, 92, 107]
[41, 92, 107], [92, 107, 179]
[41, 92, 107], [76, 92, 107]
[41, 92, 107], [17, 92, 107]
[92, 101, 107], [92, 107, 108]
[92, 101, 107], [28, 92, 107]
[92, 101, 107], [92, 107, 179]
[92, 101, 107], [76, 92, 107]
[92, 101, 107], [17, 92, 107]
[92, 107, 108], [28, 92, 107]
[92, 107, 108], [92, 107, 179]
[92, 107, 108], [76, 92, 107]
[92, 107, 108], [17, 92, 107]
[28, 92, 107], [92, 107, 179]
[28, 92, 107], [76, 92, 107]
[28, 92, 107], [17, 92, 107]
[92, 107, 179], [76, 92, 107]
[92, 107, 179], [17, 92, 107]
[76, 92, 107], [17, 92, 107]
[280, 301, 305], [276, 280, 305]
[280, 301, 305], [136, 280, 305]
[280, 301, 305], [272, 280, 305]
[276, 280, 305], [136, 280, 305]
[276, 280, 305], [272, 280, 305]
[136, 280, 305], [272, 280, 305]
[280, 301, 305], [299, 301, 305]
[280, 301, 305], [301, 303, 305]
[280, 301, 305], [292, 301, 305]
[280, 301, 305], [301, 305, 322]
[280, 301, 305], [288, 301, 305]
[280, 301, 305], [291, 301, 305]
[280, 301, 305], [205, 301, 305]
[280, 301, 305], [273, 301, 305]
[280, 301, 305], [144, 301, 305]
[280, 301, 305], [258, 301, 305]
[280, 301, 305], [272, 301, 305]
[299, 301, 305], [301, 303, 305]
[299, 301, 305], [292, 301, 305]
[299, 301, 305], [301, 305, 322]
[299, 301, 305], [288, 301, 305]
[299, 301, 305], [291, 301, 305]
[299, 301, 305], [205, 301, 305]
[299, 301, 305], [273, 301, 305]
[299, 301, 305], [144, 301, 305]
[299, 301, 305], [258, 301, 305]
[299, 301, 305], [272, 301, 305]
[301, 303, 305], [292, 301, 305]
[301, 303, 305], [301, 305, 322]
[301, 303, 305], [288, 301, 305]
[301, 303, 305], [291, 301, 305]
[301, 303, 305], [205, 301, 305]
[301, 303, 305], [273, 301, 305]
[301, 303, 305], [144, 301, 305]
[301, 303, 305], [258, 301, 305]
[301, 303, 305], [272, 301, 305]
[292, 301, 305], [301, 305, 322]
[292, 301, 305], [288, 301, 305]
[292, 301, 305], [291, 301, 305]
[292, 301, 305], [205, 301, 305]
[292, 301, 305], [273, 301, 305]
[292, 301, 305], [144, 301, 305]
[292, 301, 305], [258, 301, 305]
[292, 301, 305], [272, 301, 305]
[301, 305, 322], [288, 301, 305]
[301, 305, 322], [291, 301, 305]
[301, 305, 322], [205, 301, 305]
[301, 305, 322], [273, 301, 305]
[301, 305, 322], [144, 301, 305]
[301, 305, 322], [258, 301, 305]
[301, 305, 322], [272, 301, 305]
[288, 301, 305], [291, 301, 305]
[288, 301, 305], [205, 301, 305]
[288, 301, 305], [273, 301, 305]
[288, 301, 305], [144, 301, 305]
[288, 301, 305], [258, 301, 305]
[288, 301, 305], [272, 301, 305]
[291, 301, 305], [205, 301, 305]
[291, 301, 305], [273, 301, 305]
[291, 301, 305], [144, 301, 305]
[291, 301, 305], [258, 301, 305]
[291, 301, 305], [272, 301, 305]
[205, 301, 305], [273, 301, 305]
[205, 301, 305], [144, 301, 305]
[205, 301, 305], [258, 301, 305]
[205, 301, 305], [272, 301, 305]
[273, 301, 305], [144, 301, 305]
[273, 301, 305], [258, 301, 305]
[273, 301, 305], [272, 301, 305]
[144, 301, 305], [258, 301, 305]
[144, 301, 305], [272, 301, 305]
[258, 301, 305], [272, 301, 305]
[6, 112, 218], [6, 112, 219]
[6, 112, 218], [6, 89, 112]
[6, 112, 218], [6, 112, 226]
[6, 112, 218], [6, 18, 112]
[6, 112, 218], [6, 112, 216]
[6, 112, 218], [6, 112, 134]
[6, 112, 218], [6, 112, 298]
[6, 112, 218], [5, 6, 112]
[6, 112, 218], [6, 112, 217]
[6, 112, 219], [6, 89, 112]
[6, 112, 219], [6, 112, 226]
[6, 112, 219], [6, 18, 112]
[6, 112, 219], [6, 112, 216]
[6, 112, 219], [6, 112, 134]
[6, 112, 219], [6, 112, 298]
[6, 112, 219], [5, 6, 112]
[6, 112, 219], [6, 112, 217]
[6, 89, 112], [6, 112, 226]
[6, 89, 112], [6, 18, 112]
[6, 89, 112], [6, 112, 216]
[6, 89, 112], [6, 112, 134]
[6, 89, 112], [6, 112, 298]
[6, 89, 112], [5, 6, 112]
[6, 89, 112], [6, 112, 217]
[6, 112, 226], [6, 18, 112]
[6, 112, 226], [6, 112, 216]
[6, 112, 226], [6, 112, 134]
[6, 112, 226], [6, 112, 298]
[6, 112, 226], [5, 6, 112]
[6, 112, 226], [6, 112, 217]
[6, 18, 112], [6, 112, 216]
[6, 18, 112], [6, 112, 134]
[6, 18, 112], [6, 112, 298]
[6, 18, 112], [5, 6, 112]
[6, 18, 112], [6, 112, 217]
[6, 112, 216], [6, 112, 134]
[6, 112, 216], [6, 112, 298]
[6, 112, 216], [5, 6, 112]
[6, 112, 216], [6, 112, 217]
[6, 112, 134], [6, 112, 298]
[6, 112, 134], [5, 6, 112]
[6, 112, 134], [6, 112, 217]
[6, 112, 298], [5, 6, 112]
[6, 112, 298], [6, 112, 217]
[5, 6, 112], [6, 112, 217]
[6, 112, 218], [6, 18, 218]
[6, 112, 218], [6, 134, 218]
[6, 112, 218], [6, 89, 218]
[6, 18, 218], [6, 134, 218]
[6, 18, 218], [6, 89, 218]
[6, 134, 218], [6, 89, 218]
[6, 112, 218], [112, 218, 243]
[6, 112, 218], [112, 218, 219]
[6, 112, 218], [112, 134, 218]
[6, 112, 218], [112, 218, 251]
[6, 112, 218], [18, 112, 218]
[112, 218, 243], [112, 218, 219]
[112, 218, 243], [112, 134, 218]
[112, 218, 243], [112, 218, 251]
[112, 218, 243], [18, 112, 218]
[112, 218, 219], [112, 134, 218]
[112, 218, 219], [112, 218, 251]
[112, 218, 219], [18, 112, 218]
[112, 134, 218], [112, 218, 251]
[112, 134, 218], [18, 112, 218]
[112, 218, 251], [18, 112, 218]
[61, 65, 70], [61, 65, 116]
[61, 65, 70], [61, 64, 65]
[61, 65, 70], [61, 65, 114]
[61, 65, 70], [17, 61, 65]
[61, 65, 70], [16, 61, 65]
[61, 65, 70], [61, 65, 232]
[61, 65, 70], [61, 65, 115]
[61, 65, 116], [61, 64, 65]
[61, 65, 116], [61, 65, 114]
[61, 65, 116], [17, 61, 65]
[61, 65, 116], [16, 61, 65]
[61, 65, 116], [61, 65, 232]
[61, 65, 116], [61, 65, 115]
[61, 64, 65], [61, 65, 114]
[61, 64, 65], [17, 61, 65]
[61, 64, 65], [16, 61, 65]
[61, 64, 65], [61, 65, 232]
[61, 64, 65], [61, 65, 115]
[61, 65, 114], [17, 61, 65]
[61, 65, 114], [16, 61, 65]
[61, 65, 114], [61, 65, 232]
[61, 65, 114], [61, 65, 115]
[17, 61, 65], [16, 61, 65]
[17, 61, 65], [61, 65, 232]
[17, 61, 65], [61, 65, 115]
[16, 61, 65], [61, 65, 232]
[16, 61, 65], [61, 65, 115]
[61, 65, 232], [61, 65, 115]
[61, 65, 70], [8, 61, 70]
[184, 189, 196], [171, 184, 189]
[184, 189, 196], [73, 184, 196]
[184, 189, 196], [184, 187, 196]
[184, 189, 196], [49, 184, 196]
[184, 189, 196], [60, 184, 196]
[73, 184, 196], [184, 187, 196]
[73, 184, 196], [49, 184, 196]
[73, 184, 196], [60, 184, 196]
[184, 187, 196], [49, 184, 196]
[184, 187, 196], [60, 184, 196]
[49, 184, 196], [60, 184, 196]
[184, 189, 196], [187, 189, 196]
[78, 101, 210], [78, 79, 210]
[78, 101, 210], [78, 210, 220]
[78, 79, 210], [78, 210, 220]
[135, 245, 312], [135, 245, 277]
[135, 245, 312], [83, 135, 245]
[135, 245, 312], [135, 186, 245]
[135, 245, 312], [56, 135, 245]
[135, 245, 277], [83, 135, 245]
[135, 245, 277], [135, 186, 245]
[135, 245, 277], [56, 135, 245]
[83, 135, 245], [135, 186, 245]
[83, 135, 245], [56, 135, 245]
[135, 186, 245], [56, 135, 245]
[135, 245, 312], [14, 135, 312]
[135, 245, 312], [135, 247, 312]
[135, 245, 312], [15, 135, 312]
[135, 245, 312], [43, 135, 312]
[14, 135, 312], [135, 247, 312]
[14, 135, 312], [15, 135, 312]
[14, 135, 312], [43, 135, 312]
[135, 247, 312], [15, 135, 312]
[135, 247, 312], [43, 135, 312]
[15, 135, 312], [43, 135, 312]
[82, 83, 135], [82, 111, 135]
[82, 83, 135], [82, 122, 135]
[82, 111, 135], [82, 122, 135]
[82, 83, 135], [83, 123, 135]
[82, 83, 135], [83, 135, 245]
[83, 123, 135], [83, 135, 245]
[28, 76, 91], [28, 76, 85]
[28, 76, 91], [28, 29, 76]
[28, 76, 91], [28, 32, 76]
[28, 76, 91], [28, 41, 76]
[28, 76, 91], [7, 28, 76]
[28, 76, 91], [28, 76, 92]
[28, 76, 91], [28, 48, 76]
[28, 76, 85], [28, 29, 76]
[28, 76, 85], [28, 32, 76]
[28, 76, 85], [28, 41, 76]
[28, 76, 85], [7, 28, 76]
[28, 76, 85], [28, 76, 92]
[28, 76, 85], [28, 48, 76]
[28, 29, 76], [28, 32, 76]
[28, 29, 76], [28, 41, 76]
[28, 29, 76], [7, 28, 76]
[28, 29, 76], [28, 76, 92]
[28, 29, 76], [28, 48, 76]
[28, 32, 76], [28, 41, 76]
[28, 32, 76], [7, 28, 76]
[28, 32, 76], [28, 76, 92]
[28, 32, 76], [28, 48, 76]
[28, 41, 76], [7, 28, 76]
[28, 41, 76], [28, 76, 92]
[28, 41, 76], [28, 48, 76]
[7, 28, 76], [28, 76, 92]
[7, 28, 76], [28, 48, 76]
[28, 76, 92], [28, 48, 76]
[28, 76, 91], [28, 91, 107]
[28, 76, 91], [28, 91, 130]
[28, 76, 91], [28, 41, 91]
[28, 76, 91], [28, 91, 101]
[28, 91, 107], [28, 91, 130]
[28, 91, 107], [28, 41, 91]
[28, 91, 107], [28, 91, 101]
[28, 91, 130], [28, 41, 91]
[28, 91, 130], [28, 91, 101]
[28, 41, 91], [28, 91, 101]
[28, 76, 91], [76, 91, 92]
[28, 76, 91], [76, 85, 91]
[28, 76, 91], [29, 76, 91]
[28, 76, 91], [41, 76, 91]
[76, 91, 92], [76, 85, 91]
[76, 91, 92], [29, 76, 91]
[76, 91, 92], [41, 76, 91]
[76, 85, 91], [29, 76, 91]
[76, 85, 91], [41, 76, 91]
[29, 76, 91], [41, 76, 91]
[166, 258, 280], [145, 166, 258]
[166, 258, 280], [166, 205, 258]
[145, 166, 258], [166, 205, 258]
[166, 258, 280], [145, 258, 280]
[166, 258, 280], [205, 258, 280]
[166, 258, 280], [136, 258, 280]
[166, 258, 280], [258, 280, 299]
[145, 258, 280], [205, 258, 280]
[145, 258, 280], [136, 258, 280]
[145, 258, 280], [258, 280, 299]
[205, 258, 280], [136, 258, 280]
[205, 258, 280], [258, 280, 299]
[136, 258, 280], [258, 280, 299]
[82, 163, 186], [82, 163, 277]
[82, 163, 186], [82, 122, 186]
[82, 163, 186], [82, 186, 277]
[82, 163, 186], [82, 83, 186]
[82, 163, 186], [82, 127, 186]
[82, 163, 186], [82, 186, 302]
[82, 122, 186], [82, 186, 277]
[82, 122, 186], [82, 83, 186]
[82, 122, 186], [82, 127, 186]
[82, 122, 186], [82, 186, 302]
[82, 186, 277], [82, 83, 186]
[82, 186, 277], [82, 127, 186]
[82, 186, 277], [82, 186, 302]
[82, 83, 186], [82, 127, 186]
[82, 83, 186], [82, 186, 302]
[82, 127, 186], [82, 186, 302]
[82, 163, 186], [163, 186, 277]
[82, 163, 186], [163, 175, 186]
[82, 163, 186], [101, 163, 186]
[82, 163, 186], [77, 163, 186]
[82, 163, 186], [127, 163, 186]
[82, 163, 186], [31, 163, 186]
[82, 163, 186], [83, 163, 186]
[82, 163, 186], [58, 163, 186]
[82, 163, 186], [163, 186, 302]
[163, 186, 277], [163, 175, 186]
[163, 186, 277], [101, 163, 186]
[163, 186, 277], [77, 163, 186]
[163, 186, 277], [127, 163, 186]
[163, 186, 277], [31, 163, 186]
[163, 186, 277], [83, 163, 186]
[163, 186, 277], [58, 163, 186]
[163, 186, 277], [163, 186, 302]
[163, 175, 186], [101, 163, 186]
[163, 175, 186], [77, 163, 186]
[163, 175, 186], [127, 163, 186]
[163, 175, 186], [31, 163, 186]
[163, 175, 186], [83, 163, 186]
[163, 175, 186], [58, 163, 186]
[163, 175, 186], [163, 186, 302]
[101, 163, 186], [77, 163, 186]
[101, 163, 186], [127, 163, 186]
[101, 163, 186], [31, 163, 186]
[101, 163, 186], [83, 163, 186]
[101, 163, 186], [58, 163, 186]
[101, 163, 186], [163, 186, 302]
[77, 163, 186], [127, 163, 186]
[77, 163, 186], [31, 163, 186]
[77, 163, 186], [83, 163, 186]
[77, 163, 186], [58, 163, 186]
[77, 163, 186], [163, 186, 302]
[127, 163, 186], [31, 163, 186]
[127, 163, 186], [83, 163, 186]
[127, 163, 186], [58, 163, 186]
[127, 163, 186], [163, 186, 302]
[31, 163, 186], [83, 163, 186]
[31, 163, 186], [58, 163, 186]
[31, 163, 186], [163, 186, 302]
[83, 163, 186], [58, 163, 186]
[83, 163, 186], [163, 186, 302]
[58, 163, 186], [163, 186, 302]
[250, 282, 310], [214, 250, 282]
[250, 282, 310], [282, 310, 311]
[89, 226, 243], [89, 134, 243]
[61, 93, 116], [61, 114, 116]
[61, 93, 116], [61, 116, 232]
[61, 93, 116], [61, 65, 116]
[61, 93, 116], [16, 61, 116]
[61, 114, 116], [61, 116, 232]
[61, 114, 116], [61, 65, 116]
[61, 114, 116], [16, 61, 116]
[61, 116, 232], [61, 65, 116]
[61, 116, 232], [16, 61, 116]
[61, 65, 116], [16, 61, 116]
[21, 155, 167], [21, 22, 155]
[21, 155, 167], [21, 155, 318]
[21, 155, 167], [21, 80, 155]
[21, 155, 167], [21, 153, 155]
[21, 155, 167], [21, 27, 155]
[21, 155, 167], [21, 109, 155]
[21, 22, 155], [21, 155, 318]
[21, 22, 155], [21, 80, 155]
[21, 22, 155], [21, 153, 155]
[21, 22, 155], [21, 27, 155]
[21, 22, 155], [21, 109, 155]
[21, 155, 318], [21, 80, 155]
[21, 155, 318], [21, 153, 155]
[21, 155, 318], [21, 27, 155]
[21, 155, 318], [21, 109, 155]
[21, 80, 155], [21, 153, 155]
[21, 80, 155], [21, 27, 155]
[21, 80, 155], [21, 109, 155]
[21, 153, 155], [21, 27, 155]
[21, 153, 155], [21, 109, 155]
[21, 27, 155], [21, 109, 155]
[21, 155, 167], [21, 167, 169]
[21, 155, 167], [21, 167, 323]
[21, 155, 167], [21, 71, 167]
[21, 155, 167], [21, 22, 167]
[21, 167, 169], [21, 167, 323]
[21, 167, 169], [21, 71, 167]
[21, 167, 169], [21, 22, 167]
[21, 167, 323], [21, 71, 167]
[21, 167, 323], [21, 22, 167]
[21, 71, 167], [21, 22, 167]
[21, 155, 167], [75, 155, 167]
[21, 155, 167], [71, 155, 167]
[21, 155, 167], [26, 155, 167]
[21, 155, 167], [72, 155, 167]
[21, 155, 167], [22, 155, 167]
[75, 155, 167], [71, 155, 167]
[75, 155, 167], [26, 155, 167]
[75, 155, 167], [72, 155, 167]
[75, 155, 167], [22, 155, 167]
[71, 155, 167], [26, 155, 167]
[71, 155, 167], [72, 155, 167]
[71, 155, 167], [22, 155, 167]
[26, 155, 167], [72, 155, 167]
[26, 155, 167], [22, 155, 167]
[72, 155, 167], [22, 155, 167]
[144, 293, 305], [144, 205, 293]
[144, 293, 305], [136, 144, 305]
[144, 293, 305], [144, 273, 305]
[144, 293, 305], [144, 272, 305]
[144, 293, 305], [144, 301, 305]
[136, 144, 305], [144, 273, 305]
[136, 144, 305], [144, 272, 305]
[136, 144, 305], [144, 301, 305]
[144, 273, 305], [144, 272, 305]
[144, 273, 305], [144, 301, 305]
[144, 272, 305], [144, 301, 305]
[144, 293, 305], [281, 293, 305]
[144, 293, 305], [293, 303, 305]
[144, 293, 305], [272, 293, 305]
[144, 293, 305], [142, 293, 305]
[281, 293, 305], [293, 303, 305]
[281, 293, 305], [272, 293, 305]
[281, 293, 305], [142, 293, 305]
[293, 303, 305], [272, 293, 305]
[293, 303, 305], [142, 293, 305]
[272, 293, 305], [142, 293, 305]
[71, 81, 326], [71, 81, 169]
[71, 81, 326], [71, 80, 81]
[71, 81, 326], [71, 81, 128]
[71, 81, 326], [71, 81, 153]
[71, 81, 326], [71, 72, 81]
[71, 81, 326], [71, 81, 194]
[71, 81, 326], [71, 81, 102]
[71, 81, 169], [71, 80, 81]
[71, 81, 169], [71, 81, 128]
[71, 81, 169], [71, 81, 153]
[71, 81, 169], [71, 72, 81]
[71, 81, 169], [71, 81, 194]
[71, 81, 169], [71, 81, 102]
[71, 80, 81], [71, 81, 128]
[71, 80, 81], [71, 81, 153]
[71, 80, 81], [71, 72, 81]
[71, 80, 81], [71, 81, 194]
[71, 80, 81], [71, 81, 102]
[71, 81, 128], [71, 81, 153]
[71, 81, 128], [71, 72, 81]
[71, 81, 128], [71, 81, 194]
[71, 81, 128], [71, 81, 102]
[71, 81, 153], [71, 72, 81]
[71, 81, 153], [71, 81, 194]
[71, 81, 153], [71, 81, 102]
[71, 72, 81], [71, 81, 194]
[71, 72, 81], [71, 81, 102]
[71, 81, 194], [71, 81, 102]
[71, 81, 326], [71, 72, 326]
[31, 178, 302], [31, 176, 178]
[31, 178, 302], [31, 178, 181]
[31, 178, 302], [31, 116, 178]
[31, 178, 302], [31, 178, 266]
[31, 178, 302], [31, 178, 206]
[31, 178, 302], [31, 178, 209]
[31, 178, 302], [31, 108, 178]
[31, 178, 302], [31, 178, 182]
[31, 176, 178], [31, 178, 181]
[31, 176, 178], [31, 116, 178]
[31, 176, 178], [31, 178, 266]
[31, 176, 178], [31, 178, 206]
[31, 176, 178], [31, 178, 209]
[31, 176, 178], [31, 108, 178]
[31, 176, 178], [31, 178, 182]
[31, 178, 181], [31, 116, 178]
[31, 178, 181], [31, 178, 266]
[31, 178, 181], [31, 178, 206]
[31, 178, 181], [31, 178, 209]
[31, 178, 181], [31, 108, 178]
[31, 178, 181], [31, 178, 182]
[31, 116, 178], [31, 178, 266]
[31, 116, 178], [31, 178, 206]
[31, 116, 178], [31, 178, 209]
[31, 116, 178], [31, 108, 178]
[31, 116, 178], [31, 178, 182]
[31, 178, 266], [31, 178, 206]
[31, 178, 266], [31, 178, 209]
[31, 178, 266], [31, 108, 178]
[31, 178, 266], [31, 178, 182]
[31, 178, 206], [31, 178, 209]
[31, 178, 206], [31, 108, 178]
[31, 178, 206], [31, 178, 182]
[31, 178, 209], [31, 108, 178]
[31, 178, 209], [31, 178, 182]
[31, 108, 178], [31, 178, 182]
[31, 178, 302], [31, 176, 302]
[31, 178, 302], [31, 239, 302]
[31, 178, 302], [31, 206, 302]
[31, 178, 302], [31, 116, 302]
[31, 176, 302], [31, 239, 302]
[31, 176, 302], [31, 206, 302]
[31, 176, 302], [31, 116, 302]
[31, 239, 302], [31, 206, 302]
[31, 239, 302], [31, 116, 302]
[31, 206, 302], [31, 116, 302]
[31, 178, 302], [108, 178, 302]
[31, 178, 302], [178, 206, 302]
[31, 178, 302], [176, 178, 302]
[31, 178, 302], [116, 178, 302]
[31, 178, 302], [178, 209, 302]
[108, 178, 302], [178, 206, 302]
[108, 178, 302], [176, 178, 302]
[108, 178, 302], [116, 178, 302]
[108, 178, 302], [178, 209, 302]
[178, 206, 302], [176, 178, 302]
[178, 206, 302], [116, 178, 302]
[178, 206, 302], [178, 209, 302]
[176, 178, 302], [116, 178, 302]
[176, 178, 302], [178, 209, 302]
[116, 178, 302], [178, 209, 302]
[138, 139, 221], [17, 138, 139]
[138, 139, 221], [6, 138, 139]
[138, 139, 221], [138, 139, 321]
[138, 139, 221], [138, 139, 161]
[138, 139, 221], [138, 139, 198]
[138, 139, 221], [138, 139, 191]
[17, 138, 139], [6, 138, 139]
[17, 138, 139], [138, 139, 321]
[17, 138, 139], [138, 139, 161]
[17, 138, 139], [138, 139, 198]
[17, 138, 139], [138, 139, 191]
[6, 138, 139], [138, 139, 321]
[6, 138, 139], [138, 139, 161]
[6, 138, 139], [138, 139, 198]
[6, 138, 139], [138, 139, 191]
[138, 139, 321], [138, 139, 161]
[138, 139, 321], [138, 139, 198]
[138, 139, 321], [138, 139, 191]
[138, 139, 161], [138, 139, 198]
[138, 139, 161], [138, 139, 191]
[138, 139, 198], [138, 139, 191]
[4, 42, 47], [4, 42, 85]
[4, 42, 47], [4, 8, 42]
[4, 42, 85], [4, 8, 42]
[4, 42, 47], [3, 4, 47]
[4, 42, 47], [4, 47, 92]
[4, 42, 47], [4, 47, 94]
[4, 42, 47], [4, 47, 48]
[4, 42, 47], [4, 47, 85]
[4, 42, 47], [4, 8, 47]
[4, 42, 47], [4, 47, 101]
[4, 42, 47], [4, 47, 108]
[3, 4, 47], [4, 47, 92]
[3, 4, 47], [4, 47, 94]
[3, 4, 47], [4, 47, 48]
[3, 4, 47], [4, 47, 85]
[3, 4, 47], [4, 8, 47]
[3, 4, 47], [4, 47, 101]
[3, 4, 47], [4, 47, 108]
[4, 47, 92], [4, 47, 94]
[4, 47, 92], [4, 47, 48]
[4, 47, 92], [4, 47, 85]
[4, 47, 92], [4, 8, 47]
[4, 47, 92], [4, 47, 101]
[4, 47, 92], [4, 47, 108]
[4, 47, 94], [4, 47, 48]
[4, 47, 94], [4, 47, 85]
[4, 47, 94], [4, 8, 47]
[4, 47, 94], [4, 47, 101]
[4, 47, 94], [4, 47, 108]
[4, 47, 48], [4, 47, 85]
[4, 47, 48], [4, 8, 47]
[4, 47, 48], [4, 47, 101]
[4, 47, 48], [4, 47, 108]
[4, 47, 85], [4, 8, 47]
[4, 47, 85], [4, 47, 101]
[4, 47, 85], [4, 47, 108]
[4, 8, 47], [4, 47, 101]
[4, 8, 47], [4, 47, 108]
[4, 47, 101], [4, 47, 108]
[4, 42, 47], [42, 47, 121]
[4, 42, 47], [17, 42, 47]
[4, 42, 47], [42, 47, 107]
[4, 42, 47], [42, 47, 108]
[4, 42, 47], [42, 47, 85]
[4, 42, 47], [8, 42, 47]
[4, 42, 47], [42, 47, 48]
[4, 42, 47], [3, 42, 47]
[4, 42, 47], [7, 42, 47]
[42, 47, 121], [17, 42, 47]
[42, 47, 121], [42, 47, 107]
[42, 47, 121], [42, 47, 108]
[42, 47, 121], [42, 47, 85]
[42, 47, 121], [8, 42, 47]
[42, 47, 121], [42, 47, 48]
[42, 47, 121], [3, 42, 47]
[42, 47, 121], [7, 42, 47]
[17, 42, 47], [42, 47, 107]
[17, 42, 47], [42, 47, 108]
[17, 42, 47], [42, 47, 85]
[17, 42, 47], [8, 42, 47]
[17, 42, 47], [42, 47, 48]
[17, 42, 47], [3, 42, 47]
[17, 42, 47], [7, 42, 47]
[42, 47, 107], [42, 47, 108]
[42, 47, 107], [42, 47, 85]
[42, 47, 107], [8, 42, 47]
[42, 47, 107], [42, 47, 48]
[42, 47, 107], [3, 42, 47]
[42, 47, 107], [7, 42, 47]
[42, 47, 108], [42, 47, 85]
[42, 47, 108], [8, 42, 47]
[42, 47, 108], [42, 47, 48]
[42, 47, 108], [3, 42, 47]
[42, 47, 108], [7, 42, 47]
[42, 47, 85], [8, 42, 47]
[42, 47, 85], [42, 47, 48]
[42, 47, 85], [3, 42, 47]
[42, 47, 85], [7, 42, 47]
[8, 42, 47], [42, 47, 48]
[8, 42, 47], [3, 42, 47]
[8, 42, 47], [7, 42, 47]
[42, 47, 48], [3, 42, 47]
[42, 47, 48], [7, 42, 47]
[3, 42, 47], [7, 42, 47]
[17, 138, 139], [17, 138, 198]
[17, 138, 139], [17, 138, 262]
[17, 138, 139], [17, 138, 184]
[17, 138, 198], [17, 138, 262]
[17, 138, 198], [17, 138, 184]
[17, 138, 262], [17, 138, 184]
[17, 138, 139], [17, 139, 222]
[17, 138, 139], [17, 139, 198]
[17, 139, 222], [17, 139, 198]
[47, 92, 97], [4, 47, 92]
[47, 92, 97], [47, 48, 92]
[4, 47, 92], [47, 48, 92]
[47, 92, 97], [8, 92, 97]
[47, 92, 97], [42, 92, 97]
[47, 92, 97], [4, 92, 97]
[8, 92, 97], [42, 92, 97]
[8, 92, 97], [4, 92, 97]
[42, 92, 97], [4, 92, 97]
[98, 174, 177], [60, 98, 174]
[98, 174, 177], [98, 100, 174]
[98, 174, 177], [98, 174, 195]
[98, 174, 177], [98, 99, 174]
[98, 174, 177], [98, 126, 174]
[98, 174, 177], [63, 98, 174]
[98, 174, 177], [98, 174, 317]
[60, 98, 174], [98, 100, 174]
[60, 98, 174], [98, 174, 195]
[60, 98, 174], [98, 99, 174]
[60, 98, 174], [98, 126, 174]
[60, 98, 174], [63, 98, 174]
[60, 98, 174], [98, 174, 317]
[98, 100, 174], [98, 174, 195]
[98, 100, 174], [98, 99, 174]
[98, 100, 174], [98, 126, 174]
[98, 100, 174], [63, 98, 174]
[98, 100, 174], [98, 174, 317]
[98, 174, 195], [98, 99, 174]
[98, 174, 195], [98, 126, 174]
[98, 174, 195], [63, 98, 174]
[98, 174, 195], [98, 174, 317]
[98, 99, 174], [98, 126, 174]
[98, 99, 174], [63, 98, 174]
[98, 99, 174], [98, 174, 317]
[98, 126, 174], [63, 98, 174]
[98, 126, 174], [98, 174, 317]
[63, 98, 174], [98, 174, 317]
[98, 174, 177], [98, 177, 188]
[98, 174, 177], [98, 177, 187]
[98, 174, 177], [98, 170, 177]
[98, 177, 188], [98, 177, 187]
[98, 177, 188], [98, 170, 177]
[98, 177, 187], [98, 170, 177]
[98, 174, 177], [174, 177, 317]
[98, 174, 177], [126, 174, 177]
[98, 174, 177], [100, 174, 177]
[98, 174, 177], [174, 177, 187]
[98, 174, 177], [174, 177, 180]
[174, 177, 317], [126, 174, 177]
[174, 177, 317], [100, 174, 177]
[174, 177, 317], [174, 177, 187]
[174, 177, 317], [174, 177, 180]
[126, 174, 177], [100, 174, 177]
[126, 174, 177], [174, 177, 187]
[126, 174, 177], [174, 177, 180]
[100, 174, 177], [174, 177, 187]
[100, 174, 177], [174, 177, 180]
[174, 177, 187], [174, 177, 180]
[59, 98, 195], [59, 98, 173]
[59, 98, 195], [59, 195, 317]
[59, 98, 195], [59, 195, 196]
[59, 98, 195], [59, 60, 195]
[59, 98, 195], [49, 59, 195]
[59, 195, 317], [59, 195, 196]
[59, 195, 317], [59, 60, 195]
[59, 195, 317], [49, 59, 195]
[59, 195, 196], [59, 60, 195]
[59, 195, 196], [49, 59, 195]
[59, 60, 195], [49, 59, 195]
[59, 98, 195], [63, 98, 195]
[59, 98, 195], [98, 174, 195]
[59, 98, 195], [98, 99, 195]
[63, 98, 195], [98, 174, 195]
[63, 98, 195], [98, 99, 195]
[98, 174, 195], [98, 99, 195]
[95, 149, 187], [95, 149, 152]
[95, 149, 187], [95, 149, 158]
[95, 149, 187], [72, 95, 149]
[95, 149, 187], [22, 95, 149]
[95, 149, 152], [95, 149, 158]
[95, 149, 152], [72, 95, 149]
[95, 149, 152], [22, 95, 149]
[95, 149, 158], [72, 95, 149]
[95, 149, 158], [22, 95, 149]
[72, 95, 149], [22, 95, 149]
[95, 149, 187], [95, 158, 187]
[95, 149, 187], [49, 95, 187]
[95, 158, 187], [49, 95, 187]
[184, 199, 202], [171, 184, 199]
[184, 199, 202], [159, 184, 199]
[171, 184, 199], [159, 184, 199]
[184, 199, 202], [184, 202, 205]
[184, 199, 202], [159, 199, 202]
[203, 215, 227], [203, 204, 227]
[203, 215, 227], [207, 215, 227]
[71, 81, 169], [72, 81, 169]
[9, 10, 316], [9, 10, 133]
[9, 10, 316], [9, 10, 276]
[9, 10, 316], [9, 10, 11]
[9, 10, 133], [9, 10, 276]
[9, 10, 133], [9, 10, 11]
[9, 10, 276], [9, 10, 11]
[9, 10, 316], [9, 235, 316]
[9, 10, 316], [9, 11, 316]
[9, 10, 316], [9, 305, 316]
[9, 10, 316], [9, 112, 316]
[9, 10, 316], [9, 141, 316]
[9, 10, 316], [9, 142, 316]
[9, 10, 316], [9, 313, 316]
[9, 10, 316], [9, 126, 316]
[9, 10, 316], [9, 303, 316]
[9, 235, 316], [9, 11, 316]
[9, 235, 316], [9, 305, 316]
[9, 235, 316], [9, 112, 316]
[9, 235, 316], [9, 141, 316]
[9, 235, 316], [9, 142, 316]
[9, 235, 316], [9, 313, 316]
[9, 235, 316], [9, 126, 316]
[9, 235, 316], [9, 303, 316]
[9, 11, 316], [9, 305, 316]
[9, 11, 316], [9, 112, 316]
[9, 11, 316], [9, 141, 316]
[9, 11, 316], [9, 142, 316]
[9, 11, 316], [9, 313, 316]
[9, 11, 316], [9, 126, 316]
[9, 11, 316], [9, 303, 316]
[9, 305, 316], [9, 112, 316]
[9, 305, 316], [9, 141, 316]
[9, 305, 316], [9, 142, 316]
[9, 305, 316], [9, 313, 316]
[9, 305, 316], [9, 126, 316]
[9, 305, 316], [9, 303, 316]
[9, 112, 316], [9, 141, 316]
[9, 112, 316], [9, 142, 316]
[9, 112, 316], [9, 313, 316]
[9, 112, 316], [9, 126, 316]
[9, 112, 316], [9, 303, 316]
[9, 141, 316], [9, 142, 316]
[9, 141, 316], [9, 313, 316]
[9, 141, 316], [9, 126, 316]
[9, 141, 316], [9, 303, 316]
[9, 142, 316], [9, 313, 316]
[9, 142, 316], [9, 126, 316]
[9, 142, 316], [9, 303, 316]
[9, 313, 316], [9, 126, 316]
[9, 313, 316], [9, 303, 316]
[9, 126, 316], [9, 303, 316]
[29, 64, 121], [29, 65, 121]
[29, 64, 121], [64, 114, 121]
[29, 64, 121], [64, 117, 121]
[29, 64, 121], [17, 64, 121]
[29, 64, 121], [64, 65, 121]
[64, 114, 121], [64, 117, 121]
[64, 114, 121], [17, 64, 121]
[64, 114, 121], [64, 65, 121]
[64, 117, 121], [17, 64, 121]
[64, 117, 121], [64, 65, 121]
[17, 64, 121], [64, 65, 121]
[58, 175, 186], [58, 77, 175]
[58, 175, 186], [58, 132, 186]
[58, 175, 186], [30, 58, 186]
[58, 175, 186], [58, 163, 186]
[58, 132, 186], [30, 58, 186]
[58, 132, 186], [58, 163, 186]
[30, 58, 186], [58, 163, 186]
[58, 175, 186], [30, 175, 186]
[58, 175, 186], [163, 175, 186]
[58, 175, 186], [57, 175, 186]
[58, 175, 186], [127, 175, 186]
[58, 175, 186], [175, 176, 186]
[30, 175, 186], [163, 175, 186]
[30, 175, 186], [57, 175, 186]
[30, 175, 186], [127, 175, 186]
[30, 175, 186], [175, 176, 186]
[163, 175, 186], [57, 175, 186]
[163, 175, 186], [127, 175, 186]
[163, 175, 186], [175, 176, 186]
[57, 175, 186], [127, 175, 186]
[57, 175, 186], [175, 176, 186]
[127, 175, 186], [175, 176, 186]
[33, 61, 232], [33, 61, 114]
[33, 61, 232], [32, 33, 61]
[33, 61, 232], [33, 61, 64]
[33, 61, 114], [32, 33, 61]
[33, 61, 114], [33, 61, 64]
[32, 33, 61], [33, 61, 64]
[33, 61, 232], [32, 33, 232]
[33, 61, 232], [61, 116, 232]
[33, 61, 232], [61, 65, 232]
[61, 116, 232], [61, 65, 232]
[72, 95, 158], [22, 72, 95]
[72, 95, 158], [72, 95, 149]
[22, 72, 95], [72, 95, 149]
[72, 95, 158], [95, 158, 187]
[72, 95, 158], [95, 158, 275]
[72, 95, 158], [95, 149, 158]
[72, 95, 158], [95, 158, 270]
[72, 95, 158], [95, 158, 159]
[72, 95, 158], [69, 95, 158]
[72, 95, 158], [95, 158, 168]
[72, 95, 158], [95, 158, 164]
[72, 95, 158], [95, 158, 169]
[95, 158, 187], [95, 158, 275]
[95, 158, 187], [95, 149, 158]
[95, 158, 187], [95, 158, 270]
[95, 158, 187], [95, 158, 159]
[95, 158, 187], [69, 95, 158]
[95, 158, 187], [95, 158, 168]
[95, 158, 187], [95, 158, 164]
[95, 158, 187], [95, 158, 169]
[95, 158, 275], [95, 149, 158]
[95, 158, 275], [95, 158, 270]
[95, 158, 275], [95, 158, 159]
[95, 158, 275], [69, 95, 158]
[95, 158, 275], [95, 158, 168]
[95, 158, 275], [95, 158, 164]
[95, 158, 275], [95, 158, 169]
[95, 149, 158], [95, 158, 270]
[95, 149, 158], [95, 158, 159]
[95, 149, 158], [69, 95, 158]
[95, 149, 158], [95, 158, 168]
[95, 149, 158], [95, 158, 164]
[95, 149, 158], [95, 158, 169]
[95, 158, 270], [95, 158, 159]
[95, 158, 270], [69, 95, 158]
[95, 158, 270], [95, 158, 168]
[95, 158, 270], [95, 158, 164]
[95, 158, 270], [95, 158, 169]
[95, 158, 159], [69, 95, 158]
[95, 158, 159], [95, 158, 168]
[95, 158, 159], [95, 158, 164]
[95, 158, 159], [95, 158, 169]
[69, 95, 158], [95, 158, 168]
[69, 95, 158], [95, 158, 164]
[69, 95, 158], [95, 158, 169]
[95, 158, 168], [95, 158, 164]
[95, 158, 168], [95, 158, 169]
[95, 158, 164], [95, 158, 169]
[61, 78, 79], [57, 78, 79]
[61, 78, 79], [78, 79, 220]
[61, 78, 79], [58, 78, 79]
[61, 78, 79], [78, 79, 132]
[61, 78, 79], [78, 79, 178]
[61, 78, 79], [78, 79, 84]
[61, 78, 79], [77, 78, 79]
[61, 78, 79], [78, 79, 210]
[61, 78, 79], [78, 79, 192]
[61, 78, 79], [78, 79, 221]
[61, 78, 79], [78, 79, 206]
[57, 78, 79], [78, 79, 220]
[57, 78, 79], [58, 78, 79]
[57, 78, 79], [78, 79, 132]
[57, 78, 79], [78, 79, 178]
[57, 78, 79], [78, 79, 84]
[57, 78, 79], [77, 78, 79]
[57, 78, 79], [78, 79, 210]
[57, 78, 79], [78, 79, 192]
[57, 78, 79], [78, 79, 221]
[57, 78, 79], [78, 79, 206]
[78, 79, 220], [58, 78, 79]
[78, 79, 220], [78, 79, 132]
[78, 79, 220], [78, 79, 178]
[78, 79, 220], [78, 79, 84]
[78, 79, 220], [77, 78, 79]
[78, 79, 220], [78, 79, 210]
[78, 79, 220], [78, 79, 192]
[78, 79, 220], [78, 79, 221]
[78, 79, 220], [78, 79, 206]
[58, 78, 79], [78, 79, 132]
[58, 78, 79], [78, 79, 178]
[58, 78, 79], [78, 79, 84]
[58, 78, 79], [77, 78, 79]
[58, 78, 79], [78, 79, 210]
[58, 78, 79], [78, 79, 192]
[58, 78, 79], [78, 79, 221]
[58, 78, 79], [78, 79, 206]
[78, 79, 132], [78, 79, 178]
[78, 79, 132], [78, 79, 84]
[78, 79, 132], [77, 78, 79]
[78, 79, 132], [78, 79, 210]
[78, 79, 132], [78, 79, 192]
[78, 79, 132], [78, 79, 221]
[78, 79, 132], [78, 79, 206]
[78, 79, 178], [78, 79, 84]
[78, 79, 178], [77, 78, 79]
[78, 79, 178], [78, 79, 210]
[78, 79, 178], [78, 79, 192]
[78, 79, 178], [78, 79, 221]
[78, 79, 178], [78, 79, 206]
[78, 79, 84], [77, 78, 79]
[78, 79, 84], [78, 79, 210]
[78, 79, 84], [78, 79, 192]
[78, 79, 84], [78, 79, 221]
[78, 79, 84], [78, 79, 206]
[77, 78, 79], [78, 79, 210]
[77, 78, 79], [78, 79, 192]
[77, 78, 79], [78, 79, 221]
[77, 78, 79], [78, 79, 206]
[78, 79, 210], [78, 79, 192]
[78, 79, 210], [78, 79, 221]
[78, 79, 210], [78, 79, 206]
[78, 79, 192], [78, 79, 221]
[78, 79, 192], [78, 79, 206]
[78, 79, 221], [78, 79, 206]
[16, 33, 65], [16, 17, 65]
[16, 33, 65], [16, 61, 65]
[16, 17, 65], [16, 61, 65]
[16, 33, 65], [33, 65, 116]
[16, 33, 65], [33, 64, 65]
[16, 33, 65], [32, 33, 65]
[33, 65, 116], [33, 64, 65]
[33, 65, 116], [32, 33, 65]
[33, 64, 65], [32, 33, 65]
[84, 193, 206], [57, 84, 206]
[299, 301, 305], [258, 299, 305]
[142, 287, 307], [142, 235, 287]
[142, 287, 307], [141, 142, 287]
[142, 287, 307], [142, 144, 287]
[142, 287, 307], [142, 287, 305]
[142, 287, 307], [142, 205, 287]
[142, 287, 307], [142, 178, 287]
[142, 287, 307], [142, 287, 301]
[142, 287, 307], [142, 287, 313]
[142, 287, 307], [142, 281, 287]
[142, 235, 287], [141, 142, 287]
[142, 235, 287], [142, 144, 287]
[142, 235, 287], [142, 287, 305]
[142, 235, 287], [142, 205, 287]
[142, 235, 287], [142, 178, 287]
[142, 235, 287], [142, 287, 301]
[142, 235, 287], [142, 287, 313]
[142, 235, 287], [142, 281, 287]
[141, 142, 287], [142, 144, 287]
[141, 142, 287], [142, 287, 305]
[141, 142, 287], [142, 205, 287]
[141, 142, 287], [142, 178, 287]
[141, 142, 287], [142, 287, 301]
[141, 142, 287], [142, 287, 313]
[141, 142, 287], [142, 281, 287]
[142, 144, 287], [142, 287, 305]
[142, 144, 287], [142, 205, 287]
[142, 144, 287], [142, 178, 287]
[142, 144, 287], [142, 287, 301]
[142, 144, 287], [142, 287, 313]
[142, 144, 287], [142, 281, 287]
[142, 287, 305], [142, 205, 287]
[142, 287, 305], [142, 178, 287]
[142, 287, 305], [142, 287, 301]
[142, 287, 305], [142, 287, 313]
[142, 287, 305], [142, 281, 287]
[142, 205, 287], [142, 178, 287]
[142, 205, 287], [142, 287, 301]
[142, 205, 287], [142, 287, 313]
[142, 205, 287], [142, 281, 287]
[142, 178, 287], [142, 287, 301]
[142, 178, 287], [142, 287, 313]
[142, 178, 287], [142, 281, 287]
[142, 287, 301], [142, 287, 313]
[142, 287, 301], [142, 281, 287]
[142, 287, 313], [142, 281, 287]
[5, 90, 106], [5, 90, 197]
[5, 90, 106], [5, 90, 134]
[5, 90, 197], [5, 90, 134]
[5, 90, 106], [5, 12, 106]
[5, 90, 106], [5, 106, 197]
[5, 90, 106], [5, 89, 106]
[5, 12, 106], [5, 106, 197]
[5, 12, 106], [5, 89, 106]
[5, 106, 197], [5, 89, 106]
[49, 118, 195], [49, 60, 118]
[49, 118, 195], [49, 100, 118]
[49, 118, 195], [49, 118, 196]
[49, 118, 195], [49, 73, 118]
[49, 118, 195], [49, 59, 118]
[49, 60, 118], [49, 100, 118]
[49, 60, 118], [49, 118, 196]
[49, 60, 118], [49, 73, 118]
[49, 60, 118], [49, 59, 118]
[49, 100, 118], [49, 118, 196]
[49, 100, 118], [49, 73, 118]
[49, 100, 118], [49, 59, 118]
[49, 118, 196], [49, 73, 118]
[49, 118, 196], [49, 59, 118]
[49, 73, 118], [49, 59, 118]
[49, 118, 195], [49, 59, 195]
[170, 171, 188], [49, 170, 171]
[170, 171, 188], [73, 170, 171]
[49, 170, 171], [73, 170, 171]
[170, 171, 188], [73, 170, 188]
[170, 171, 188], [170, 188, 194]
[170, 171, 188], [170, 188, 317]
[170, 171, 188], [170, 188, 189]
[170, 171, 188], [59, 170, 188]
[170, 171, 188], [126, 170, 188]
[170, 171, 188], [107, 170, 188]
[170, 171, 188], [170, 177, 188]
[73, 170, 188], [170, 188, 194]
[73, 170, 188], [170, 188, 317]
[73, 170, 188], [170, 188, 189]
[73, 170, 188], [59, 170, 188]
[73, 170, 188], [126, 170, 188]
[73, 170, 188], [107, 170, 188]
[73, 170, 188], [170, 177, 188]
[170, 188, 194], [170, 188, 317]
[170, 188, 194], [170, 188, 189]
[170, 188, 194], [59, 170, 188]
[170, 188, 194], [126, 170, 188]
[170, 188, 194], [107, 170, 188]
[170, 188, 194], [170, 177, 188]
[170, 188, 317], [170, 188, 189]
[170, 188, 317], [59, 170, 188]
[170, 188, 317], [126, 170, 188]
[170, 188, 317], [107, 170, 188]
[170, 188, 317], [170, 177, 188]
[170, 188, 189], [59, 170, 188]
[170, 188, 189], [126, 170, 188]
[170, 188, 189], [107, 170, 188]
[170, 188, 189], [170, 177, 188]
[59, 170, 188], [126, 170, 188]
[59, 170, 188], [107, 170, 188]
[59, 170, 188], [170, 177, 188]
[126, 170, 188], [107, 170, 188]
[126, 170, 188], [170, 177, 188]
[107, 170, 188], [170, 177, 188]
[170, 171, 188], [73, 171, 188]
[170, 171, 188], [59, 171, 188]
[73, 171, 188], [59, 171, 188]
[31, 176, 178], [31, 176, 182]
[31, 176, 178], [31, 116, 176]
[31, 176, 178], [31, 176, 302]
[31, 176, 178], [31, 176, 206]
[31, 176, 178], [31, 176, 209]
[31, 176, 178], [31, 132, 176]
[31, 176, 182], [31, 116, 176]
[31, 176, 182], [31, 176, 302]
[31, 176, 182], [31, 176, 206]
[31, 176, 182], [31, 176, 209]
[31, 176, 182], [31, 132, 176]
[31, 116, 176], [31, 176, 302]
[31, 116, 176], [31, 176, 206]
[31, 116, 176], [31, 176, 209]
[31, 116, 176], [31, 132, 176]
[31, 176, 302], [31, 176, 206]
[31, 176, 302], [31, 176, 209]
[31, 176, 302], [31, 132, 176]
[31, 176, 206], [31, 176, 209]
[31, 176, 206], [31, 132, 176]
[31, 176, 209], [31, 132, 176]
[31, 176, 178], [176, 178, 179]
[31, 176, 178], [88, 176, 178]
[31, 176, 178], [108, 176, 178]
[31, 176, 178], [176, 178, 302]
[31, 176, 178], [116, 176, 178]
[31, 176, 178], [176, 178, 209]
[31, 176, 178], [176, 178, 206]
[31, 176, 178], [176, 178, 182]
[176, 178, 179], [88, 176, 178]
[176, 178, 179], [108, 176, 178]
[176, 178, 179], [176, 178, 302]
[176, 178, 179], [116, 176, 178]
[176, 178, 179], [176, 178, 209]
[176, 178, 179], [176, 178, 206]
[176, 178, 179], [176, 178, 182]
[88, 176, 178], [108, 176, 178]
[88, 176, 178], [176, 178, 302]
[88, 176, 178], [116, 176, 178]
[88, 176, 178], [176, 178, 209]
[88, 176, 178], [176, 178, 206]
[88, 176, 178], [176, 178, 182]
[108, 176, 178], [176, 178, 302]
[108, 176, 178], [116, 176, 178]
[108, 176, 178], [176, 178, 209]
[108, 176, 178], [176, 178, 206]
[108, 176, 178], [176, 178, 182]
[176, 178, 302], [116, 176, 178]
[176, 178, 302], [176, 178, 209]
[176, 178, 302], [176, 178, 206]
[176, 178, 302], [176, 178, 182]
[116, 176, 178], [176, 178, 209]
[116, 176, 178], [176, 178, 206]
[116, 176, 178], [176, 178, 182]
[176, 178, 209], [176, 178, 206]
[176, 178, 209], [176, 178, 182]
[176, 178, 206], [176, 178, 182]
[52, 103, 159], [51, 52, 159]
[52, 103, 159], [52, 159, 314]
[51, 52, 159], [52, 159, 314]
[28, 92, 101], [28, 41, 92]
[28, 92, 101], [28, 85, 92]
[28, 92, 101], [28, 29, 92]
[28, 92, 101], [28, 76, 92]
[28, 92, 101], [28, 92, 107]
[28, 41, 92], [28, 85, 92]
[28, 41, 92], [28, 29, 92]
[28, 41, 92], [28, 76, 92]
[28, 41, 92], [28, 92, 107]
[28, 85, 92], [28, 29, 92]
[28, 85, 92], [28, 76, 92]
[28, 85, 92], [28, 92, 107]
[28, 29, 92], [28, 76, 92]
[28, 29, 92], [28, 92, 107]
[28, 76, 92], [28, 92, 107]
[28, 92, 101], [3, 28, 101]
[28, 92, 101], [28, 32, 101]
[28, 92, 101], [28, 41, 101]
[28, 92, 101], [28, 85, 101]
[28, 92, 101], [28, 91, 101]
[28, 92, 101], [28, 86, 101]
[3, 28, 101], [28, 32, 101]
[3, 28, 101], [28, 41, 101]
[3, 28, 101], [28, 85, 101]
[3, 28, 101], [28, 91, 101]
[3, 28, 101], [28, 86, 101]
[28, 32, 101], [28, 41, 101]
[28, 32, 101], [28, 85, 101]
[28, 32, 101], [28, 91, 101]
[28, 32, 101], [28, 86, 101]
[28, 41, 101], [28, 85, 101]
[28, 41, 101], [28, 91, 101]
[28, 41, 101], [28, 86, 101]
[28, 85, 101], [28, 91, 101]
[28, 85, 101], [28, 86, 101]
[28, 91, 101], [28, 86, 101]
[3, 4, 47], [3, 4, 94]
[3, 4, 47], [3, 42, 47]
[31, 178, 181], [178, 179, 181]
[31, 178, 181], [178, 181, 182]
[178, 179, 181], [178, 181, 182]
[26, 149, 323], [26, 149, 152]
[26, 149, 323], [26, 152, 323]
[26, 149, 323], [71, 149, 323]
[26, 149, 323], [149, 152, 323]
[71, 149, 323], [149, 152, 323]
[111, 124, 277], [111, 135, 277]
[111, 124, 277], [29, 111, 277]
[111, 124, 277], [111, 237, 277]
[111, 124, 277], [111, 252, 277]
[111, 124, 277], [111, 186, 277]
[111, 124, 277], [111, 245, 277]
[111, 124, 277], [111, 236, 277]
[111, 135, 277], [29, 111, 277]
[111, 135, 277], [111, 237, 277]
[111, 135, 277], [111, 252, 277]
[111, 135, 277], [111, 186, 277]
[111, 135, 277], [111, 245, 277]
[111, 135, 277], [111, 236, 277]
[29, 111, 277], [111, 237, 277]
[29, 111, 277], [111, 252, 277]
[29, 111, 277], [111, 186, 277]
[29, 111, 277], [111, 245, 277]
[29, 111, 277], [111, 236, 277]
[111, 237, 277], [111, 252, 277]
[111, 237, 277], [111, 186, 277]
[111, 237, 277], [111, 245, 277]
[111, 237, 277], [111, 236, 277]
[111, 252, 277], [111, 186, 277]
[111, 252, 277], [111, 245, 277]
[111, 252, 277], [111, 236, 277]
[111, 186, 277], [111, 245, 277]
[111, 186, 277], [111, 236, 277]
[111, 245, 277], [111, 236, 277]
[111, 124, 277], [43, 124, 277]
[111, 124, 277], [124, 245, 277]
[111, 124, 277], [14, 124, 277]
[111, 124, 277], [124, 135, 277]
[111, 124, 277], [124, 186, 277]
[43, 124, 277], [124, 245, 277]
[43, 124, 277], [14, 124, 277]
[43, 124, 277], [124, 135, 277]
[43, 124, 277], [124, 186, 277]
[124, 245, 277], [14, 124, 277]
[124, 245, 277], [124, 135, 277]
[124, 245, 277], [124, 186, 277]
[14, 124, 277], [124, 135, 277]
[14, 124, 277], [124, 186, 277]
[124, 135, 277], [124, 186, 277]
[8, 61, 70], [8, 61, 94]
[8, 61, 70], [8, 37, 70]
[8, 61, 70], [8, 48, 70]
[8, 37, 70], [8, 48, 70]
[41, 47, 97], [28, 41, 47]
[41, 47, 97], [41, 76, 97]
[41, 47, 97], [41, 66, 97]
[41, 76, 97], [41, 66, 97]
[9, 112, 113], [9, 112, 228]
[9, 112, 113], [9, 112, 235]
[9, 112, 113], [9, 112, 316]
[9, 112, 113], [9, 11, 112]
[9, 112, 228], [9, 112, 235]
[9, 112, 228], [9, 112, 316]
[9, 112, 228], [9, 11, 112]
[9, 112, 235], [9, 112, 316]
[9, 112, 235], [9, 11, 112]
[9, 112, 316], [9, 11, 112]
[9, 112, 113], [12, 112, 113]
[9, 112, 113], [89, 112, 113]
[9, 112, 113], [112, 113, 298]
[9, 112, 113], [112, 113, 228]
[9, 112, 113], [112, 113, 134]
[9, 112, 113], [18, 112, 113]
[9, 112, 113], [112, 113, 249]
[9, 112, 113], [112, 113, 216]
[12, 112, 113], [89, 112, 113]
[12, 112, 113], [112, 113, 298]
[12, 112, 113], [112, 113, 228]
[12, 112, 113], [112, 113, 134]
[12, 112, 113], [18, 112, 113]
[12, 112, 113], [112, 113, 249]
[12, 112, 113], [112, 113, 216]
[89, 112, 113], [112, 113, 298]
[89, 112, 113], [112, 113, 228]
[89, 112, 113], [112, 113, 134]
[89, 112, 113], [18, 112, 113]
[89, 112, 113], [112, 113, 249]
[89, 112, 113], [112, 113, 216]
[112, 113, 298], [112, 113, 228]
[112, 113, 298], [112, 113, 134]
[112, 113, 298], [18, 112, 113]
[112, 113, 298], [112, 113, 249]
[112, 113, 298], [112, 113, 216]
[112, 113, 228], [112, 113, 134]
[112, 113, 228], [18, 112, 113]
[112, 113, 228], [112, 113, 249]
[112, 113, 228], [112, 113, 216]
[112, 113, 134], [18, 112, 113]
[112, 113, 134], [112, 113, 249]
[112, 113, 134], [112, 113, 216]
[18, 112, 113], [112, 113, 249]
[18, 112, 113], [112, 113, 216]
[112, 113, 249], [112, 113, 216]
[73, 188, 196], [72, 73, 188]
[73, 188, 196], [73, 170, 188]
[73, 188, 196], [73, 171, 188]
[72, 73, 188], [73, 170, 188]
[72, 73, 188], [73, 171, 188]
[73, 170, 188], [73, 171, 188]
[145, 287, 291], [9, 287, 291]
[179, 181, 233], [178, 179, 181]
[179, 181, 233], [175, 179, 181]
[178, 179, 181], [175, 179, 181]
[179, 181, 233], [181, 233, 287]
[203, 254, 326], [203, 207, 254]
[203, 254, 326], [203, 215, 254]
[203, 207, 254], [203, 215, 254]
[203, 254, 326], [203, 207, 326]
[203, 254, 326], [203, 215, 326]
[203, 207, 326], [203, 215, 326]
[203, 254, 326], [215, 254, 326]
[203, 254, 326], [254, 296, 326]
[215, 254, 326], [254, 296, 326]
[25, 102, 103], [25, 102, 167]
[25, 102, 103], [25, 103, 167]
[25, 102, 103], [102, 103, 131]
[25, 102, 103], [80, 102, 103]
[25, 102, 103], [81, 102, 103]
[102, 103, 131], [80, 102, 103]
[102, 103, 131], [81, 102, 103]
[80, 102, 103], [81, 102, 103]
[98, 99, 126], [98, 99, 201]
[98, 99, 126], [63, 98, 99]
[98, 99, 126], [98, 99, 125]
[98, 99, 126], [98, 99, 174]
[98, 99, 126], [98, 99, 195]
[98, 99, 126], [98, 99, 170]
[98, 99, 126], [73, 98, 99]
[98, 99, 201], [63, 98, 99]
[98, 99, 201], [98, 99, 125]
[98, 99, 201], [98, 99, 174]
[98, 99, 201], [98, 99, 195]
[98, 99, 201], [98, 99, 170]
[98, 99, 201], [73, 98, 99]
[63, 98, 99], [98, 99, 125]
[63, 98, 99], [98, 99, 174]
[63, 98, 99], [98, 99, 195]
[63, 98, 99], [98, 99, 170]
[63, 98, 99], [73, 98, 99]
[98, 99, 125], [98, 99, 174]
[98, 99, 125], [98, 99, 195]
[98, 99, 125], [98, 99, 170]
[98, 99, 125], [73, 98, 99]
[98, 99, 174], [98, 99, 195]
[98, 99, 174], [98, 99, 170]
[98, 99, 174], [73, 98, 99]
[98, 99, 195], [98, 99, 170]
[98, 99, 195], [73, 98, 99]
[98, 99, 170], [73, 98, 99]
[98, 99, 126], [98, 126, 320]
[98, 99, 126], [98, 126, 173]
[98, 99, 126], [98, 126, 317]
[98, 99, 126], [98, 126, 174]
[98, 126, 320], [98, 126, 173]
[98, 126, 320], [98, 126, 317]
[98, 126, 320], [98, 126, 174]
[98, 126, 173], [98, 126, 317]
[98, 126, 173], [98, 126, 174]
[98, 126, 317], [98, 126, 174]
[98, 99, 126], [99, 126, 177]
[98, 99, 126], [99, 126, 174]
[99, 126, 177], [99, 126, 174]
[199, 215, 223], [199, 213, 215]
[199, 215, 223], [199, 203, 215]
[199, 213, 215], [199, 203, 215]
[199, 215, 223], [199, 213, 223]
[199, 215, 223], [215, 223, 310]
[145, 166, 172], [145, 172, 293]
[98, 170, 320], [98, 99, 170]
[98, 170, 320], [98, 170, 177]
[98, 99, 170], [98, 170, 177]
[98, 170, 320], [98, 126, 320]
[98, 170, 320], [98, 184, 320]
[98, 126, 320], [98, 184, 320]
[141, 142, 269], [141, 142, 281]
[141, 142, 269], [141, 142, 301]
[141, 142, 269], [141, 142, 287]
[141, 142, 269], [141, 142, 272]
[141, 142, 269], [141, 142, 172]
[141, 142, 281], [141, 142, 301]
[141, 142, 281], [141, 142, 287]
[141, 142, 281], [141, 142, 272]
[141, 142, 281], [141, 142, 172]
[141, 142, 301], [141, 142, 287]
[141, 142, 301], [141, 142, 272]
[141, 142, 301], [141, 142, 172]
[141, 142, 287], [141, 142, 272]
[141, 142, 287], [141, 142, 172]
[141, 142, 272], [141, 142, 172]
[6, 138, 139], [6, 139, 321]
[22, 75, 279], [22, 75, 152]
[22, 75, 279], [22, 75, 81]
[22, 75, 279], [22, 75, 128]
[22, 75, 279], [22, 75, 323]
[22, 75, 279], [22, 75, 93]
[22, 75, 152], [22, 75, 81]
[22, 75, 152], [22, 75, 128]
[22, 75, 152], [22, 75, 323]
[22, 75, 152], [22, 75, 93]
[22, 75, 81], [22, 75, 128]
[22, 75, 81], [22, 75, 323]
[22, 75, 81], [22, 75, 93]
[22, 75, 128], [22, 75, 323]
[22, 75, 128], [22, 75, 93]
[22, 75, 323], [22, 75, 93]
[22, 75, 279], [2, 75, 279]
[22, 75, 279], [71, 75, 279]
[22, 75, 279], [75, 151, 279]
[2, 75, 279], [71, 75, 279]
[2, 75, 279], [75, 151, 279]
[71, 75, 279], [75, 151, 279]
[18, 45, 262], [18, 259, 262]
[18, 45, 262], [18, 222, 262]
[18, 45, 262], [17, 18, 262]
[18, 45, 262], [13, 18, 262]
[18, 45, 262], [18, 20, 262]
[18, 259, 262], [18, 222, 262]
[18, 259, 262], [17, 18, 262]
[18, 259, 262], [13, 18, 262]
[18, 259, 262], [18, 20, 262]
[18, 222, 262], [17, 18, 262]
[18, 222, 262], [13, 18, 262]
[18, 222, 262], [18, 20, 262]
[17, 18, 262], [13, 18, 262]
[17, 18, 262], [18, 20, 262]
[13, 18, 262], [18, 20, 262]
[18, 45, 262], [45, 259, 262]
[21, 22, 155], [21, 22, 187]
[21, 22, 155], [21, 22, 25]
[21, 22, 155], [21, 22, 323]
[21, 22, 155], [21, 22, 95]
[21, 22, 155], [2, 21, 22]
[21, 22, 155], [21, 22, 167]
[21, 22, 155], [21, 22, 39]
[21, 22, 155], [21, 22, 153]
[21, 22, 155], [21, 22, 271]
[21, 22, 155], [21, 22, 128]
[21, 22, 155], [21, 22, 27]
[21, 22, 155], [21, 22, 71]
[21, 22, 155], [21, 22, 159]
[21, 22, 155], [21, 22, 109]
[21, 22, 187], [21, 22, 25]
[21, 22, 187], [21, 22, 323]
[21, 22, 187], [21, 22, 95]
[21, 22, 187], [2, 21, 22]
[21, 22, 187], [21, 22, 167]
[21, 22, 187], [21, 22, 39]
[21, 22, 187], [21, 22, 153]
[21, 22, 187], [21, 22, 271]
[21, 22, 187], [21, 22, 128]
[21, 22, 187], [21, 22, 27]
[21, 22, 187], [21, 22, 71]
[21, 22, 187], [21, 22, 159]
[21, 22, 187], [21, 22, 109]
[21, 22, 25], [21, 22, 323]
[21, 22, 25], [21, 22, 95]
[21, 22, 25], [2, 21, 22]
[21, 22, 25], [21, 22, 167]
[21, 22, 25], [21, 22, 39]
[21, 22, 25], [21, 22, 153]
[21, 22, 25], [21, 22, 271]
[21, 22, 25], [21, 22, 128]
[21, 22, 25], [21, 22, 27]
[21, 22, 25], [21, 22, 71]
[21, 22, 25], [21, 22, 159]
[21, 22, 25], [21, 22, 109]
[21, 22, 323], [21, 22, 95]
[21, 22, 323], [2, 21, 22]
[21, 22, 323], [21, 22, 167]
[21, 22, 323], [21, 22, 39]
[21, 22, 323], [21, 22, 153]
[21, 22, 323], [21, 22, 271]
[21, 22, 323], [21, 22, 128]
[21, 22, 323], [21, 22, 27]
[21, 22, 323], [21, 22, 71]
[21, 22, 323], [21, 22, 159]
[21, 22, 323], [21, 22, 109]
[21, 22, 95], [2, 21, 22]
[21, 22, 95], [21, 22, 167]
[21, 22, 95], [21, 22, 39]
[21, 22, 95], [21, 22, 153]
[21, 22, 95], [21, 22, 271]
[21, 22, 95], [21, 22, 128]
[21, 22, 95], [21, 22, 27]
[21, 22, 95], [21, 22, 71]
[21, 22, 95], [21, 22, 159]
[21, 22, 95], [21, 22, 109]
[2, 21, 22], [21, 22, 167]
[2, 21, 22], [21, 22, 39]
[2, 21, 22], [21, 22, 153]
[2, 21, 22], [21, 22, 271]
[2, 21, 22], [21, 22, 128]
[2, 21, 22], [21, 22, 27]
[2, 21, 22], [21, 22, 71]
[2, 21, 22], [21, 22, 159]
[2, 21, 22], [21, 22, 109]
[21, 22, 167], [21, 22, 39]
[21, 22, 167], [21, 22, 153]
[21, 22, 167], [21, 22, 271]
[21, 22, 167], [21, 22, 128]
[21, 22, 167], [21, 22, 27]
[21, 22, 167], [21, 22, 71]
[21, 22, 167], [21, 22, 159]
[21, 22, 167], [21, 22, 109]
[21, 22, 39], [21, 22, 153]
[21, 22, 39], [21, 22, 271]
[21, 22, 39], [21, 22, 128]
[21, 22, 39], [21, 22, 27]
[21, 22, 39], [21, 22, 71]
[21, 22, 39], [21, 22, 159]
[21, 22, 39], [21, 22, 109]
[21, 22, 153], [21, 22, 271]
[21, 22, 153], [21, 22, 128]
[21, 22, 153], [21, 22, 27]
[21, 22, 153], [21, 22, 71]
[21, 22, 153], [21, 22, 159]
[21, 22, 153], [21, 22, 109]
[21, 22, 271], [21, 22, 128]
[21, 22, 271], [21, 22, 27]
[21, 22, 271], [21, 22, 71]
[21, 22, 271], [21, 22, 159]
[21, 22, 271], [21, 22, 109]
[21, 22, 128], [21, 22, 27]
[21, 22, 128], [21, 22, 71]
[21, 22, 128], [21, 22, 159]
[21, 22, 128], [21, 22, 109]
[21, 22, 27], [21, 22, 71]
[21, 22, 27], [21, 22, 159]
[21, 22, 27], [21, 22, 109]
[21, 22, 71], [21, 22, 159]
[21, 22, 71], [21, 22, 109]
[21, 22, 159], [21, 22, 109]
[21, 22, 155], [1, 22, 155]
[21, 22, 155], [22, 153, 155]
[21, 22, 155], [22, 72, 155]
[21, 22, 155], [22, 27, 155]
[21, 22, 155], [2, 22, 155]
[21, 22, 155], [22, 155, 323]
[21, 22, 155], [22, 102, 155]
[21, 22, 155], [22, 155, 167]
[21, 22, 155], [22, 155, 318]
[1, 22, 155], [22, 153, 155]
[1, 22, 155], [22, 72, 155]
[1, 22, 155], [22, 27, 155]
[1, 22, 155], [2, 22, 155]
[1, 22, 155], [22, 155, 323]
[1, 22, 155], [22, 102, 155]
[1, 22, 155], [22, 155, 167]
[1, 22, 155], [22, 155, 318]
[22, 153, 155], [22, 72, 155]
[22, 153, 155], [22, 27, 155]
[22, 153, 155], [2, 22, 155]
[22, 153, 155], [22, 155, 323]
[22, 153, 155], [22, 102, 155]
[22, 153, 155], [22, 155, 167]
[22, 153, 155], [22, 155, 318]
[22, 72, 155], [22, 27, 155]
[22, 72, 155], [2, 22, 155]
[22, 72, 155], [22, 155, 323]
[22, 72, 155], [22, 102, 155]
[22, 72, 155], [22, 155, 167]
[22, 72, 155], [22, 155, 318]
[22, 27, 155], [2, 22, 155]
[22, 27, 155], [22, 155, 323]
[22, 27, 155], [22, 102, 155]
[22, 27, 155], [22, 155, 167]
[22, 27, 155], [22, 155, 318]
[2, 22, 155], [22, 155, 323]
[2, 22, 155], [22, 102, 155]
[2, 22, 155], [22, 155, 167]
[2, 22, 155], [22, 155, 318]
[22, 155, 323], [22, 102, 155]
[22, 155, 323], [22, 155, 167]
[22, 155, 323], [22, 155, 318]
[22, 102, 155], [22, 155, 167]
[22, 102, 155], [22, 155, 318]
[22, 155, 167], [22, 155, 318]
[49, 177, 188], [49, 72, 177]
[49, 177, 188], [49, 171, 177]
[49, 72, 177], [49, 171, 177]
[73, 160, 170], [73, 160, 196]
[73, 160, 170], [73, 126, 170]
[73, 160, 170], [73, 170, 177]
[73, 160, 170], [73, 170, 188]
[73, 160, 170], [73, 170, 173]
[73, 160, 170], [73, 170, 196]
[73, 160, 170], [73, 170, 171]
[73, 160, 170], [49, 73, 170]
[73, 126, 170], [73, 170, 177]
[73, 126, 170], [73, 170, 188]
[73, 126, 170], [73, 170, 173]
[73, 126, 170], [73, 170, 196]
[73, 126, 170], [73, 170, 171]
[73, 126, 170], [49, 73, 170]
[73, 170, 177], [73, 170, 188]
[73, 170, 177], [73, 170, 173]
[73, 170, 177], [73, 170, 196]
[73, 170, 177], [73, 170, 171]
[73, 170, 177], [49, 73, 170]
[73, 170, 188], [73, 170, 173]
[73, 170, 188], [73, 170, 196]
[73, 170, 188], [73, 170, 171]
[73, 170, 188], [49, 73, 170]
[73, 170, 173], [73, 170, 196]
[73, 170, 173], [73, 170, 171]
[73, 170, 173], [49, 73, 170]
[73, 170, 196], [73, 170, 171]
[73, 170, 196], [49, 73, 170]
[73, 170, 171], [49, 73, 170]
[60, 180, 184], [60, 171, 180]
[60, 180, 184], [60, 184, 201]
[60, 180, 184], [60, 184, 187]
[60, 180, 184], [60, 174, 184]
[60, 180, 184], [49, 60, 184]
[60, 180, 184], [60, 171, 184]
[60, 180, 184], [60, 184, 196]
[60, 180, 184], [60, 73, 184]
[60, 184, 201], [60, 184, 187]
[60, 184, 201], [60, 174, 184]
[60, 184, 201], [49, 60, 184]
[60, 184, 201], [60, 171, 184]
[60, 184, 201], [60, 184, 196]
[60, 184, 201], [60, 73, 184]
[60, 184, 187], [60, 174, 184]
[60, 184, 187], [49, 60, 184]
[60, 184, 187], [60, 171, 184]
[60, 184, 187], [60, 184, 196]
[60, 184, 187], [60, 73, 184]
[60, 174, 184], [49, 60, 184]
[60, 174, 184], [60, 171, 184]
[60, 174, 184], [60, 184, 196]
[60, 174, 184], [60, 73, 184]
[49, 60, 184], [60, 171, 184]
[49, 60, 184], [60, 184, 196]
[49, 60, 184], [60, 73, 184]
[60, 171, 184], [60, 184, 196]
[60, 171, 184], [60, 73, 184]
[60, 184, 196], [60, 73, 184]
[60, 180, 184], [171, 180, 184]
[60, 180, 184], [49, 180, 184]
[171, 180, 184], [49, 180, 184]
[91, 92, 130], [28, 91, 130]
[108, 178, 209], [108, 178, 206]
[108, 178, 209], [108, 178, 191]
[108, 178, 209], [108, 178, 286]
[108, 178, 209], [108, 178, 302]
[108, 178, 209], [108, 176, 178]
[108, 178, 209], [77, 108, 178]
[108, 178, 209], [107, 108, 178]
[108, 178, 209], [31, 108, 178]
[108, 178, 209], [88, 108, 178]
[108, 178, 206], [108, 178, 191]
[108, 178, 206], [108, 178, 286]
[108, 178, 206], [108, 178, 302]
[108, 178, 206], [108, 176, 178]
[108, 178, 206], [77, 108, 178]
[108, 178, 206], [107, 108, 178]
[108, 178, 206], [31, 108, 178]
[108, 178, 206], [88, 108, 178]
[108, 178, 191], [108, 178, 286]
[108, 178, 191], [108, 178, 302]
[108, 178, 191], [108, 176, 178]
[108, 178, 191], [77, 108, 178]
[108, 178, 191], [107, 108, 178]
[108, 178, 191], [31, 108, 178]
[108, 178, 191], [88, 108, 178]
[108, 178, 286], [108, 178, 302]
[108, 178, 286], [108, 176, 178]
[108, 178, 286], [77, 108, 178]
[108, 178, 286], [107, 108, 178]
[108, 178, 286], [31, 108, 178]
[108, 178, 286], [88, 108, 178]
[108, 178, 302], [108, 176, 178]
[108, 178, 302], [77, 108, 178]
[108, 178, 302], [107, 108, 178]
[108, 178, 302], [31, 108, 178]
[108, 178, 302], [88, 108, 178]
[108, 176, 178], [77, 108, 178]
[108, 176, 178], [107, 108, 178]
[108, 176, 178], [31, 108, 178]
[108, 176, 178], [88, 108, 178]
[77, 108, 178], [107, 108, 178]
[77, 108, 178], [31, 108, 178]
[77, 108, 178], [88, 108, 178]
[107, 108, 178], [31, 108, 178]
[107, 108, 178], [88, 108, 178]
[31, 108, 178], [88, 108, 178]
[108, 178, 209], [103, 178, 209]
[108, 178, 209], [178, 191, 209]
[108, 178, 209], [178, 209, 302]
[108, 178, 209], [31, 178, 209]
[108, 178, 209], [178, 206, 209]
[108, 178, 209], [176, 178, 209]
[108, 178, 209], [178, 182, 209]
[108, 178, 209], [178, 209, 323]
[103, 178, 209], [178, 191, 209]
[103, 178, 209], [178, 209, 302]
[103, 178, 209], [31, 178, 209]
[103, 178, 209], [178, 206, 209]
[103, 178, 209], [176, 178, 209]
[103, 178, 209], [178, 182, 209]
[103, 178, 209], [178, 209, 323]
[178, 191, 209], [178, 209, 302]
[178, 191, 209], [31, 178, 209]
[178, 191, 209], [178, 206, 209]
[178, 191, 209], [176, 178, 209]
[178, 191, 209], [178, 182, 209]
[178, 191, 209], [178, 209, 323]
[178, 209, 302], [31, 178, 209]
[178, 209, 302], [178, 206, 209]
[178, 209, 302], [176, 178, 209]
[178, 209, 302], [178, 182, 209]
[178, 209, 302], [178, 209, 323]
[31, 178, 209], [178, 206, 209]
[31, 178, 209], [176, 178, 209]
[31, 178, 209], [178, 182, 209]
[31, 178, 209], [178, 209, 323]
[178, 206, 209], [176, 178, 209]
[178, 206, 209], [178, 182, 209]
[178, 206, 209], [178, 209, 323]
[176, 178, 209], [178, 182, 209]
[176, 178, 209], [178, 209, 323]
[178, 182, 209], [178, 209, 323]
[60, 100, 174], [60, 98, 174]
[60, 100, 174], [60, 99, 174]
[60, 100, 174], [60, 174, 184]
[60, 100, 174], [60, 174, 195]
[60, 98, 174], [60, 99, 174]
[60, 98, 174], [60, 174, 184]
[60, 98, 174], [60, 174, 195]
[60, 99, 174], [60, 174, 184]
[60, 99, 174], [60, 174, 195]
[60, 174, 184], [60, 174, 195]
[134, 219, 298], [106, 134, 219]
[134, 219, 298], [134, 219, 243]
[134, 219, 298], [112, 134, 219]
[134, 219, 298], [134, 218, 219]
[106, 134, 219], [134, 219, 243]
[106, 134, 219], [112, 134, 219]
[106, 134, 219], [134, 218, 219]
[134, 219, 243], [112, 134, 219]
[134, 219, 243], [134, 218, 219]
[112, 134, 219], [134, 218, 219]
[134, 219, 298], [134, 218, 298]
[60, 184, 201], [49, 60, 201]
[7, 8, 107], [7, 66, 107]
[7, 8, 107], [7, 76, 107]
[7, 66, 107], [7, 76, 107]
[69, 158, 164], [69, 95, 158]
[69, 158, 164], [158, 164, 270]
[69, 158, 164], [95, 158, 164]
[158, 164, 270], [95, 158, 164]
[64, 114, 121], [61, 64, 114]
[64, 114, 121], [64, 65, 114]
[64, 114, 121], [64, 114, 116]
[64, 114, 121], [64, 114, 115]
[61, 64, 114], [64, 65, 114]
[61, 64, 114], [64, 114, 116]
[61, 64, 114], [64, 114, 115]
[64, 65, 114], [64, 114, 116]
[64, 65, 114], [64, 114, 115]
[64, 114, 116], [64, 114, 115]
[64, 114, 121], [61, 114, 121]
[205, 258, 269], [133, 205, 269]
[205, 258, 269], [258, 269, 303]
[205, 258, 269], [258, 269, 305]
[258, 269, 303], [258, 269, 305]
[75, 102, 155], [74, 75, 102]
[75, 102, 155], [75, 102, 109]
[75, 102, 155], [75, 102, 151]
[74, 75, 102], [75, 102, 109]
[74, 75, 102], [75, 102, 151]
[75, 102, 109], [75, 102, 151]
[75, 102, 155], [75, 155, 167]
[75, 102, 155], [75, 151, 155]
[75, 102, 155], [75, 149, 155]
[75, 102, 155], [75, 155, 275]
[75, 155, 167], [75, 151, 155]
[75, 155, 167], [75, 149, 155]
[75, 155, 167], [75, 155, 275]
[75, 151, 155], [75, 149, 155]
[75, 151, 155], [75, 155, 275]
[75, 149, 155], [75, 155, 275]
[75, 102, 155], [22, 102, 155]
[58, 78, 132], [58, 78, 79]
[58, 78, 132], [58, 132, 309]
[58, 78, 132], [58, 132, 186]
[58, 78, 132], [58, 132, 163]
[58, 78, 132], [58, 132, 221]
[58, 132, 309], [58, 132, 186]
[58, 132, 309], [58, 132, 163]
[58, 132, 309], [58, 132, 221]
[58, 132, 186], [58, 132, 163]
[58, 132, 186], [58, 132, 221]
[58, 132, 163], [58, 132, 221]
[58, 78, 132], [78, 79, 132]
[26, 152, 323], [26, 149, 152]
[26, 152, 323], [22, 152, 323]
[26, 152, 323], [149, 152, 323]
[22, 152, 323], [149, 152, 323]
[84, 135, 161], [84, 161, 163]
[84, 135, 161], [84, 132, 161]
[84, 135, 161], [57, 84, 161]
[84, 135, 161], [30, 84, 161]
[84, 135, 161], [84, 161, 191]
[84, 161, 163], [84, 132, 161]
[84, 161, 163], [57, 84, 161]
[84, 161, 163], [30, 84, 161]
[84, 161, 163], [84, 161, 191]
[84, 132, 161], [57, 84, 161]
[84, 132, 161], [30, 84, 161]
[84, 132, 161], [84, 161, 191]
[57, 84, 161], [30, 84, 161]
[57, 84, 161], [84, 161, 191]
[30, 84, 161], [84, 161, 191]
[7, 28, 85], [7, 28, 76]
[7, 28, 85], [7, 85, 101]
[7, 28, 85], [7, 85, 92]
[7, 28, 85], [7, 85, 94]
[7, 28, 85], [7, 76, 85]
[7, 85, 101], [7, 85, 92]
[7, 85, 101], [7, 85, 94]
[7, 85, 101], [7, 76, 85]
[7, 85, 92], [7, 85, 94]
[7, 85, 92], [7, 76, 85]
[7, 85, 94], [7, 76, 85]
[7, 28, 85], [28, 76, 85]
[7, 28, 85], [28, 37, 85]
[7, 28, 85], [28, 85, 101]
[7, 28, 85], [28, 85, 92]
[7, 28, 85], [28, 32, 85]
[7, 28, 85], [28, 41, 85]
[7, 28, 85], [28, 85, 107]
[7, 28, 85], [28, 29, 85]
[28, 76, 85], [28, 37, 85]
[28, 76, 85], [28, 85, 101]
[28, 76, 85], [28, 85, 92]
[28, 76, 85], [28, 32, 85]
[28, 76, 85], [28, 41, 85]
[28, 76, 85], [28, 85, 107]
[28, 76, 85], [28, 29, 85]
[28, 37, 85], [28, 85, 101]
[28, 37, 85], [28, 85, 92]
[28, 37, 85], [28, 32, 85]
[28, 37, 85], [28, 41, 85]
[28, 37, 85], [28, 85, 107]
[28, 37, 85], [28, 29, 85]
[28, 85, 101], [28, 85, 92]
[28, 85, 101], [28, 32, 85]
[28, 85, 101], [28, 41, 85]
[28, 85, 101], [28, 85, 107]
[28, 85, 101], [28, 29, 85]
[28, 85, 92], [28, 32, 85]
[28, 85, 92], [28, 41, 85]
[28, 85, 92], [28, 85, 107]
[28, 85, 92], [28, 29, 85]
[28, 32, 85], [28, 41, 85]
[28, 32, 85], [28, 85, 107]
[28, 32, 85], [28, 29, 85]
[28, 41, 85], [28, 85, 107]
[28, 41, 85], [28, 29, 85]
[28, 85, 107], [28, 29, 85]
[4, 32, 115], [4, 32, 130]
[4, 32, 115], [4, 48, 115]
[4, 32, 115], [4, 108, 115]
[4, 48, 115], [4, 108, 115]
[82, 122, 186], [82, 122, 135]
[82, 122, 186], [82, 122, 284]
[82, 122, 186], [82, 122, 245]
[82, 122, 186], [30, 82, 122]
[82, 122, 135], [82, 122, 284]
[82, 122, 135], [82, 122, 245]
[82, 122, 135], [30, 82, 122]
[82, 122, 284], [82, 122, 245]
[82, 122, 284], [30, 82, 122]
[82, 122, 245], [30, 82, 122]
[58, 161, 302], [58, 161, 220]
[58, 161, 302], [57, 58, 161]
[58, 161, 220], [57, 58, 161]
[58, 161, 302], [58, 221, 302]
[58, 161, 302], [58, 209, 302]
[58, 161, 302], [58, 127, 302]
[58, 161, 302], [58, 206, 302]
[58, 221, 302], [58, 209, 302]
[58, 221, 302], [58, 127, 302]
[58, 221, 302], [58, 206, 302]
[58, 209, 302], [58, 127, 302]
[58, 209, 302], [58, 206, 302]
[58, 127, 302], [58, 206, 302]
[31, 209, 266], [31, 178, 266]
[27, 128, 318], [27, 155, 318]
[27, 128, 318], [2, 27, 318]
[27, 128, 318], [22, 27, 318]
[27, 155, 318], [2, 27, 318]
[27, 155, 318], [22, 27, 318]
[2, 27, 318], [22, 27, 318]
[27, 128, 318], [22, 128, 318]
[75, 149, 151], [75, 149, 155]
[75, 149, 151], [75, 149, 167]
[75, 149, 151], [75, 149, 152]
[75, 149, 151], [74, 75, 149]
[75, 149, 155], [75, 149, 167]
[75, 149, 155], [75, 149, 152]
[75, 149, 155], [74, 75, 149]
[75, 149, 167], [75, 149, 152]
[75, 149, 167], [74, 75, 149]
[75, 149, 152], [74, 75, 149]
[75, 149, 151], [74, 75, 151]
[75, 149, 151], [75, 151, 155]
[75, 149, 151], [26, 75, 151]
[75, 149, 151], [75, 102, 151]
[75, 149, 151], [75, 151, 279]
[75, 149, 151], [75, 151, 152]
[74, 75, 151], [75, 151, 155]
[74, 75, 151], [26, 75, 151]
[74, 75, 151], [75, 102, 151]
[74, 75, 151], [75, 151, 279]
[74, 75, 151], [75, 151, 152]
[75, 151, 155], [26, 75, 151]
[75, 151, 155], [75, 102, 151]
[75, 151, 155], [75, 151, 279]
[75, 151, 155], [75, 151, 152]
[26, 75, 151], [75, 102, 151]
[26, 75, 151], [75, 151, 279]
[26, 75, 151], [75, 151, 152]
[75, 102, 151], [75, 151, 279]
[75, 102, 151], [75, 151, 152]
[75, 151, 279], [75, 151, 152]
[9, 281, 303], [9, 281, 293]
[9, 281, 303], [9, 276, 281]
[9, 281, 303], [9, 133, 281]
[9, 281, 293], [9, 276, 281]
[9, 281, 293], [9, 133, 281]
[9, 276, 281], [9, 133, 281]
[9, 281, 303], [9, 280, 303]
[9, 281, 303], [9, 11, 303]
[9, 281, 303], [9, 136, 303]
[9, 281, 303], [9, 235, 303]
[9, 281, 303], [9, 303, 316]
[9, 280, 303], [9, 11, 303]
[9, 280, 303], [9, 136, 303]
[9, 280, 303], [9, 235, 303]
[9, 280, 303], [9, 303, 316]
[9, 11, 303], [9, 136, 303]
[9, 11, 303], [9, 235, 303]
[9, 11, 303], [9, 303, 316]
[9, 136, 303], [9, 235, 303]
[9, 136, 303], [9, 303, 316]
[9, 235, 303], [9, 303, 316]
[9, 281, 303], [280, 281, 303]
[37, 70, 94], [37, 70, 186]
[37, 70, 94], [37, 70, 127]
[37, 70, 94], [37, 70, 83]
[37, 70, 94], [8, 37, 70]
[37, 70, 94], [37, 70, 175]
[37, 70, 94], [37, 41, 70]
[37, 70, 94], [37, 70, 135]
[37, 70, 94], [37, 60, 70]
[37, 70, 186], [37, 70, 127]
[37, 70, 186], [37, 70, 83]
[37, 70, 186], [8, 37, 70]
[37, 70, 186], [37, 70, 175]
[37, 70, 186], [37, 41, 70]
[37, 70, 186], [37, 70, 135]
[37, 70, 186], [37, 60, 70]
[37, 70, 127], [37, 70, 83]
[37, 70, 127], [8, 37, 70]
[37, 70, 127], [37, 70, 175]
[37, 70, 127], [37, 41, 70]
[37, 70, 127], [37, 70, 135]
[37, 70, 127], [37, 60, 70]
[37, 70, 83], [8, 37, 70]
[37, 70, 83], [37, 70, 175]
[37, 70, 83], [37, 41, 70]
[37, 70, 83], [37, 70, 135]
[37, 70, 83], [37, 60, 70]
[8, 37, 70], [37, 70, 175]
[8, 37, 70], [37, 41, 70]
[8, 37, 70], [37, 70, 135]
[8, 37, 70], [37, 60, 70]
[37, 70, 175], [37, 41, 70]
[37, 70, 175], [37, 70, 135]
[37, 70, 175], [37, 60, 70]
[37, 41, 70], [37, 70, 135]
[37, 41, 70], [37, 60, 70]
[37, 70, 135], [37, 60, 70]
[37, 70, 94], [37, 94, 108]
[229, 243, 259], [212, 229, 243]
[229, 243, 259], [229, 243, 295]
[229, 243, 259], [218, 229, 243]
[229, 243, 259], [12, 229, 243]
[229, 243, 259], [45, 229, 243]
[229, 243, 259], [134, 229, 243]
[229, 243, 259], [229, 243, 249]
[229, 243, 259], [229, 243, 298]
[212, 229, 243], [229, 243, 295]
[212, 229, 243], [218, 229, 243]
[212, 229, 243], [12, 229, 243]
[212, 229, 243], [45, 229, 243]
[212, 229, 243], [134, 229, 243]
[212, 229, 243], [229, 243, 249]
[212, 229, 243], [229, 243, 298]
[229, 243, 295], [218, 229, 243]
[229, 243, 295], [12, 229, 243]
[229, 243, 295], [45, 229, 243]
[229, 243, 295], [134, 229, 243]
[229, 243, 295], [229, 243, 249]
[229, 243, 295], [229, 243, 298]
[218, 229, 243], [12, 229, 243]
[218, 229, 243], [45, 229, 243]
[218, 229, 243], [134, 229, 243]
[218, 229, 243], [229, 243, 249]
[218, 229, 243], [229, 243, 298]
[12, 229, 243], [45, 229, 243]
[12, 229, 243], [134, 229, 243]
[12, 229, 243], [229, 243, 249]
[12, 229, 243], [229, 243, 298]
[45, 229, 243], [134, 229, 243]
[45, 229, 243], [229, 243, 249]
[45, 229, 243], [229, 243, 298]
[134, 229, 243], [229, 243, 249]
[134, 229, 243], [229, 243, 298]
[229, 243, 249], [229, 243, 298]
[171, 184, 199], [59, 171, 184]
[171, 184, 199], [171, 180, 184]
[171, 184, 199], [60, 171, 184]
[171, 184, 199], [171, 184, 189]
[59, 171, 184], [171, 180, 184]
[59, 171, 184], [60, 171, 184]
[59, 171, 184], [171, 184, 189]
[171, 180, 184], [60, 171, 184]
[171, 180, 184], [171, 184, 189]
[60, 171, 184], [171, 184, 189]
[98, 177, 188], [60, 98, 188]
[73, 171, 196], [72, 73, 171]
[73, 171, 196], [73, 171, 188]
[73, 171, 196], [73, 170, 171]
[73, 171, 196], [73, 171, 173]
[73, 171, 196], [73, 98, 171]
[72, 73, 171], [73, 171, 188]
[72, 73, 171], [73, 170, 171]
[72, 73, 171], [73, 171, 173]
[72, 73, 171], [73, 98, 171]
[73, 171, 188], [73, 170, 171]
[73, 171, 188], [73, 171, 173]
[73, 171, 188], [73, 98, 171]
[73, 170, 171], [73, 171, 173]
[73, 170, 171], [73, 98, 171]
[73, 171, 173], [73, 98, 171]
[7, 41, 66], [7, 66, 107]
[7, 41, 66], [7, 66, 108]
[7, 41, 66], [7, 66, 97]
[7, 41, 66], [7, 37, 66]
[7, 41, 66], [7, 66, 76]
[7, 66, 107], [7, 66, 108]
[7, 66, 107], [7, 66, 97]
[7, 66, 107], [7, 37, 66]
[7, 66, 107], [7, 66, 76]
[7, 66, 108], [7, 66, 97]
[7, 66, 108], [7, 37, 66]
[7, 66, 108], [7, 66, 76]
[7, 66, 97], [7, 37, 66]
[7, 66, 97], [7, 66, 76]
[7, 37, 66], [7, 66, 76]
[7, 41, 66], [41, 66, 97]
[7, 41, 66], [41, 66, 76]
[41, 66, 97], [41, 66, 76]
[12, 112, 113], [12, 89, 112]
[12, 112, 113], [12, 112, 243]
[12, 89, 112], [12, 112, 243]
[12, 112, 113], [5, 12, 113]
[12, 112, 113], [12, 113, 197]
[5, 12, 113], [12, 113, 197]
[12, 89, 112], [12, 89, 104]
[12, 89, 112], [12, 89, 106]
[12, 89, 112], [5, 12, 89]
[12, 89, 104], [12, 89, 106]
[12, 89, 104], [5, 12, 89]
[12, 89, 106], [5, 12, 89]
[12, 89, 112], [89, 112, 113]
[12, 89, 112], [6, 89, 112]
[12, 89, 112], [89, 104, 112]
[12, 89, 112], [89, 112, 217]
[12, 89, 112], [89, 112, 216]
[89, 112, 113], [6, 89, 112]
[89, 112, 113], [89, 104, 112]
[89, 112, 113], [89, 112, 217]
[89, 112, 113], [89, 112, 216]
[6, 89, 112], [89, 104, 112]
[6, 89, 112], [89, 112, 217]
[6, 89, 112], [89, 112, 216]
[89, 104, 112], [89, 112, 217]
[89, 104, 112], [89, 112, 216]
[89, 112, 217], [89, 112, 216]
[54, 180, 231], [54, 180, 187]
[54, 180, 231], [53, 54, 180]
[54, 180, 187], [53, 54, 180]
[54, 180, 231], [53, 54, 231]
[54, 180, 231], [49, 180, 231]
[54, 180, 231], [180, 187, 231]
[49, 180, 231], [180, 187, 231]
[16, 70, 127], [16, 17, 127]
[16, 70, 127], [70, 114, 127]
[16, 70, 127], [37, 70, 127]
[16, 70, 127], [70, 77, 127]
[16, 70, 127], [70, 127, 175]
[70, 114, 127], [37, 70, 127]
[70, 114, 127], [70, 77, 127]
[70, 114, 127], [70, 127, 175]
[37, 70, 127], [70, 77, 127]
[37, 70, 127], [70, 127, 175]
[70, 77, 127], [70, 127, 175]
[98, 99, 201], [98, 100, 201]
[265, 272, 281], [166, 265, 272]
[265, 272, 281], [144, 265, 272]
[166, 265, 272], [144, 265, 272]
[265, 272, 281], [265, 281, 322]
[265, 272, 281], [172, 265, 281]
[265, 281, 322], [172, 265, 281]
[265, 272, 281], [172, 272, 281]
[265, 272, 281], [145, 272, 281]
[265, 272, 281], [144, 272, 281]
[265, 272, 281], [272, 281, 305]
[172, 272, 281], [145, 272, 281]
[172, 272, 281], [144, 272, 281]
[172, 272, 281], [272, 281, 305]
[145, 272, 281], [144, 272, 281]
[145, 272, 281], [272, 281, 305]
[144, 272, 281], [272, 281, 305]
[141, 142, 281], [142, 281, 313]
[141, 142, 281], [142, 268, 281]
[141, 142, 281], [142, 281, 293]
[141, 142, 281], [142, 281, 305]
[141, 142, 281], [142, 243, 281]
[141, 142, 281], [142, 172, 281]
[141, 142, 281], [89, 142, 281]
[141, 142, 281], [142, 281, 287]
[142, 281, 313], [142, 268, 281]
[142, 281, 313], [142, 281, 293]
[142, 281, 313], [142, 281, 305]
[142, 281, 313], [142, 243, 281]
[142, 281, 313], [142, 172, 281]
[142, 281, 313], [89, 142, 281]
[142, 281, 313], [142, 281, 287]
[142, 268, 281], [142, 281, 293]
[142, 268, 281], [142, 281, 305]
[142, 268, 281], [142, 243, 281]
[142, 268, 281], [142, 172, 281]
[142, 268, 281], [89, 142, 281]
[142, 268, 281], [142, 281, 287]
[142, 281, 293], [142, 281, 305]
[142, 281, 293], [142, 243, 281]
[142, 281, 293], [142, 172, 281]
[142, 281, 293], [89, 142, 281]
[142, 281, 293], [142, 281, 287]
[142, 281, 305], [142, 243, 281]
[142, 281, 305], [142, 172, 281]
[142, 281, 305], [89, 142, 281]
[142, 281, 305], [142, 281, 287]
[142, 243, 281], [142, 172, 281]
[142, 243, 281], [89, 142, 281]
[142, 243, 281], [142, 281, 287]
[142, 172, 281], [89, 142, 281]
[142, 172, 281], [142, 281, 287]
[89, 142, 281], [142, 281, 287]
[32, 107, 232], [3, 32, 107]
[32, 107, 232], [32, 107, 115]
[32, 107, 232], [32, 107, 114]
[3, 32, 107], [32, 107, 115]
[3, 32, 107], [32, 107, 114]
[32, 107, 115], [32, 107, 114]
[32, 107, 232], [32, 33, 232]
[5, 12, 106], [5, 12, 89]
[5, 12, 106], [5, 12, 113]
[5, 12, 106], [5, 12, 105]
[5, 12, 89], [5, 12, 113]
[5, 12, 89], [5, 12, 105]
[5, 12, 113], [5, 12, 105]
[5, 12, 106], [12, 105, 106]
[5, 12, 106], [12, 13, 106]
[5, 12, 106], [12, 89, 106]
[12, 105, 106], [12, 13, 106]
[12, 105, 106], [12, 89, 106]
[12, 13, 106], [12, 89, 106]
[2, 75, 279], [2, 22, 279]
[2, 75, 279], [1, 2, 279]
[2, 75, 279], [2, 271, 279]
[2, 22, 279], [1, 2, 279]
[2, 22, 279], [2, 271, 279]
[1, 2, 279], [2, 271, 279]
[4, 47, 92], [4, 92, 116]
[4, 47, 92], [4, 92, 97]
[4, 47, 92], [4, 92, 94]
[4, 92, 116], [4, 92, 97]
[4, 92, 116], [4, 92, 94]
[4, 92, 97], [4, 92, 94]
[82, 186, 277], [82, 245, 277]
[82, 186, 277], [82, 238, 277]
[82, 186, 277], [82, 163, 277]
[82, 186, 277], [56, 82, 277]
[82, 245, 277], [82, 238, 277]
[82, 245, 277], [82, 163, 277]
[82, 245, 277], [56, 82, 277]
[82, 238, 277], [82, 163, 277]
[82, 238, 277], [56, 82, 277]
[82, 163, 277], [56, 82, 277]
[7, 8, 37], [7, 37, 127]
[7, 8, 37], [7, 37, 76]
[7, 8, 37], [7, 37, 66]
[7, 37, 127], [7, 37, 76]
[7, 37, 127], [7, 37, 66]
[7, 37, 76], [7, 37, 66]
[7, 8, 37], [8, 37, 70]
[7, 8, 37], [8, 37, 127]
[8, 37, 70], [8, 37, 127]
[58, 77, 127], [58, 77, 175]
[58, 77, 127], [58, 77, 163]
[58, 77, 127], [58, 77, 191]
[58, 77, 127], [58, 77, 277]
[58, 77, 127], [58, 77, 178]
[58, 77, 175], [58, 77, 163]
[58, 77, 175], [58, 77, 191]
[58, 77, 175], [58, 77, 277]
[58, 77, 175], [58, 77, 178]
[58, 77, 163], [58, 77, 191]
[58, 77, 163], [58, 77, 277]
[58, 77, 163], [58, 77, 178]
[58, 77, 191], [58, 77, 277]
[58, 77, 191], [58, 77, 178]
[58, 77, 277], [58, 77, 178]
[1, 22, 155], [1, 22, 171]
[1, 22, 155], [1, 2, 22]
[1, 22, 171], [1, 2, 22]
[115, 176, 302], [115, 176, 206]
[115, 176, 302], [64, 115, 176]
[115, 176, 206], [64, 115, 176]
[115, 176, 302], [64, 115, 302]
[115, 176, 302], [31, 176, 302]
[115, 176, 302], [116, 176, 302]
[115, 176, 302], [176, 178, 302]
[115, 176, 302], [176, 206, 302]
[115, 176, 302], [176, 209, 302]
[31, 176, 302], [116, 176, 302]
[31, 176, 302], [176, 178, 302]
[31, 176, 302], [176, 206, 302]
[31, 176, 302], [176, 209, 302]
[116, 176, 302], [176, 178, 302]
[116, 176, 302], [176, 206, 302]
[116, 176, 302], [176, 209, 302]
[176, 178, 302], [176, 206, 302]
[176, 178, 302], [176, 209, 302]
[176, 206, 302], [176, 209, 302]
[50, 59, 184], [50, 59, 73]
[50, 59, 184], [49, 50, 59]
[50, 59, 73], [49, 50, 59]
[50, 59, 184], [59, 118, 184]
[50, 59, 184], [59, 171, 184]
[59, 118, 184], [59, 171, 184]
[142, 235, 287], [141, 235, 287]
[60, 98, 174], [60, 62, 98]
[60, 98, 174], [60, 98, 173]
[60, 98, 174], [60, 98, 188]
[60, 62, 98], [60, 98, 173]
[60, 62, 98], [60, 98, 188]
[60, 98, 173], [60, 98, 188]
[49, 126, 317], [49, 170, 317]
[287, 292, 301], [11, 287, 292]
[287, 292, 301], [265, 287, 292]
[287, 292, 301], [141, 287, 292]
[11, 287, 292], [265, 287, 292]
[11, 287, 292], [141, 287, 292]
[265, 287, 292], [141, 287, 292]
[287, 292, 301], [141, 287, 301]
[287, 292, 301], [142, 287, 301]
[287, 292, 301], [172, 287, 301]
[141, 287, 301], [142, 287, 301]
[141, 287, 301], [172, 287, 301]
[142, 287, 301], [172, 287, 301]
[287, 292, 301], [292, 301, 305]
[287, 292, 301], [217, 292, 301]
[287, 292, 301], [285, 292, 301]
[292, 301, 305], [217, 292, 301]
[292, 301, 305], [285, 292, 301]
[217, 292, 301], [285, 292, 301]
[101, 163, 221], [101, 163, 186]
[22, 49, 187], [21, 22, 187]
[22, 49, 187], [22, 187, 274]
[21, 22, 187], [22, 187, 274]
[22, 49, 187], [49, 187, 196]
[22, 49, 187], [49, 73, 187]
[22, 49, 187], [49, 171, 187]
[22, 49, 187], [49, 174, 187]
[22, 49, 187], [49, 50, 187]
[22, 49, 187], [49, 170, 187]
[22, 49, 187], [49, 187, 231]
[22, 49, 187], [49, 95, 187]
[49, 187, 196], [49, 73, 187]
[49, 187, 196], [49, 171, 187]
[49, 187, 196], [49, 174, 187]
[49, 187, 196], [49, 50, 187]
[49, 187, 196], [49, 170, 187]
[49, 187, 196], [49, 187, 231]
[49, 187, 196], [49, 95, 187]
[49, 73, 187], [49, 171, 187]
[49, 73, 187], [49, 174, 187]
[49, 73, 187], [49, 50, 187]
[49, 73, 187], [49, 170, 187]
[49, 73, 187], [49, 187, 231]
[49, 73, 187], [49, 95, 187]
[49, 171, 187], [49, 174, 187]
[49, 171, 187], [49, 50, 187]
[49, 171, 187], [49, 170, 187]
[49, 171, 187], [49, 187, 231]
[49, 171, 187], [49, 95, 187]
[49, 174, 187], [49, 50, 187]
[49, 174, 187], [49, 170, 187]
[49, 174, 187], [49, 187, 231]
[49, 174, 187], [49, 95, 187]
[49, 50, 187], [49, 170, 187]
[49, 50, 187], [49, 187, 231]
[49, 50, 187], [49, 95, 187]
[49, 170, 187], [49, 187, 231]
[49, 170, 187], [49, 95, 187]
[49, 187, 231], [49, 95, 187]
[5, 113, 134], [5, 19, 113]
[5, 113, 134], [5, 113, 259]
[5, 113, 134], [5, 113, 216]
[5, 113, 134], [5, 18, 113]
[5, 113, 134], [5, 12, 113]
[5, 19, 113], [5, 113, 259]
[5, 19, 113], [5, 113, 216]
[5, 19, 113], [5, 18, 113]
[5, 19, 113], [5, 12, 113]
[5, 113, 259], [5, 113, 216]
[5, 113, 259], [5, 18, 113]
[5, 113, 259], [5, 12, 113]
[5, 113, 216], [5, 18, 113]
[5, 113, 216], [5, 12, 113]
[5, 18, 113], [5, 12, 113]
[5, 113, 134], [5, 90, 134]
[5, 113, 134], [112, 113, 134]
[5, 113, 134], [113, 134, 259]
[5, 113, 134], [89, 113, 134]
[112, 113, 134], [113, 134, 259]
[112, 113, 134], [89, 113, 134]
[113, 134, 259], [89, 113, 134]
[126, 177, 317], [174, 177, 317]
[126, 177, 317], [107, 177, 317]
[126, 177, 317], [170, 177, 317]
[126, 177, 317], [100, 177, 317]
[126, 177, 317], [177, 188, 317]
[126, 177, 317], [177, 317, 320]
[126, 177, 317], [177, 187, 317]
[174, 177, 317], [107, 177, 317]
[174, 177, 317], [170, 177, 317]
[174, 177, 317], [100, 177, 317]
[174, 177, 317], [177, 188, 317]
[174, 177, 317], [177, 317, 320]
[174, 177, 317], [177, 187, 317]
[107, 177, 317], [170, 177, 317]
[107, 177, 317], [100, 177, 317]
[107, 177, 317], [177, 188, 317]
[107, 177, 317], [177, 317, 320]
[107, 177, 317], [177, 187, 317]
[170, 177, 317], [100, 177, 317]
[170, 177, 317], [177, 188, 317]
[170, 177, 317], [177, 317, 320]
[170, 177, 317], [177, 187, 317]
[100, 177, 317], [177, 188, 317]
[100, 177, 317], [177, 317, 320]
[100, 177, 317], [177, 187, 317]
[177, 188, 317], [177, 317, 320]
[177, 188, 317], [177, 187, 317]
[177, 317, 320], [177, 187, 317]
[184, 202, 205], [202, 205, 291]
[184, 202, 205], [141, 202, 205]
[184, 202, 205], [202, 205, 258]
[184, 202, 205], [202, 205, 265]
[184, 202, 205], [172, 202, 205]
[184, 202, 205], [159, 202, 205]
[202, 205, 291], [141, 202, 205]
[202, 205, 291], [202, 205, 258]
[202, 205, 291], [202, 205, 265]
[202, 205, 291], [172, 202, 205]
[202, 205, 291], [159, 202, 205]
[141, 202, 205], [202, 205, 258]
[141, 202, 205], [202, 205, 265]
[141, 202, 205], [172, 202, 205]
[141, 202, 205], [159, 202, 205]
[202, 205, 258], [202, 205, 265]
[202, 205, 258], [172, 202, 205]
[202, 205, 258], [159, 202, 205]
[202, 205, 265], [172, 202, 205]
[202, 205, 265], [159, 202, 205]
[172, 202, 205], [159, 202, 205]
[108, 178, 206], [108, 176, 206]
[108, 178, 206], [107, 108, 206]
[108, 176, 206], [107, 108, 206]
[108, 178, 206], [178, 206, 302]
[108, 178, 206], [31, 178, 206]
[108, 178, 206], [178, 206, 209]
[108, 178, 206], [176, 178, 206]
[178, 206, 302], [31, 178, 206]
[178, 206, 302], [178, 206, 209]
[178, 206, 302], [176, 178, 206]
[31, 178, 206], [178, 206, 209]
[31, 178, 206], [176, 178, 206]
[178, 206, 209], [176, 178, 206]
[77, 127, 175], [77, 163, 175]
[77, 127, 175], [58, 77, 175]
[77, 127, 175], [77, 175, 181]
[77, 163, 175], [58, 77, 175]
[77, 163, 175], [77, 175, 181]
[58, 77, 175], [77, 175, 181]
[141, 142, 301], [141, 301, 307]
[141, 142, 301], [141, 287, 301]
[141, 301, 307], [141, 287, 301]
[141, 142, 301], [142, 301, 313]
[141, 142, 301], [142, 287, 301]
[142, 301, 313], [142, 287, 301]
[31, 116, 178], [31, 116, 176]
[31, 116, 178], [31, 116, 302]
[31, 116, 176], [31, 116, 302]
[31, 116, 178], [116, 178, 302]
[31, 116, 178], [116, 176, 178]
[116, 178, 302], [116, 176, 178]
[21, 155, 318], [21, 318, 323]
[21, 155, 318], [27, 155, 318]
[21, 155, 318], [22, 155, 318]
[27, 155, 318], [22, 155, 318]
[115, 176, 206], [31, 176, 206]
[115, 176, 206], [176, 206, 302]
[115, 176, 206], [108, 176, 206]
[115, 176, 206], [176, 178, 206]
[115, 176, 206], [176, 206, 209]
[31, 176, 206], [176, 206, 302]
[31, 176, 206], [108, 176, 206]
[31, 176, 206], [176, 178, 206]
[31, 176, 206], [176, 206, 209]
[176, 206, 302], [108, 176, 206]
[176, 206, 302], [176, 178, 206]
[176, 206, 302], [176, 206, 209]
[108, 176, 206], [176, 178, 206]
[108, 176, 206], [176, 206, 209]
[176, 178, 206], [176, 206, 209]
[88, 238, 261], [88, 232, 261]
[88, 238, 261], [88, 239, 261]
[88, 232, 261], [88, 239, 261]
[88, 238, 261], [238, 239, 261]
[13, 259, 262], [13, 18, 262]
[13, 259, 262], [13, 222, 262]
[13, 259, 262], [13, 226, 262]
[13, 18, 262], [13, 222, 262]
[13, 18, 262], [13, 226, 262]
[13, 222, 262], [13, 226, 262]
[13, 259, 262], [18, 259, 262]
[13, 259, 262], [45, 259, 262]
[18, 259, 262], [45, 259, 262]
[77, 78, 221], [57, 77, 78]
[77, 78, 221], [77, 78, 79]
[77, 78, 221], [77, 78, 193]
[77, 78, 221], [77, 78, 163]
[77, 78, 221], [77, 78, 84]
[77, 78, 221], [77, 78, 192]
[57, 77, 78], [77, 78, 79]
[57, 77, 78], [77, 78, 193]
[57, 77, 78], [77, 78, 163]
[57, 77, 78], [77, 78, 84]
[57, 77, 78], [77, 78, 192]
[77, 78, 79], [77, 78, 193]
[77, 78, 79], [77, 78, 163]
[77, 78, 79], [77, 78, 84]
[77, 78, 79], [77, 78, 192]
[77, 78, 193], [77, 78, 163]
[77, 78, 193], [77, 78, 84]
[77, 78, 193], [77, 78, 192]
[77, 78, 163], [77, 78, 84]
[77, 78, 163], [77, 78, 192]
[77, 78, 84], [77, 78, 192]
[77, 78, 221], [78, 79, 221]
[77, 78, 221], [78, 221, 309]
[78, 79, 221], [78, 221, 309]
[36, 38, 116], [17, 36, 116]
[66, 85, 92], [66, 85, 108]
[66, 85, 92], [66, 85, 129]
[66, 85, 108], [66, 85, 129]
[66, 85, 92], [66, 92, 108]
[66, 85, 92], [28, 85, 92]
[66, 85, 92], [41, 85, 92]
[66, 85, 92], [76, 85, 92]
[66, 85, 92], [7, 85, 92]
[28, 85, 92], [41, 85, 92]
[28, 85, 92], [76, 85, 92]
[28, 85, 92], [7, 85, 92]
[41, 85, 92], [76, 85, 92]
[41, 85, 92], [7, 85, 92]
[76, 85, 92], [7, 85, 92]
[61, 64, 115], [64, 115, 176]
[61, 64, 115], [64, 115, 116]
[61, 64, 115], [33, 64, 115]
[61, 64, 115], [32, 64, 115]
[61, 64, 115], [64, 115, 117]
[61, 64, 115], [64, 65, 115]
[61, 64, 115], [64, 114, 115]
[61, 64, 115], [64, 115, 302]
[64, 115, 176], [64, 115, 116]
[64, 115, 176], [33, 64, 115]
[64, 115, 176], [32, 64, 115]
[64, 115, 176], [64, 115, 117]
[64, 115, 176], [64, 65, 115]
[64, 115, 176], [64, 114, 115]
[64, 115, 176], [64, 115, 302]
[64, 115, 116], [33, 64, 115]
[64, 115, 116], [32, 64, 115]
[64, 115, 116], [64, 115, 117]
[64, 115, 116], [64, 65, 115]
[64, 115, 116], [64, 114, 115]
[64, 115, 116], [64, 115, 302]
[33, 64, 115], [32, 64, 115]
[33, 64, 115], [64, 115, 117]
[33, 64, 115], [64, 65, 115]
[33, 64, 115], [64, 114, 115]
[33, 64, 115], [64, 115, 302]
[32, 64, 115], [64, 115, 117]
[32, 64, 115], [64, 65, 115]
[32, 64, 115], [64, 114, 115]
[32, 64, 115], [64, 115, 302]
[64, 115, 117], [64, 65, 115]
[64, 115, 117], [64, 114, 115]
[64, 115, 117], [64, 115, 302]
[64, 65, 115], [64, 114, 115]
[64, 65, 115], [64, 115, 302]
[64, 114, 115], [64, 115, 302]
[51, 173, 260], [51, 173, 196]
[51, 173, 260], [51, 73, 173]
[51, 173, 260], [51, 173, 314]
[51, 173, 260], [22, 51, 173]
[51, 173, 196], [51, 73, 173]
[51, 173, 196], [51, 173, 314]
[51, 173, 196], [22, 51, 173]
[51, 73, 173], [51, 173, 314]
[51, 73, 173], [22, 51, 173]
[51, 173, 314], [22, 51, 173]
[51, 173, 260], [51, 196, 260]
[51, 173, 260], [173, 260, 314]
[51, 173, 260], [173, 196, 260]
[173, 260, 314], [173, 196, 260]
[5, 112, 259], [5, 104, 112]
[5, 112, 259], [5, 112, 197]
[5, 112, 259], [5, 112, 216]
[5, 112, 259], [5, 6, 112]
[5, 104, 112], [5, 112, 197]
[5, 104, 112], [5, 112, 216]
[5, 104, 112], [5, 6, 112]
[5, 112, 197], [5, 112, 216]
[5, 112, 197], [5, 6, 112]
[5, 112, 216], [5, 6, 112]
[5, 112, 259], [5, 113, 259]
[5, 112, 259], [5, 216, 259]
[5, 113, 259], [5, 216, 259]
[5, 112, 259], [13, 112, 259]
[172, 272, 281], [172, 268, 281]
[172, 272, 281], [172, 202, 281]
[172, 272, 281], [172, 265, 281]
[172, 272, 281], [89, 172, 281]
[172, 272, 281], [142, 172, 281]
[172, 272, 281], [11, 172, 281]
[172, 268, 281], [172, 202, 281]
[172, 268, 281], [172, 265, 281]
[172, 268, 281], [89, 172, 281]
[172, 268, 281], [142, 172, 281]
[172, 268, 281], [11, 172, 281]
[172, 202, 281], [172, 265, 281]
[172, 202, 281], [89, 172, 281]
[172, 202, 281], [142, 172, 281]
[172, 202, 281], [11, 172, 281]
[172, 265, 281], [89, 172, 281]
[172, 265, 281], [142, 172, 281]
[172, 265, 281], [11, 172, 281]
[89, 172, 281], [142, 172, 281]
[89, 172, 281], [11, 172, 281]
[142, 172, 281], [11, 172, 281]
[215, 234, 256], [203, 215, 234]
[215, 234, 256], [203, 215, 256]
[215, 234, 256], [208, 215, 256]
[203, 215, 256], [208, 215, 256]
[215, 234, 256], [207, 234, 256]
[215, 234, 256], [223, 234, 256]
[207, 234, 256], [223, 234, 256]
[36, 38, 181], [36, 181, 220]
[144, 258, 299], [258, 288, 299]
[144, 258, 299], [258, 299, 305]
[144, 258, 299], [205, 258, 299]
[144, 258, 299], [258, 280, 299]
[258, 288, 299], [258, 299, 305]
[258, 288, 299], [205, 258, 299]
[258, 288, 299], [258, 280, 299]
[258, 299, 305], [205, 258, 299]
[258, 299, 305], [258, 280, 299]
[205, 258, 299], [258, 280, 299]
[6, 112, 219], [6, 18, 219]
[6, 112, 219], [112, 219, 243]
[6, 112, 219], [112, 218, 219]
[6, 112, 219], [112, 134, 219]
[6, 112, 219], [18, 112, 219]
[112, 219, 243], [112, 218, 219]
[112, 219, 243], [112, 134, 219]
[112, 219, 243], [18, 112, 219]
[112, 218, 219], [112, 134, 219]
[112, 218, 219], [18, 112, 219]
[112, 134, 219], [18, 112, 219]
[12, 197, 249], [12, 113, 197]
[12, 197, 249], [113, 197, 249]
[72, 126, 173], [72, 126, 171]
[72, 126, 173], [72, 73, 126]
[72, 126, 171], [72, 73, 126]
[72, 126, 173], [72, 73, 173]
[72, 126, 173], [98, 126, 173]
[72, 126, 173], [126, 170, 173]
[98, 126, 173], [126, 170, 173]
[25, 26, 93], [25, 26, 109]
[25, 26, 93], [25, 26, 71]
[25, 26, 109], [25, 26, 71]
[25, 26, 93], [25, 71, 93]
[25, 26, 93], [25, 40, 93]
[25, 71, 93], [25, 40, 93]
[25, 26, 93], [26, 39, 93]
[6, 139, 321], [138, 139, 321]
[25, 103, 167], [25, 167, 323]
[25, 103, 167], [25, 149, 167]
[25, 103, 167], [25, 152, 167]
[25, 103, 167], [25, 153, 167]
[25, 103, 167], [25, 102, 167]
[25, 167, 323], [25, 149, 167]
[25, 167, 323], [25, 152, 167]
[25, 167, 323], [25, 153, 167]
[25, 167, 323], [25, 102, 167]
[25, 149, 167], [25, 152, 167]
[25, 149, 167], [25, 153, 167]
[25, 149, 167], [25, 102, 167]
[25, 152, 167], [25, 153, 167]
[25, 152, 167], [25, 102, 167]
[25, 153, 167], [25, 102, 167]
[71, 72, 196], [72, 73, 196]
[59, 118, 184], [59, 118, 177]
[59, 118, 184], [49, 59, 118]
[59, 118, 177], [49, 59, 118]
[112, 216, 298], [112, 216, 228]
[112, 216, 298], [112, 216, 262]
[112, 216, 298], [5, 112, 216]
[112, 216, 298], [112, 216, 217]
[112, 216, 298], [6, 112, 216]
[112, 216, 298], [112, 113, 216]
[112, 216, 298], [89, 112, 216]
[112, 216, 228], [112, 216, 262]
[112, 216, 228], [5, 112, 216]
[112, 216, 228], [112, 216, 217]
[112, 216, 228], [6, 112, 216]
[112, 216, 228], [112, 113, 216]
[112, 216, 228], [89, 112, 216]
[112, 216, 262], [5, 112, 216]
[112, 216, 262], [112, 216, 217]
[112, 216, 262], [6, 112, 216]
[112, 216, 262], [112, 113, 216]
[112, 216, 262], [89, 112, 216]
[5, 112, 216], [112, 216, 217]
[5, 112, 216], [6, 112, 216]
[5, 112, 216], [112, 113, 216]
[5, 112, 216], [89, 112, 216]
[112, 216, 217], [6, 112, 216]
[112, 216, 217], [112, 113, 216]
[112, 216, 217], [89, 112, 216]
[6, 112, 216], [112, 113, 216]
[6, 112, 216], [89, 112, 216]
[112, 113, 216], [89, 112, 216]
[112, 216, 298], [112, 113, 298]
[112, 216, 298], [6, 112, 298]
[112, 216, 298], [112, 251, 298]
[112, 113, 298], [6, 112, 298]
[112, 113, 298], [112, 251, 298]
[6, 112, 298], [112, 251, 298]
[112, 216, 298], [6, 216, 298]
[58, 161, 220], [58, 84, 220]
[58, 161, 220], [57, 58, 220]
[58, 84, 220], [57, 58, 220]
[58, 161, 220], [161, 220, 221]
[92, 101, 107], [94, 101, 107]
[92, 101, 107], [85, 101, 107]
[94, 101, 107], [85, 101, 107]
[9, 280, 303], [280, 281, 303]
[272, 285, 301], [136, 272, 285]
[272, 285, 301], [272, 285, 305]
[272, 285, 301], [272, 273, 285]
[136, 272, 285], [272, 285, 305]
[136, 272, 285], [272, 273, 285]
[272, 285, 305], [272, 273, 285]
[272, 285, 301], [144, 272, 301]
[272, 285, 301], [272, 301, 305]
[144, 272, 301], [272, 301, 305]
[272, 285, 301], [285, 292, 301]
[272, 285, 301], [273, 285, 301]
[285, 292, 301], [273, 285, 301]
[212, 229, 243], [134, 212, 229]
[142, 202, 305], [142, 281, 305]
[142, 202, 305], [142, 287, 305]
[142, 202, 305], [9, 142, 305]
[142, 202, 305], [142, 268, 305]
[142, 202, 305], [142, 300, 305]
[142, 202, 305], [142, 272, 305]
[142, 202, 305], [142, 305, 313]
[142, 202, 305], [142, 293, 305]
[142, 202, 305], [136, 142, 305]
[142, 281, 305], [142, 287, 305]
[142, 281, 305], [9, 142, 305]
[142, 281, 305], [142, 268, 305]
[142, 281, 305], [142, 300, 305]
[142, 281, 305], [142, 272, 305]
[142, 281, 305], [142, 305, 313]
[142, 281, 305], [142, 293, 305]
[142, 281, 305], [136, 142, 305]
[142, 287, 305], [9, 142, 305]
[142, 287, 305], [142, 268, 305]
[142, 287, 305], [142, 300, 305]
[142, 287, 305], [142, 272, 305]
[142, 287, 305], [142, 305, 313]
[142, 287, 305], [142, 293, 305]
[142, 287, 305], [136, 142, 305]
[9, 142, 305], [142, 268, 305]
[9, 142, 305], [142, 300, 305]
[9, 142, 305], [142, 272, 305]
[9, 142, 305], [142, 305, 313]
[9, 142, 305], [142, 293, 305]
[9, 142, 305], [136, 142, 305]
[142, 268, 305], [142, 300, 305]
[142, 268, 305], [142, 272, 305]
[142, 268, 305], [142, 305, 313]
[142, 268, 305], [142, 293, 305]
[142, 268, 305], [136, 142, 305]
[142, 300, 305], [142, 272, 305]
[142, 300, 305], [142, 305, 313]
[142, 300, 305], [142, 293, 305]
[142, 300, 305], [136, 142, 305]
[142, 272, 305], [142, 305, 313]
[142, 272, 305], [142, 293, 305]
[142, 272, 305], [136, 142, 305]
[142, 305, 313], [142, 293, 305]
[142, 305, 313], [136, 142, 305]
[142, 293, 305], [136, 142, 305]
[145, 166, 305], [145, 269, 305]
[17, 138, 198], [138, 161, 198]
[17, 138, 198], [138, 139, 198]
[17, 138, 198], [138, 198, 262]
[138, 161, 198], [138, 139, 198]
[138, 161, 198], [138, 198, 262]
[138, 139, 198], [138, 198, 262]
[13, 107, 108], [13, 47, 107]
[13, 107, 108], [13, 78, 108]
[13, 107, 108], [13, 108, 259]
[13, 78, 108], [13, 108, 259]
[175, 261, 302], [175, 239, 261]
[175, 261, 302], [83, 175, 302]
[75, 155, 167], [75, 152, 167]
[75, 155, 167], [75, 149, 167]
[75, 152, 167], [75, 149, 167]
[28, 76, 85], [41, 76, 85]
[28, 76, 85], [76, 85, 91]
[28, 76, 85], [29, 76, 85]
[28, 76, 85], [76, 85, 94]
[28, 76, 85], [76, 85, 92]
[28, 76, 85], [47, 76, 85]
[28, 76, 85], [7, 76, 85]
[41, 76, 85], [76, 85, 91]
[41, 76, 85], [29, 76, 85]
[41, 76, 85], [76, 85, 94]
[41, 76, 85], [76, 85, 92]
[41, 76, 85], [47, 76, 85]
[41, 76, 85], [7, 76, 85]
[76, 85, 91], [29, 76, 85]
[76, 85, 91], [76, 85, 94]
[76, 85, 91], [76, 85, 92]
[76, 85, 91], [47, 76, 85]
[76, 85, 91], [7, 76, 85]
[29, 76, 85], [76, 85, 94]
[29, 76, 85], [76, 85, 92]
[29, 76, 85], [47, 76, 85]
[29, 76, 85], [7, 76, 85]
[76, 85, 94], [76, 85, 92]
[76, 85, 94], [47, 76, 85]
[76, 85, 94], [7, 76, 85]
[76, 85, 92], [47, 76, 85]
[76, 85, 92], [7, 76, 85]
[47, 76, 85], [7, 76, 85]
[14, 15, 135], [14, 15, 312]
[14, 15, 135], [14, 15, 43]
[14, 15, 312], [14, 15, 43]
[14, 15, 135], [14, 124, 135]
[14, 15, 135], [14, 135, 312]
[14, 15, 135], [14, 135, 186]
[14, 124, 135], [14, 135, 312]
[14, 124, 135], [14, 135, 186]
[14, 135, 312], [14, 135, 186]
[14, 15, 135], [15, 135, 312]
[14, 15, 135], [15, 123, 135]
[14, 15, 135], [15, 135, 247]
[14, 15, 135], [15, 43, 135]
[14, 15, 135], [15, 56, 135]
[15, 135, 312], [15, 123, 135]
[15, 135, 312], [15, 135, 247]
[15, 135, 312], [15, 43, 135]
[15, 135, 312], [15, 56, 135]
[15, 123, 135], [15, 135, 247]
[15, 123, 135], [15, 43, 135]
[15, 123, 135], [15, 56, 135]
[15, 135, 247], [15, 43, 135]
[15, 135, 247], [15, 56, 135]
[15, 43, 135], [15, 56, 135]
[55, 135, 225], [55, 122, 135]
[55, 135, 225], [55, 135, 246]
[55, 135, 225], [55, 56, 135]
[55, 135, 225], [55, 111, 135]
[55, 135, 225], [55, 135, 277]
[55, 122, 135], [55, 135, 246]
[55, 122, 135], [55, 56, 135]
[55, 122, 135], [55, 111, 135]
[55, 122, 135], [55, 135, 277]
[55, 135, 246], [55, 56, 135]
[55, 135, 246], [55, 111, 135]
[55, 135, 246], [55, 135, 277]
[55, 56, 135], [55, 111, 135]
[55, 56, 135], [55, 135, 277]
[55, 111, 135], [55, 135, 277]
[55, 135, 225], [55, 87, 225]
[55, 135, 225], [135, 225, 286]
[145, 272, 281], [145, 166, 272]
[145, 272, 281], [136, 145, 272]
[145, 272, 281], [145, 269, 272]
[145, 166, 272], [136, 145, 272]
[145, 166, 272], [145, 269, 272]
[136, 145, 272], [145, 269, 272]
[89, 134, 229], [89, 134, 243]
[89, 134, 229], [89, 134, 249]
[89, 134, 229], [6, 89, 134]
[89, 134, 229], [89, 134, 230]
[89, 134, 229], [89, 134, 228]
[89, 134, 229], [89, 90, 134]
[89, 134, 229], [89, 113, 134]
[89, 134, 243], [89, 134, 249]
[89, 134, 243], [6, 89, 134]
[89, 134, 243], [89, 134, 230]
[89, 134, 243], [89, 134, 228]
[89, 134, 243], [89, 90, 134]
[89, 134, 243], [89, 113, 134]
[89, 134, 249], [6, 89, 134]
[89, 134, 249], [89, 134, 230]
[89, 134, 249], [89, 134, 228]
[89, 134, 249], [89, 90, 134]
[89, 134, 249], [89, 113, 134]
[6, 89, 134], [89, 134, 230]
[6, 89, 134], [89, 134, 228]
[6, 89, 134], [89, 90, 134]
[6, 89, 134], [89, 113, 134]
[89, 134, 230], [89, 134, 228]
[89, 134, 230], [89, 90, 134]
[89, 134, 230], [89, 113, 134]
[89, 134, 228], [89, 90, 134]
[89, 134, 228], [89, 113, 134]
[89, 90, 134], [89, 113, 134]
[89, 134, 229], [134, 229, 243]
[89, 134, 229], [6, 134, 229]
[89, 134, 229], [134, 212, 229]
[89, 134, 229], [105, 134, 229]
[89, 134, 229], [12, 134, 229]
[134, 229, 243], [6, 134, 229]
[134, 229, 243], [134, 212, 229]
[134, 229, 243], [105, 134, 229]
[134, 229, 243], [12, 134, 229]
[6, 134, 229], [134, 212, 229]
[6, 134, 229], [105, 134, 229]
[6, 134, 229], [12, 134, 229]
[134, 212, 229], [105, 134, 229]
[134, 212, 229], [12, 134, 229]
[105, 134, 229], [12, 134, 229]
[43, 124, 277], [14, 43, 124]
[43, 124, 277], [43, 186, 277]
[207, 254, 296], [203, 207, 254]
[207, 254, 296], [36, 207, 254]
[207, 254, 296], [207, 215, 254]
[203, 207, 254], [36, 207, 254]
[203, 207, 254], [207, 215, 254]
[36, 207, 254], [207, 215, 254]
[207, 254, 296], [207, 213, 296]
[207, 254, 296], [207, 249, 296]
[207, 254, 296], [207, 208, 296]
[207, 254, 296], [207, 234, 296]
[207, 254, 296], [207, 256, 296]
[207, 254, 296], [207, 296, 326]
[207, 213, 296], [207, 249, 296]
[207, 213, 296], [207, 208, 296]
[207, 213, 296], [207, 234, 296]
[207, 213, 296], [207, 256, 296]
[207, 213, 296], [207, 296, 326]
[207, 249, 296], [207, 208, 296]
[207, 249, 296], [207, 234, 296]
[207, 249, 296], [207, 256, 296]
[207, 249, 296], [207, 296, 326]
[207, 208, 296], [207, 234, 296]
[207, 208, 296], [207, 256, 296]
[207, 208, 296], [207, 296, 326]
[207, 234, 296], [207, 256, 296]
[207, 234, 296], [207, 296, 326]
[207, 256, 296], [207, 296, 326]
[207, 254, 296], [223, 254, 296]
[207, 254, 296], [208, 254, 296]
[207, 254, 296], [254, 296, 326]
[223, 254, 296], [208, 254, 296]
[223, 254, 296], [254, 296, 326]
[208, 254, 296], [254, 296, 326]
[26, 74, 102], [26, 74, 75]
[26, 74, 102], [26, 102, 167]
[26, 74, 102], [74, 75, 102]
[55, 246, 286], [55, 87, 246]
[55, 246, 286], [55, 246, 247]
[55, 246, 286], [55, 135, 246]
[55, 246, 286], [55, 72, 246]
[55, 246, 286], [55, 82, 246]
[55, 87, 246], [55, 246, 247]
[55, 87, 246], [55, 135, 246]
[55, 87, 246], [55, 72, 246]
[55, 87, 246], [55, 82, 246]
[55, 246, 247], [55, 135, 246]
[55, 246, 247], [55, 72, 246]
[55, 246, 247], [55, 82, 246]
[55, 135, 246], [55, 72, 246]
[55, 135, 246], [55, 82, 246]
[55, 72, 246], [55, 82, 246]
[55, 246, 286], [55, 232, 286]
[55, 246, 286], [55, 247, 286]
[55, 246, 286], [55, 88, 286]
[55, 246, 286], [55, 56, 286]
[55, 246, 286], [55, 108, 286]
[55, 246, 286], [55, 107, 286]
[55, 246, 286], [55, 87, 286]
[55, 246, 286], [55, 261, 286]
[55, 232, 286], [55, 247, 286]
[55, 232, 286], [55, 88, 286]
[55, 232, 286], [55, 56, 286]
[55, 232, 286], [55, 108, 286]
[55, 232, 286], [55, 107, 286]
[55, 232, 286], [55, 87, 286]
[55, 232, 286], [55, 261, 286]
[55, 247, 286], [55, 88, 286]
[55, 247, 286], [55, 56, 286]
[55, 247, 286], [55, 108, 286]
[55, 247, 286], [55, 107, 286]
[55, 247, 286], [55, 87, 286]
[55, 247, 286], [55, 261, 286]
[55, 88, 286], [55, 56, 286]
[55, 88, 286], [55, 108, 286]
[55, 88, 286], [55, 107, 286]
[55, 88, 286], [55, 87, 286]
[55, 88, 286], [55, 261, 286]
[55, 56, 286], [55, 108, 286]
[55, 56, 286], [55, 107, 286]
[55, 56, 286], [55, 87, 286]
[55, 56, 286], [55, 261, 286]
[55, 108, 286], [55, 107, 286]
[55, 108, 286], [55, 87, 286]
[55, 108, 286], [55, 261, 286]
[55, 107, 286], [55, 87, 286]
[55, 107, 286], [55, 261, 286]
[55, 87, 286], [55, 261, 286]
[55, 246, 286], [87, 246, 286]
[57, 78, 79], [57, 77, 78]
[57, 78, 79], [57, 78, 175]
[57, 77, 78], [57, 78, 175]
[35, 148, 297], [35, 148, 244]
[35, 148, 297], [35, 147, 148]
[35, 148, 244], [35, 147, 148]
[35, 148, 297], [147, 148, 297]
[113, 217, 243], [18, 113, 217]
[87, 247, 286], [87, 88, 247]
[87, 247, 286], [87, 246, 247]
[87, 247, 286], [87, 247, 264]
[87, 247, 286], [55, 87, 247]
[87, 247, 286], [87, 247, 266]
[87, 88, 247], [87, 246, 247]
[87, 88, 247], [87, 247, 264]
[87, 88, 247], [55, 87, 247]
[87, 88, 247], [87, 247, 266]
[87, 246, 247], [87, 247, 264]
[87, 246, 247], [55, 87, 247]
[87, 246, 247], [87, 247, 266]
[87, 247, 264], [55, 87, 247]
[87, 247, 264], [87, 247, 266]
[55, 87, 247], [87, 247, 266]
[87, 247, 286], [55, 247, 286]
[87, 247, 286], [247, 264, 286]
[87, 247, 286], [245, 247, 286]
[55, 247, 286], [247, 264, 286]
[55, 247, 286], [245, 247, 286]
[247, 264, 286], [245, 247, 286]
[145, 166, 276], [145, 268, 276]
[145, 166, 276], [144, 166, 276]
[145, 166, 276], [166, 276, 285]
[145, 166, 276], [166, 268, 276]
[144, 166, 276], [166, 276, 285]
[144, 166, 276], [166, 268, 276]
[166, 276, 285], [166, 268, 276]
[58, 221, 302], [30, 58, 221]
[58, 221, 302], [58, 132, 221]
[30, 58, 221], [58, 132, 221]
[98, 184, 320], [72, 184, 320]
[65, 264, 312], [232, 264, 312]
[65, 264, 312], [264, 312, 317]
[232, 264, 312], [264, 312, 317]
[55, 122, 135], [82, 122, 135]
[6, 18, 218], [6, 18, 219]
[6, 18, 218], [6, 18, 112]
[6, 18, 219], [6, 18, 112]
[6, 18, 218], [18, 218, 219]
[6, 18, 218], [18, 112, 218]
[18, 218, 219], [18, 112, 218]
[89, 112, 113], [89, 113, 298]
[89, 112, 113], [89, 113, 134]
[89, 113, 298], [89, 113, 134]
[6, 105, 217], [6, 216, 217]
[6, 105, 217], [6, 217, 222]
[6, 105, 217], [5, 6, 217]
[6, 105, 217], [6, 112, 217]
[6, 216, 217], [6, 217, 222]
[6, 216, 217], [5, 6, 217]
[6, 216, 217], [6, 112, 217]
[6, 217, 222], [5, 6, 217]
[6, 217, 222], [6, 112, 217]
[5, 6, 217], [6, 112, 217]
[6, 105, 217], [18, 105, 217]
[77, 163, 277], [58, 77, 277]
[77, 163, 277], [163, 186, 277]
[77, 163, 277], [82, 163, 277]
[163, 186, 277], [82, 163, 277]
[60, 99, 174], [72, 99, 174]
[60, 99, 174], [98, 99, 174]
[60, 99, 174], [99, 126, 174]
[72, 99, 174], [98, 99, 174]
[72, 99, 174], [99, 126, 174]
[98, 99, 174], [99, 126, 174]
[89, 134, 249], [46, 89, 249]
[89, 134, 249], [134, 249, 259]
[72, 184, 320], [72, 317, 320]
[111, 135, 277], [111, 135, 236]
[111, 135, 277], [82, 111, 135]
[111, 135, 277], [111, 135, 237]
[111, 135, 277], [111, 135, 186]
[111, 135, 277], [55, 111, 135]
[111, 135, 236], [82, 111, 135]
[111, 135, 236], [111, 135, 237]
[111, 135, 236], [111, 135, 186]
[111, 135, 236], [55, 111, 135]
[82, 111, 135], [111, 135, 237]
[82, 111, 135], [111, 135, 186]
[82, 111, 135], [55, 111, 135]
[111, 135, 237], [111, 135, 186]
[111, 135, 237], [55, 111, 135]
[111, 135, 186], [55, 111, 135]
[111, 135, 277], [135, 236, 277]
[111, 135, 277], [135, 245, 277]
[111, 135, 277], [135, 186, 277]
[111, 135, 277], [124, 135, 277]
[111, 135, 277], [135, 239, 277]
[111, 135, 277], [56, 135, 277]
[111, 135, 277], [55, 135, 277]
[135, 236, 277], [135, 245, 277]
[135, 236, 277], [135, 186, 277]
[135, 236, 277], [124, 135, 277]
[135, 236, 277], [135, 239, 277]
[135, 236, 277], [56, 135, 277]
[135, 236, 277], [55, 135, 277]
[135, 245, 277], [135, 186, 277]
[135, 245, 277], [124, 135, 277]
[135, 245, 277], [135, 239, 277]
[135, 245, 277], [56, 135, 277]
[135, 245, 277], [55, 135, 277]
[135, 186, 277], [124, 135, 277]
[135, 186, 277], [135, 239, 277]
[135, 186, 277], [56, 135, 277]
[135, 186, 277], [55, 135, 277]
[124, 135, 277], [135, 239, 277]
[124, 135, 277], [56, 135, 277]
[124, 135, 277], [55, 135, 277]
[135, 239, 277], [56, 135, 277]
[135, 239, 277], [55, 135, 277]
[56, 135, 277], [55, 135, 277]
[9, 10, 133], [9, 133, 258]
[9, 10, 133], [9, 133, 265]
[9, 10, 133], [9, 133, 281]
[9, 10, 133], [9, 133, 276]
[9, 133, 258], [9, 133, 265]
[9, 133, 258], [9, 133, 281]
[9, 133, 258], [9, 133, 276]
[9, 133, 265], [9, 133, 281]
[9, 133, 265], [9, 133, 276]
[9, 133, 281], [9, 133, 276]
[9, 10, 133], [10, 11, 133]
[9, 10, 133], [10, 70, 133]
[9, 10, 133], [10, 133, 281]
[9, 10, 133], [10, 37, 133]
[10, 11, 133], [10, 70, 133]
[10, 11, 133], [10, 133, 281]
[10, 11, 133], [10, 37, 133]
[10, 70, 133], [10, 133, 281]
[10, 70, 133], [10, 37, 133]
[10, 133, 281], [10, 37, 133]
[181, 192, 309], [181, 182, 192]
[181, 192, 309], [175, 181, 192]
[181, 182, 192], [175, 181, 192]
[107, 108, 130], [4, 108, 130]
[132, 161, 191], [84, 132, 161]
[132, 161, 191], [84, 132, 191]
[132, 161, 191], [138, 161, 191]
[132, 161, 191], [161, 191, 210]
[132, 161, 191], [161, 191, 324]
[132, 161, 191], [161, 179, 191]
[132, 161, 191], [31, 161, 191]
[132, 161, 191], [84, 161, 191]
[132, 161, 191], [32, 161, 191]
[138, 161, 191], [161, 191, 210]
[138, 161, 191], [161, 191, 324]
[138, 161, 191], [161, 179, 191]
[138, 161, 191], [31, 161, 191]
[138, 161, 191], [84, 161, 191]
[138, 161, 191], [32, 161, 191]
[161, 191, 210], [161, 191, 324]
[161, 191, 210], [161, 179, 191]
[161, 191, 210], [31, 161, 191]
[161, 191, 210], [84, 161, 191]
[161, 191, 210], [32, 161, 191]
[161, 191, 324], [161, 179, 191]
[161, 191, 324], [31, 161, 191]
[161, 191, 324], [84, 161, 191]
[161, 191, 324], [32, 161, 191]
[161, 179, 191], [31, 161, 191]
[161, 179, 191], [84, 161, 191]
[161, 179, 191], [32, 161, 191]
[31, 161, 191], [84, 161, 191]
[31, 161, 191], [32, 161, 191]
[84, 161, 191], [32, 161, 191]
[3, 32, 107], [3, 32, 38]
[43, 186, 277], [43, 135, 186]
[301, 303, 305], [273, 301, 303]
[9, 11, 303], [10, 11, 303]
[66, 85, 108], [7, 66, 108]
[66, 85, 108], [8, 66, 108]
[66, 85, 108], [66, 76, 108]
[66, 85, 108], [66, 92, 108]
[7, 66, 108], [8, 66, 108]
[7, 66, 108], [66, 76, 108]
[7, 66, 108], [66, 92, 108]
[8, 66, 108], [66, 76, 108]
[8, 66, 108], [66, 92, 108]
[66, 76, 108], [66, 92, 108]
[66, 85, 108], [4, 85, 108]
[66, 85, 108], [47, 85, 108]
[66, 85, 108], [85, 107, 108]
[4, 85, 108], [47, 85, 108]
[4, 85, 108], [85, 107, 108]
[47, 85, 108], [85, 107, 108]
[205, 280, 299], [205, 258, 280]
[205, 280, 299], [145, 205, 280]
[205, 258, 280], [145, 205, 280]
[205, 280, 299], [172, 205, 299]
[205, 280, 299], [205, 299, 303]
[205, 280, 299], [205, 288, 299]
[205, 280, 299], [205, 281, 299]
[205, 280, 299], [205, 258, 299]
[205, 280, 299], [166, 205, 299]
[205, 280, 299], [205, 265, 299]
[172, 205, 299], [205, 299, 303]
[172, 205, 299], [205, 288, 299]
[172, 205, 299], [205, 281, 299]
[172, 205, 299], [205, 258, 299]
[172, 205, 299], [166, 205, 299]
[172, 205, 299], [205, 265, 299]
[205, 299, 303], [205, 288, 299]
[205, 299, 303], [205, 281, 299]
[205, 299, 303], [205, 258, 299]
[205, 299, 303], [166, 205, 299]
[205, 299, 303], [205, 265, 299]
[205, 288, 299], [205, 281, 299]
[205, 288, 299], [205, 258, 299]
[205, 288, 299], [166, 205, 299]
[205, 288, 299], [205, 265, 299]
[205, 281, 299], [205, 258, 299]
[205, 281, 299], [166, 205, 299]
[205, 281, 299], [205, 265, 299]
[205, 258, 299], [166, 205, 299]
[205, 258, 299], [205, 265, 299]
[166, 205, 299], [205, 265, 299]
[205, 280, 299], [280, 281, 299]
[205, 280, 299], [280, 288, 299]
[205, 280, 299], [258, 280, 299]
[280, 281, 299], [280, 288, 299]
[280, 281, 299], [258, 280, 299]
[280, 288, 299], [258, 280, 299]
[60, 73, 196], [60, 73, 184]
[60, 73, 196], [60, 184, 196]
[83, 127, 302], [83, 127, 186]
[83, 127, 302], [83, 186, 302]
[83, 127, 302], [83, 175, 302]
[83, 186, 302], [83, 175, 302]
[83, 127, 302], [127, 186, 302]
[83, 127, 302], [58, 127, 302]
[83, 127, 302], [82, 127, 302]
[83, 127, 302], [127, 163, 302]
[83, 127, 302], [127, 206, 302]
[127, 186, 302], [58, 127, 302]
[127, 186, 302], [82, 127, 302]
[127, 186, 302], [127, 163, 302]
[127, 186, 302], [127, 206, 302]
[58, 127, 302], [82, 127, 302]
[58, 127, 302], [127, 163, 302]
[58, 127, 302], [127, 206, 302]
[82, 127, 302], [127, 163, 302]
[82, 127, 302], [127, 206, 302]
[127, 163, 302], [127, 206, 302]
[63, 98, 189], [63, 98, 195]
[63, 98, 189], [63, 98, 99]
[63, 98, 189], [63, 98, 173]
[63, 98, 189], [63, 98, 174]
[63, 98, 195], [63, 98, 99]
[63, 98, 195], [63, 98, 173]
[63, 98, 195], [63, 98, 174]
[63, 98, 99], [63, 98, 173]
[63, 98, 99], [63, 98, 174]
[63, 98, 173], [63, 98, 174]
[63, 98, 189], [49, 63, 189]
[73, 75, 187], [73, 187, 196]
[73, 75, 187], [49, 73, 187]
[73, 75, 187], [73, 118, 187]
[73, 187, 196], [49, 73, 187]
[73, 187, 196], [73, 118, 187]
[49, 73, 187], [73, 118, 187]
[64, 115, 116], [64, 114, 116]
[64, 115, 116], [64, 65, 116]
[64, 114, 116], [64, 65, 116]
[64, 115, 116], [91, 115, 116]
[64, 115, 116], [33, 115, 116]
[64, 115, 116], [65, 115, 116]
[64, 115, 116], [32, 115, 116]
[64, 115, 116], [28, 115, 116]
[91, 115, 116], [33, 115, 116]
[91, 115, 116], [65, 115, 116]
[91, 115, 116], [32, 115, 116]
[91, 115, 116], [28, 115, 116]
[33, 115, 116], [65, 115, 116]
[33, 115, 116], [32, 115, 116]
[33, 115, 116], [28, 115, 116]
[65, 115, 116], [32, 115, 116]
[65, 115, 116], [28, 115, 116]
[32, 115, 116], [28, 115, 116]
[111, 135, 236], [111, 236, 241]
[111, 135, 236], [111, 236, 277]
[111, 135, 236], [56, 111, 236]
[111, 236, 241], [111, 236, 277]
[111, 236, 241], [56, 111, 236]
[111, 236, 277], [56, 111, 236]
[111, 135, 236], [135, 236, 277]
[8, 48, 92], [8, 48, 115]
[8, 48, 92], [4, 8, 48]
[8, 48, 92], [8, 48, 97]
[8, 48, 92], [8, 48, 85]
[8, 48, 92], [8, 48, 108]
[8, 48, 92], [8, 48, 70]
[8, 48, 92], [8, 47, 48]
[8, 48, 115], [4, 8, 48]
[8, 48, 115], [8, 48, 97]
[8, 48, 115], [8, 48, 85]
[8, 48, 115], [8, 48, 108]
[8, 48, 115], [8, 48, 70]
[8, 48, 115], [8, 47, 48]
[4, 8, 48], [8, 48, 97]
[4, 8, 48], [8, 48, 85]
[4, 8, 48], [8, 48, 108]
[4, 8, 48], [8, 48, 70]
[4, 8, 48], [8, 47, 48]
[8, 48, 97], [8, 48, 85]
[8, 48, 97], [8, 48, 108]
[8, 48, 97], [8, 48, 70]
[8, 48, 97], [8, 47, 48]
[8, 48, 85], [8, 48, 108]
[8, 48, 85], [8, 48, 70]
[8, 48, 85], [8, 47, 48]
[8, 48, 108], [8, 48, 70]
[8, 48, 108], [8, 47, 48]
[8, 48, 70], [8, 47, 48]
[8, 48, 92], [8, 92, 127]
[8, 48, 92], [8, 92, 116]
[8, 48, 92], [8, 92, 108]
[8, 48, 92], [8, 92, 97]
[8, 92, 127], [8, 92, 116]
[8, 92, 127], [8, 92, 108]
[8, 92, 127], [8, 92, 97]
[8, 92, 116], [8, 92, 108]
[8, 92, 116], [8, 92, 97]
[8, 92, 108], [8, 92, 97]
[8, 48, 92], [47, 48, 92]
[8, 48, 92], [3, 48, 92]
[47, 48, 92], [3, 48, 92]
[102, 109, 318], [75, 102, 109]
[61, 64, 114], [32, 61, 114]
[61, 64, 114], [61, 114, 116]
[61, 64, 114], [33, 61, 114]
[61, 64, 114], [61, 65, 114]
[61, 64, 114], [61, 108, 114]
[61, 64, 114], [61, 114, 121]
[61, 64, 114], [61, 114, 117]
[61, 64, 114], [61, 114, 115]
[61, 64, 114], [16, 61, 114]
[61, 64, 114], [61, 94, 114]
[32, 61, 114], [61, 114, 116]
[32, 61, 114], [33, 61, 114]
[32, 61, 114], [61, 65, 114]
[32, 61, 114], [61, 108, 114]
[32, 61, 114], [61, 114, 121]
[32, 61, 114], [61, 114, 117]
[32, 61, 114], [61, 114, 115]
[32, 61, 114], [16, 61, 114]
[32, 61, 114], [61, 94, 114]
[61, 114, 116], [33, 61, 114]
[61, 114, 116], [61, 65, 114]
[61, 114, 116], [61, 108, 114]
[61, 114, 116], [61, 114, 121]
[61, 114, 116], [61, 114, 117]
[61, 114, 116], [61, 114, 115]
[61, 114, 116], [16, 61, 114]
[61, 114, 116], [61, 94, 114]
[33, 61, 114], [61, 65, 114]
[33, 61, 114], [61, 108, 114]
[33, 61, 114], [61, 114, 121]
[33, 61, 114], [61, 114, 117]
[33, 61, 114], [61, 114, 115]
[33, 61, 114], [16, 61, 114]
[33, 61, 114], [61, 94, 114]
[61, 65, 114], [61, 108, 114]
[61, 65, 114], [61, 114, 121]
[61, 65, 114], [61, 114, 117]
[61, 65, 114], [61, 114, 115]
[61, 65, 114], [16, 61, 114]
[61, 65, 114], [61, 94, 114]
[61, 108, 114], [61, 114, 121]
[61, 108, 114], [61, 114, 117]
[61, 108, 114], [61, 114, 115]
[61, 108, 114], [16, 61, 114]
[61, 108, 114], [61, 94, 114]
[61, 114, 121], [61, 114, 117]
[61, 114, 121], [61, 114, 115]
[61, 114, 121], [16, 61, 114]
[61, 114, 121], [61, 94, 114]
[61, 114, 117], [61, 114, 115]
[61, 114, 117], [16, 61, 114]
[61, 114, 117], [61, 94, 114]
[61, 114, 115], [16, 61, 114]
[61, 114, 115], [61, 94, 114]
[16, 61, 114], [61, 94, 114]
[102, 103, 131], [102, 131, 167]
[102, 103, 131], [81, 103, 131]
[102, 103, 131], [71, 103, 131]
[81, 103, 131], [71, 103, 131]
[51, 173, 196], [173, 196, 314]
[51, 173, 196], [173, 196, 260]
[51, 173, 196], [73, 173, 196]
[51, 173, 196], [22, 173, 196]
[173, 196, 314], [173, 196, 260]
[173, 196, 314], [73, 173, 196]
[173, 196, 314], [22, 173, 196]
[173, 196, 260], [73, 173, 196]
[173, 196, 260], [22, 173, 196]
[73, 173, 196], [22, 173, 196]
[104, 105, 243], [89, 104, 105]
[104, 105, 243], [20, 104, 105]
[104, 105, 243], [104, 105, 296]
[104, 105, 243], [104, 105, 150]
[104, 105, 243], [104, 105, 293]
[89, 104, 105], [20, 104, 105]
[89, 104, 105], [104, 105, 296]
[89, 104, 105], [104, 105, 150]
[89, 104, 105], [104, 105, 293]
[20, 104, 105], [104, 105, 296]
[20, 104, 105], [104, 105, 150]
[20, 104, 105], [104, 105, 293]
[104, 105, 296], [104, 105, 150]
[104, 105, 296], [104, 105, 293]
[104, 105, 150], [104, 105, 293]
[104, 105, 243], [104, 112, 243]
[104, 105, 243], [105, 243, 298]
[104, 105, 243], [105, 134, 243]
[104, 105, 243], [105, 112, 243]
[105, 243, 298], [105, 134, 243]
[105, 243, 298], [105, 112, 243]
[105, 134, 243], [105, 112, 243]
[173, 260, 314], [173, 196, 314]
[173, 260, 314], [51, 173, 314]
[173, 196, 314], [51, 173, 314]
[173, 260, 314], [72, 260, 314]
[173, 260, 314], [196, 260, 314]
[72, 260, 314], [196, 260, 314]
[144, 145, 285], [144, 269, 285]
[144, 145, 285], [9, 144, 285]
[144, 145, 285], [144, 166, 285]
[144, 269, 285], [9, 144, 285]
[144, 269, 285], [144, 166, 285]
[9, 144, 285], [144, 166, 285]
[144, 145, 285], [145, 251, 285]
[144, 145, 285], [145, 166, 285]
[144, 145, 285], [145, 269, 285]
[145, 251, 285], [145, 166, 285]
[145, 251, 285], [145, 269, 285]
[145, 166, 285], [145, 269, 285]
[172, 205, 258], [172, 205, 299]
[172, 205, 258], [172, 205, 265]
[172, 205, 258], [9, 172, 205]
[172, 205, 258], [141, 172, 205]
[172, 205, 258], [172, 202, 205]
[172, 205, 299], [172, 205, 265]
[172, 205, 299], [9, 172, 205]
[172, 205, 299], [141, 172, 205]
[172, 205, 299], [172, 202, 205]
[172, 205, 265], [9, 172, 205]
[172, 205, 265], [141, 172, 205]
[172, 205, 265], [172, 202, 205]
[9, 172, 205], [141, 172, 205]
[9, 172, 205], [172, 202, 205]
[141, 172, 205], [172, 202, 205]
[202, 205, 291], [202, 291, 292]
[202, 205, 291], [202, 291, 300]
[202, 205, 291], [9, 202, 291]
[202, 291, 292], [202, 291, 300]
[202, 291, 292], [9, 202, 291]
[202, 291, 300], [9, 202, 291]
[92, 107, 108], [92, 108, 114]
[92, 107, 108], [8, 92, 108]
[92, 107, 108], [92, 94, 108]
[92, 107, 108], [66, 92, 108]
[92, 108, 114], [8, 92, 108]
[92, 108, 114], [92, 94, 108]
[92, 108, 114], [66, 92, 108]
[8, 92, 108], [92, 94, 108]
[8, 92, 108], [66, 92, 108]
[92, 94, 108], [66, 92, 108]
[27, 155, 318], [22, 27, 155]
[27, 155, 318], [21, 27, 155]
[22, 27, 155], [21, 27, 155]
[112, 217, 249], [112, 216, 217]
[112, 217, 249], [89, 112, 217]
[112, 217, 249], [6, 112, 217]
[112, 216, 217], [89, 112, 217]
[112, 216, 217], [6, 112, 217]
[89, 112, 217], [6, 112, 217]
[112, 217, 249], [112, 113, 249]
[112, 217, 249], [18, 217, 249]
[98, 100, 174], [98, 100, 201]
[142, 281, 313], [142, 301, 313]
[142, 281, 313], [142, 305, 313]
[142, 281, 313], [142, 287, 313]
[142, 281, 313], [142, 172, 313]
[142, 301, 313], [142, 305, 313]
[142, 301, 313], [142, 287, 313]
[142, 301, 313], [142, 172, 313]
[142, 305, 313], [142, 287, 313]
[142, 305, 313], [142, 172, 313]
[142, 287, 313], [142, 172, 313]
[33, 65, 116], [33, 114, 116]
[33, 65, 116], [33, 115, 116]
[33, 65, 116], [32, 33, 116]
[33, 114, 116], [33, 115, 116]
[33, 114, 116], [32, 33, 116]
[33, 115, 116], [32, 33, 116]
[33, 65, 116], [65, 115, 116]
[33, 65, 116], [65, 114, 116]
[33, 65, 116], [61, 65, 116]
[33, 65, 116], [64, 65, 116]
[33, 65, 116], [65, 116, 117]
[65, 115, 116], [65, 114, 116]
[65, 115, 116], [61, 65, 116]
[65, 115, 116], [64, 65, 116]
[65, 115, 116], [65, 116, 117]
[65, 114, 116], [61, 65, 116]
[65, 114, 116], [64, 65, 116]
[65, 114, 116], [65, 116, 117]
[61, 65, 116], [64, 65, 116]
[61, 65, 116], [65, 116, 117]
[64, 65, 116], [65, 116, 117]
[30, 122, 193], [30, 83, 122]
[30, 122, 193], [30, 82, 122]
[30, 83, 122], [30, 82, 122]
[131, 279, 318], [153, 279, 318]
[281, 293, 305], [9, 281, 293]
[281, 293, 305], [142, 281, 293]
[281, 293, 305], [281, 293, 296]
[281, 293, 305], [280, 281, 293]
[281, 293, 305], [235, 281, 293]
[9, 281, 293], [142, 281, 293]
[9, 281, 293], [281, 293, 296]
[9, 281, 293], [280, 281, 293]
[9, 281, 293], [235, 281, 293]
[142, 281, 293], [281, 293, 296]
[142, 281, 293], [280, 281, 293]
[142, 281, 293], [235, 281, 293]
[281, 293, 296], [280, 281, 293]
[281, 293, 296], [235, 281, 293]
[280, 281, 293], [235, 281, 293]
[281, 293, 305], [142, 281, 305]
[281, 293, 305], [272, 281, 305]
[281, 293, 305], [217, 281, 305]
[281, 293, 305], [281, 287, 305]
[142, 281, 305], [272, 281, 305]
[142, 281, 305], [217, 281, 305]
[142, 281, 305], [281, 287, 305]
[272, 281, 305], [217, 281, 305]
[272, 281, 305], [281, 287, 305]
[217, 281, 305], [281, 287, 305]
[74, 75, 151], [74, 75, 102]
[74, 75, 151], [74, 75, 169]
[74, 75, 151], [26, 74, 75]
[74, 75, 151], [74, 75, 149]
[74, 75, 102], [74, 75, 169]
[74, 75, 102], [26, 74, 75]
[74, 75, 102], [74, 75, 149]
[74, 75, 169], [26, 74, 75]
[74, 75, 169], [74, 75, 149]
[26, 74, 75], [74, 75, 149]
[59, 171, 184], [59, 171, 188]
[94, 107, 108], [94, 101, 107]
[94, 107, 108], [76, 94, 107]
[94, 101, 107], [76, 94, 107]
[141, 142, 287], [141, 265, 287]
[141, 142, 287], [141, 287, 305]
[141, 142, 287], [141, 273, 287]
[141, 142, 287], [136, 141, 287]
[141, 142, 287], [141, 287, 301]
[141, 142, 287], [141, 287, 292]
[141, 142, 287], [141, 172, 287]
[141, 142, 287], [141, 287, 313]
[141, 142, 287], [141, 235, 287]
[141, 265, 287], [141, 287, 305]
[141, 265, 287], [141, 273, 287]
[141, 265, 287], [136, 141, 287]
[141, 265, 287], [141, 287, 301]
[141, 265, 287], [141, 287, 292]
[141, 265, 287], [141, 172, 287]
[141, 265, 287], [141, 287, 313]
[141, 265, 287], [141, 235, 287]
[141, 287, 305], [141, 273, 287]
[141, 287, 305], [136, 141, 287]
[141, 287, 305], [141, 287, 301]
[141, 287, 305], [141, 287, 292]
[141, 287, 305], [141, 172, 287]
[141, 287, 305], [141, 287, 313]
[141, 287, 305], [141, 235, 287]
[141, 273, 287], [136, 141, 287]
[141, 273, 287], [141, 287, 301]
[141, 273, 287], [141, 287, 292]
[141, 273, 287], [141, 172, 287]
[141, 273, 287], [141, 287, 313]
[141, 273, 287], [141, 235, 287]
[136, 141, 287], [141, 287, 301]
[136, 141, 287], [141, 287, 292]
[136, 141, 287], [141, 172, 287]
[136, 141, 287], [141, 287, 313]
[136, 141, 287], [141, 235, 287]
[141, 287, 301], [141, 287, 292]
[141, 287, 301], [141, 172, 287]
[141, 287, 301], [141, 287, 313]
[141, 287, 301], [141, 235, 287]
[141, 287, 292], [141, 172, 287]
[141, 287, 292], [141, 287, 313]
[141, 287, 292], [141, 235, 287]
[141, 172, 287], [141, 287, 313]
[141, 172, 287], [141, 235, 287]
[141, 287, 313], [141, 235, 287]
[41, 101, 108], [41, 92, 101]
[41, 101, 108], [41, 85, 101]
[41, 101, 108], [41, 91, 101]
[41, 101, 108], [28, 41, 101]
[41, 101, 108], [41, 48, 101]
[41, 92, 101], [41, 85, 101]
[41, 92, 101], [41, 91, 101]
[41, 92, 101], [28, 41, 101]
[41, 92, 101], [41, 48, 101]
[41, 85, 101], [41, 91, 101]
[41, 85, 101], [28, 41, 101]
[41, 85, 101], [41, 48, 101]
[41, 91, 101], [28, 41, 101]
[41, 91, 101], [41, 48, 101]
[28, 41, 101], [41, 48, 101]
[41, 101, 108], [28, 41, 108]
[41, 101, 108], [94, 101, 108]
[58, 206, 209], [58, 209, 302]
[58, 206, 209], [31, 58, 209]
[58, 209, 302], [31, 58, 209]
[27, 74, 149], [74, 75, 149]
[144, 166, 273], [144, 166, 276]
[144, 166, 273], [144, 166, 269]
[144, 166, 273], [144, 166, 301]
[144, 166, 273], [144, 145, 166]
[144, 166, 273], [144, 166, 299]
[144, 166, 273], [144, 166, 285]
[144, 166, 276], [144, 166, 269]
[144, 166, 276], [144, 166, 301]
[144, 166, 276], [144, 145, 166]
[144, 166, 276], [144, 166, 299]
[144, 166, 276], [144, 166, 285]
[144, 166, 269], [144, 166, 301]
[144, 166, 269], [144, 145, 166]
[144, 166, 269], [144, 166, 299]
[144, 166, 269], [144, 166, 285]
[144, 166, 301], [144, 145, 166]
[144, 166, 301], [144, 166, 299]
[144, 166, 301], [144, 166, 285]
[144, 145, 166], [144, 166, 299]
[144, 145, 166], [144, 166, 285]
[144, 166, 299], [144, 166, 285]
[144, 166, 273], [144, 273, 305]
[144, 166, 273], [166, 273, 301]
[58, 127, 163], [58, 163, 245]
[58, 127, 163], [58, 132, 163]
[58, 127, 163], [58, 77, 163]
[58, 127, 163], [58, 163, 186]
[58, 127, 163], [58, 84, 163]
[58, 163, 245], [58, 132, 163]
[58, 163, 245], [58, 77, 163]
[58, 163, 245], [58, 163, 186]
[58, 163, 245], [58, 84, 163]
[58, 132, 163], [58, 77, 163]
[58, 132, 163], [58, 163, 186]
[58, 132, 163], [58, 84, 163]
[58, 77, 163], [58, 163, 186]
[58, 77, 163], [58, 84, 163]
[58, 163, 186], [58, 84, 163]
[28, 32, 115], [28, 29, 32]
[28, 32, 115], [28, 32, 130]
[28, 32, 115], [28, 32, 76]
[28, 32, 115], [28, 32, 101]
[28, 32, 115], [28, 32, 86]
[28, 32, 115], [28, 32, 121]
[28, 32, 115], [28, 32, 85]
[28, 29, 32], [28, 32, 130]
[28, 29, 32], [28, 32, 76]
[28, 29, 32], [28, 32, 101]
[28, 29, 32], [28, 32, 86]
[28, 29, 32], [28, 32, 121]
[28, 29, 32], [28, 32, 85]
[28, 32, 130], [28, 32, 76]
[28, 32, 130], [28, 32, 101]
[28, 32, 130], [28, 32, 86]
[28, 32, 130], [28, 32, 121]
[28, 32, 130], [28, 32, 85]
[28, 32, 76], [28, 32, 101]
[28, 32, 76], [28, 32, 86]
[28, 32, 76], [28, 32, 121]
[28, 32, 76], [28, 32, 85]
[28, 32, 101], [28, 32, 86]
[28, 32, 101], [28, 32, 121]
[28, 32, 101], [28, 32, 85]
[28, 32, 86], [28, 32, 121]
[28, 32, 86], [28, 32, 85]
[28, 32, 121], [28, 32, 85]
[28, 32, 115], [28, 61, 115]
[28, 32, 115], [28, 115, 130]
[28, 32, 115], [28, 115, 116]
[28, 61, 115], [28, 115, 130]
[28, 61, 115], [28, 115, 116]
[28, 115, 130], [28, 115, 116]
[73, 126, 170], [72, 73, 126]
[73, 126, 170], [107, 126, 170]
[73, 126, 170], [108, 126, 170]
[73, 126, 170], [126, 170, 177]
[73, 126, 170], [59, 126, 170]
[73, 126, 170], [100, 126, 170]
[73, 126, 170], [126, 170, 317]
[73, 126, 170], [126, 170, 188]
[73, 126, 170], [126, 170, 174]
[73, 126, 170], [126, 170, 173]
[107, 126, 170], [108, 126, 170]
[107, 126, 170], [126, 170, 177]
[107, 126, 170], [59, 126, 170]
[107, 126, 170], [100, 126, 170]
[107, 126, 170], [126, 170, 317]
[107, 126, 170], [126, 170, 188]
[107, 126, 170], [126, 170, 174]
[107, 126, 170], [126, 170, 173]
[108, 126, 170], [126, 170, 177]
[108, 126, 170], [59, 126, 170]
[108, 126, 170], [100, 126, 170]
[108, 126, 170], [126, 170, 317]
[108, 126, 170], [126, 170, 188]
[108, 126, 170], [126, 170, 174]
[108, 126, 170], [126, 170, 173]
[126, 170, 177], [59, 126, 170]
[126, 170, 177], [100, 126, 170]
[126, 170, 177], [126, 170, 317]
[126, 170, 177], [126, 170, 188]
[126, 170, 177], [126, 170, 174]
[126, 170, 177], [126, 170, 173]
[59, 126, 170], [100, 126, 170]
[59, 126, 170], [126, 170, 317]
[59, 126, 170], [126, 170, 188]
[59, 126, 170], [126, 170, 174]
[59, 126, 170], [126, 170, 173]
[100, 126, 170], [126, 170, 317]
[100, 126, 170], [126, 170, 188]
[100, 126, 170], [126, 170, 174]
[100, 126, 170], [126, 170, 173]
[126, 170, 317], [126, 170, 188]
[126, 170, 317], [126, 170, 174]
[126, 170, 317], [126, 170, 173]
[126, 170, 188], [126, 170, 174]
[126, 170, 188], [126, 170, 173]
[126, 170, 174], [126, 170, 173]
[249, 296, 326], [207, 249, 296]
[249, 296, 326], [213, 296, 326]
[249, 296, 326], [254, 296, 326]
[249, 296, 326], [207, 296, 326]
[213, 296, 326], [254, 296, 326]
[213, 296, 326], [207, 296, 326]
[254, 296, 326], [207, 296, 326]
[17, 117, 130], [17, 33, 117]
[17, 117, 130], [17, 116, 117]
[17, 117, 130], [16, 17, 117]
[17, 33, 117], [17, 116, 117]
[17, 33, 117], [16, 17, 117]
[17, 116, 117], [16, 17, 117]
[17, 117, 130], [17, 121, 130]
[17, 117, 130], [117, 121, 130]
[17, 117, 130], [4, 117, 130]
[17, 117, 130], [32, 117, 130]
[17, 117, 130], [115, 117, 130]
[17, 117, 130], [114, 117, 130]
[117, 121, 130], [4, 117, 130]
[117, 121, 130], [32, 117, 130]
[117, 121, 130], [115, 117, 130]
[117, 121, 130], [114, 117, 130]
[4, 117, 130], [32, 117, 130]
[4, 117, 130], [115, 117, 130]
[4, 117, 130], [114, 117, 130]
[32, 117, 130], [115, 117, 130]
[32, 117, 130], [114, 117, 130]
[115, 117, 130], [114, 117, 130]
[89, 106, 222], [5, 89, 106]
[89, 106, 222], [12, 89, 106]
[5, 89, 106], [12, 89, 106]
[269, 288, 299], [202, 269, 288]
[49, 72, 177], [49, 72, 174]
[113, 228, 306], [112, 113, 228]
[113, 228, 306], [113, 216, 228]
[112, 113, 228], [113, 216, 228]
[113, 228, 306], [113, 216, 306]
[113, 228, 306], [216, 228, 306]
[13, 18, 20], [13, 18, 112]
[13, 18, 20], [13, 18, 259]
[13, 18, 20], [13, 18, 229]
[13, 18, 20], [13, 18, 262]
[13, 18, 20], [13, 18, 298]
[13, 18, 112], [13, 18, 259]
[13, 18, 112], [13, 18, 229]
[13, 18, 112], [13, 18, 262]
[13, 18, 112], [13, 18, 298]
[13, 18, 259], [13, 18, 229]
[13, 18, 259], [13, 18, 262]
[13, 18, 259], [13, 18, 298]
[13, 18, 229], [13, 18, 262]
[13, 18, 229], [13, 18, 298]
[13, 18, 262], [13, 18, 298]
[13, 18, 20], [18, 20, 104]
[13, 18, 20], [18, 20, 243]
[13, 18, 20], [12, 18, 20]
[13, 18, 20], [18, 19, 20]
[13, 18, 20], [18, 20, 105]
[13, 18, 20], [18, 20, 298]
[13, 18, 20], [18, 20, 113]
[13, 18, 20], [18, 20, 150]
[13, 18, 20], [18, 20, 262]
[18, 20, 104], [18, 20, 243]
[18, 20, 104], [12, 18, 20]
[18, 20, 104], [18, 19, 20]
[18, 20, 104], [18, 20, 105]
[18, 20, 104], [18, 20, 298]
[18, 20, 104], [18, 20, 113]
[18, 20, 104], [18, 20, 150]
[18, 20, 104], [18, 20, 262]
[18, 20, 243], [12, 18, 20]
[18, 20, 243], [18, 19, 20]
[18, 20, 243], [18, 20, 105]
[18, 20, 243], [18, 20, 298]
[18, 20, 243], [18, 20, 113]
[18, 20, 243], [18, 20, 150]
[18, 20, 243], [18, 20, 262]
[12, 18, 20], [18, 19, 20]
[12, 18, 20], [18, 20, 105]
[12, 18, 20], [18, 20, 298]
[12, 18, 20], [18, 20, 113]
[12, 18, 20], [18, 20, 150]
[12, 18, 20], [18, 20, 262]
[18, 19, 20], [18, 20, 105]
[18, 19, 20], [18, 20, 298]
[18, 19, 20], [18, 20, 113]
[18, 19, 20], [18, 20, 150]
[18, 19, 20], [18, 20, 262]
[18, 20, 105], [18, 20, 298]
[18, 20, 105], [18, 20, 113]
[18, 20, 105], [18, 20, 150]
[18, 20, 105], [18, 20, 262]
[18, 20, 298], [18, 20, 113]
[18, 20, 298], [18, 20, 150]
[18, 20, 298], [18, 20, 262]
[18, 20, 113], [18, 20, 150]
[18, 20, 113], [18, 20, 262]
[18, 20, 150], [18, 20, 262]
[92, 108, 114], [108, 114, 127]
[92, 108, 114], [61, 108, 114]
[92, 108, 114], [65, 108, 114]
[108, 114, 127], [61, 108, 114]
[108, 114, 127], [65, 108, 114]
[61, 108, 114], [65, 108, 114]
[205, 258, 272], [258, 272, 305]
[142, 144, 287], [136, 142, 144]
[170, 174, 317], [100, 170, 174]
[170, 174, 317], [170, 173, 174]
[170, 174, 317], [170, 174, 196]
[170, 174, 317], [126, 170, 174]
[100, 170, 174], [170, 173, 174]
[100, 170, 174], [170, 174, 196]
[100, 170, 174], [126, 170, 174]
[170, 173, 174], [170, 174, 196]
[170, 173, 174], [126, 170, 174]
[170, 174, 196], [126, 170, 174]
[145, 166, 299], [144, 145, 299]
[145, 166, 299], [145, 269, 299]
[145, 166, 299], [145, 288, 299]
[144, 145, 299], [145, 269, 299]
[144, 145, 299], [145, 288, 299]
[145, 269, 299], [145, 288, 299]
[145, 166, 299], [166, 269, 299]
[145, 166, 299], [144, 166, 299]
[145, 166, 299], [166, 205, 299]
[166, 269, 299], [144, 166, 299]
[166, 269, 299], [166, 205, 299]
[144, 166, 299], [166, 205, 299]
[41, 76, 85], [41, 85, 101]
[41, 76, 85], [41, 42, 85]
[41, 76, 85], [41, 85, 91]
[41, 76, 85], [41, 48, 85]
[41, 76, 85], [41, 85, 92]
[41, 76, 85], [28, 41, 85]
[41, 85, 101], [41, 42, 85]
[41, 85, 101], [41, 85, 91]
[41, 85, 101], [41, 48, 85]
[41, 85, 101], [41, 85, 92]
[41, 85, 101], [28, 41, 85]
[41, 42, 85], [41, 85, 91]
[41, 42, 85], [41, 48, 85]
[41, 42, 85], [41, 85, 92]
[41, 42, 85], [28, 41, 85]
[41, 85, 91], [41, 48, 85]
[41, 85, 91], [41, 85, 92]
[41, 85, 91], [28, 41, 85]
[41, 48, 85], [41, 85, 92]
[41, 48, 85], [28, 41, 85]
[41, 85, 92], [28, 41, 85]
[4, 28, 108], [4, 108, 115]
[4, 28, 108], [4, 85, 108]
[4, 28, 108], [4, 8, 108]
[4, 28, 108], [4, 108, 130]
[4, 28, 108], [4, 38, 108]
[4, 28, 108], [4, 94, 108]
[4, 28, 108], [4, 47, 108]
[4, 108, 115], [4, 85, 108]
[4, 108, 115], [4, 8, 108]
[4, 108, 115], [4, 108, 130]
[4, 108, 115], [4, 38, 108]
[4, 108, 115], [4, 94, 108]
[4, 108, 115], [4, 47, 108]
[4, 85, 108], [4, 8, 108]
[4, 85, 108], [4, 108, 130]
[4, 85, 108], [4, 38, 108]
[4, 85, 108], [4, 94, 108]
[4, 85, 108], [4, 47, 108]
[4, 8, 108], [4, 108, 130]
[4, 8, 108], [4, 38, 108]
[4, 8, 108], [4, 94, 108]
[4, 8, 108], [4, 47, 108]
[4, 108, 130], [4, 38, 108]
[4, 108, 130], [4, 94, 108]
[4, 108, 130], [4, 47, 108]
[4, 38, 108], [4, 94, 108]
[4, 38, 108], [4, 47, 108]
[4, 94, 108], [4, 47, 108]
[4, 28, 108], [28, 41, 108]
[134, 216, 306], [134, 216, 243]
[134, 216, 306], [6, 134, 216]
[134, 216, 243], [6, 134, 216]
[134, 216, 306], [113, 216, 306]
[134, 216, 306], [216, 228, 306]
[134, 216, 306], [89, 216, 306]
[113, 216, 306], [216, 228, 306]
[113, 216, 306], [89, 216, 306]
[216, 228, 306], [89, 216, 306]
[101, 115, 130], [28, 115, 130]
[101, 115, 130], [115, 117, 130]
[101, 115, 130], [32, 115, 130]
[101, 115, 130], [85, 115, 130]
[101, 115, 130], [61, 115, 130]
[28, 115, 130], [115, 117, 130]
[28, 115, 130], [32, 115, 130]
[28, 115, 130], [85, 115, 130]
[28, 115, 130], [61, 115, 130]
[115, 117, 130], [32, 115, 130]
[115, 117, 130], [85, 115, 130]
[115, 117, 130], [61, 115, 130]
[32, 115, 130], [85, 115, 130]
[32, 115, 130], [61, 115, 130]
[85, 115, 130], [61, 115, 130]
[80, 81, 128], [80, 103, 128]
[80, 81, 128], [26, 80, 128]
[80, 103, 128], [26, 80, 128]
[80, 81, 128], [71, 81, 128]
[80, 81, 128], [81, 103, 128]
[80, 81, 128], [22, 81, 128]
[80, 81, 128], [72, 81, 128]
[71, 81, 128], [81, 103, 128]
[71, 81, 128], [22, 81, 128]
[71, 81, 128], [72, 81, 128]
[81, 103, 128], [22, 81, 128]
[81, 103, 128], [72, 81, 128]
[22, 81, 128], [72, 81, 128]
[26, 102, 167], [26, 155, 167]
[26, 102, 167], [22, 26, 167]
[26, 102, 167], [26, 153, 167]
[26, 155, 167], [22, 26, 167]
[26, 155, 167], [26, 153, 167]
[22, 26, 167], [26, 153, 167]
[26, 102, 167], [102, 153, 167]
[26, 102, 167], [102, 131, 167]
[26, 102, 167], [71, 102, 167]
[26, 102, 167], [22, 102, 167]
[26, 102, 167], [25, 102, 167]
[102, 153, 167], [102, 131, 167]
[102, 153, 167], [71, 102, 167]
[102, 153, 167], [22, 102, 167]
[102, 153, 167], [25, 102, 167]
[102, 131, 167], [71, 102, 167]
[102, 131, 167], [22, 102, 167]
[102, 131, 167], [25, 102, 167]
[71, 102, 167], [22, 102, 167]
[71, 102, 167], [25, 102, 167]
[22, 102, 167], [25, 102, 167]
[51, 73, 173], [73, 170, 173]
[51, 73, 173], [72, 73, 173]
[51, 73, 173], [22, 73, 173]
[51, 73, 173], [73, 173, 196]
[51, 73, 173], [73, 171, 173]
[73, 170, 173], [72, 73, 173]
[73, 170, 173], [22, 73, 173]
[73, 170, 173], [73, 173, 196]
[73, 170, 173], [73, 171, 173]
[72, 73, 173], [22, 73, 173]
[72, 73, 173], [73, 173, 196]
[72, 73, 173], [73, 171, 173]
[22, 73, 173], [73, 173, 196]
[22, 73, 173], [73, 171, 173]
[73, 173, 196], [73, 171, 173]
[60, 184, 187], [184, 187, 196]
[136, 144, 305], [136, 280, 305]
[136, 144, 305], [136, 272, 305]
[136, 144, 305], [136, 142, 305]
[136, 280, 305], [136, 272, 305]
[136, 280, 305], [136, 142, 305]
[136, 272, 305], [136, 142, 305]
[9, 10, 276], [10, 276, 281]
[104, 134, 259], [104, 112, 134]
[104, 134, 259], [13, 104, 259]
[104, 134, 259], [20, 104, 259]
[13, 104, 259], [20, 104, 259]
[104, 134, 259], [134, 249, 259]
[104, 134, 259], [13, 134, 259]
[104, 134, 259], [134, 150, 259]
[104, 134, 259], [113, 134, 259]
[134, 249, 259], [13, 134, 259]
[134, 249, 259], [134, 150, 259]
[134, 249, 259], [113, 134, 259]
[13, 134, 259], [134, 150, 259]
[13, 134, 259], [113, 134, 259]
[134, 150, 259], [113, 134, 259]
[126, 188, 317], [59, 126, 188]
[126, 188, 317], [126, 177, 188]
[126, 188, 317], [126, 170, 188]
[59, 126, 188], [126, 177, 188]
[59, 126, 188], [126, 170, 188]
[126, 177, 188], [126, 170, 188]
[126, 188, 317], [170, 188, 317]
[126, 188, 317], [177, 188, 317]
[170, 188, 317], [177, 188, 317]
[100, 126, 177], [100, 107, 126]
[100, 126, 177], [100, 126, 317]
[100, 126, 177], [100, 126, 174]
[100, 126, 177], [100, 126, 170]
[100, 126, 177], [100, 108, 126]
[100, 107, 126], [100, 126, 317]
[100, 107, 126], [100, 126, 174]
[100, 107, 126], [100, 126, 170]
[100, 107, 126], [100, 108, 126]
[100, 126, 317], [100, 126, 174]
[100, 126, 317], [100, 126, 170]
[100, 126, 317], [100, 108, 126]
[100, 126, 174], [100, 126, 170]
[100, 126, 174], [100, 108, 126]
[100, 126, 170], [100, 108, 126]
[100, 126, 177], [100, 174, 177]
[100, 126, 177], [73, 100, 177]
[100, 126, 177], [100, 177, 317]
[100, 174, 177], [73, 100, 177]
[100, 174, 177], [100, 177, 317]
[73, 100, 177], [100, 177, 317]
[117, 121, 130], [64, 117, 121]
[117, 121, 130], [115, 117, 121]
[64, 117, 121], [115, 117, 121]
[117, 121, 130], [17, 121, 130]
[117, 121, 130], [42, 121, 130]
[117, 121, 130], [38, 121, 130]
[17, 121, 130], [42, 121, 130]
[17, 121, 130], [38, 121, 130]
[42, 121, 130], [38, 121, 130]
[71, 80, 194], [71, 72, 194]
[71, 80, 194], [71, 81, 194]
[71, 72, 194], [71, 81, 194]
[292, 301, 305], [291, 292, 305]
[292, 301, 305], [258, 292, 305]
[292, 301, 305], [272, 292, 305]
[291, 292, 305], [258, 292, 305]
[291, 292, 305], [272, 292, 305]
[258, 292, 305], [272, 292, 305]
[28, 91, 107], [28, 47, 107]
[28, 91, 107], [28, 92, 107]
[28, 91, 107], [28, 85, 107]
[28, 91, 107], [28, 41, 107]
[28, 47, 107], [28, 92, 107]
[28, 47, 107], [28, 85, 107]
[28, 47, 107], [28, 41, 107]
[28, 92, 107], [28, 85, 107]
[28, 92, 107], [28, 41, 107]
[28, 85, 107], [28, 41, 107]
[28, 91, 107], [41, 91, 107]
[37, 56, 135], [37, 70, 135]
[37, 56, 135], [56, 135, 284]
[37, 56, 135], [55, 56, 135]
[37, 56, 135], [56, 124, 135]
[37, 56, 135], [43, 56, 135]
[37, 56, 135], [56, 135, 245]
[37, 56, 135], [56, 135, 247]
[37, 56, 135], [56, 135, 277]
[37, 56, 135], [56, 110, 135]
[37, 56, 135], [15, 56, 135]
[56, 135, 284], [55, 56, 135]
[56, 135, 284], [56, 124, 135]
[56, 135, 284], [43, 56, 135]
[56, 135, 284], [56, 135, 245]
[56, 135, 284], [56, 135, 247]
[56, 135, 284], [56, 135, 277]
[56, 135, 284], [56, 110, 135]
[56, 135, 284], [15, 56, 135]
[55, 56, 135], [56, 124, 135]
[55, 56, 135], [43, 56, 135]
[55, 56, 135], [56, 135, 245]
[55, 56, 135], [56, 135, 247]
[55, 56, 135], [56, 135, 277]
[55, 56, 135], [56, 110, 135]
[55, 56, 135], [15, 56, 135]
[56, 124, 135], [43, 56, 135]
[56, 124, 135], [56, 135, 245]
[56, 124, 135], [56, 135, 247]
[56, 124, 135], [56, 135, 277]
[56, 124, 135], [56, 110, 135]
[56, 124, 135], [15, 56, 135]
[43, 56, 135], [56, 135, 245]
[43, 56, 135], [56, 135, 247]
[43, 56, 135], [56, 135, 277]
[43, 56, 135], [56, 110, 135]
[43, 56, 135], [15, 56, 135]
[56, 135, 245], [56, 135, 247]
[56, 135, 245], [56, 135, 277]
[56, 135, 245], [56, 110, 135]
[56, 135, 245], [15, 56, 135]
[56, 135, 247], [56, 135, 277]
[56, 135, 247], [56, 110, 135]
[56, 135, 247], [15, 56, 135]
[56, 135, 277], [56, 110, 135]
[56, 135, 277], [15, 56, 135]
[56, 110, 135], [15, 56, 135]
[16, 61, 121], [61, 114, 121]
[144, 269, 285], [145, 269, 285]
[28, 29, 32], [28, 29, 76]
[28, 29, 32], [28, 29, 86]
[28, 29, 32], [28, 29, 92]
[28, 29, 32], [28, 29, 85]
[28, 29, 76], [28, 29, 86]
[28, 29, 76], [28, 29, 92]
[28, 29, 76], [28, 29, 85]
[28, 29, 86], [28, 29, 92]
[28, 29, 86], [28, 29, 85]
[28, 29, 92], [28, 29, 85]
[28, 29, 32], [29, 32, 115]
[28, 29, 32], [29, 32, 86]
[28, 29, 32], [29, 32, 94]
[28, 29, 32], [29, 32, 101]
[29, 32, 115], [29, 32, 86]
[29, 32, 115], [29, 32, 94]
[29, 32, 115], [29, 32, 101]
[29, 32, 86], [29, 32, 94]
[29, 32, 86], [29, 32, 101]
[29, 32, 94], [29, 32, 101]
[35, 148, 244], [35, 244, 253]
[35, 148, 244], [35, 244, 285]
[35, 148, 244], [35, 244, 251]
[35, 244, 253], [35, 244, 285]
[35, 244, 253], [35, 244, 251]
[35, 244, 285], [35, 244, 251]
[35, 148, 244], [148, 244, 285]
[35, 148, 244], [148, 244, 251]
[148, 244, 285], [148, 244, 251]
[223, 254, 256], [223, 254, 296]
[223, 254, 256], [213, 223, 256]
[223, 254, 256], [223, 234, 256]
[213, 223, 256], [223, 234, 256]
[223, 254, 256], [254, 256, 294]
[28, 32, 130], [28, 91, 130]
[28, 32, 130], [28, 115, 130]
[28, 91, 130], [28, 115, 130]
[28, 32, 130], [32, 117, 130]
[28, 32, 130], [32, 115, 130]
[28, 32, 130], [32, 61, 130]
[28, 32, 130], [4, 32, 130]
[32, 117, 130], [32, 115, 130]
[32, 117, 130], [32, 61, 130]
[32, 117, 130], [4, 32, 130]
[32, 115, 130], [32, 61, 130]
[32, 115, 130], [4, 32, 130]
[32, 61, 130], [4, 32, 130]
[144, 273, 305], [172, 273, 305]
[144, 273, 305], [273, 301, 305]
[144, 273, 305], [272, 273, 305]
[172, 273, 305], [273, 301, 305]
[172, 273, 305], [272, 273, 305]
[273, 301, 305], [272, 273, 305]
[112, 216, 228], [112, 113, 228]
[112, 216, 228], [9, 112, 228]
[112, 113, 228], [9, 112, 228]
[112, 216, 228], [216, 228, 306]
[112, 216, 228], [89, 216, 228]
[112, 216, 228], [113, 216, 228]
[216, 228, 306], [89, 216, 228]
[216, 228, 306], [113, 216, 228]
[89, 216, 228], [113, 216, 228]
[107, 177, 317], [107, 177, 188]
[107, 177, 317], [107, 108, 177]
[107, 177, 188], [107, 108, 177]
[107, 177, 317], [98, 107, 317]
[175, 176, 209], [175, 176, 193]
[175, 176, 209], [175, 176, 179]
[175, 176, 209], [175, 176, 182]
[175, 176, 209], [175, 176, 186]
[175, 176, 193], [175, 176, 179]
[175, 176, 193], [175, 176, 182]
[175, 176, 193], [175, 176, 186]
[175, 176, 179], [175, 176, 182]
[175, 176, 179], [175, 176, 186]
[175, 176, 182], [175, 176, 186]
[175, 176, 209], [176, 179, 209]
[175, 176, 209], [31, 176, 209]
[175, 176, 209], [176, 178, 209]
[175, 176, 209], [176, 206, 209]
[175, 176, 209], [176, 209, 302]
[176, 179, 209], [31, 176, 209]
[176, 179, 209], [176, 178, 209]
[176, 179, 209], [176, 206, 209]
[176, 179, 209], [176, 209, 302]
[31, 176, 209], [176, 178, 209]
[31, 176, 209], [176, 206, 209]
[31, 176, 209], [176, 209, 302]
[176, 178, 209], [176, 206, 209]
[176, 178, 209], [176, 209, 302]
[176, 206, 209], [176, 209, 302]
[77, 84, 163], [57, 77, 84]
[77, 84, 163], [77, 84, 191]
[77, 84, 163], [77, 78, 84]
[57, 77, 84], [77, 84, 191]
[57, 77, 84], [77, 78, 84]
[77, 84, 191], [77, 78, 84]
[77, 84, 163], [78, 84, 163]
[77, 84, 163], [84, 161, 163]
[77, 84, 163], [57, 84, 163]
[77, 84, 163], [58, 84, 163]
[78, 84, 163], [84, 161, 163]
[78, 84, 163], [57, 84, 163]
[78, 84, 163], [58, 84, 163]
[84, 161, 163], [57, 84, 163]
[84, 161, 163], [58, 84, 163]
[57, 84, 163], [58, 84, 163]
[26, 151, 223], [26, 75, 151]
[26, 151, 223], [26, 157, 223]
[103, 232, 312], [232, 236, 312]
[103, 232, 312], [232, 264, 312]
[103, 232, 312], [232, 241, 312]
[232, 236, 312], [232, 264, 312]
[232, 236, 312], [232, 241, 312]
[232, 264, 312], [232, 241, 312]
[29, 32, 115], [29, 86, 115]
[176, 178, 179], [176, 179, 209]
[176, 178, 179], [175, 176, 179]
[176, 179, 209], [175, 176, 179]
[176, 178, 179], [178, 179, 191]
[176, 178, 179], [178, 179, 181]
[178, 179, 191], [178, 179, 181]
[72, 73, 188], [72, 73, 194]
[72, 73, 188], [72, 73, 173]
[72, 73, 188], [72, 73, 174]
[72, 73, 188], [72, 73, 171]
[72, 73, 188], [72, 73, 126]
[72, 73, 188], [72, 73, 196]
[72, 73, 194], [72, 73, 173]
[72, 73, 194], [72, 73, 174]
[72, 73, 194], [72, 73, 171]
[72, 73, 194], [72, 73, 126]
[72, 73, 194], [72, 73, 196]
[72, 73, 173], [72, 73, 174]
[72, 73, 173], [72, 73, 171]
[72, 73, 173], [72, 73, 126]
[72, 73, 173], [72, 73, 196]
[72, 73, 174], [72, 73, 171]
[72, 73, 174], [72, 73, 126]
[72, 73, 174], [72, 73, 196]
[72, 73, 171], [72, 73, 126]
[72, 73, 171], [72, 73, 196]
[72, 73, 126], [72, 73, 196]
[72, 73, 188], [72, 188, 194]
[141, 144, 205], [141, 144, 272]
[141, 144, 205], [141, 144, 265]
[141, 144, 272], [141, 144, 265]
[141, 144, 205], [141, 202, 205]
[141, 144, 205], [141, 205, 303]
[141, 144, 205], [141, 172, 205]
[141, 144, 205], [11, 141, 205]
[141, 144, 205], [141, 205, 265]
[141, 144, 205], [141, 205, 258]
[141, 202, 205], [141, 205, 303]
[141, 202, 205], [141, 172, 205]
[141, 202, 205], [11, 141, 205]
[141, 202, 205], [141, 205, 265]
[141, 202, 205], [141, 205, 258]
[141, 205, 303], [141, 172, 205]
[141, 205, 303], [11, 141, 205]
[141, 205, 303], [141, 205, 265]
[141, 205, 303], [141, 205, 258]
[141, 172, 205], [11, 141, 205]
[141, 172, 205], [141, 205, 265]
[141, 172, 205], [141, 205, 258]
[11, 141, 205], [141, 205, 265]
[11, 141, 205], [141, 205, 258]
[141, 205, 265], [141, 205, 258]
[141, 144, 205], [144, 205, 293]
[13, 222, 259], [13, 104, 222]
[13, 222, 259], [13, 222, 262]
[13, 104, 222], [13, 222, 262]
[13, 222, 259], [45, 222, 259]
[13, 222, 259], [18, 222, 259]
[13, 222, 259], [222, 226, 259]
[45, 222, 259], [18, 222, 259]
[45, 222, 259], [222, 226, 259]
[18, 222, 259], [222, 226, 259]
[178, 179, 191], [108, 178, 191]
[178, 179, 191], [178, 191, 209]
[108, 178, 191], [178, 191, 209]
[178, 179, 191], [161, 179, 191]
[87, 88, 247], [87, 88, 246]
[87, 88, 247], [87, 88, 286]
[87, 88, 246], [87, 88, 286]
[76, 86, 101], [29, 76, 101]
[76, 86, 101], [3, 76, 101]
[76, 86, 101], [8, 76, 101]
[29, 76, 101], [3, 76, 101]
[29, 76, 101], [8, 76, 101]
[3, 76, 101], [8, 76, 101]
[6, 89, 112], [6, 89, 134]
[6, 89, 112], [6, 89, 218]
[6, 89, 134], [6, 89, 218]
[4, 48, 115], [4, 48, 97]
[4, 48, 115], [4, 48, 85]
[4, 48, 115], [4, 47, 48]
[4, 48, 115], [4, 8, 48]
[4, 48, 97], [4, 48, 85]
[4, 48, 97], [4, 47, 48]
[4, 48, 97], [4, 8, 48]
[4, 48, 85], [4, 47, 48]
[4, 48, 85], [4, 8, 48]
[4, 47, 48], [4, 8, 48]
[4, 48, 115], [8, 48, 115]
[4, 48, 115], [47, 48, 115]
[4, 48, 115], [48, 94, 115]
[8, 48, 115], [47, 48, 115]
[8, 48, 115], [48, 94, 115]
[47, 48, 115], [48, 94, 115]
[52, 62, 67], [52, 67, 231]
[52, 62, 67], [52, 67, 271]
[52, 67, 231], [52, 67, 271]
[52, 62, 67], [62, 67, 231]
[106, 134, 219], [106, 134, 197]
[4, 108, 115], [94, 108, 115]
[4, 108, 115], [33, 108, 115]
[94, 108, 115], [33, 108, 115]
[232, 236, 264], [232, 236, 312]
[232, 236, 264], [232, 236, 241]
[232, 236, 264], [122, 232, 236]
[232, 236, 312], [232, 236, 241]
[232, 236, 312], [122, 232, 236]
[232, 236, 241], [122, 232, 236]
[232, 236, 264], [232, 264, 312]
[232, 236, 264], [232, 241, 264]
[232, 264, 312], [232, 241, 264]
[232, 236, 264], [110, 236, 264]
[232, 236, 264], [236, 241, 264]
[110, 236, 264], [236, 241, 264]
[108, 114, 127], [70, 114, 127]
[108, 114, 127], [65, 114, 127]
[70, 114, 127], [65, 114, 127]
[108, 178, 191], [108, 191, 302]
[108, 178, 191], [107, 108, 191]
[108, 191, 302], [107, 108, 191]
[87, 225, 286], [87, 225, 267]
[87, 225, 286], [87, 225, 266]
[87, 225, 286], [55, 87, 225]
[87, 225, 267], [87, 225, 266]
[87, 225, 267], [55, 87, 225]
[87, 225, 266], [55, 87, 225]
[87, 225, 286], [56, 225, 286]
[87, 225, 286], [135, 225, 286]
[56, 225, 286], [135, 225, 286]
[6, 216, 217], [6, 216, 298]
[6, 216, 217], [6, 112, 216]
[6, 216, 217], [6, 134, 216]
[6, 216, 217], [6, 216, 222]
[6, 216, 298], [6, 112, 216]
[6, 216, 298], [6, 134, 216]
[6, 216, 298], [6, 216, 222]
[6, 112, 216], [6, 134, 216]
[6, 112, 216], [6, 216, 222]
[6, 134, 216], [6, 216, 222]
[6, 216, 217], [112, 216, 217]
[134, 218, 298], [218, 259, 298]
[108, 124, 232], [14, 124, 232]
[31, 176, 182], [31, 178, 182]
[31, 176, 182], [31, 182, 209]
[31, 178, 182], [31, 182, 209]
[31, 176, 182], [175, 176, 182]
[31, 176, 182], [176, 178, 182]
[175, 176, 182], [176, 178, 182]
[11, 172, 293], [11, 172, 287]
[11, 172, 293], [11, 172, 281]
[11, 172, 287], [11, 172, 281]
[11, 172, 293], [11, 235, 293]
[11, 172, 293], [145, 172, 293]
[11, 172, 293], [141, 172, 293]
[11, 172, 293], [150, 172, 293]
[145, 172, 293], [141, 172, 293]
[145, 172, 293], [150, 172, 293]
[141, 172, 293], [150, 172, 293]
[107, 121, 127], [107, 108, 121]
[107, 121, 127], [77, 107, 127]
[107, 121, 127], [38, 121, 127]
[142, 268, 281], [142, 268, 305]
[142, 268, 281], [172, 268, 281]
[141, 172, 299], [172, 205, 299]
[17, 138, 262], [17, 18, 262]
[17, 138, 262], [138, 198, 262]
[82, 245, 277], [82, 122, 245]
[138, 161, 191], [138, 161, 198]
[138, 161, 191], [138, 139, 161]
[138, 161, 198], [138, 139, 161]
[138, 161, 191], [138, 139, 191]
[64, 117, 121], [64, 115, 117]
[64, 117, 121], [33, 64, 117]
[64, 115, 117], [33, 64, 117]
[22, 75, 152], [22, 152, 323]
[22, 75, 152], [22, 149, 152]
[22, 152, 323], [22, 149, 152]
[22, 75, 152], [71, 75, 152]
[22, 75, 152], [75, 152, 167]
[22, 75, 152], [75, 149, 152]
[22, 75, 152], [75, 151, 152]
[71, 75, 152], [75, 152, 167]
[71, 75, 152], [75, 149, 152]
[71, 75, 152], [75, 151, 152]
[75, 152, 167], [75, 149, 152]
[75, 152, 167], [75, 151, 152]
[75, 149, 152], [75, 151, 152]
[4, 42, 85], [4, 85, 108]
[4, 42, 85], [4, 48, 85]
[4, 42, 85], [4, 47, 85]
[4, 42, 85], [4, 85, 130]
[4, 85, 108], [4, 48, 85]
[4, 85, 108], [4, 47, 85]
[4, 85, 108], [4, 85, 130]
[4, 48, 85], [4, 47, 85]
[4, 48, 85], [4, 85, 130]
[4, 47, 85], [4, 85, 130]
[4, 42, 85], [41, 42, 85]
[4, 42, 85], [42, 47, 85]
[4, 42, 85], [42, 85, 97]
[41, 42, 85], [42, 47, 85]
[41, 42, 85], [42, 85, 97]
[42, 47, 85], [42, 85, 97]
[73, 170, 177], [73, 177, 196]
[73, 170, 177], [73, 100, 177]
[73, 177, 196], [73, 100, 177]
[73, 170, 177], [126, 170, 177]
[73, 170, 177], [170, 177, 187]
[73, 170, 177], [170, 177, 317]
[73, 170, 177], [98, 170, 177]
[73, 170, 177], [170, 177, 188]
[126, 170, 177], [170, 177, 187]
[126, 170, 177], [170, 177, 317]
[126, 170, 177], [98, 170, 177]
[126, 170, 177], [170, 177, 188]
[170, 177, 187], [170, 177, 317]
[170, 177, 187], [98, 170, 177]
[170, 177, 187], [170, 177, 188]
[170, 177, 317], [98, 170, 177]
[170, 177, 317], [170, 177, 188]
[98, 170, 177], [170, 177, 188]
[9, 11, 265], [9, 265, 288]
[9, 11, 265], [9, 205, 265]
[9, 11, 265], [9, 133, 265]
[9, 11, 265], [9, 265, 299]
[9, 265, 288], [9, 205, 265]
[9, 265, 288], [9, 133, 265]
[9, 265, 288], [9, 265, 299]
[9, 205, 265], [9, 133, 265]
[9, 205, 265], [9, 265, 299]
[9, 133, 265], [9, 265, 299]
[9, 11, 265], [11, 133, 265]
[9, 11, 316], [11, 144, 316]
[49, 59, 60], [49, 50, 59]
[49, 59, 60], [49, 59, 195]
[49, 59, 60], [49, 59, 118]
[49, 50, 59], [49, 59, 195]
[49, 50, 59], [49, 59, 118]
[49, 59, 195], [49, 59, 118]
[49, 59, 60], [49, 60, 118]
[49, 59, 60], [49, 60, 184]
[49, 59, 60], [49, 60, 201]
[49, 60, 118], [49, 60, 184]
[49, 60, 118], [49, 60, 201]
[49, 60, 184], [49, 60, 201]
[49, 59, 60], [59, 60, 195]
[49, 59, 60], [59, 60, 125]
[59, 60, 195], [59, 60, 125]
[62, 75, 125], [60, 62, 125]
[62, 75, 125], [63, 75, 125]
[8, 92, 127], [8, 37, 127]
[8, 92, 127], [92, 116, 127]
[214, 282, 311], [214, 250, 282]
[214, 282, 311], [35, 214, 311]
[214, 282, 311], [214, 250, 311]
[35, 214, 311], [214, 250, 311]
[214, 282, 311], [282, 310, 311]
[107, 177, 188], [107, 174, 188]
[107, 177, 188], [107, 170, 188]
[107, 174, 188], [107, 170, 188]
[48, 94, 163], [48, 94, 115]
[48, 94, 163], [41, 48, 94]
[48, 94, 115], [41, 48, 94]
[87, 246, 247], [87, 246, 264]
[87, 246, 247], [55, 87, 246]
[87, 246, 247], [87, 246, 286]
[87, 246, 247], [87, 88, 246]
[87, 246, 264], [55, 87, 246]
[87, 246, 264], [87, 246, 286]
[87, 246, 264], [87, 88, 246]
[55, 87, 246], [87, 246, 286]
[55, 87, 246], [87, 88, 246]
[87, 246, 286], [87, 88, 246]
[87, 246, 247], [55, 246, 247]
[89, 104, 112], [89, 104, 105]
[89, 104, 112], [12, 89, 104]
[89, 104, 105], [12, 89, 104]
[89, 104, 112], [5, 104, 112]
[89, 104, 112], [104, 112, 243]
[89, 104, 112], [104, 112, 134]
[5, 104, 112], [104, 112, 243]
[5, 104, 112], [104, 112, 134]
[104, 112, 243], [104, 112, 134]
[5, 106, 197], [5, 89, 197]
[5, 106, 197], [5, 112, 197]
[5, 106, 197], [5, 90, 197]
[5, 106, 197], [5, 197, 230]
[5, 89, 197], [5, 112, 197]
[5, 89, 197], [5, 90, 197]
[5, 89, 197], [5, 197, 230]
[5, 112, 197], [5, 90, 197]
[5, 112, 197], [5, 197, 230]
[5, 90, 197], [5, 197, 230]
[5, 106, 197], [106, 134, 197]
[184, 244, 297], [147, 184, 244]
[184, 244, 297], [159, 244, 297]
[184, 244, 297], [147, 244, 297]
[184, 244, 297], [244, 297, 326]
[159, 244, 297], [147, 244, 297]
[159, 244, 297], [244, 297, 326]
[147, 244, 297], [244, 297, 326]
[223, 248, 326], [213, 223, 326]
[223, 248, 326], [213, 248, 326]
[217, 226, 290], [217, 290, 298]
[217, 226, 290], [226, 229, 290]
[72, 81, 194], [72, 81, 103]
[72, 81, 194], [72, 81, 326]
[72, 81, 194], [71, 72, 81]
[72, 81, 194], [72, 80, 81]
[72, 81, 194], [72, 81, 169]
[72, 81, 194], [72, 81, 128]
[72, 81, 103], [72, 81, 326]
[72, 81, 103], [71, 72, 81]
[72, 81, 103], [72, 80, 81]
[72, 81, 103], [72, 81, 169]
[72, 81, 103], [72, 81, 128]
[72, 81, 326], [71, 72, 81]
[72, 81, 326], [72, 80, 81]
[72, 81, 326], [72, 81, 169]
[72, 81, 326], [72, 81, 128]
[71, 72, 81], [72, 80, 81]
[71, 72, 81], [72, 81, 169]
[71, 72, 81], [72, 81, 128]
[72, 80, 81], [72, 81, 169]
[72, 80, 81], [72, 81, 128]
[72, 81, 169], [72, 81, 128]
[72, 81, 194], [72, 73, 194]
[72, 81, 194], [72, 188, 194]
[72, 81, 194], [71, 72, 194]
[72, 73, 194], [72, 188, 194]
[72, 73, 194], [71, 72, 194]
[72, 188, 194], [71, 72, 194]
[72, 81, 194], [71, 81, 194]
[31, 116, 176], [116, 176, 302]
[31, 116, 176], [116, 176, 178]
[116, 176, 302], [116, 176, 178]
[172, 268, 281], [172, 268, 276]
[172, 268, 281], [172, 268, 305]
[172, 268, 276], [172, 268, 305]
[219, 224, 226], [218, 219, 224]
[219, 224, 226], [217, 219, 224]
[219, 224, 226], [219, 224, 243]
[218, 219, 224], [217, 219, 224]
[218, 219, 224], [219, 224, 243]
[217, 219, 224], [219, 224, 243]
[16, 17, 116], [16, 17, 64]
[16, 17, 116], [16, 17, 115]
[16, 17, 116], [16, 17, 61]
[16, 17, 116], [16, 17, 65]
[16, 17, 116], [16, 17, 117]
[16, 17, 116], [16, 17, 127]
[16, 17, 116], [16, 17, 76]
[16, 17, 64], [16, 17, 115]
[16, 17, 64], [16, 17, 61]
[16, 17, 64], [16, 17, 65]
[16, 17, 64], [16, 17, 117]
[16, 17, 64], [16, 17, 127]
[16, 17, 64], [16, 17, 76]
[16, 17, 115], [16, 17, 61]
[16, 17, 115], [16, 17, 65]
[16, 17, 115], [16, 17, 117]
[16, 17, 115], [16, 17, 127]
[16, 17, 115], [16, 17, 76]
[16, 17, 61], [16, 17, 65]
[16, 17, 61], [16, 17, 117]
[16, 17, 61], [16, 17, 127]
[16, 17, 61], [16, 17, 76]
[16, 17, 65], [16, 17, 117]
[16, 17, 65], [16, 17, 127]
[16, 17, 65], [16, 17, 76]
[16, 17, 117], [16, 17, 127]
[16, 17, 117], [16, 17, 76]
[16, 17, 127], [16, 17, 76]
[16, 17, 116], [16, 61, 116]
[16, 17, 116], [17, 36, 116]
[16, 17, 116], [17, 116, 117]
[17, 36, 116], [17, 116, 117]
[245, 261, 277], [245, 261, 267]
[245, 261, 277], [261, 267, 277]
[245, 261, 277], [247, 261, 277]
[261, 267, 277], [247, 261, 277]
[77, 163, 175], [163, 175, 186]
[77, 163, 175], [57, 163, 175]
[77, 163, 175], [127, 163, 175]
[163, 175, 186], [57, 163, 175]
[163, 175, 186], [127, 163, 175]
[57, 163, 175], [127, 163, 175]
[149, 152, 155], [81, 149, 152]
[149, 152, 155], [149, 152, 169]
[149, 152, 155], [149, 152, 154]
[149, 152, 155], [149, 152, 167]
[149, 152, 155], [95, 149, 152]
[149, 152, 155], [149, 152, 189]
[149, 152, 155], [149, 152, 321]
[149, 152, 155], [71, 149, 152]
[149, 152, 155], [149, 152, 323]
[149, 152, 155], [75, 149, 152]
[149, 152, 155], [22, 149, 152]
[149, 152, 155], [26, 149, 152]
[81, 149, 152], [149, 152, 169]
[81, 149, 152], [149, 152, 154]
[81, 149, 152], [149, 152, 167]
[81, 149, 152], [95, 149, 152]
[81, 149, 152], [149, 152, 189]
[81, 149, 152], [149, 152, 321]
[81, 149, 152], [71, 149, 152]
[81, 149, 152], [149, 152, 323]
[81, 149, 152], [75, 149, 152]
[81, 149, 152], [22, 149, 152]
[81, 149, 152], [26, 149, 152]
[149, 152, 169], [149, 152, 154]
[149, 152, 169], [149, 152, 167]
[149, 152, 169], [95, 149, 152]
[149, 152, 169], [149, 152, 189]
[149, 152, 169], [149, 152, 321]
[149, 152, 169], [71, 149, 152]
[149, 152, 169], [149, 152, 323]
[149, 152, 169], [75, 149, 152]
[149, 152, 169], [22, 149, 152]
[149, 152, 169], [26, 149, 152]
[149, 152, 154], [149, 152, 167]
[149, 152, 154], [95, 149, 152]
[149, 152, 154], [149, 152, 189]
[149, 152, 154], [149, 152, 321]
[149, 152, 154], [71, 149, 152]
[149, 152, 154], [149, 152, 323]
[149, 152, 154], [75, 149, 152]
[149, 152, 154], [22, 149, 152]
[149, 152, 154], [26, 149, 152]
[149, 152, 167], [95, 149, 152]
[149, 152, 167], [149, 152, 189]
[149, 152, 167], [149, 152, 321]
[149, 152, 167], [71, 149, 152]
[149, 152, 167], [149, 152, 323]
[149, 152, 167], [75, 149, 152]
[149, 152, 167], [22, 149, 152]
[149, 152, 167], [26, 149, 152]
[95, 149, 152], [149, 152, 189]
[95, 149, 152], [149, 152, 321]
[95, 149, 152], [71, 149, 152]
[95, 149, 152], [149, 152, 323]
[95, 149, 152], [75, 149, 152]
[95, 149, 152], [22, 149, 152]
[95, 149, 152], [26, 149, 152]
[149, 152, 189], [149, 152, 321]
[149, 152, 189], [71, 149, 152]
[149, 152, 189], [149, 152, 323]
[149, 152, 189], [75, 149, 152]
[149, 152, 189], [22, 149, 152]
[149, 152, 189], [26, 149, 152]
[149, 152, 321], [71, 149, 152]
[149, 152, 321], [149, 152, 323]
[149, 152, 321], [75, 149, 152]
[149, 152, 321], [22, 149, 152]
[149, 152, 321], [26, 149, 152]
[71, 149, 152], [149, 152, 323]
[71, 149, 152], [75, 149, 152]
[71, 149, 152], [22, 149, 152]
[71, 149, 152], [26, 149, 152]
[149, 152, 323], [75, 149, 152]
[149, 152, 323], [22, 149, 152]
[149, 152, 323], [26, 149, 152]
[75, 149, 152], [22, 149, 152]
[75, 149, 152], [26, 149, 152]
[22, 149, 152], [26, 149, 152]
[149, 152, 155], [75, 149, 155]
[11, 133, 265], [10, 11, 133]
[11, 133, 265], [11, 133, 258]
[11, 133, 265], [11, 70, 133]
[10, 11, 133], [11, 133, 258]
[10, 11, 133], [11, 70, 133]
[11, 133, 258], [11, 70, 133]
[11, 133, 265], [133, 265, 288]
[11, 133, 265], [9, 133, 265]
[133, 265, 288], [9, 133, 265]
[18, 113, 217], [18, 112, 113]
[18, 113, 217], [5, 18, 113]
[18, 113, 217], [18, 20, 113]
[18, 112, 113], [5, 18, 113]
[18, 112, 113], [18, 20, 113]
[5, 18, 113], [18, 20, 113]
[18, 113, 217], [18, 217, 249]
[18, 113, 217], [18, 105, 217]
[18, 217, 249], [18, 105, 217]
[78, 79, 220], [78, 210, 220]
[78, 79, 220], [79, 101, 220]
[42, 47, 121], [42, 121, 130]
[47, 80, 111], [47, 111, 237]
[6, 226, 262], [222, 226, 262]
[6, 226, 262], [13, 226, 262]
[222, 226, 262], [13, 226, 262]
[58, 82, 193], [30, 58, 193]
[77, 161, 163], [84, 161, 163]
[141, 272, 305], [141, 144, 272]
[141, 272, 305], [141, 142, 272]
[141, 144, 272], [141, 142, 272]
[141, 272, 305], [141, 287, 305]
[141, 272, 305], [141, 172, 305]
[141, 287, 305], [141, 172, 305]
[141, 272, 305], [272, 285, 305]
[141, 272, 305], [269, 272, 305]
[141, 272, 305], [272, 281, 305]
[141, 272, 305], [136, 272, 305]
[141, 272, 305], [142, 272, 305]
[141, 272, 305], [144, 272, 305]
[141, 272, 305], [272, 293, 305]
[141, 272, 305], [272, 280, 305]
[141, 272, 305], [272, 292, 305]
[141, 272, 305], [272, 273, 305]
[141, 272, 305], [112, 272, 305]
[141, 272, 305], [272, 301, 305]
[141, 272, 305], [258, 272, 305]
[272, 285, 305], [269, 272, 305]
[272, 285, 305], [272, 281, 305]
[272, 285, 305], [136, 272, 305]
[272, 285, 305], [142, 272, 305]
[272, 285, 305], [144, 272, 305]
[272, 285, 305], [272, 293, 305]
[272, 285, 305], [272, 280, 305]
[272, 285, 305], [272, 292, 305]
[272, 285, 305], [272, 273, 305]
[272, 285, 305], [112, 272, 305]
[272, 285, 305], [272, 301, 305]
[272, 285, 305], [258, 272, 305]
[269, 272, 305], [272, 281, 305]
[269, 272, 305], [136, 272, 305]
[269, 272, 305], [142, 272, 305]
[269, 272, 305], [144, 272, 305]
[269, 272, 305], [272, 293, 305]
[269, 272, 305], [272, 280, 305]
[269, 272, 305], [272, 292, 305]
[269, 272, 305], [272, 273, 305]
[269, 272, 305], [112, 272, 305]
[269, 272, 305], [272, 301, 305]
[269, 272, 305], [258, 272, 305]
[272, 281, 305], [136, 272, 305]
[272, 281, 305], [142, 272, 305]
[272, 281, 305], [144, 272, 305]
[272, 281, 305], [272, 293, 305]
[272, 281, 305], [272, 280, 305]
[272, 281, 305], [272, 292, 305]
[272, 281, 305], [272, 273, 305]
[272, 281, 305], [112, 272, 305]
[272, 281, 305], [272, 301, 305]
[272, 281, 305], [258, 272, 305]
[136, 272, 305], [142, 272, 305]
[136, 272, 305], [144, 272, 305]
[136, 272, 305], [272, 293, 305]
[136, 272, 305], [272, 280, 305]
[136, 272, 305], [272, 292, 305]
[136, 272, 305], [272, 273, 305]
[136, 272, 305], [112, 272, 305]
[136, 272, 305], [272, 301, 305]
[136, 272, 305], [258, 272, 305]
[142, 272, 305], [144, 272, 305]
[142, 272, 305], [272, 293, 305]
[142, 272, 305], [272, 280, 305]
[142, 272, 305], [272, 292, 305]
[142, 272, 305], [272, 273, 305]
[142, 272, 305], [112, 272, 305]
[142, 272, 305], [272, 301, 305]
[142, 272, 305], [258, 272, 305]
[144, 272, 305], [272, 293, 305]
[144, 272, 305], [272, 280, 305]
[144, 272, 305], [272, 292, 305]
[144, 272, 305], [272, 273, 305]
[144, 272, 305], [112, 272, 305]
[144, 272, 305], [272, 301, 305]
[144, 272, 305], [258, 272, 305]
[272, 293, 305], [272, 280, 305]
[272, 293, 305], [272, 292, 305]
[272, 293, 305], [272, 273, 305]
[272, 293, 305], [112, 272, 305]
[272, 293, 305], [272, 301, 305]
[272, 293, 305], [258, 272, 305]
[272, 280, 305], [272, 292, 305]
[272, 280, 305], [272, 273, 305]
[272, 280, 305], [112, 272, 305]
[272, 280, 305], [272, 301, 305]
[272, 280, 305], [258, 272, 305]
[272, 292, 305], [272, 273, 305]
[272, 292, 305], [112, 272, 305]
[272, 292, 305], [272, 301, 305]
[272, 292, 305], [258, 272, 305]
[272, 273, 305], [112, 272, 305]
[272, 273, 305], [272, 301, 305]
[272, 273, 305], [258, 272, 305]
[112, 272, 305], [272, 301, 305]
[112, 272, 305], [258, 272, 305]
[272, 301, 305], [258, 272, 305]
[281, 285, 298], [217, 281, 298]
[199, 213, 215], [199, 213, 223]
[199, 213, 215], [213, 215, 326]
[199, 213, 215], [203, 213, 215]
[213, 215, 326], [203, 213, 215]
[269, 272, 273], [269, 272, 305]
[269, 272, 273], [202, 269, 272]
[269, 272, 273], [145, 269, 272]
[269, 272, 305], [202, 269, 272]
[269, 272, 305], [145, 269, 272]
[202, 269, 272], [145, 269, 272]
[269, 272, 273], [136, 272, 273]
[269, 272, 273], [272, 273, 305]
[269, 272, 273], [272, 273, 285]
[136, 272, 273], [272, 273, 305]
[136, 272, 273], [272, 273, 285]
[272, 273, 305], [272, 273, 285]
[205, 258, 287], [142, 205, 287]
[37, 76, 108], [7, 37, 76]
[37, 76, 108], [37, 94, 108]
[37, 76, 108], [76, 94, 108]
[37, 76, 108], [66, 76, 108]
[37, 76, 108], [7, 76, 108]
[76, 94, 108], [66, 76, 108]
[76, 94, 108], [7, 76, 108]
[66, 76, 108], [7, 76, 108]
[53, 59, 63], [53, 63, 125]
[53, 59, 63], [51, 53, 63]
[53, 63, 125], [51, 53, 63]
[107, 126, 170], [100, 107, 126]
[107, 126, 170], [77, 107, 126]
[107, 126, 170], [23, 107, 126]
[100, 107, 126], [77, 107, 126]
[100, 107, 126], [23, 107, 126]
[77, 107, 126], [23, 107, 126]
[107, 126, 170], [107, 170, 188]
[107, 126, 170], [100, 107, 170]
[107, 170, 188], [100, 107, 170]
[145, 166, 272], [166, 265, 272]
[108, 126, 170], [100, 108, 126]
[87, 247, 264], [87, 246, 264]
[87, 247, 264], [87, 264, 286]
[87, 246, 264], [87, 264, 286]
[87, 247, 264], [247, 264, 266]
[87, 247, 264], [247, 264, 286]
[247, 264, 266], [247, 264, 286]
[49, 174, 196], [49, 174, 187]
[49, 174, 196], [49, 72, 174]
[49, 174, 196], [49, 100, 174]
[49, 174, 187], [49, 72, 174]
[49, 174, 187], [49, 100, 174]
[49, 72, 174], [49, 100, 174]
[49, 174, 196], [170, 174, 196]
[49, 174, 196], [174, 187, 196]
[170, 174, 196], [174, 187, 196]
[78, 161, 179], [161, 179, 191]
[81, 149, 152], [81, 149, 167]
[81, 149, 152], [81, 102, 152]
[15, 43, 312], [15, 43, 94]
[15, 43, 312], [15, 43, 228]
[15, 43, 312], [14, 15, 43]
[15, 43, 312], [15, 43, 135]
[15, 43, 94], [15, 43, 228]
[15, 43, 94], [14, 15, 43]
[15, 43, 94], [15, 43, 135]
[15, 43, 228], [14, 15, 43]
[15, 43, 228], [15, 43, 135]
[14, 15, 43], [15, 43, 135]
[15, 43, 312], [14, 15, 312]
[15, 43, 312], [15, 135, 312]
[14, 15, 312], [15, 135, 312]
[15, 43, 312], [43, 135, 312]
[77, 107, 127], [77, 107, 126]
[77, 107, 127], [77, 107, 163]
[77, 107, 126], [77, 107, 163]
[276, 280, 305], [268, 276, 280]
[276, 280, 305], [268, 276, 305]
[280, 281, 299], [280, 281, 303]
[280, 281, 299], [280, 281, 293]
[280, 281, 303], [280, 281, 293]
[280, 281, 299], [133, 281, 299]
[280, 281, 299], [205, 281, 299]
[280, 281, 299], [136, 281, 299]
[133, 281, 299], [205, 281, 299]
[133, 281, 299], [136, 281, 299]
[205, 281, 299], [136, 281, 299]
[32, 33, 85], [32, 33, 86]
[32, 33, 85], [32, 33, 116]
[32, 33, 85], [17, 32, 33]
[32, 33, 85], [32, 33, 61]
[32, 33, 85], [32, 33, 76]
[32, 33, 85], [32, 33, 65]
[32, 33, 85], [32, 33, 114]
[32, 33, 85], [32, 33, 115]
[32, 33, 85], [32, 33, 64]
[32, 33, 85], [32, 33, 232]
[32, 33, 86], [32, 33, 116]
[32, 33, 86], [17, 32, 33]
[32, 33, 86], [32, 33, 61]
[32, 33, 86], [32, 33, 76]
[32, 33, 86], [32, 33, 65]
[32, 33, 86], [32, 33, 114]
[32, 33, 86], [32, 33, 115]
[32, 33, 86], [32, 33, 64]
[32, 33, 86], [32, 33, 232]
[32, 33, 116], [17, 32, 33]
[32, 33, 116], [32, 33, 61]
[32, 33, 116], [32, 33, 76]
[32, 33, 116], [32, 33, 65]
[32, 33, 116], [32, 33, 114]
[32, 33, 116], [32, 33, 115]
[32, 33, 116], [32, 33, 64]
[32, 33, 116], [32, 33, 232]
[17, 32, 33], [32, 33, 61]
[17, 32, 33], [32, 33, 76]
[17, 32, 33], [32, 33, 65]
[17, 32, 33], [32, 33, 114]
[17, 32, 33], [32, 33, 115]
[17, 32, 33], [32, 33, 64]
[17, 32, 33], [32, 33, 232]
[32, 33, 61], [32, 33, 76]
[32, 33, 61], [32, 33, 65]
[32, 33, 61], [32, 33, 114]
[32, 33, 61], [32, 33, 115]
[32, 33, 61], [32, 33, 64]
[32, 33, 61], [32, 33, 232]
[32, 33, 76], [32, 33, 65]
[32, 33, 76], [32, 33, 114]
[32, 33, 76], [32, 33, 115]
[32, 33, 76], [32, 33, 64]
[32, 33, 76], [32, 33, 232]
[32, 33, 65], [32, 33, 114]
[32, 33, 65], [32, 33, 115]
[32, 33, 65], [32, 33, 64]
[32, 33, 65], [32, 33, 232]
[32, 33, 114], [32, 33, 115]
[32, 33, 114], [32, 33, 64]
[32, 33, 114], [32, 33, 232]
[32, 33, 115], [32, 33, 64]
[32, 33, 115], [32, 33, 232]
[32, 33, 64], [32, 33, 232]
[32, 33, 85], [28, 32, 85]
[32, 33, 85], [32, 85, 101]
[32, 33, 85], [32, 85, 86]
[32, 33, 85], [32, 85, 115]
[28, 32, 85], [32, 85, 101]
[28, 32, 85], [32, 85, 86]
[28, 32, 85], [32, 85, 115]
[32, 85, 101], [32, 85, 86]
[32, 85, 101], [32, 85, 115]
[32, 85, 86], [32, 85, 115]
[237, 245, 277], [29, 237, 277]
[237, 245, 277], [111, 237, 277]
[29, 237, 277], [111, 237, 277]
[52, 67, 231], [67, 68, 231]
[52, 67, 231], [62, 67, 231]
[67, 68, 231], [62, 67, 231]
[57, 77, 163], [57, 77, 78]
[57, 77, 163], [57, 77, 84]
[57, 77, 78], [57, 77, 84]
[57, 77, 163], [57, 163, 175]
[57, 77, 163], [57, 163, 176]
[57, 77, 163], [57, 84, 163]
[57, 163, 175], [57, 163, 176]
[57, 163, 175], [57, 84, 163]
[57, 163, 176], [57, 84, 163]
[22, 153, 155], [22, 153, 167]
[22, 153, 155], [22, 102, 153]
[22, 153, 155], [21, 22, 153]
[22, 153, 167], [22, 102, 153]
[22, 153, 167], [21, 22, 153]
[22, 102, 153], [21, 22, 153]
[22, 153, 155], [21, 153, 155]
[10, 11, 133], [10, 11, 292]
[10, 11, 133], [9, 10, 11]
[10, 11, 133], [10, 11, 303]
[10, 11, 292], [9, 10, 11]
[10, 11, 292], [10, 11, 303]
[9, 10, 11], [10, 11, 303]
[22, 75, 81], [22, 81, 128]
[14, 135, 312], [14, 15, 312]
[31, 206, 209], [31, 176, 206]
[31, 206, 209], [31, 178, 206]
[31, 206, 209], [31, 206, 302]
[31, 176, 206], [31, 178, 206]
[31, 176, 206], [31, 206, 302]
[31, 178, 206], [31, 206, 302]
[108, 178, 286], [55, 108, 286]
[108, 178, 286], [107, 108, 286]
[55, 108, 286], [107, 108, 286]
[83, 186, 302], [83, 186, 277]
[83, 186, 302], [83, 163, 186]
[83, 186, 302], [83, 127, 186]
[83, 186, 302], [82, 83, 186]
[83, 186, 277], [83, 163, 186]
[83, 186, 277], [83, 127, 186]
[83, 186, 277], [82, 83, 186]
[83, 163, 186], [83, 127, 186]
[83, 163, 186], [82, 83, 186]
[83, 127, 186], [82, 83, 186]
[83, 186, 302], [127, 186, 302]
[83, 186, 302], [82, 186, 302]
[83, 186, 302], [163, 186, 302]
[127, 186, 302], [82, 186, 302]
[127, 186, 302], [163, 186, 302]
[82, 186, 302], [163, 186, 302]
[95, 159, 275], [95, 159, 270]
[95, 159, 275], [95, 158, 159]
[95, 159, 270], [95, 158, 159]
[95, 159, 275], [95, 158, 275]
[3, 28, 101], [3, 76, 101]
[3, 28, 101], [3, 42, 101]
[3, 76, 101], [3, 42, 101]
[26, 75, 151], [26, 71, 75]
[26, 75, 151], [26, 74, 75]
[26, 75, 151], [26, 75, 153]
[26, 75, 151], [26, 75, 128]
[26, 71, 75], [26, 74, 75]
[26, 71, 75], [26, 75, 153]
[26, 71, 75], [26, 75, 128]
[26, 74, 75], [26, 75, 153]
[26, 74, 75], [26, 75, 128]
[26, 75, 153], [26, 75, 128]
[18, 259, 262], [18, 222, 259]
[18, 259, 262], [13, 18, 259]
[18, 222, 259], [13, 18, 259]
[13, 229, 249], [13, 18, 229]
[13, 229, 249], [229, 243, 249]
[13, 229, 249], [105, 229, 249]
[229, 243, 249], [105, 229, 249]
[207, 213, 326], [207, 213, 296]
[207, 213, 326], [207, 213, 223]
[207, 213, 296], [207, 213, 223]
[207, 213, 326], [203, 207, 326]
[207, 213, 326], [207, 257, 326]
[207, 213, 326], [207, 215, 326]
[207, 213, 326], [207, 296, 326]
[207, 213, 326], [207, 214, 326]
[203, 207, 326], [207, 257, 326]
[203, 207, 326], [207, 215, 326]
[203, 207, 326], [207, 296, 326]
[203, 207, 326], [207, 214, 326]
[207, 257, 326], [207, 215, 326]
[207, 257, 326], [207, 296, 326]
[207, 257, 326], [207, 214, 326]
[207, 215, 326], [207, 296, 326]
[207, 215, 326], [207, 214, 326]
[207, 296, 326], [207, 214, 326]
[207, 213, 326], [213, 223, 326]
[207, 213, 326], [213, 215, 326]
[207, 213, 326], [72, 213, 326]
[207, 213, 326], [213, 296, 326]
[207, 213, 326], [213, 248, 326]
[213, 223, 326], [213, 215, 326]
[213, 223, 326], [72, 213, 326]
[213, 223, 326], [213, 296, 326]
[213, 223, 326], [213, 248, 326]
[213, 215, 326], [72, 213, 326]
[213, 215, 326], [213, 296, 326]
[213, 215, 326], [213, 248, 326]
[72, 213, 326], [213, 296, 326]
[72, 213, 326], [213, 248, 326]
[213, 296, 326], [213, 248, 326]
[59, 98, 173], [98, 126, 173]
[59, 98, 173], [60, 98, 173]
[59, 98, 173], [63, 98, 173]
[59, 98, 173], [98, 173, 317]
[98, 126, 173], [60, 98, 173]
[98, 126, 173], [63, 98, 173]
[98, 126, 173], [98, 173, 317]
[60, 98, 173], [63, 98, 173]
[60, 98, 173], [98, 173, 317]
[63, 98, 173], [98, 173, 317]
[110, 236, 264], [110, 236, 241]
[172, 265, 287], [172, 205, 265]
[172, 265, 287], [141, 172, 265]
[172, 265, 287], [172, 265, 281]
[172, 265, 287], [172, 202, 265]
[172, 205, 265], [141, 172, 265]
[172, 205, 265], [172, 265, 281]
[172, 205, 265], [172, 202, 265]
[141, 172, 265], [172, 265, 281]
[141, 172, 265], [172, 202, 265]
[172, 265, 281], [172, 202, 265]
[172, 265, 287], [172, 287, 305]
[172, 265, 287], [172, 207, 287]
[172, 265, 287], [172, 287, 316]
[172, 265, 287], [11, 172, 287]
[172, 265, 287], [141, 172, 287]
[172, 265, 287], [172, 287, 301]
[172, 287, 305], [172, 207, 287]
[172, 287, 305], [172, 287, 316]
[172, 287, 305], [11, 172, 287]
[172, 287, 305], [141, 172, 287]
[172, 287, 305], [172, 287, 301]
[172, 207, 287], [172, 287, 316]
[172, 207, 287], [11, 172, 287]
[172, 207, 287], [141, 172, 287]
[172, 207, 287], [172, 287, 301]
[172, 287, 316], [11, 172, 287]
[172, 287, 316], [141, 172, 287]
[172, 287, 316], [172, 287, 301]
[11, 172, 287], [141, 172, 287]
[11, 172, 287], [172, 287, 301]
[141, 172, 287], [172, 287, 301]
[172, 265, 287], [141, 265, 287]
[172, 265, 287], [265, 287, 292]
[141, 265, 287], [265, 287, 292]
[56, 264, 286], [56, 225, 286]
[56, 264, 286], [55, 56, 286]
[56, 264, 286], [15, 56, 286]
[56, 264, 286], [56, 87, 286]
[56, 225, 286], [55, 56, 286]
[56, 225, 286], [15, 56, 286]
[56, 225, 286], [56, 87, 286]
[55, 56, 286], [15, 56, 286]
[55, 56, 286], [56, 87, 286]
[15, 56, 286], [56, 87, 286]
[56, 264, 286], [87, 264, 286]
[56, 264, 286], [247, 264, 286]
[87, 264, 286], [247, 264, 286]
[213, 223, 326], [199, 213, 223]
[213, 223, 326], [207, 213, 223]
[213, 223, 326], [213, 223, 256]
[199, 213, 223], [207, 213, 223]
[199, 213, 223], [213, 223, 256]
[207, 213, 223], [213, 223, 256]
[126, 177, 316], [9, 126, 316]
[136, 202, 272], [136, 144, 202]
[136, 202, 272], [202, 269, 272]
[49, 187, 196], [73, 187, 196]
[49, 187, 196], [184, 187, 196]
[49, 187, 196], [174, 187, 196]
[49, 187, 196], [187, 189, 196]
[73, 187, 196], [184, 187, 196]
[73, 187, 196], [174, 187, 196]
[73, 187, 196], [187, 189, 196]
[184, 187, 196], [174, 187, 196]
[184, 187, 196], [187, 189, 196]
[174, 187, 196], [187, 189, 196]
[20, 150, 224], [18, 20, 150]
[43, 135, 267], [43, 56, 135]
[43, 135, 267], [43, 135, 186]
[43, 135, 267], [43, 135, 312]
[43, 135, 267], [15, 43, 135]
[43, 56, 135], [43, 135, 186]
[43, 56, 135], [43, 135, 312]
[43, 56, 135], [15, 43, 135]
[43, 135, 186], [43, 135, 312]
[43, 135, 186], [15, 43, 135]
[43, 135, 312], [15, 43, 135]
[142, 281, 293], [142, 150, 293]
[142, 281, 293], [142, 293, 305]
[142, 150, 293], [142, 293, 305]
[100, 170, 174], [72, 100, 170]
[100, 170, 174], [100, 126, 170]
[100, 170, 174], [100, 107, 170]
[72, 100, 170], [100, 126, 170]
[72, 100, 170], [100, 107, 170]
[100, 126, 170], [100, 107, 170]
[5, 217, 222], [5, 6, 217]
[5, 217, 222], [6, 217, 222]
[4, 117, 130], [4, 108, 130]
[4, 117, 130], [4, 32, 130]
[4, 117, 130], [4, 66, 130]
[4, 117, 130], [4, 85, 130]
[4, 108, 130], [4, 32, 130]
[4, 108, 130], [4, 66, 130]
[4, 108, 130], [4, 85, 130]
[4, 32, 130], [4, 66, 130]
[4, 32, 130], [4, 85, 130]
[4, 66, 130], [4, 85, 130]
[7, 66, 108], [7, 76, 108]
[21, 167, 323], [21, 22, 323]
[21, 167, 323], [21, 27, 323]
[21, 167, 323], [21, 318, 323]
[21, 22, 323], [21, 27, 323]
[21, 22, 323], [21, 318, 323]
[21, 27, 323], [21, 318, 323]
[49, 100, 118], [49, 100, 174]
[32, 33, 86], [28, 32, 86]
[32, 33, 86], [32, 85, 86]
[32, 33, 86], [29, 32, 86]
[28, 32, 86], [32, 85, 86]
[28, 32, 86], [29, 32, 86]
[32, 85, 86], [29, 32, 86]
[147, 148, 297], [147, 148, 285]
[147, 148, 297], [35, 147, 148]
[147, 148, 285], [35, 147, 148]
[28, 29, 76], [29, 76, 101]
[28, 29, 76], [29, 76, 85]
[28, 29, 76], [29, 76, 91]
[29, 76, 101], [29, 76, 85]
[29, 76, 101], [29, 76, 91]
[29, 76, 85], [29, 76, 91]
[147, 244, 251], [147, 214, 244]
[147, 244, 251], [147, 244, 285]
[147, 244, 251], [147, 244, 297]
[147, 244, 251], [147, 184, 244]
[147, 214, 244], [147, 244, 285]
[147, 214, 244], [147, 244, 297]
[147, 214, 244], [147, 184, 244]
[147, 244, 285], [147, 244, 297]
[147, 244, 285], [147, 184, 244]
[147, 244, 297], [147, 184, 244]
[147, 244, 251], [147, 251, 285]
[147, 244, 251], [35, 244, 251]
[147, 244, 251], [244, 251, 285]
[147, 244, 251], [148, 244, 251]
[35, 244, 251], [244, 251, 285]
[35, 244, 251], [148, 244, 251]
[244, 251, 285], [148, 244, 251]
[205, 299, 303], [133, 299, 303]
[49, 63, 125], [49, 63, 189]
[49, 63, 125], [49, 125, 180]
[49, 63, 125], [53, 63, 125]
[49, 63, 125], [51, 63, 125]
[49, 63, 125], [63, 75, 125]
[53, 63, 125], [51, 63, 125]
[53, 63, 125], [63, 75, 125]
[51, 63, 125], [63, 75, 125]
[173, 196, 260], [51, 196, 260]
[173, 196, 260], [196, 260, 314]
[51, 196, 260], [196, 260, 314]
[78, 84, 163], [78, 79, 84]
[78, 84, 163], [77, 78, 84]
[78, 79, 84], [77, 78, 84]
[78, 84, 163], [78, 163, 193]
[78, 84, 163], [77, 78, 163]
[78, 163, 193], [77, 78, 163]
[58, 163, 245], [77, 163, 245]
[28, 41, 92], [28, 41, 47]
[28, 41, 92], [28, 41, 108]
[28, 41, 92], [28, 41, 42]
[28, 41, 92], [28, 41, 76]
[28, 41, 92], [28, 41, 101]
[28, 41, 92], [28, 41, 85]
[28, 41, 92], [28, 41, 91]
[28, 41, 92], [28, 41, 48]
[28, 41, 92], [28, 41, 107]
[28, 41, 47], [28, 41, 108]
[28, 41, 47], [28, 41, 42]
[28, 41, 47], [28, 41, 76]
[28, 41, 47], [28, 41, 101]
[28, 41, 47], [28, 41, 85]
[28, 41, 47], [28, 41, 91]
[28, 41, 47], [28, 41, 48]
[28, 41, 47], [28, 41, 107]
[28, 41, 108], [28, 41, 42]
[28, 41, 108], [28, 41, 76]
[28, 41, 108], [28, 41, 101]
[28, 41, 108], [28, 41, 85]
[28, 41, 108], [28, 41, 91]
[28, 41, 108], [28, 41, 48]
[28, 41, 108], [28, 41, 107]
[28, 41, 42], [28, 41, 76]
[28, 41, 42], [28, 41, 101]
[28, 41, 42], [28, 41, 85]
[28, 41, 42], [28, 41, 91]
[28, 41, 42], [28, 41, 48]
[28, 41, 42], [28, 41, 107]
[28, 41, 76], [28, 41, 101]
[28, 41, 76], [28, 41, 85]
[28, 41, 76], [28, 41, 91]
[28, 41, 76], [28, 41, 48]
[28, 41, 76], [28, 41, 107]
[28, 41, 101], [28, 41, 85]
[28, 41, 101], [28, 41, 91]
[28, 41, 101], [28, 41, 48]
[28, 41, 101], [28, 41, 107]
[28, 41, 85], [28, 41, 91]
[28, 41, 85], [28, 41, 48]
[28, 41, 85], [28, 41, 107]
[28, 41, 91], [28, 41, 48]
[28, 41, 91], [28, 41, 107]
[28, 41, 48], [28, 41, 107]
[207, 213, 296], [213, 234, 296]
[207, 213, 296], [213, 296, 326]
[213, 234, 296], [213, 296, 326]
[67, 68, 231], [67, 68, 96]
[28, 41, 47], [28, 47, 107]
[3, 32, 38], [32, 38, 121]
[33, 64, 65], [33, 64, 115]
[33, 64, 65], [33, 61, 64]
[33, 64, 65], [32, 33, 64]
[33, 64, 65], [33, 64, 117]
[33, 64, 115], [33, 61, 64]
[33, 64, 115], [32, 33, 64]
[33, 64, 115], [33, 64, 117]
[33, 61, 64], [32, 33, 64]
[33, 61, 64], [33, 64, 117]
[32, 33, 64], [33, 64, 117]
[51, 131, 159], [51, 52, 159]
[51, 131, 159], [51, 159, 314]
[51, 52, 159], [51, 159, 314]
[112, 219, 243], [112, 218, 243]
[112, 219, 243], [104, 112, 243]
[112, 219, 243], [12, 112, 243]
[112, 219, 243], [105, 112, 243]
[112, 218, 243], [104, 112, 243]
[112, 218, 243], [12, 112, 243]
[112, 218, 243], [105, 112, 243]
[104, 112, 243], [12, 112, 243]
[104, 112, 243], [105, 112, 243]
[12, 112, 243], [105, 112, 243]
[16, 47, 107], [28, 47, 107]
[16, 47, 107], [42, 47, 107]
[16, 47, 107], [13, 47, 107]
[28, 47, 107], [42, 47, 107]
[28, 47, 107], [13, 47, 107]
[42, 47, 107], [13, 47, 107]
[17, 55, 92], [17, 92, 107]
[6, 222, 249], [6, 217, 222]
[6, 222, 249], [6, 216, 222]
[6, 217, 222], [6, 216, 222]
[50, 59, 73], [49, 50, 73]
[213, 215, 326], [215, 254, 326]
[213, 215, 326], [207, 215, 326]
[213, 215, 326], [203, 215, 326]
[215, 254, 326], [207, 215, 326]
[215, 254, 326], [203, 215, 326]
[207, 215, 326], [203, 215, 326]
[31, 107, 132], [31, 132, 221]
[31, 107, 132], [31, 132, 209]
[31, 107, 132], [31, 132, 176]
[31, 107, 132], [31, 132, 210]
[31, 132, 221], [31, 132, 209]
[31, 132, 221], [31, 132, 176]
[31, 132, 221], [31, 132, 210]
[31, 132, 209], [31, 132, 176]
[31, 132, 209], [31, 132, 210]
[31, 132, 176], [31, 132, 210]
[25, 152, 153], [25, 152, 318]
[25, 152, 153], [25, 152, 167]
[25, 152, 318], [25, 152, 167]
[25, 152, 153], [25, 153, 271]
[25, 152, 153], [25, 153, 167]
[25, 153, 271], [25, 153, 167]
[28, 32, 76], [32, 33, 76]
[33, 114, 116], [33, 61, 114]
[33, 114, 116], [32, 33, 114]
[33, 114, 116], [33, 114, 117]
[33, 61, 114], [32, 33, 114]
[33, 61, 114], [33, 114, 117]
[32, 33, 114], [33, 114, 117]
[33, 114, 116], [83, 114, 116]
[33, 114, 116], [61, 114, 116]
[33, 114, 116], [65, 114, 116]
[33, 114, 116], [64, 114, 116]
[83, 114, 116], [61, 114, 116]
[83, 114, 116], [65, 114, 116]
[83, 114, 116], [64, 114, 116]
[61, 114, 116], [65, 114, 116]
[61, 114, 116], [64, 114, 116]
[65, 114, 116], [64, 114, 116]
[150, 305, 313], [142, 305, 313]
[7, 76, 94], [7, 94, 122]
[7, 76, 94], [7, 85, 94]
[7, 94, 122], [7, 85, 94]
[7, 76, 94], [76, 94, 108]
[7, 76, 94], [76, 94, 107]
[7, 76, 94], [76, 85, 94]
[7, 76, 94], [8, 76, 94]
[76, 94, 108], [76, 94, 107]
[76, 94, 108], [76, 85, 94]
[76, 94, 108], [8, 76, 94]
[76, 94, 107], [76, 85, 94]
[76, 94, 107], [8, 76, 94]
[76, 85, 94], [8, 76, 94]
[110, 239, 261], [110, 225, 239]
[110, 239, 261], [238, 239, 261]
[110, 239, 261], [108, 239, 261]
[110, 239, 261], [56, 239, 261]
[110, 239, 261], [175, 239, 261]
[110, 239, 261], [55, 239, 261]
[110, 239, 261], [88, 239, 261]
[238, 239, 261], [108, 239, 261]
[238, 239, 261], [56, 239, 261]
[238, 239, 261], [175, 239, 261]
[238, 239, 261], [55, 239, 261]
[238, 239, 261], [88, 239, 261]
[108, 239, 261], [56, 239, 261]
[108, 239, 261], [175, 239, 261]
[108, 239, 261], [55, 239, 261]
[108, 239, 261], [88, 239, 261]
[56, 239, 261], [175, 239, 261]
[56, 239, 261], [55, 239, 261]
[56, 239, 261], [88, 239, 261]
[175, 239, 261], [55, 239, 261]
[175, 239, 261], [88, 239, 261]
[55, 239, 261], [88, 239, 261]
[17, 36, 76], [17, 36, 116]
[17, 36, 76], [17, 36, 127]
[17, 36, 76], [17, 36, 65]
[17, 36, 116], [17, 36, 127]
[17, 36, 116], [17, 36, 65]
[17, 36, 127], [17, 36, 65]
[17, 36, 76], [17, 76, 225]
[17, 36, 76], [17, 76, 121]
[17, 36, 76], [16, 17, 76]
[17, 76, 225], [17, 76, 121]
[17, 76, 225], [16, 17, 76]
[17, 76, 121], [16, 17, 76]
[22, 72, 155], [22, 72, 95]
[22, 72, 155], [72, 155, 167]
[145, 251, 285], [148, 251, 285]
[145, 251, 285], [147, 251, 285]
[145, 251, 285], [35, 251, 285]
[145, 251, 285], [244, 251, 285]
[148, 251, 285], [147, 251, 285]
[148, 251, 285], [35, 251, 285]
[148, 251, 285], [244, 251, 285]
[147, 251, 285], [35, 251, 285]
[147, 251, 285], [244, 251, 285]
[35, 251, 285], [244, 251, 285]
[73, 184, 196], [60, 73, 184]
[29, 111, 277], [29, 111, 237]
[29, 111, 277], [29, 237, 277]
[29, 111, 277], [29, 252, 277]
[29, 237, 277], [29, 252, 277]
[5, 104, 230], [5, 104, 112]
[5, 104, 230], [5, 197, 230]
[5, 104, 230], [5, 89, 230]
[5, 197, 230], [5, 89, 230]
[33, 115, 116], [33, 64, 115]
[33, 115, 116], [33, 108, 115]
[33, 115, 116], [32, 33, 115]
[33, 64, 115], [33, 108, 115]
[33, 64, 115], [32, 33, 115]
[33, 108, 115], [32, 33, 115]
[166, 269, 299], [144, 166, 269]
[166, 269, 299], [166, 269, 292]
[166, 269, 299], [166, 202, 269]
[166, 269, 299], [166, 268, 269]
[166, 269, 299], [145, 166, 269]
[144, 166, 269], [166, 269, 292]
[144, 166, 269], [166, 202, 269]
[144, 166, 269], [166, 268, 269]
[144, 166, 269], [145, 166, 269]
[166, 269, 292], [166, 202, 269]
[166, 269, 292], [166, 268, 269]
[166, 269, 292], [145, 166, 269]
[166, 202, 269], [166, 268, 269]
[166, 202, 269], [145, 166, 269]
[166, 268, 269], [145, 166, 269]
[291, 300, 305], [202, 291, 300]
[291, 300, 305], [291, 301, 305]
[291, 300, 305], [291, 292, 305]
[291, 301, 305], [291, 292, 305]
[291, 300, 305], [142, 300, 305]
[135, 236, 277], [56, 236, 277]
[135, 236, 277], [111, 236, 277]
[56, 236, 277], [111, 236, 277]
[2, 22, 318], [2, 21, 22]
[2, 22, 318], [1, 2, 22]
[2, 22, 318], [2, 22, 279]
[2, 22, 318], [2, 22, 155]
[2, 22, 318], [2, 22, 321]
[2, 21, 22], [1, 2, 22]
[2, 21, 22], [2, 22, 279]
[2, 21, 22], [2, 22, 155]
[2, 21, 22], [2, 22, 321]
[1, 2, 22], [2, 22, 279]
[1, 2, 22], [2, 22, 155]
[1, 2, 22], [2, 22, 321]
[2, 22, 279], [2, 22, 155]
[2, 22, 279], [2, 22, 321]
[2, 22, 155], [2, 22, 321]
[2, 22, 318], [2, 27, 318]
[2, 22, 318], [22, 128, 318]
[2, 22, 318], [22, 27, 318]
[2, 22, 318], [22, 155, 318]
[22, 128, 318], [22, 27, 318]
[22, 128, 318], [22, 155, 318]
[22, 27, 318], [22, 155, 318]
[17, 115, 121], [16, 17, 115]
[17, 115, 121], [17, 64, 121]
[17, 115, 121], [17, 121, 225]
[17, 115, 121], [17, 70, 121]
[17, 115, 121], [17, 76, 121]
[17, 115, 121], [17, 121, 130]
[17, 64, 121], [17, 121, 225]
[17, 64, 121], [17, 70, 121]
[17, 64, 121], [17, 76, 121]
[17, 64, 121], [17, 121, 130]
[17, 121, 225], [17, 70, 121]
[17, 121, 225], [17, 76, 121]
[17, 121, 225], [17, 121, 130]
[17, 70, 121], [17, 76, 121]
[17, 70, 121], [17, 121, 130]
[17, 76, 121], [17, 121, 130]
[17, 115, 121], [115, 117, 121]
[40, 71, 167], [39, 40, 71]
[202, 268, 293], [104, 202, 293]
[202, 268, 293], [104, 268, 293]
[53, 63, 125], [51, 53, 125]
[134, 249, 259], [20, 249, 259]
[63, 173, 184], [63, 98, 173]
[94, 101, 108], [94, 101, 107]
[98, 177, 187], [170, 177, 187]
[98, 177, 187], [174, 177, 187]
[98, 177, 187], [177, 187, 317]
[170, 177, 187], [174, 177, 187]
[170, 177, 187], [177, 187, 317]
[174, 177, 187], [177, 187, 317]
[56, 186, 277], [56, 82, 277]
[56, 186, 277], [56, 236, 277]
[56, 186, 277], [56, 135, 277]
[56, 82, 277], [56, 236, 277]
[56, 82, 277], [56, 135, 277]
[56, 236, 277], [56, 135, 277]
[7, 37, 127], [37, 122, 127]
[7, 37, 127], [37, 70, 127]
[7, 37, 127], [8, 37, 127]
[37, 122, 127], [37, 70, 127]
[37, 122, 127], [8, 37, 127]
[37, 70, 127], [8, 37, 127]
[57, 175, 186], [57, 127, 175]
[57, 175, 186], [57, 163, 175]
[57, 175, 186], [57, 78, 175]
[57, 175, 186], [57, 175, 181]
[57, 175, 186], [30, 57, 175]
[57, 127, 175], [57, 163, 175]
[57, 127, 175], [57, 78, 175]
[57, 127, 175], [57, 175, 181]
[57, 127, 175], [30, 57, 175]
[57, 163, 175], [57, 78, 175]
[57, 163, 175], [57, 175, 181]
[57, 163, 175], [30, 57, 175]
[57, 78, 175], [57, 175, 181]
[57, 78, 175], [30, 57, 175]
[57, 175, 181], [30, 57, 175]
[57, 84, 302], [57, 84, 161]
[57, 84, 302], [57, 58, 84]
[57, 84, 302], [57, 84, 221]
[57, 84, 302], [57, 77, 84]
[57, 84, 302], [57, 84, 206]
[57, 84, 302], [57, 84, 220]
[57, 84, 302], [57, 84, 163]
[57, 84, 161], [57, 58, 84]
[57, 84, 161], [57, 84, 221]
[57, 84, 161], [57, 77, 84]
[57, 84, 161], [57, 84, 206]
[57, 84, 161], [57, 84, 220]
[57, 84, 161], [57, 84, 163]
[57, 58, 84], [57, 84, 221]
[57, 58, 84], [57, 77, 84]
[57, 58, 84], [57, 84, 206]
[57, 58, 84], [57, 84, 220]
[57, 58, 84], [57, 84, 163]
[57, 84, 221], [57, 77, 84]
[57, 84, 221], [57, 84, 206]
[57, 84, 221], [57, 84, 220]
[57, 84, 221], [57, 84, 163]
[57, 77, 84], [57, 84, 206]
[57, 77, 84], [57, 84, 220]
[57, 77, 84], [57, 84, 163]
[57, 84, 206], [57, 84, 220]
[57, 84, 206], [57, 84, 163]
[57, 84, 220], [57, 84, 163]
[8, 92, 116], [4, 92, 116]
[8, 92, 116], [92, 116, 127]
[4, 92, 116], [92, 116, 127]
[73, 170, 173], [170, 173, 317]
[73, 170, 173], [170, 173, 174]
[73, 170, 173], [126, 170, 173]
[170, 173, 317], [170, 173, 174]
[170, 173, 317], [126, 170, 173]
[170, 173, 174], [126, 170, 173]
[26, 71, 75], [25, 26, 71]
[26, 71, 75], [71, 75, 152]
[26, 71, 75], [71, 75, 279]
[71, 75, 152], [71, 75, 279]
[4, 47, 94], [3, 4, 94]
[4, 47, 94], [4, 94, 108]
[4, 47, 94], [4, 92, 94]
[3, 4, 94], [4, 94, 108]
[3, 4, 94], [4, 92, 94]
[4, 94, 108], [4, 92, 94]
[133, 205, 269], [133, 205, 303]
[133, 205, 269], [133, 205, 258]
[133, 205, 303], [133, 205, 258]
[18, 72, 87], [18, 72, 246]
[18, 72, 87], [55, 72, 87]
[218, 219, 262], [219, 229, 262]
[49, 170, 171], [49, 170, 187]
[49, 170, 171], [49, 170, 196]
[49, 170, 171], [49, 170, 317]
[49, 170, 171], [49, 73, 170]
[49, 170, 187], [49, 170, 196]
[49, 170, 187], [49, 170, 317]
[49, 170, 187], [49, 73, 170]
[49, 170, 196], [49, 170, 317]
[49, 170, 196], [49, 73, 170]
[49, 170, 317], [49, 73, 170]
[49, 170, 171], [49, 171, 187]
[49, 170, 171], [49, 171, 177]
[49, 171, 187], [49, 171, 177]
[203, 207, 208], [207, 208, 296]
[102, 153, 167], [22, 102, 153]
[9, 265, 288], [258, 265, 288]
[9, 265, 288], [133, 265, 288]
[9, 265, 288], [265, 288, 303]
[258, 265, 288], [133, 265, 288]
[258, 265, 288], [265, 288, 303]
[133, 265, 288], [265, 288, 303]
[72, 317, 320], [177, 317, 320]
[5, 89, 106], [5, 89, 197]
[5, 89, 106], [5, 18, 89]
[5, 89, 106], [5, 12, 89]
[5, 89, 106], [5, 89, 230]
[5, 89, 197], [5, 18, 89]
[5, 89, 197], [5, 12, 89]
[5, 89, 197], [5, 89, 230]
[5, 18, 89], [5, 12, 89]
[5, 18, 89], [5, 89, 230]
[5, 12, 89], [5, 89, 230]
[203, 204, 256], [203, 204, 227]
[53, 60, 183], [60, 62, 183]
[65, 115, 116], [64, 65, 115]
[65, 115, 116], [61, 65, 115]
[64, 65, 115], [61, 65, 115]
[166, 276, 285], [145, 166, 285]
[166, 276, 285], [144, 166, 285]
[145, 166, 285], [144, 166, 285]
[166, 276, 285], [268, 276, 285]
[142, 287, 305], [9, 287, 305]
[142, 287, 305], [141, 287, 305]
[142, 287, 305], [172, 287, 305]
[142, 287, 305], [281, 287, 305]
[9, 287, 305], [141, 287, 305]
[9, 287, 305], [172, 287, 305]
[9, 287, 305], [281, 287, 305]
[141, 287, 305], [172, 287, 305]
[141, 287, 305], [281, 287, 305]
[172, 287, 305], [281, 287, 305]
[166, 273, 301], [144, 166, 301]
[166, 273, 301], [145, 166, 301]
[144, 166, 301], [145, 166, 301]
[166, 273, 301], [273, 301, 305]
[166, 273, 301], [273, 285, 301]
[166, 273, 301], [273, 301, 303]
[273, 301, 305], [273, 285, 301]
[273, 301, 305], [273, 301, 303]
[273, 285, 301], [273, 301, 303]
[13, 226, 259], [5, 13, 226]
[13, 226, 259], [13, 105, 226]
[13, 226, 259], [13, 104, 226]
[13, 226, 259], [13, 226, 298]
[13, 226, 259], [13, 226, 262]
[5, 13, 226], [13, 105, 226]
[5, 13, 226], [13, 104, 226]
[5, 13, 226], [13, 226, 298]
[5, 13, 226], [13, 226, 262]
[13, 105, 226], [13, 104, 226]
[13, 105, 226], [13, 226, 298]
[13, 105, 226], [13, 226, 262]
[13, 104, 226], [13, 226, 298]
[13, 104, 226], [13, 226, 262]
[13, 226, 298], [13, 226, 262]
[13, 226, 259], [222, 226, 259]
[22, 75, 128], [22, 102, 128]
[22, 75, 128], [22, 128, 318]
[22, 75, 128], [21, 22, 128]
[22, 75, 128], [22, 81, 128]
[22, 102, 128], [22, 128, 318]
[22, 102, 128], [21, 22, 128]
[22, 102, 128], [22, 81, 128]
[22, 128, 318], [21, 22, 128]
[22, 128, 318], [22, 81, 128]
[21, 22, 128], [22, 81, 128]
[22, 75, 128], [26, 75, 128]
[100, 107, 126], [100, 107, 174]
[100, 107, 126], [100, 107, 170]
[100, 107, 174], [100, 107, 170]
[13, 78, 108], [78, 107, 108]
[6, 134, 218], [6, 89, 134]
[6, 134, 218], [6, 134, 229]
[6, 134, 218], [6, 112, 134]
[6, 134, 218], [6, 134, 216]
[6, 89, 134], [6, 134, 229]
[6, 89, 134], [6, 112, 134]
[6, 89, 134], [6, 134, 216]
[6, 134, 229], [6, 112, 134]
[6, 134, 229], [6, 134, 216]
[6, 112, 134], [6, 134, 216]
[59, 126, 177], [59, 126, 188]
[59, 126, 177], [59, 126, 317]
[59, 126, 177], [59, 126, 170]
[59, 126, 188], [59, 126, 317]
[59, 126, 188], [59, 126, 170]
[59, 126, 317], [59, 126, 170]
[59, 126, 177], [59, 177, 188]
[59, 126, 177], [59, 118, 177]
[59, 177, 188], [59, 118, 177]
[9, 11, 313], [9, 313, 316]
[9, 11, 313], [9, 285, 313]
[9, 313, 316], [9, 285, 313]
[9, 11, 313], [11, 235, 313]
[21, 22, 95], [22, 72, 95]
[21, 22, 95], [22, 95, 149]
[22, 72, 95], [22, 95, 149]
[41, 61, 91], [41, 91, 179]
[41, 61, 91], [41, 91, 115]
[41, 61, 91], [41, 91, 101]
[41, 61, 91], [41, 91, 92]
[41, 61, 91], [41, 85, 91]
[41, 61, 91], [28, 41, 91]
[41, 61, 91], [41, 91, 107]
[41, 61, 91], [41, 76, 91]
[41, 91, 179], [41, 91, 115]
[41, 91, 179], [41, 91, 101]
[41, 91, 179], [41, 91, 92]
[41, 91, 179], [41, 85, 91]
[41, 91, 179], [28, 41, 91]
[41, 91, 179], [41, 91, 107]
[41, 91, 179], [41, 76, 91]
[41, 91, 115], [41, 91, 101]
[41, 91, 115], [41, 91, 92]
[41, 91, 115], [41, 85, 91]
[41, 91, 115], [28, 41, 91]
[41, 91, 115], [41, 91, 107]
[41, 91, 115], [41, 76, 91]
[41, 91, 101], [41, 91, 92]
[41, 91, 101], [41, 85, 91]
[41, 91, 101], [28, 41, 91]
[41, 91, 101], [41, 91, 107]
[41, 91, 101], [41, 76, 91]
[41, 91, 92], [41, 85, 91]
[41, 91, 92], [28, 41, 91]
[41, 91, 92], [41, 91, 107]
[41, 91, 92], [41, 76, 91]
[41, 85, 91], [28, 41, 91]
[41, 85, 91], [41, 91, 107]
[41, 85, 91], [41, 76, 91]
[28, 41, 91], [41, 91, 107]
[28, 41, 91], [41, 76, 91]
[41, 91, 107], [41, 76, 91]
[104, 202, 293], [104, 276, 293]
[104, 202, 293], [104, 268, 293]
[104, 202, 293], [104, 105, 293]
[104, 276, 293], [104, 268, 293]
[104, 276, 293], [104, 105, 293]
[104, 268, 293], [104, 105, 293]
[110, 225, 239], [110, 225, 241]
[110, 225, 239], [225, 232, 239]
[172, 268, 276], [136, 172, 276]
[59, 177, 188], [59, 126, 188]
[59, 177, 188], [59, 170, 188]
[59, 177, 188], [59, 171, 188]
[59, 126, 188], [59, 170, 188]
[59, 126, 188], [59, 171, 188]
[59, 170, 188], [59, 171, 188]
[161, 206, 324], [161, 191, 324]
[141, 265, 287], [141, 202, 265]
[141, 265, 287], [141, 172, 265]
[141, 265, 287], [141, 144, 265]
[141, 265, 287], [141, 258, 265]
[141, 265, 287], [141, 205, 265]
[141, 202, 265], [141, 172, 265]
[141, 202, 265], [141, 144, 265]
[141, 202, 265], [141, 258, 265]
[141, 202, 265], [141, 205, 265]
[141, 172, 265], [141, 144, 265]
[141, 172, 265], [141, 258, 265]
[141, 172, 265], [141, 205, 265]
[141, 144, 265], [141, 258, 265]
[141, 144, 265], [141, 205, 265]
[141, 258, 265], [141, 205, 265]
[84, 132, 161], [84, 132, 191]
[232, 236, 312], [236, 241, 312]
[205, 258, 288], [205, 288, 299]
[136, 172, 276], [136, 142, 172]
[139, 198, 241], [17, 139, 198]
[139, 198, 241], [84, 139, 198]
[139, 198, 241], [138, 139, 198]
[139, 198, 241], [139, 191, 198]
[139, 198, 241], [139, 181, 198]
[17, 139, 198], [84, 139, 198]
[17, 139, 198], [138, 139, 198]
[17, 139, 198], [139, 191, 198]
[17, 139, 198], [139, 181, 198]
[84, 139, 198], [138, 139, 198]
[84, 139, 198], [139, 191, 198]
[84, 139, 198], [139, 181, 198]
[138, 139, 198], [139, 191, 198]
[138, 139, 198], [139, 181, 198]
[139, 191, 198], [139, 181, 198]
[139, 198, 241], [198, 236, 241]
[57, 127, 175], [57, 58, 127]
[42, 47, 107], [42, 76, 107]
[239, 267, 277], [135, 239, 277]
[239, 267, 277], [261, 267, 277]
[239, 267, 277], [245, 267, 277]
[239, 267, 277], [267, 277, 312]
[261, 267, 277], [245, 267, 277]
[261, 267, 277], [267, 277, 312]
[245, 267, 277], [267, 277, 312]
[83, 123, 135], [15, 123, 135]
[83, 123, 135], [123, 135, 284]
[15, 123, 135], [123, 135, 284]
[236, 241, 286], [111, 236, 241]
[236, 241, 286], [87, 236, 241]
[236, 241, 286], [198, 236, 241]
[236, 241, 286], [236, 241, 264]
[236, 241, 286], [232, 236, 241]
[236, 241, 286], [236, 241, 312]
[236, 241, 286], [110, 236, 241]
[111, 236, 241], [87, 236, 241]
[111, 236, 241], [198, 236, 241]
[111, 236, 241], [236, 241, 264]
[111, 236, 241], [232, 236, 241]
[111, 236, 241], [236, 241, 312]
[111, 236, 241], [110, 236, 241]
[87, 236, 241], [198, 236, 241]
[87, 236, 241], [236, 241, 264]
[87, 236, 241], [232, 236, 241]
[87, 236, 241], [236, 241, 312]
[87, 236, 241], [110, 236, 241]
[198, 236, 241], [236, 241, 264]
[198, 236, 241], [232, 236, 241]
[198, 236, 241], [236, 241, 312]
[198, 236, 241], [110, 236, 241]
[236, 241, 264], [232, 236, 241]
[236, 241, 264], [236, 241, 312]
[236, 241, 264], [110, 236, 241]
[232, 236, 241], [236, 241, 312]
[232, 236, 241], [110, 236, 241]
[236, 241, 312], [110, 236, 241]
[236, 241, 286], [198, 236, 286]
[75, 174, 274], [100, 174, 274]
[28, 32, 101], [32, 85, 101]
[28, 32, 101], [29, 32, 101]
[32, 85, 101], [29, 32, 101]
[55, 232, 286], [55, 87, 232]
[55, 232, 286], [87, 232, 286]
[6, 18, 219], [18, 218, 219]
[6, 18, 219], [18, 112, 219]
[18, 218, 219], [18, 112, 219]
[76, 85, 91], [41, 85, 91]
[76, 85, 91], [85, 91, 101]
[41, 85, 91], [85, 91, 101]
[71, 152, 213], [71, 75, 152]
[71, 152, 213], [71, 149, 152]
[71, 75, 152], [71, 149, 152]
[29, 237, 277], [29, 111, 237]
[17, 64, 121], [16, 17, 64]
[148, 251, 285], [148, 244, 251]
[148, 251, 285], [147, 148, 285]
[148, 251, 285], [148, 244, 285]
[147, 148, 285], [148, 244, 285]
[113, 216, 306], [113, 167, 216]
[113, 216, 306], [5, 113, 216]
[113, 216, 306], [113, 197, 216]
[113, 216, 306], [112, 113, 216]
[113, 216, 306], [113, 216, 228]
[113, 167, 216], [5, 113, 216]
[113, 167, 216], [113, 197, 216]
[113, 167, 216], [112, 113, 216]
[113, 167, 216], [113, 216, 228]
[5, 113, 216], [113, 197, 216]
[5, 113, 216], [112, 113, 216]
[5, 113, 216], [113, 216, 228]
[113, 197, 216], [112, 113, 216]
[113, 197, 216], [113, 216, 228]
[112, 113, 216], [113, 216, 228]
[88, 176, 178], [88, 108, 178]
[51, 147, 285], [147, 285, 297]
[51, 147, 285], [147, 159, 285]
[51, 147, 285], [147, 251, 285]
[51, 147, 285], [147, 244, 285]
[51, 147, 285], [35, 147, 285]
[51, 147, 285], [147, 148, 285]
[147, 285, 297], [147, 159, 285]
[147, 285, 297], [147, 251, 285]
[147, 285, 297], [147, 244, 285]
[147, 285, 297], [35, 147, 285]
[147, 285, 297], [147, 148, 285]
[147, 159, 285], [147, 251, 285]
[147, 159, 285], [147, 244, 285]
[147, 159, 285], [35, 147, 285]
[147, 159, 285], [147, 148, 285]
[147, 251, 285], [147, 244, 285]
[147, 251, 285], [35, 147, 285]
[147, 251, 285], [147, 148, 285]
[147, 244, 285], [35, 147, 285]
[147, 244, 285], [147, 148, 285]
[35, 147, 285], [147, 148, 285]
[9, 144, 285], [9, 285, 313]
[105, 218, 249], [105, 229, 249]
[105, 218, 249], [218, 219, 249]
[141, 202, 258], [141, 258, 265]
[141, 202, 258], [141, 205, 258]
[141, 258, 265], [141, 205, 258]
[141, 202, 258], [202, 258, 288]
[141, 202, 258], [202, 258, 265]
[141, 202, 258], [202, 205, 258]
[202, 258, 288], [202, 258, 265]
[202, 258, 288], [202, 205, 258]
[202, 258, 265], [202, 205, 258]
[144, 166, 301], [144, 272, 301]
[144, 166, 301], [144, 301, 305]
[144, 272, 301], [144, 301, 305]
[17, 66, 112], [66, 112, 316]
[32, 33, 116], [32, 115, 116]
[64, 65, 121], [29, 65, 121]
[136, 280, 305], [136, 258, 280]
[108, 191, 302], [108, 178, 302]
[108, 191, 302], [107, 108, 302]
[108, 178, 302], [107, 108, 302]
[112, 113, 298], [89, 113, 298]
[37, 122, 127], [122, 127, 163]
[77, 163, 179], [77, 132, 179]
[77, 163, 179], [163, 179, 210]
[38, 94, 108], [4, 38, 108]
[4, 48, 97], [4, 92, 97]
[4, 48, 97], [8, 48, 97]
[4, 48, 97], [47, 48, 97]
[8, 48, 97], [47, 48, 97]
[78, 163, 193], [77, 78, 193]
[84, 220, 221], [17, 84, 220]
[84, 220, 221], [58, 84, 220]
[84, 220, 221], [57, 84, 220]
[17, 84, 220], [58, 84, 220]
[17, 84, 220], [57, 84, 220]
[58, 84, 220], [57, 84, 220]
[84, 220, 221], [57, 84, 221]
[4, 8, 108], [4, 8, 47]
[4, 8, 108], [4, 8, 48]
[4, 8, 108], [4, 8, 42]
[4, 8, 47], [4, 8, 48]
[4, 8, 47], [4, 8, 42]
[4, 8, 48], [4, 8, 42]
[4, 8, 108], [8, 66, 108]
[4, 8, 108], [8, 92, 108]
[4, 8, 108], [8, 48, 108]
[8, 66, 108], [8, 92, 108]
[8, 66, 108], [8, 48, 108]
[8, 92, 108], [8, 48, 108]
[104, 276, 293], [104, 268, 276]
[113, 197, 249], [113, 197, 216]
[113, 197, 249], [12, 113, 197]
[113, 197, 216], [12, 113, 197]
[113, 197, 249], [112, 113, 249]
[72, 73, 174], [72, 99, 174]
[72, 73, 174], [49, 72, 174]
[72, 99, 174], [49, 72, 174]
[72, 73, 171], [72, 126, 171]
[145, 258, 280], [145, 166, 258]
[145, 258, 280], [145, 205, 280]
[218, 259, 298], [218, 219, 259]
[202, 291, 292], [202, 292, 300]
[202, 291, 292], [280, 291, 292]
[202, 291, 292], [265, 291, 292]
[202, 291, 292], [291, 292, 305]
[280, 291, 292], [265, 291, 292]
[280, 291, 292], [291, 292, 305]
[265, 291, 292], [291, 292, 305]
[11, 235, 292], [11, 287, 292]
[11, 235, 292], [10, 11, 292]
[11, 287, 292], [10, 11, 292]
[11, 235, 292], [144, 235, 292]
[9, 25, 71], [25, 71, 93]
[9, 25, 71], [25, 26, 71]
[25, 71, 93], [25, 26, 71]
[258, 269, 303], [235, 269, 303]
[57, 84, 161], [57, 58, 161]
[111, 135, 237], [111, 237, 277]
[111, 135, 237], [111, 237, 247]
[111, 135, 237], [107, 111, 237]
[111, 135, 237], [29, 111, 237]
[111, 135, 237], [111, 237, 252]
[111, 135, 237], [47, 111, 237]
[111, 237, 277], [111, 237, 247]
[111, 237, 277], [107, 111, 237]
[111, 237, 277], [29, 111, 237]
[111, 237, 277], [111, 237, 252]
[111, 237, 277], [47, 111, 237]
[111, 237, 247], [107, 111, 237]
[111, 237, 247], [29, 111, 237]
[111, 237, 247], [111, 237, 252]
[111, 237, 247], [47, 111, 237]
[107, 111, 237], [29, 111, 237]
[107, 111, 237], [111, 237, 252]
[107, 111, 237], [47, 111, 237]
[29, 111, 237], [111, 237, 252]
[29, 111, 237], [47, 111, 237]
[111, 237, 252], [47, 111, 237]
[14, 135, 186], [135, 186, 277]
[14, 135, 186], [43, 135, 186]
[14, 135, 186], [135, 186, 245]
[14, 135, 186], [111, 135, 186]
[14, 135, 186], [124, 135, 186]
[135, 186, 277], [43, 135, 186]
[135, 186, 277], [135, 186, 245]
[135, 186, 277], [111, 135, 186]
[135, 186, 277], [124, 135, 186]
[43, 135, 186], [135, 186, 245]
[43, 135, 186], [111, 135, 186]
[43, 135, 186], [124, 135, 186]
[135, 186, 245], [111, 135, 186]
[135, 186, 245], [124, 135, 186]
[111, 135, 186], [124, 135, 186]
[172, 273, 305], [142, 172, 273]
[172, 273, 305], [172, 287, 305]
[172, 273, 305], [172, 268, 305]
[172, 273, 305], [141, 172, 305]
[172, 287, 305], [172, 268, 305]
[172, 287, 305], [141, 172, 305]
[172, 268, 305], [141, 172, 305]
[72, 188, 194], [170, 188, 194]
[133, 205, 303], [133, 299, 303]
[57, 58, 84], [57, 58, 161]
[57, 58, 84], [57, 58, 127]
[57, 58, 84], [57, 58, 220]
[57, 58, 161], [57, 58, 127]
[57, 58, 161], [57, 58, 220]
[57, 58, 127], [57, 58, 220]
[57, 58, 84], [58, 84, 191]
[57, 58, 84], [58, 84, 220]
[57, 58, 84], [58, 84, 163]
[58, 84, 191], [58, 84, 220]
[58, 84, 191], [58, 84, 163]
[58, 84, 220], [58, 84, 163]
[13, 18, 112], [13, 112, 259]
[13, 18, 112], [6, 18, 112]
[13, 18, 112], [18, 112, 113]
[13, 18, 112], [18, 112, 218]
[13, 18, 112], [18, 112, 219]
[6, 18, 112], [18, 112, 113]
[6, 18, 112], [18, 112, 218]
[6, 18, 112], [18, 112, 219]
[18, 112, 113], [18, 112, 218]
[18, 112, 113], [18, 112, 219]
[18, 112, 218], [18, 112, 219]
[202, 258, 288], [202, 269, 288]
[202, 258, 288], [140, 202, 288]
[202, 269, 288], [140, 202, 288]
[64, 65, 114], [65, 114, 116]
[64, 65, 114], [61, 65, 114]
[64, 65, 114], [65, 108, 114]
[64, 65, 114], [65, 114, 127]
[65, 114, 116], [61, 65, 114]
[65, 114, 116], [65, 108, 114]
[65, 114, 116], [65, 114, 127]
[61, 65, 114], [65, 108, 114]
[61, 65, 114], [65, 114, 127]
[65, 108, 114], [65, 114, 127]
[51, 95, 270], [51, 52, 95]
[51, 95, 270], [51, 52, 270]
[51, 95, 270], [52, 95, 270]
[51, 95, 270], [95, 158, 270]
[51, 95, 270], [95, 159, 270]
[52, 95, 270], [95, 158, 270]
[52, 95, 270], [95, 159, 270]
[95, 158, 270], [95, 159, 270]
[108, 176, 178], [84, 108, 176]
[108, 176, 178], [108, 176, 250]
[108, 176, 178], [108, 176, 206]
[108, 176, 178], [107, 108, 176]
[84, 108, 176], [108, 176, 250]
[84, 108, 176], [108, 176, 206]
[84, 108, 176], [107, 108, 176]
[108, 176, 250], [108, 176, 206]
[108, 176, 250], [107, 108, 176]
[108, 176, 206], [107, 108, 176]
[77, 108, 178], [58, 77, 178]
[136, 137, 278], [136, 137, 281]
[136, 137, 278], [137, 273, 278]
[213, 234, 296], [207, 234, 296]
[213, 234, 296], [208, 234, 296]
[207, 234, 296], [208, 234, 296]
[71, 102, 167], [22, 71, 102]
[71, 102, 167], [71, 81, 102]
[22, 71, 102], [71, 81, 102]
[41, 42, 85], [41, 42, 76]
[41, 42, 85], [28, 41, 42]
[41, 42, 76], [28, 41, 42]
[30, 84, 161], [30, 84, 191]
[49, 174, 187], [174, 177, 187]
[49, 174, 187], [100, 174, 187]
[49, 174, 187], [174, 187, 196]
[174, 177, 187], [100, 174, 187]
[174, 177, 187], [174, 187, 196]
[100, 174, 187], [174, 187, 196]
[81, 103, 131], [81, 103, 128]
[81, 103, 131], [72, 81, 103]
[81, 103, 131], [81, 102, 103]
[81, 103, 131], [80, 81, 103]
[81, 103, 128], [72, 81, 103]
[81, 103, 128], [81, 102, 103]
[81, 103, 128], [80, 81, 103]
[72, 81, 103], [81, 102, 103]
[72, 81, 103], [80, 81, 103]
[81, 102, 103], [80, 81, 103]
[81, 103, 131], [80, 81, 131]
[21, 27, 72], [21, 27, 109]
[21, 27, 72], [21, 27, 155]
[21, 27, 72], [21, 27, 323]
[21, 27, 72], [21, 22, 27]
[21, 27, 109], [21, 27, 155]
[21, 27, 109], [21, 27, 323]
[21, 27, 109], [21, 22, 27]
[21, 27, 155], [21, 27, 323]
[21, 27, 155], [21, 22, 27]
[21, 27, 323], [21, 22, 27]
[104, 268, 276], [104, 268, 293]
[49, 50, 187], [49, 50, 59]
[49, 50, 187], [49, 50, 73]
[49, 50, 187], [49, 50, 203]
[49, 50, 187], [49, 50, 271]
[49, 50, 59], [49, 50, 73]
[49, 50, 59], [49, 50, 203]
[49, 50, 59], [49, 50, 271]
[49, 50, 73], [49, 50, 203]
[49, 50, 73], [49, 50, 271]
[49, 50, 203], [49, 50, 271]
[41, 42, 76], [3, 42, 76]
[41, 42, 76], [42, 76, 107]
[3, 42, 76], [42, 76, 107]
[51, 52, 159], [51, 52, 314]
[51, 52, 159], [51, 52, 270]
[51, 52, 159], [51, 52, 95]
[51, 52, 314], [51, 52, 270]
[51, 52, 314], [51, 52, 95]
[51, 52, 270], [51, 52, 95]
[49, 170, 187], [170, 177, 187]
[21, 71, 167], [21, 22, 71]
[17, 32, 33], [17, 33, 117]
[26, 68, 157], [26, 157, 223]
[26, 68, 157], [68, 157, 223]
[126, 174, 194], [118, 126, 194]
[54, 180, 187], [180, 187, 231]
[85, 101, 115], [85, 115, 130]
[85, 101, 115], [32, 85, 115]
[85, 115, 130], [32, 85, 115]
[22, 27, 155], [22, 27, 323]
[22, 27, 155], [22, 27, 279]
[22, 27, 155], [21, 22, 27]
[22, 27, 155], [22, 27, 318]
[22, 27, 155], [22, 27, 109]
[22, 27, 323], [22, 27, 279]
[22, 27, 323], [21, 22, 27]
[22, 27, 323], [22, 27, 318]
[22, 27, 323], [22, 27, 109]
[22, 27, 279], [21, 22, 27]
[22, 27, 279], [22, 27, 318]
[22, 27, 279], [22, 27, 109]
[21, 22, 27], [22, 27, 318]
[21, 22, 27], [22, 27, 109]
[22, 27, 318], [22, 27, 109]
[55, 72, 87], [55, 72, 246]
[55, 72, 87], [55, 87, 232]
[55, 72, 87], [55, 87, 246]
[55, 72, 87], [55, 87, 247]
[55, 72, 87], [55, 87, 225]
[55, 72, 87], [55, 87, 286]
[55, 87, 232], [55, 87, 246]
[55, 87, 232], [55, 87, 247]
[55, 87, 232], [55, 87, 225]
[55, 87, 232], [55, 87, 286]
[55, 87, 246], [55, 87, 247]
[55, 87, 246], [55, 87, 225]
[55, 87, 246], [55, 87, 286]
[55, 87, 247], [55, 87, 225]
[55, 87, 247], [55, 87, 286]
[55, 87, 225], [55, 87, 286]
[49, 118, 196], [73, 118, 196]
[49, 118, 196], [118, 170, 196]
[73, 118, 196], [118, 170, 196]
[9, 287, 305], [9, 287, 291]
[9, 287, 305], [9, 273, 287]
[9, 287, 291], [9, 273, 287]
[9, 287, 305], [9, 305, 316]
[9, 287, 305], [9, 142, 305]
[9, 305, 316], [9, 142, 305]
[49, 187, 231], [49, 180, 231]
[49, 187, 231], [180, 187, 231]
[32, 117, 130], [32, 115, 117]
[133, 281, 299], [10, 133, 281]
[133, 281, 299], [133, 217, 281]
[133, 281, 299], [9, 133, 281]
[10, 133, 281], [133, 217, 281]
[10, 133, 281], [9, 133, 281]
[133, 217, 281], [9, 133, 281]
[133, 281, 299], [133, 299, 303]
[133, 281, 299], [133, 235, 299]
[133, 299, 303], [133, 235, 299]
[149, 152, 167], [75, 149, 167]
[149, 152, 167], [25, 149, 167]
[149, 152, 167], [81, 149, 167]
[75, 149, 167], [25, 149, 167]
[75, 149, 167], [81, 149, 167]
[25, 149, 167], [81, 149, 167]
[149, 152, 167], [75, 152, 167]
[149, 152, 167], [152, 167, 169]
[149, 152, 167], [25, 152, 167]
[75, 152, 167], [152, 167, 169]
[75, 152, 167], [25, 152, 167]
[152, 167, 169], [25, 152, 167]
[208, 254, 296], [208, 294, 296]
[208, 254, 296], [207, 208, 296]
[208, 254, 296], [208, 234, 296]
[208, 294, 296], [207, 208, 296]
[208, 294, 296], [208, 234, 296]
[207, 208, 296], [208, 234, 296]
[172, 205, 265], [9, 205, 265]
[172, 205, 265], [202, 205, 265]
[172, 205, 265], [141, 205, 265]
[172, 205, 265], [205, 258, 265]
[172, 205, 265], [205, 265, 299]
[172, 205, 265], [205, 265, 303]
[9, 205, 265], [202, 205, 265]
[9, 205, 265], [141, 205, 265]
[9, 205, 265], [205, 258, 265]
[9, 205, 265], [205, 265, 299]
[9, 205, 265], [205, 265, 303]
[202, 205, 265], [141, 205, 265]
[202, 205, 265], [205, 258, 265]
[202, 205, 265], [205, 265, 299]
[202, 205, 265], [205, 265, 303]
[141, 205, 265], [205, 258, 265]
[141, 205, 265], [205, 265, 299]
[141, 205, 265], [205, 265, 303]
[205, 258, 265], [205, 265, 299]
[205, 258, 265], [205, 265, 303]
[205, 265, 299], [205, 265, 303]
[11, 287, 292], [11, 172, 287]
[141, 202, 265], [202, 258, 265]
[141, 202, 265], [202, 205, 265]
[141, 202, 265], [172, 202, 265]
[202, 258, 265], [202, 205, 265]
[202, 258, 265], [172, 202, 265]
[202, 205, 265], [172, 202, 265]
[9, 287, 291], [9, 202, 291]
[47, 48, 92], [47, 48, 115]
[47, 48, 92], [4, 47, 48]
[47, 48, 92], [42, 47, 48]
[47, 48, 92], [47, 48, 61]
[47, 48, 92], [47, 48, 97]
[47, 48, 92], [8, 47, 48]
[47, 48, 115], [4, 47, 48]
[47, 48, 115], [42, 47, 48]
[47, 48, 115], [47, 48, 61]
[47, 48, 115], [47, 48, 97]
[47, 48, 115], [8, 47, 48]
[4, 47, 48], [42, 47, 48]
[4, 47, 48], [47, 48, 61]
[4, 47, 48], [47, 48, 97]
[4, 47, 48], [8, 47, 48]
[42, 47, 48], [47, 48, 61]
[42, 47, 48], [47, 48, 97]
[42, 47, 48], [8, 47, 48]
[47, 48, 61], [47, 48, 97]
[47, 48, 61], [8, 47, 48]
[47, 48, 97], [8, 47, 48]
[62, 183, 189], [60, 62, 183]
[62, 183, 189], [103, 183, 189]
[49, 73, 118], [73, 118, 196]
[49, 73, 118], [73, 118, 187]
[73, 118, 196], [73, 118, 187]
[22, 153, 167], [22, 151, 167]
[22, 153, 167], [22, 102, 167]
[22, 153, 167], [21, 22, 167]
[22, 153, 167], [22, 26, 167]
[22, 153, 167], [22, 71, 167]
[22, 153, 167], [22, 155, 167]
[22, 153, 167], [22, 167, 271]
[22, 151, 167], [22, 102, 167]
[22, 151, 167], [21, 22, 167]
[22, 151, 167], [22, 26, 167]
[22, 151, 167], [22, 71, 167]
[22, 151, 167], [22, 155, 167]
[22, 151, 167], [22, 167, 271]
[22, 102, 167], [21, 22, 167]
[22, 102, 167], [22, 26, 167]
[22, 102, 167], [22, 71, 167]
[22, 102, 167], [22, 155, 167]
[22, 102, 167], [22, 167, 271]
[21, 22, 167], [22, 26, 167]
[21, 22, 167], [22, 71, 167]
[21, 22, 167], [22, 155, 167]
[21, 22, 167], [22, 167, 271]
[22, 26, 167], [22, 71, 167]
[22, 26, 167], [22, 155, 167]
[22, 26, 167], [22, 167, 271]
[22, 71, 167], [22, 155, 167]
[22, 71, 167], [22, 167, 271]
[22, 155, 167], [22, 167, 271]
[4, 48, 85], [41, 48, 85]
[4, 48, 85], [8, 48, 85]
[41, 48, 85], [8, 48, 85]
[144, 272, 280], [272, 280, 305]
[94, 108, 115], [48, 94, 115]
[81, 103, 128], [80, 103, 128]
[5, 18, 89], [5, 18, 113]
[87, 123, 266], [87, 225, 266]
[87, 123, 266], [87, 247, 266]
[87, 225, 266], [87, 247, 266]
[87, 123, 266], [123, 266, 284]
[5, 113, 259], [113, 134, 259]
[202, 269, 288], [166, 202, 269]
[202, 269, 288], [202, 269, 272]
[166, 202, 269], [202, 269, 272]
[55, 87, 232], [87, 232, 286]
[229, 243, 295], [226, 229, 295]
[229, 243, 295], [229, 251, 295]
[229, 243, 295], [229, 295, 298]
[226, 229, 295], [229, 251, 295]
[226, 229, 295], [229, 295, 298]
[229, 251, 295], [229, 295, 298]
[9, 112, 228], [9, 228, 299]
[72, 81, 326], [72, 213, 326]
[72, 81, 326], [72, 80, 326]
[72, 81, 326], [71, 72, 326]
[72, 213, 326], [72, 80, 326]
[72, 213, 326], [71, 72, 326]
[72, 80, 326], [71, 72, 326]
[269, 272, 305], [145, 269, 305]
[269, 272, 305], [258, 269, 305]
[145, 269, 305], [258, 269, 305]
[23, 75, 275], [53, 75, 275]
[23, 75, 275], [75, 155, 275]
[53, 75, 275], [75, 155, 275]
[142, 172, 273], [142, 172, 281]
[142, 172, 273], [136, 142, 172]
[142, 172, 273], [89, 142, 172]
[142, 172, 273], [142, 172, 313]
[142, 172, 273], [141, 142, 172]
[142, 172, 281], [136, 142, 172]
[142, 172, 281], [89, 142, 172]
[142, 172, 281], [142, 172, 313]
[142, 172, 281], [141, 142, 172]
[136, 142, 172], [89, 142, 172]
[136, 142, 172], [142, 172, 313]
[136, 142, 172], [141, 142, 172]
[89, 142, 172], [142, 172, 313]
[89, 142, 172], [141, 142, 172]
[142, 172, 313], [141, 142, 172]
[100, 107, 174], [107, 174, 188]
[268, 276, 285], [205, 268, 285]
[124, 245, 277], [124, 186, 245]
[124, 245, 277], [14, 124, 245]
[124, 186, 245], [14, 124, 245]
[18, 20, 243], [12, 18, 243]
[18, 20, 243], [20, 230, 243]
[116, 176, 302], [116, 178, 302]
[116, 176, 302], [31, 116, 302]
[116, 178, 302], [31, 116, 302]
[81, 102, 271], [81, 102, 103]
[81, 102, 271], [81, 102, 152]
[81, 102, 271], [71, 81, 102]
[81, 102, 103], [81, 102, 152]
[81, 102, 103], [71, 81, 102]
[81, 102, 152], [71, 81, 102]
[215, 255, 257], [215, 253, 255]
[170, 173, 317], [100, 173, 317]
[170, 173, 317], [98, 173, 317]
[100, 173, 317], [98, 173, 317]
[41, 76, 97], [7, 76, 97]
[71, 149, 323], [71, 149, 152]
[115, 117, 130], [32, 115, 117]
[115, 117, 130], [64, 115, 117]
[115, 117, 130], [115, 117, 121]
[32, 115, 117], [64, 115, 117]
[32, 115, 117], [115, 117, 121]
[64, 115, 117], [115, 117, 121]
[31, 132, 221], [58, 132, 221]
[31, 132, 221], [132, 220, 221]
[58, 132, 221], [132, 220, 221]
[100, 126, 317], [100, 173, 317]
[100, 126, 317], [100, 177, 317]
[100, 173, 317], [100, 177, 317]
[258, 265, 288], [202, 258, 265]
[258, 265, 288], [141, 258, 265]
[258, 265, 288], [205, 258, 265]
[202, 258, 265], [141, 258, 265]
[202, 258, 265], [205, 258, 265]
[141, 258, 265], [205, 258, 265]
[158, 164, 270], [95, 158, 270]
[158, 164, 270], [52, 158, 270]
[158, 164, 270], [149, 158, 270]
[95, 158, 270], [52, 158, 270]
[95, 158, 270], [149, 158, 270]
[52, 158, 270], [149, 158, 270]
[218, 229, 243], [218, 219, 229]
[35, 147, 326], [147, 297, 326]
[13, 105, 226], [105, 226, 229]
[147, 285, 297], [35, 285, 297]
[124, 186, 245], [124, 186, 277]
[124, 186, 245], [124, 135, 186]
[124, 186, 277], [124, 135, 186]
[181, 182, 192], [178, 181, 182]
[77, 163, 181], [77, 175, 181]
[77, 163, 181], [122, 163, 181]
[31, 132, 209], [132, 209, 302]
[68, 157, 223], [26, 157, 223]
[28, 29, 86], [28, 32, 86]
[28, 29, 86], [28, 86, 101]
[28, 32, 86], [28, 86, 101]
[136, 293, 303], [9, 136, 303]
[136, 293, 303], [293, 303, 305]
[22, 73, 173], [22, 73, 196]
[22, 73, 173], [22, 51, 173]
[22, 73, 173], [22, 173, 196]
[22, 51, 173], [22, 173, 196]
[51, 63, 125], [51, 53, 63]
[51, 63, 125], [51, 63, 215]
[51, 53, 63], [51, 63, 215]
[51, 63, 125], [51, 53, 125]
[133, 205, 258], [11, 133, 258]
[133, 205, 258], [9, 133, 258]
[11, 133, 258], [9, 133, 258]
[52, 95, 270], [51, 52, 95]
[21, 27, 109], [21, 109, 155]
[21, 27, 109], [21, 22, 109]
[21, 109, 155], [21, 22, 109]
[21, 27, 109], [27, 109, 323]
[21, 27, 109], [22, 27, 109]
[27, 109, 323], [22, 27, 109]
[14, 124, 175], [14, 83, 175]
[95, 149, 158], [22, 149, 158]
[95, 149, 158], [149, 158, 270]
[22, 149, 158], [149, 158, 270]
[60, 62, 98], [60, 62, 183]
[60, 62, 98], [60, 62, 125]
[60, 62, 183], [60, 62, 125]
[35, 285, 297], [35, 251, 285]
[35, 285, 297], [35, 244, 285]
[35, 285, 297], [35, 147, 285]
[35, 251, 285], [35, 244, 285]
[35, 251, 285], [35, 147, 285]
[35, 244, 285], [35, 147, 285]
[217, 219, 224], [217, 218, 219]
[202, 285, 300], [202, 291, 300]
[202, 285, 300], [202, 292, 300]
[202, 291, 300], [202, 292, 300]
[24, 162, 169], [24, 162, 168]
[24, 162, 169], [24, 162, 283]
[24, 162, 168], [24, 162, 283]
[24, 162, 169], [158, 162, 169]
[32, 61, 130], [38, 61, 130]
[32, 61, 130], [61, 115, 130]
[38, 61, 130], [61, 115, 130]
[22, 27, 323], [21, 27, 323]
[22, 27, 323], [27, 109, 323]
[21, 27, 323], [27, 109, 323]
[30, 77, 138], [30, 77, 163]
[30, 77, 138], [30, 77, 193]
[30, 77, 163], [30, 77, 193]
[13, 104, 259], [13, 104, 226]
[13, 104, 259], [13, 104, 222]
[13, 104, 226], [13, 104, 222]
[49, 60, 184], [49, 180, 184]
[49, 60, 184], [49, 184, 196]
[49, 180, 184], [49, 184, 196]
[126, 174, 195], [98, 174, 195]
[126, 174, 195], [60, 174, 195]
[98, 174, 195], [60, 174, 195]
[29, 76, 85], [28, 29, 85]
[10, 70, 133], [11, 70, 133]
[135, 239, 317], [135, 239, 277]
[42, 47, 85], [4, 47, 85]
[42, 47, 85], [47, 85, 108]
[42, 47, 85], [47, 76, 85]
[4, 47, 85], [47, 85, 108]
[4, 47, 85], [47, 76, 85]
[47, 85, 108], [47, 76, 85]
[3, 42, 76], [3, 42, 101]
[3, 42, 76], [3, 42, 47]
[3, 42, 101], [3, 42, 47]
[3, 42, 76], [3, 76, 101]
[199, 207, 256], [199, 256, 296]
[199, 207, 256], [207, 256, 296]
[199, 207, 256], [72, 207, 256]
[199, 207, 256], [207, 234, 256]
[199, 207, 256], [207, 255, 256]
[207, 256, 296], [72, 207, 256]
[207, 256, 296], [207, 234, 256]
[207, 256, 296], [207, 255, 256]
[72, 207, 256], [207, 234, 256]
[72, 207, 256], [207, 255, 256]
[207, 234, 256], [207, 255, 256]
[176, 179, 209], [31, 179, 209]
[45, 222, 259], [45, 259, 262]
[178, 181, 182], [178, 182, 209]
[178, 181, 182], [176, 178, 182]
[178, 181, 182], [31, 178, 182]
[178, 182, 209], [176, 178, 182]
[178, 182, 209], [31, 178, 182]
[176, 178, 182], [31, 178, 182]
[226, 229, 295], [226, 229, 290]
[226, 229, 295], [226, 229, 251]
[226, 229, 295], [226, 229, 293]
[226, 229, 295], [105, 226, 229]
[226, 229, 290], [226, 229, 251]
[226, 229, 290], [226, 229, 293]
[226, 229, 290], [105, 226, 229]
[226, 229, 251], [226, 229, 293]
[226, 229, 251], [105, 226, 229]
[226, 229, 293], [105, 226, 229]
[122, 127, 163], [122, 163, 181]
[122, 127, 163], [122, 163, 192]
[122, 163, 181], [122, 163, 192]
[111, 252, 277], [111, 237, 252]
[111, 252, 277], [29, 252, 277]
[159, 199, 202], [159, 199, 321]
[159, 199, 202], [159, 199, 233]
[159, 199, 202], [159, 184, 199]
[159, 199, 321], [159, 199, 233]
[159, 199, 321], [159, 184, 199]
[159, 199, 233], [159, 184, 199]
[159, 199, 202], [159, 202, 205]
[112, 134, 218], [112, 113, 134]
[112, 134, 218], [112, 134, 219]
[112, 134, 218], [6, 112, 134]
[112, 134, 218], [104, 112, 134]
[112, 113, 134], [112, 134, 219]
[112, 113, 134], [6, 112, 134]
[112, 113, 134], [104, 112, 134]
[112, 134, 219], [6, 112, 134]
[112, 134, 219], [104, 112, 134]
[6, 112, 134], [104, 112, 134]
[175, 176, 179], [175, 179, 181]
[175, 176, 179], [175, 179, 182]
[175, 179, 181], [175, 179, 182]
[77, 84, 191], [58, 77, 191]
[77, 84, 191], [58, 84, 191]
[77, 84, 191], [84, 161, 191]
[77, 84, 191], [84, 132, 191]
[77, 84, 191], [30, 84, 191]
[58, 84, 191], [84, 161, 191]
[58, 84, 191], [84, 132, 191]
[58, 84, 191], [30, 84, 191]
[84, 161, 191], [84, 132, 191]
[84, 161, 191], [30, 84, 191]
[84, 132, 191], [30, 84, 191]
[12, 18, 20], [12, 18, 243]
[12, 18, 20], [12, 18, 90]
[12, 18, 243], [12, 18, 90]
[41, 48, 85], [41, 48, 76]
[41, 48, 85], [41, 48, 94]
[41, 48, 85], [41, 48, 101]
[41, 48, 85], [28, 41, 48]
[41, 48, 76], [41, 48, 94]
[41, 48, 76], [41, 48, 101]
[41, 48, 76], [28, 41, 48]
[41, 48, 94], [41, 48, 101]
[41, 48, 94], [28, 41, 48]
[41, 48, 101], [28, 41, 48]
[20, 249, 259], [20, 226, 249]
[20, 249, 259], [20, 104, 259]
[55, 88, 286], [87, 88, 286]
[60, 171, 180], [60, 171, 184]
[60, 171, 180], [171, 180, 184]
[18, 222, 259], [18, 222, 262]
[39, 40, 93], [39, 40, 109]
[39, 40, 93], [39, 40, 71]
[39, 40, 93], [39, 40, 321]
[39, 40, 109], [39, 40, 71]
[39, 40, 109], [39, 40, 321]
[39, 40, 71], [39, 40, 321]
[39, 40, 93], [26, 39, 93]
[39, 40, 93], [25, 40, 93]
[105, 133, 298], [105, 243, 298]
[11, 144, 202], [11, 144, 316]
[11, 144, 202], [136, 144, 202]
[194, 304, 323], [164, 194, 304]
[166, 269, 292], [145, 166, 292]
[9, 11, 205], [9, 205, 265]
[9, 11, 205], [9, 172, 205]
[9, 205, 265], [9, 172, 205]
[9, 11, 205], [11, 141, 205]
[9, 11, 205], [11, 205, 258]
[11, 141, 205], [11, 205, 258]
[214, 250, 282], [214, 250, 311]
[170, 174, 196], [73, 170, 196]
[170, 174, 196], [49, 170, 196]
[170, 174, 196], [118, 170, 196]
[73, 170, 196], [49, 170, 196]
[73, 170, 196], [118, 170, 196]
[49, 170, 196], [118, 170, 196]
[147, 244, 285], [35, 244, 285]
[147, 244, 285], [244, 251, 285]
[147, 244, 285], [148, 244, 285]
[35, 244, 285], [244, 251, 285]
[35, 244, 285], [148, 244, 285]
[244, 251, 285], [148, 244, 285]
[199, 256, 296], [207, 256, 296]
[114, 117, 130], [61, 114, 117]
[114, 117, 130], [33, 114, 117]
[61, 114, 117], [33, 114, 117]
[49, 125, 180], [49, 180, 184]
[49, 125, 180], [49, 180, 231]
[49, 180, 184], [49, 180, 231]
[80, 102, 103], [80, 103, 128]
[80, 102, 103], [80, 81, 103]
[80, 103, 128], [80, 81, 103]
[9, 112, 316], [66, 112, 316]
[158, 162, 169], [158, 162, 168]
[158, 162, 169], [68, 158, 169]
[158, 162, 169], [95, 158, 169]
[68, 158, 169], [95, 158, 169]
[79, 186, 221], [78, 79, 221]
[77, 175, 181], [78, 175, 181]
[77, 175, 181], [175, 181, 192]
[77, 175, 181], [175, 181, 206]
[77, 175, 181], [175, 179, 181]
[77, 175, 181], [57, 175, 181]
[78, 175, 181], [175, 181, 192]
[78, 175, 181], [175, 181, 206]
[78, 175, 181], [175, 179, 181]
[78, 175, 181], [57, 175, 181]
[175, 181, 192], [175, 181, 206]
[175, 181, 192], [175, 179, 181]
[175, 181, 192], [57, 175, 181]
[175, 181, 206], [175, 179, 181]
[175, 181, 206], [57, 175, 181]
[175, 179, 181], [57, 175, 181]
[198, 236, 241], [198, 236, 286]
[78, 175, 181], [57, 78, 175]
[141, 144, 265], [144, 265, 272]
[21, 128, 271], [21, 22, 128]
[21, 128, 271], [21, 22, 271]
[101, 210, 220], [101, 220, 221]
[101, 210, 220], [79, 101, 220]
[101, 220, 221], [79, 101, 220]
[101, 210, 220], [78, 210, 220]
[141, 142, 272], [142, 272, 305]
[92, 179, 206], [92, 107, 179]
[1, 2, 321], [1, 102, 321]
[1, 2, 321], [2, 22, 321]
[89, 216, 306], [89, 216, 228]
[89, 216, 306], [89, 112, 216]
[89, 216, 228], [89, 112, 216]
[12, 105, 106], [5, 12, 105]
[11, 133, 258], [11, 205, 258]
[11, 133, 258], [11, 258, 288]
[11, 205, 258], [11, 258, 288]
[170, 188, 189], [177, 188, 189]
[38, 61, 130], [38, 121, 130]
[245, 261, 267], [245, 267, 277]
[245, 261, 267], [261, 267, 277]
[166, 202, 269], [145, 166, 202]
[236, 241, 264], [232, 241, 264]
[236, 241, 264], [241, 264, 284]
[232, 241, 264], [241, 264, 284]
[58, 84, 191], [58, 77, 191]
[17, 33, 117], [33, 64, 117]
[17, 33, 117], [33, 114, 117]
[33, 64, 117], [33, 114, 117]
[22, 102, 167], [22, 102, 153]
[22, 102, 167], [22, 102, 128]
[22, 102, 167], [22, 102, 155]
[22, 102, 167], [22, 71, 102]
[22, 102, 153], [22, 102, 128]
[22, 102, 153], [22, 102, 155]
[22, 102, 153], [22, 71, 102]
[22, 102, 128], [22, 102, 155]
[22, 102, 128], [22, 71, 102]
[22, 102, 155], [22, 71, 102]
[14, 43, 124], [14, 15, 43]
[7, 76, 92], [7, 85, 92]
[51, 52, 314], [52, 159, 314]
[47, 76, 129], [47, 76, 85]
[10, 133, 281], [10, 276, 281]
[135, 247, 312], [15, 135, 247]
[135, 247, 312], [56, 135, 247]
[15, 135, 247], [56, 135, 247]
[10, 276, 281], [9, 276, 281]
[22, 149, 158], [22, 149, 152]
[22, 149, 158], [22, 95, 149]
[22, 149, 152], [22, 95, 149]
[72, 80, 152], [47, 72, 80]
[72, 80, 152], [72, 80, 81]
[72, 80, 152], [72, 80, 326]
[72, 80, 152], [71, 72, 80]
[47, 72, 80], [72, 80, 81]
[47, 72, 80], [72, 80, 326]
[47, 72, 80], [71, 72, 80]
[72, 80, 81], [72, 80, 326]
[72, 80, 81], [71, 72, 80]
[72, 80, 326], [71, 72, 80]
[215, 254, 326], [203, 215, 254]
[215, 254, 326], [207, 215, 254]
[203, 215, 254], [207, 215, 254]
[229, 251, 295], [226, 229, 251]
[232, 236, 241], [232, 241, 264]
[232, 236, 241], [232, 241, 312]
[232, 241, 264], [232, 241, 312]
[66, 76, 108], [7, 66, 76]
[66, 76, 108], [41, 66, 76]
[7, 66, 76], [41, 66, 76]
[85, 86, 101], [32, 85, 86]
[207, 234, 296], [207, 234, 256]
[131, 199, 227], [131, 200, 227]
[28, 32, 121], [32, 38, 121]
[9, 142, 305], [9, 142, 316]
[5, 90, 197], [90, 197, 287]
[53, 54, 231], [53, 54, 180]
[111, 186, 277], [111, 135, 186]
[8, 42, 47], [4, 8, 42]
[8, 42, 47], [8, 42, 97]
[4, 8, 42], [8, 42, 97]
[24, 119, 275], [119, 120, 275]
[258, 299, 305], [258, 301, 305]
[258, 299, 305], [258, 292, 305]
[258, 299, 305], [258, 269, 305]
[258, 299, 305], [258, 272, 305]
[258, 301, 305], [258, 292, 305]
[258, 301, 305], [258, 269, 305]
[258, 301, 305], [258, 272, 305]
[258, 292, 305], [258, 269, 305]
[258, 292, 305], [258, 272, 305]
[258, 269, 305], [258, 272, 305]
[77, 78, 193], [30, 77, 193]
[142, 268, 305], [172, 268, 305]
[142, 268, 305], [268, 276, 305]
[172, 268, 305], [268, 276, 305]
[141, 273, 287], [9, 273, 287]
[148, 254, 294], [254, 256, 294]
[12, 229, 243], [12, 134, 229]
[12, 229, 243], [12, 18, 243]
[12, 229, 243], [12, 112, 243]
[12, 18, 243], [12, 112, 243]
[5, 112, 216], [5, 113, 216]
[5, 112, 216], [5, 216, 259]
[5, 113, 216], [5, 216, 259]
[35, 251, 285], [35, 244, 251]
[36, 38, 121], [38, 121, 127]
[36, 38, 121], [38, 121, 130]
[36, 38, 121], [32, 38, 121]
[38, 121, 127], [38, 121, 130]
[38, 121, 127], [32, 38, 121]
[38, 121, 130], [32, 38, 121]
[145, 268, 269], [145, 268, 276]
[145, 268, 269], [166, 268, 269]
[145, 268, 269], [268, 269, 276]
[166, 268, 269], [268, 269, 276]
[7, 76, 97], [7, 66, 97]
[22, 131, 271], [21, 22, 271]
[22, 131, 271], [22, 167, 271]
[21, 22, 271], [22, 167, 271]
[51, 53, 63], [51, 53, 125]
[225, 232, 239], [225, 232, 238]
[37, 70, 175], [70, 127, 175]
[247, 264, 266], [87, 247, 266]
[247, 264, 266], [15, 247, 266]
[87, 247, 266], [15, 247, 266]
[56, 135, 284], [123, 135, 284]
[26, 80, 128], [26, 75, 128]
[61, 108, 114], [61, 97, 108]
[68, 158, 169], [68, 168, 169]
[21, 153, 155], [21, 22, 153]
[2, 271, 279], [1, 2, 271]
[89, 172, 281], [89, 142, 172]
[89, 172, 281], [89, 142, 281]
[219, 229, 262], [218, 219, 229]
[41, 48, 76], [28, 48, 76]
[47, 80, 237], [47, 111, 237]
[22, 73, 196], [22, 173, 196]
[166, 205, 258], [166, 205, 299]
[20, 262, 298], [18, 20, 262]
[20, 262, 298], [18, 20, 298]
[20, 262, 298], [20, 104, 298]
[18, 20, 298], [20, 104, 298]
[282, 310, 311], [303, 310, 311]
[55, 56, 135], [55, 56, 286]
[265, 287, 292], [265, 291, 292]
[85, 107, 108], [28, 85, 107]
[85, 107, 108], [85, 101, 107]
[28, 85, 107], [85, 101, 107]
[89, 134, 230], [5, 89, 230]
[175, 176, 182], [175, 179, 182]
[17, 121, 225], [17, 76, 225]
[142, 150, 293], [150, 217, 293]
[142, 150, 293], [150, 172, 293]
[142, 150, 293], [150, 207, 293]
[150, 217, 293], [150, 172, 293]
[150, 217, 293], [150, 207, 293]
[150, 172, 293], [150, 207, 293]
[59, 60, 195], [60, 174, 195]
[95, 158, 168], [49, 158, 168]
[95, 158, 168], [158, 162, 168]
[49, 158, 168], [158, 162, 168]
[20, 104, 105], [18, 20, 105]
[222, 226, 262], [222, 226, 259]
[222, 226, 262], [18, 222, 262]
[222, 226, 262], [13, 222, 262]
[18, 222, 262], [13, 222, 262]
[236, 241, 312], [232, 241, 312]
[59, 60, 125], [60, 62, 125]
[59, 60, 125], [60, 125, 126]
[60, 62, 125], [60, 125, 126]
[82, 127, 302], [82, 127, 186]
[82, 127, 302], [82, 186, 302]
[51, 159, 314], [52, 159, 314]
[72, 207, 256], [72, 207, 253]
[42, 92, 97], [42, 85, 97]
[42, 92, 97], [42, 97, 101]
[42, 92, 97], [8, 42, 97]
[42, 85, 97], [42, 97, 101]
[42, 85, 97], [8, 42, 97]
[42, 97, 101], [8, 42, 97]
[7, 66, 97], [41, 66, 97]
[35, 203, 294], [35, 203, 207]
[174, 184, 188], [107, 174, 188]
[98, 107, 317], [98, 173, 317]
[98, 107, 317], [98, 126, 317]
[98, 107, 317], [98, 174, 317]
[98, 173, 317], [98, 126, 317]
[98, 173, 317], [98, 174, 317]
[98, 126, 317], [98, 174, 317]
[18, 20, 105], [18, 105, 217]
[235, 269, 303], [9, 235, 303]
[89, 134, 228], [89, 216, 228]
[24, 162, 168], [158, 162, 168]
[56, 236, 277], [56, 111, 236]
[3, 42, 101], [42, 97, 101]
[217, 281, 305], [133, 217, 281]
[217, 281, 305], [217, 281, 298]
[133, 217, 281], [217, 281, 298]
[22, 71, 167], [21, 22, 71]
[22, 71, 167], [22, 71, 102]
[21, 22, 71], [22, 71, 102]
[105, 243, 298], [229, 243, 298]
[89, 90, 134], [45, 90, 134]
[89, 90, 134], [5, 90, 134]
[45, 90, 134], [5, 90, 134]
[26, 153, 167], [26, 75, 153]
[25, 152, 318], [25, 271, 318]
[9, 228, 299], [9, 265, 299]
[18, 72, 246], [55, 72, 246]
[17, 61, 65], [16, 17, 61]
[17, 61, 65], [16, 17, 65]
[17, 61, 65], [17, 36, 65]
[16, 17, 65], [17, 36, 65]
[105, 229, 249], [105, 134, 229]
[105, 229, 249], [105, 226, 229]
[105, 134, 229], [105, 226, 229]
[136, 142, 144], [136, 142, 305]
[136, 142, 144], [136, 142, 172]
[136, 142, 305], [136, 142, 172]
[150, 217, 293], [150, 217, 298]
[118, 194, 260], [118, 126, 194]
[57, 84, 220], [57, 58, 220]
[77, 163, 192], [77, 78, 192]
[94, 97, 108], [61, 97, 108]
[107, 108, 286], [55, 107, 286]
[110, 236, 241], [110, 225, 241]
[5, 6, 217], [5, 6, 112]
[5, 6, 217], [5, 6, 125]
[5, 6, 112], [5, 6, 125]
[25, 271, 318], [25, 153, 271]
[178, 182, 209], [31, 182, 209]
[166, 268, 269], [166, 268, 276]
[15, 135, 247], [15, 247, 266]
[17, 116, 117], [65, 116, 117]
[18, 20, 298], [13, 18, 298]
[76, 85, 94], [7, 85, 94]
[55, 239, 261], [55, 261, 286]
[273, 285, 301], [272, 273, 285]
[219, 224, 243], [224, 243, 259]
[142, 287, 313], [141, 287, 313]
[89, 142, 172], [89, 142, 281]
[123, 135, 284], [123, 266, 284]
[136, 281, 299], [136, 137, 281]
[15, 247, 266], [15, 56, 266]
[15, 56, 266], [15, 56, 286]
[15, 56, 266], [15, 56, 58]
[15, 56, 266], [15, 56, 135]
[15, 56, 286], [15, 56, 58]
[15, 56, 286], [15, 56, 135]
[15, 56, 58], [15, 56, 135]
[78, 79, 192], [77, 78, 192]
[105, 134, 229], [105, 134, 243]
[13, 47, 107], [13, 47, 117]
[60, 125, 126], [60, 126, 317]
[127, 163, 302], [163, 186, 302]
[30, 58, 83], [58, 82, 83]
[235, 281, 293], [11, 235, 293]
[73, 98, 171], [73, 98, 99]
[229, 295, 298], [229, 243, 298]
[112, 218, 251], [112, 251, 298]
[28, 48, 76], [28, 41, 48]
[13, 226, 298], [13, 18, 298]
[244, 297, 326], [147, 297, 326]
[150, 217, 298], [217, 290, 298]
[150, 217, 298], [217, 281, 298]
[217, 290, 298], [217, 281, 298]
[17, 36, 127], [16, 17, 127]
[17, 36, 127], [17, 29, 127]
[16, 17, 127], [17, 29, 127]
[8, 61, 94], [8, 76, 94]
[8, 61, 94], [61, 94, 114]
[139, 191, 198], [138, 139, 191]
[24, 162, 283], [24, 155, 283]
[205, 265, 299], [9, 265, 299]
[265, 288, 303], [205, 265, 303]
[22, 27, 109], [21, 22, 109]
[281, 287, 305], [142, 281, 287]
[92, 94, 108], [4, 92, 94]
