[0, 112]:[0, 121]
[0, 112]:[0, 443]
[0, 112]:[0, 452]
[0, 112]:[0, 646]
[0, 112]:[0, 789]
[0, 112]:[0, 821]
[0, 112]:[0, 970]
[0, 121]:[0, 443]
[0, 121]:[0, 452]
[0, 121]:[0, 646]
[0, 121]:[0, 789]
[0, 121]:[0, 821]
[0, 121]:[0, 970]
[0, 443]:[0, 452]
[0, 443]:[0, 646]
[0, 443]:[0, 789]
[0, 443]:[0, 821]
[0, 443]:[0, 970]
[0, 452]:[0, 646]
[0, 452]:[0, 789]
[0, 452]:[0, 821]
[0, 452]:[0, 970]
[0, 646]:[0, 789]
[0, 646]:[0, 821]
[0, 646]:[0, 970]
[0, 789]:[0, 821]
[0, 789]:[0, 970]
[0, 821]:[0, 970]
[0, 112]:[112, 115]
[0, 112]:[112, 501]
[0, 112]:[112, 612]
[0, 112]:[112, 651]
[0, 112]:[112, 652]
[0, 112]:[112, 776]
[0, 112]:[112, 978]
[112, 115]:[112, 501]
[112, 115]:[112, 612]
[112, 115]:[112, 651]
[112, 115]:[112, 652]
[112, 115]:[112, 776]
[112, 115]:[112, 978]
[112, 501]:[112, 612]
[112, 501]:[112, 651]
[112, 501]:[112, 652]
[112, 501]:[112, 776]
[112, 501]:[112, 978]
[112, 612]:[112, 651]
[112, 612]:[112, 652]
[112, 612]:[112, 776]
[112, 612]:[112, 978]
[112, 651]:[112, 652]
[112, 651]:[112, 776]
[112, 651]:[112, 978]
[112, 652]:[112, 776]
[112, 652]:[112, 978]
[112, 776]:[112, 978]
[0, 121]:[121, 364]
[0, 121]:[121, 556]
[0, 121]:[121, 611]
[121, 364]:[121, 556]
[121, 364]:[121, 611]
[121, 556]:[121, 611]
[0, 443]:[333, 443]
[0, 443]:[443, 548]
[333, 443]:[443, 548]
[0, 452]:[250, 452]
[0, 452]:[437, 452]
[0, 452]:[452, 704]
[0, 452]:[452, 955]
[250, 452]:[437, 452]
[250, 452]:[452, 704]
[250, 452]:[452, 955]
[437, 452]:[452, 704]
[437, 452]:[452, 955]
[452, 704]:[452, 955]
[0, 646]:[239, 646]
[0, 789]:[94, 789]
[0, 789]:[316, 789]
[0, 789]:[456, 789]
[0, 789]:[523, 789]
[0, 789]:[789, 964]
[0, 789]:[789, 975]
[0, 789]:[789, 999]
[94, 789]:[316, 789]
[94, 789]:[456, 789]
[94, 789]:[523, 789]
[94, 789]:[789, 964]
[94, 789]:[789, 975]
[94, 789]:[789, 999]
[316, 789]:[456, 789]
[316, 789]:[523, 789]
[316, 789]:[789, 964]
[316, 789]:[789, 975]
[316, 789]:[789, 999]
[456, 789]:[523, 789]
[456, 789]:[789, 964]
[456, 789]:[789, 975]
[456, 789]:[789, 999]
[523, 789]:[789, 964]
[523, 789]:[789, 975]
[523, 789]:[789, 999]
[789, 964]:[789, 975]
[789, 964]:[789, 999]
[789, 975]:[789, 999]
[0, 821]:[31, 821]
[0, 821]:[106, 821]
[0, 821]:[119, 821]
[0, 821]:[328, 821]
[0, 821]:[550, 821]
[0, 821]:[743, 821]
[0, 821]:[821, 897]
[0, 821]:[821, 927]
[0, 821]:[821, 966]
[31, 821]:[106, 821]
[31, 821]:[119, 821]
[31, 821]:[328, 821]
[31, 821]:[550, 821]
[31, 821]:[743, 821]
[31, 821]:[821, 897]
[31, 821]:[821, 927]
[31, 821]:[821, 966]
[106, 821]:[119, 821]
[106, 821]:[328, 821]
[106, 821]:[550, 821]
[106, 821]:[743, 821]
[106, 821]:[821, 897]
[106, 821]:[821, 927]
[106, 821]:[821, 966]
[119, 821]:[328, 821]
[119, 821]:[550, 821]
[119, 821]:[743, 821]
[119, 821]:[821, 897]
[119, 821]:[821, 927]
[119, 821]:[821, 966]
[328, 821]:[550, 821]
[328, 821]:[743, 821]
[328, 821]:[821, 897]
[328, 821]:[821, 927]
[328, 821]:[821, 966]
[550, 821]:[743, 821]
[550, 821]:[821, 897]
[550, 821]:[821, 927]
[550, 821]:[821, 966]
[743, 821]:[821, 897]
[743, 821]:[821, 927]
[743, 821]:[821, 966]
[821, 897]:[821, 927]
[821, 897]:[821, 966]
[821, 927]:[821, 966]
[0, 970]:[160, 970]
[0, 970]:[281, 970]
[0, 970]:[354, 970]
[0, 970]:[670, 970]
[0, 970]:[678, 970]
[0, 970]:[970, 996]
[160, 970]:[281, 970]
[160, 970]:[354, 970]
[160, 970]:[670, 970]
[160, 970]:[678, 970]
[160, 970]:[970, 996]
[281, 970]:[354, 970]
[281, 970]:[670, 970]
[281, 970]:[678, 970]
[281, 970]:[970, 996]
[354, 970]:[670, 970]
[354, 970]:[678, 970]
[354, 970]:[970, 996]
[670, 970]:[678, 970]
[670, 970]:[970, 996]
[678, 970]:[970, 996]
[1, 72]:[1, 669]
[1, 72]:[1, 716]
[1, 72]:[1, 819]
[1, 669]:[1, 716]
[1, 669]:[1, 819]
[1, 716]:[1, 819]
[1, 72]:[72, 201]
[1, 72]:[72, 283]
[1, 72]:[72, 824]
[72, 201]:[72, 283]
[72, 201]:[72, 824]
[72, 283]:[72, 824]
[1, 669]:[69, 669]
[1, 669]:[294, 669]
[1, 669]:[360, 669]
[1, 669]:[572, 669]
[1, 669]:[669, 890]
[1, 669]:[669, 960]
[1, 669]:[669, 984]
[69, 669]:[294, 669]
[69, 669]:[360, 669]
[69, 669]:[572, 669]
[69, 669]:[669, 890]
[69, 669]:[669, 960]
[69, 669]:[669, 984]
[294, 669]:[360, 669]
[294, 669]:[572, 669]
[294, 669]:[669, 890]
[294, 669]:[669, 960]
[294, 669]:[669, 984]
[360, 669]:[572, 669]
[360, 669]:[669, 890]
[360, 669]:[669, 960]
[360, 669]:[669, 984]
[572, 669]:[669, 890]
[572, 669]:[669, 960]
[572, 669]:[669, 984]
[669, 890]:[669, 960]
[669, 890]:[669, 984]
[669, 960]:[669, 984]
[1, 716]:[326, 716]
[1, 716]:[354, 716]
[1, 716]:[630, 716]
[1, 716]:[716, 937]
[326, 716]:[354, 716]
[326, 716]:[630, 716]
[326, 716]:[716, 937]
[354, 716]:[630, 716]
[354, 716]:[716, 937]
[630, 716]:[716, 937]
[1, 819]:[86, 819]
[1, 819]:[498, 819]
[1, 819]:[585, 819]
[1, 819]:[819, 983]
[86, 819]:[498, 819]
[86, 819]:[585, 819]
[86, 819]:[819, 983]
[498, 819]:[585, 819]
[498, 819]:[819, 983]
[585, 819]:[819, 983]
[2, 7]:[2, 47]
[2, 7]:[2, 246]
[2, 7]:[2, 378]
[2, 7]:[2, 712]
[2, 7]:[2, 863]
[2, 47]:[2, 246]
[2, 47]:[2, 378]
[2, 47]:[2, 712]
[2, 47]:[2, 863]
[2, 246]:[2, 378]
[2, 246]:[2, 712]
[2, 246]:[2, 863]
[2, 378]:[2, 712]
[2, 378]:[2, 863]
[2, 712]:[2, 863]
[2, 7]:[7, 38]
[2, 7]:[7, 86]
[2, 7]:[7, 404]
[2, 7]:[7, 438]
[2, 7]:[7, 502]
[2, 7]:[7, 542]
[2, 7]:[7, 817]
[2, 7]:[7, 854]
[7, 38]:[7, 86]
[7, 38]:[7, 404]
[7, 38]:[7, 438]
[7, 38]:[7, 502]
[7, 38]:[7, 542]
[7, 38]:[7, 817]
[7, 38]:[7, 854]
[7, 86]:[7, 404]
[7, 86]:[7, 438]
[7, 86]:[7, 502]
[7, 86]:[7, 542]
[7, 86]:[7, 817]
[7, 86]:[7, 854]
[7, 404]:[7, 438]
[7, 404]:[7, 502]
[7, 404]:[7, 542]
[7, 404]:[7, 817]
[7, 404]:[7, 854]
[7, 438]:[7, 502]
[7, 438]:[7, 542]
[7, 438]:[7, 817]
[7, 438]:[7, 854]
[7, 502]:[7, 542]
[7, 502]:[7, 817]
[7, 502]:[7, 854]
[7, 542]:[7, 817]
[7, 542]:[7, 854]
[7, 817]:[7, 854]
[2, 47]:[47, 338]
[2, 47]:[47, 351]
[2, 47]:[47, 430]
[2, 47]:[47, 787]
[47, 338]:[47, 351]
[47, 338]:[47, 430]
[47, 338]:[47, 787]
[47, 351]:[47, 430]
[47, 351]:[47, 787]
[47, 430]:[47, 787]
[2, 246]:[198, 246]
[2, 246]:[246, 422]
[2, 246]:[246, 549]
[198, 246]:[246, 422]
[198, 246]:[246, 549]
[246, 422]:[246, 549]
[2, 378]:[75, 378]
[2, 378]:[378, 451]
[2, 378]:[378, 520]
[2, 378]:[378, 605]
[75, 378]:[378, 451]
[75, 378]:[378, 520]
[75, 378]:[378, 605]
[378, 451]:[378, 520]
[378, 451]:[378, 605]
[378, 520]:[378, 605]
[2, 712]:[34, 712]
[2, 712]:[712, 775]
[2, 712]:[712, 848]
[34, 712]:[712, 775]
[34, 712]:[712, 848]
[712, 775]:[712, 848]
[2, 863]:[63, 863]
[2, 863]:[94, 863]
[2, 863]:[250, 863]
[2, 863]:[280, 863]
[2, 863]:[292, 863]
[2, 863]:[304, 863]
[2, 863]:[350, 863]
[2, 863]:[387, 863]
[2, 863]:[490, 863]
[2, 863]:[551, 863]
[2, 863]:[674, 863]
[2, 863]:[753, 863]
[63, 863]:[94, 863]
[63, 863]:[250, 863]
[63, 863]:[280, 863]
[63, 863]:[292, 863]
[63, 863]:[304, 863]
[63, 863]:[350, 863]
[63, 863]:[387, 863]
[63, 863]:[490, 863]
[63, 863]:[551, 863]
[63, 863]:[674, 863]
[63, 863]:[753, 863]
[94, 863]:[250, 863]
[94, 863]:[280, 863]
[94, 863]:[292, 863]
[94, 863]:[304, 863]
[94, 863]:[350, 863]
[94, 863]:[387, 863]
[94, 863]:[490, 863]
[94, 863]:[551, 863]
[94, 863]:[674, 863]
[94, 863]:[753, 863]
[250, 863]:[280, 863]
[250, 863]:[292, 863]
[250, 863]:[304, 863]
[250, 863]:[350, 863]
[250, 863]:[387, 863]
[250, 863]:[490, 863]
[250, 863]:[551, 863]
[250, 863]:[674, 863]
[250, 863]:[753, 863]
[280, 863]:[292, 863]
[280, 863]:[304, 863]
[280, 863]:[350, 863]
[280, 863]:[387, 863]
[280, 863]:[490, 863]
[280, 863]:[551, 863]
[280, 863]:[674, 863]
[280, 863]:[753, 863]
[292, 863]:[304, 863]
[292, 863]:[350, 863]
[292, 863]:[387, 863]
[292, 863]:[490, 863]
[292, 863]:[551, 863]
[292, 863]:[674, 863]
[292, 863]:[753, 863]
[304, 863]:[350, 863]
[304, 863]:[387, 863]
[304, 863]:[490, 863]
[304, 863]:[551, 863]
[304, 863]:[674, 863]
[304, 863]:[753, 863]
[350, 863]:[387, 863]
[350, 863]:[490, 863]
[350, 863]:[551, 863]
[350, 863]:[674, 863]
[350, 863]:[753, 863]
[387, 863]:[490, 863]
[387, 863]:[551, 863]
[387, 863]:[674, 863]
[387, 863]:[753, 863]
[490, 863]:[551, 863]
[490, 863]:[674, 863]
[490, 863]:[753, 863]
[551, 863]:[674, 863]
[551, 863]:[753, 863]
[674, 863]:[753, 863]
[3, 132]:[3, 355]
[3, 132]:[3, 403]
[3, 132]:[3, 615]
[3, 132]:[3, 736]
[3, 132]:[3, 740]
[3, 132]:[3, 747]
[3, 132]:[3, 801]
[3, 132]:[3, 903]
[3, 355]:[3, 403]
[3, 355]:[3, 615]
[3, 355]:[3, 736]
[3, 355]:[3, 740]
[3, 355]:[3, 747]
[3, 355]:[3, 801]
[3, 355]:[3, 903]
[3, 403]:[3, 615]
[3, 403]:[3, 736]
[3, 403]:[3, 740]
[3, 403]:[3, 747]
[3, 403]:[3, 801]
[3, 403]:[3, 903]
[3, 615]:[3, 736]
[3, 615]:[3, 740]
[3, 615]:[3, 747]
[3, 615]:[3, 801]
[3, 615]:[3, 903]
[3, 736]:[3, 740]
[3, 736]:[3, 747]
[3, 736]:[3, 801]
[3, 736]:[3, 903]
[3, 740]:[3, 747]
[3, 740]:[3, 801]
[3, 740]:[3, 903]
[3, 747]:[3, 801]
[3, 747]:[3, 903]
[3, 801]:[3, 903]
[3, 132]:[132, 277]
[3, 132]:[132, 314]
[3, 132]:[132, 388]
[3, 132]:[132, 425]
[3, 132]:[132, 577]
[3, 132]:[132, 710]
[3, 132]:[132, 724]
[132, 277]:[132, 314]
[132, 277]:[132, 388]
[132, 277]:[132, 425]
[132, 277]:[132, 577]
[132, 277]:[132, 710]
[132, 277]:[132, 724]
[132, 314]:[132, 388]
[132, 314]:[132, 425]
[132, 314]:[132, 577]
[132, 314]:[132, 710]
[132, 314]:[132, 724]
[132, 388]:[132, 425]
[132, 388]:[132, 577]
[132, 388]:[132, 710]
[132, 388]:[132, 724]
[132, 425]:[132, 577]
[132, 425]:[132, 710]
[132, 425]:[132, 724]
[132, 577]:[132, 710]
[132, 577]:[132, 724]
[132, 710]:[132, 724]
[3, 355]:[131, 355]
[3, 355]:[141, 355]
[3, 355]:[355, 513]
[3, 355]:[355, 610]
[3, 355]:[355, 774]
[3, 355]:[355, 839]
[3, 355]:[355, 979]
[131, 355]:[141, 355]
[131, 355]:[355, 513]
[131, 355]:[355, 610]
[131, 355]:[355, 774]
[131, 355]:[355, 839]
[131, 355]:[355, 979]
[141, 355]:[355, 513]
[141, 355]:[355, 610]
[141, 355]:[355, 774]
[141, 355]:[355, 839]
[141, 355]:[355, 979]
[355, 513]:[355, 610]
[355, 513]:[355, 774]
[355, 513]:[355, 839]
[355, 513]:[355, 979]
[355, 610]:[355, 774]
[355, 610]:[355, 839]
[355, 610]:[355, 979]
[355, 774]:[355, 839]
[355, 774]:[355, 979]
[355, 839]:[355, 979]
[3, 403]:[154, 403]
[3, 403]:[267, 403]
[3, 403]:[403, 828]
[154, 403]:[267, 403]
[154, 403]:[403, 828]
[267, 403]:[403, 828]
[3, 615]:[74, 615]
[3, 615]:[147, 615]
[3, 615]:[480, 615]
[3, 615]:[527, 615]
[3, 615]:[575, 615]
[3, 615]:[615, 698]
[3, 615]:[615, 809]
[3, 615]:[615, 857]
[74, 615]:[147, 615]
[74, 615]:[480, 615]
[74, 615]:[527, 615]
[74, 615]:[575, 615]
[74, 615]:[615, 698]
[74, 615]:[615, 809]
[74, 615]:[615, 857]
[147, 615]:[480, 615]
[147, 615]:[527, 615]
[147, 615]:[575, 615]
[147, 615]:[615, 698]
[147, 615]:[615, 809]
[147, 615]:[615, 857]
[480, 615]:[527, 615]
[480, 615]:[575, 615]
[480, 615]:[615, 698]
[480, 615]:[615, 809]
[480, 615]:[615, 857]
[527, 615]:[575, 615]
[527, 615]:[615, 698]
[527, 615]:[615, 809]
[527, 615]:[615, 857]
[575, 615]:[615, 698]
[575, 615]:[615, 809]
[575, 615]:[615, 857]
[615, 698]:[615, 809]
[615, 698]:[615, 857]
[615, 809]:[615, 857]
[3, 736]:[78, 736]
[3, 736]:[158, 736]
[3, 736]:[258, 736]
[3, 736]:[447, 736]
[3, 736]:[503, 736]
[3, 736]:[529, 736]
[3, 736]:[539, 736]
[3, 736]:[736, 803]
[3, 736]:[736, 945]
[78, 736]:[158, 736]
[78, 736]:[258, 736]
[78, 736]:[447, 736]
[78, 736]:[503, 736]
[78, 736]:[529, 736]
[78, 736]:[539, 736]
[78, 736]:[736, 803]
[78, 736]:[736, 945]
[158, 736]:[258, 736]
[158, 736]:[447, 736]
[158, 736]:[503, 736]
[158, 736]:[529, 736]
[158, 736]:[539, 736]
[158, 736]:[736, 803]
[158, 736]:[736, 945]
[258, 736]:[447, 736]
[258, 736]:[503, 736]
[258, 736]:[529, 736]
[258, 736]:[539, 736]
[258, 736]:[736, 803]
[258, 736]:[736, 945]
[447, 736]:[503, 736]
[447, 736]:[529, 736]
[447, 736]:[539, 736]
[447, 736]:[736, 803]
[447, 736]:[736, 945]
[503, 736]:[529, 736]
[503, 736]:[539, 736]
[503, 736]:[736, 803]
[503, 736]:[736, 945]
[529, 736]:[539, 736]
[529, 736]:[736, 803]
[529, 736]:[736, 945]
[539, 736]:[736, 803]
[539, 736]:[736, 945]
[736, 803]:[736, 945]
[3, 740]:[307, 740]
[3, 740]:[622, 740]
[307, 740]:[622, 740]
[3, 747]:[27, 747]
[3, 747]:[115, 747]
[3, 747]:[254, 747]
[27, 747]:[115, 747]
[27, 747]:[254, 747]
[115, 747]:[254, 747]
[3, 801]:[37, 801]
[3, 801]:[91, 801]
[3, 801]:[101, 801]
[3, 801]:[326, 801]
[3, 801]:[654, 801]
[3, 801]:[801, 870]
[3, 801]:[801, 889]
[37, 801]:[91, 801]
[37, 801]:[101, 801]
[37, 801]:[326, 801]
[37, 801]:[654, 801]
[37, 801]:[801, 870]
[37, 801]:[801, 889]
[91, 801]:[101, 801]
[91, 801]:[326, 801]
[91, 801]:[654, 801]
[91, 801]:[801, 870]
[91, 801]:[801, 889]
[101, 801]:[326, 801]
[101, 801]:[654, 801]
[101, 801]:[801, 870]
[101, 801]:[801, 889]
[326, 801]:[654, 801]
[326, 801]:[801, 870]
[326, 801]:[801, 889]
[654, 801]:[801, 870]
[654, 801]:[801, 889]
[801, 870]:[801, 889]
[3, 903]:[101, 903]
[3, 903]:[351, 903]
[3, 903]:[616, 903]
[3, 903]:[767, 903]
[101, 903]:[351, 903]
[101, 903]:[616, 903]
[101, 903]:[767, 903]
[351, 903]:[616, 903]
[351, 903]:[767, 903]
[616, 903]:[767, 903]
[4, 122]:[4, 426]
[4, 122]:[4, 432]
[4, 122]:[4, 542]
[4, 122]:[4, 900]
[4, 122]:[4, 979]
[4, 426]:[4, 432]
[4, 426]:[4, 542]
[4, 426]:[4, 900]
[4, 426]:[4, 979]
[4, 432]:[4, 542]
[4, 432]:[4, 900]
[4, 432]:[4, 979]
[4, 542]:[4, 900]
[4, 542]:[4, 979]
[4, 900]:[4, 979]
[4, 122]:[122, 289]
[4, 122]:[122, 842]
[122, 289]:[122, 842]
[4, 426]:[120, 426]
[4, 426]:[426, 448]
[4, 426]:[426, 469]
[4, 426]:[426, 761]
[4, 426]:[426, 849]
[120, 426]:[426, 448]
[120, 426]:[426, 469]
[120, 426]:[426, 761]
[120, 426]:[426, 849]
[426, 448]:[426, 469]
[426, 448]:[426, 761]
[426, 448]:[426, 849]
[426, 469]:[426, 761]
[426, 469]:[426, 849]
[426, 761]:[426, 849]
[4, 432]:[82, 432]
[4, 432]:[213, 432]
[4, 432]:[272, 432]
[4, 432]:[432, 519]
[4, 432]:[432, 599]
[4, 432]:[432, 829]
[82, 432]:[213, 432]
[82, 432]:[272, 432]
[82, 432]:[432, 519]
[82, 432]:[432, 599]
[82, 432]:[432, 829]
[213, 432]:[272, 432]
[213, 432]:[432, 519]
[213, 432]:[432, 599]
[213, 432]:[432, 829]
[272, 432]:[432, 519]
[272, 432]:[432, 599]
[272, 432]:[432, 829]
[432, 519]:[432, 599]
[432, 519]:[432, 829]
[432, 599]:[432, 829]
[4, 542]:[7, 542]
[4, 542]:[542, 957]
[7, 542]:[542, 957]
[4, 900]:[62, 900]
[4, 900]:[181, 900]
[4, 900]:[205, 900]
[4, 900]:[377, 900]
[4, 900]:[622, 900]
[4, 900]:[645, 900]
[4, 900]:[686, 900]
[4, 900]:[900, 911]
[62, 900]:[181, 900]
[62, 900]:[205, 900]
[62, 900]:[377, 900]
[62, 900]:[622, 900]
[62, 900]:[645, 900]
[62, 900]:[686, 900]
[62, 900]:[900, 911]
[181, 900]:[205, 900]
[181, 900]:[377, 900]
[181, 900]:[622, 900]
[181, 900]:[645, 900]
[181, 900]:[686, 900]
[181, 900]:[900, 911]
[205, 900]:[377, 900]
[205, 900]:[622, 900]
[205, 900]:[645, 900]
[205, 900]:[686, 900]
[205, 900]:[900, 911]
[377, 900]:[622, 900]
[377, 900]:[645, 900]
[377, 900]:[686, 900]
[377, 900]:[900, 911]
[622, 900]:[645, 900]
[622, 900]:[686, 900]
[622, 900]:[900, 911]
[645, 900]:[686, 900]
[645, 900]:[900, 911]
[686, 900]:[900, 911]
[4, 979]:[55, 979]
[4, 979]:[103, 979]
[4, 979]:[117, 979]
[4, 979]:[355, 979]
[4, 979]:[464, 979]
[4, 979]:[522, 979]
[4, 979]:[822, 979]
[55, 979]:[103, 979]
[55, 979]:[117, 979]
[55, 979]:[355, 979]
[55, 979]:[464, 979]
[55, 979]:[522, 979]
[55, 979]:[822, 979]
[103, 979]:[117, 979]
[103, 979]:[355, 979]
[103, 979]:[464, 979]
[103, 979]:[522, 979]
[103, 979]:[822, 979]
[117, 979]:[355, 979]
[117, 979]:[464, 979]
[117, 979]:[522, 979]
[117, 979]:[822, 979]
[355, 979]:[464, 979]
[355, 979]:[522, 979]
[355, 979]:[822, 979]
[464, 979]:[522, 979]
[464, 979]:[822, 979]
[522, 979]:[822, 979]
[5, 27]:[5, 109]
[5, 27]:[5, 124]
[5, 27]:[5, 661]
[5, 27]:[5, 767]
[5, 27]:[5, 897]
[5, 109]:[5, 124]
[5, 109]:[5, 661]
[5, 109]:[5, 767]
[5, 109]:[5, 897]
[5, 124]:[5, 661]
[5, 124]:[5, 767]
[5, 124]:[5, 897]
[5, 661]:[5, 767]
[5, 661]:[5, 897]
[5, 767]:[5, 897]
[5, 27]:[27, 67]
[5, 27]:[27, 747]
[5, 27]:[27, 865]
[5, 27]:[27, 870]
[27, 67]:[27, 747]
[27, 67]:[27, 865]
[27, 67]:[27, 870]
[27, 747]:[27, 865]
[27, 747]:[27, 870]
[27, 865]:[27, 870]
[5, 109]:[109, 504]
[5, 109]:[109, 762]
[5, 109]:[109, 808]
[109, 504]:[109, 762]
[109, 504]:[109, 808]
[109, 762]:[109, 808]
[5, 124]:[124, 233]
[5, 124]:[124, 284]
[5, 124]:[124, 450]
[5, 124]:[124, 652]
[5, 124]:[124, 810]
[124, 233]:[124, 284]
[124, 233]:[124, 450]
[124, 233]:[124, 652]
[124, 233]:[124, 810]
[124, 284]:[124, 450]
[124, 284]:[124, 652]
[124, 284]:[124, 810]
[124, 450]:[124, 652]
[124, 450]:[124, 810]
[124, 652]:[124, 810]
[5, 661]:[140, 661]
[5, 661]:[222, 661]
[5, 661]:[661, 999]
[140, 661]:[222, 661]
[140, 661]:[661, 999]
[222, 661]:[661, 999]
[5, 767]:[41, 767]
[5, 767]:[348, 767]
[5, 767]:[455, 767]
[5, 767]:[512, 767]
[5, 767]:[767, 837]
[5, 767]:[767, 903]
[41, 767]:[348, 767]
[41, 767]:[455, 767]
[41, 767]:[512, 767]
[41, 767]:[767, 837]
[41, 767]:[767, 903]
[348, 767]:[455, 767]
[348, 767]:[512, 767]
[348, 767]:[767, 837]
[348, 767]:[767, 903]
[455, 767]:[512, 767]
[455, 767]:[767, 837]
[455, 767]:[767, 903]
[512, 767]:[767, 837]
[512, 767]:[767, 903]
[767, 837]:[767, 903]
[5, 897]:[39, 897]
[5, 897]:[300, 897]
[5, 897]:[504, 897]
[5, 897]:[760, 897]
[5, 897]:[821, 897]
[5, 897]:[858, 897]
[39, 897]:[300, 897]
[39, 897]:[504, 897]
[39, 897]:[760, 897]
[39, 897]:[821, 897]
[39, 897]:[858, 897]
[300, 897]:[504, 897]
[300, 897]:[760, 897]
[300, 897]:[821, 897]
[300, 897]:[858, 897]
[504, 897]:[760, 897]
[504, 897]:[821, 897]
[504, 897]:[858, 897]
[760, 897]:[821, 897]
[760, 897]:[858, 897]
[821, 897]:[858, 897]
[6, 365]:[6, 439]
[6, 365]:[6, 466]
[6, 365]:[6, 553]
[6, 365]:[6, 777]
[6, 365]:[6, 806]
[6, 365]:[6, 918]
[6, 439]:[6, 466]
[6, 439]:[6, 553]
[6, 439]:[6, 777]
[6, 439]:[6, 806]
[6, 439]:[6, 918]
[6, 466]:[6, 553]
[6, 466]:[6, 777]
[6, 466]:[6, 806]
[6, 466]:[6, 918]
[6, 553]:[6, 777]
[6, 553]:[6, 806]
[6, 553]:[6, 918]
[6, 777]:[6, 806]
[6, 777]:[6, 918]
[6, 806]:[6, 918]
[6, 365]:[56, 365]
[6, 365]:[79, 365]
[6, 365]:[365, 495]
[6, 365]:[365, 544]
[6, 365]:[365, 616]
[6, 365]:[365, 932]
[56, 365]:[79, 365]
[56, 365]:[365, 495]
[56, 365]:[365, 544]
[56, 365]:[365, 616]
[56, 365]:[365, 932]
[79, 365]:[365, 495]
[79, 365]:[365, 544]
[79, 365]:[365, 616]
[79, 365]:[365, 932]
[365, 495]:[365, 544]
[365, 495]:[365, 616]
[365, 495]:[365, 932]
[365, 544]:[365, 616]
[365, 544]:[365, 932]
[365, 616]:[365, 932]
[6, 439]:[439, 735]
[6, 466]:[357, 466]
[6, 466]:[466, 562]
[6, 466]:[466, 593]
[6, 466]:[466, 600]
[6, 466]:[466, 652]
[357, 466]:[466, 562]
[357, 466]:[466, 593]
[357, 466]:[466, 600]
[357, 466]:[466, 652]
[466, 562]:[466, 593]
[466, 562]:[466, 600]
[466, 562]:[466, 652]
[466, 593]:[466, 600]
[466, 593]:[466, 652]
[466, 600]:[466, 652]
[6, 553]:[10, 553]
[6, 553]:[28, 553]
[6, 553]:[140, 553]
[6, 553]:[425, 553]
[6, 553]:[553, 608]
[6, 553]:[553, 714]
[6, 553]:[553, 836]
[6, 553]:[553, 839]
[6, 553]:[553, 919]
[6, 553]:[553, 998]
[10, 553]:[28, 553]
[10, 553]:[140, 553]
[10, 553]:[425, 553]
[10, 553]:[553, 608]
[10, 553]:[553, 714]
[10, 553]:[553, 836]
[10, 553]:[553, 839]
[10, 553]:[553, 919]
[10, 553]:[553, 998]
[28, 553]:[140, 553]
[28, 553]:[425, 553]
[28, 553]:[553, 608]
[28, 553]:[553, 714]
[28, 553]:[553, 836]
[28, 553]:[553, 839]
[28, 553]:[553, 919]
[28, 553]:[553, 998]
[140, 553]:[425, 553]
[140, 553]:[553, 608]
[140, 553]:[553, 714]
[140, 553]:[553, 836]
[140, 553]:[553, 839]
[140, 553]:[553, 919]
[140, 553]:[553, 998]
[425, 553]:[553, 608]
[425, 553]:[553, 714]
[425, 553]:[553, 836]
[425, 553]:[553, 839]
[425, 553]:[553, 919]
[425, 553]:[553, 998]
[553, 608]:[553, 714]
[553, 608]:[553, 836]
[553, 608]:[553, 839]
[553, 608]:[553, 919]
[553, 608]:[553, 998]
[553, 714]:[553, 836]
[553, 714]:[553, 839]
[553, 714]:[553, 919]
[553, 714]:[553, 998]
[553, 836]:[553, 839]
[553, 836]:[553, 919]
[553, 836]:[553, 998]
[553, 839]:[553, 919]
[553, 839]:[553, 998]
[553, 919]:[553, 998]
[6, 777]:[94, 777]
[6, 777]:[305, 777]
[6, 777]:[479, 777]
[6, 777]:[507, 777]
[6, 777]:[566, 777]
[6, 777]:[589, 777]
[6, 777]:[682, 777]
[6, 777]:[777, 930]
[94, 777]:[305, 777]
[94, 777]:[479, 777]
[94, 777]:[507, 777]
[94, 777]:[566, 777]
[94, 777]:[589, 777]
[94, 777]:[682, 777]
[94, 777]:[777, 930]
[305, 777]:[479, 777]
[305, 777]:[507, 777]
[305, 777]:[566, 777]
[305, 777]:[589, 777]
[305, 777]:[682, 777]
[305, 777]:[777, 930]
[479, 777]:[507, 777]
[479, 777]:[566, 777]
[479, 777]:[589, 777]
[479, 777]:[682, 777]
[479, 777]:[777, 930]
[507, 777]:[566, 777]
[507, 777]:[589, 777]
[507, 777]:[682, 777]
[507, 777]:[777, 930]
[566, 777]:[589, 777]
[566, 777]:[682, 777]
[566, 777]:[777, 930]
[589, 777]:[682, 777]
[589, 777]:[777, 930]
[682, 777]:[777, 930]
[6, 806]:[321, 806]
[6, 806]:[575, 806]
[6, 806]:[676, 806]
[6, 806]:[806, 965]
[321, 806]:[575, 806]
[321, 806]:[676, 806]
[321, 806]:[806, 965]
[575, 806]:[676, 806]
[575, 806]:[806, 965]
[676, 806]:[806, 965]
[6, 918]:[123, 918]
[6, 918]:[157, 918]
[6, 918]:[230, 918]
[6, 918]:[340, 918]
[6, 918]:[348, 918]
[6, 918]:[395, 918]
[6, 918]:[418, 918]
[6, 918]:[666, 918]
[123, 918]:[157, 918]
[123, 918]:[230, 918]
[123, 918]:[340, 918]
[123, 918]:[348, 918]
[123, 918]:[395, 918]
[123, 918]:[418, 918]
[123, 918]:[666, 918]
[157, 918]:[230, 918]
[157, 918]:[340, 918]
[157, 918]:[348, 918]
[157, 918]:[395, 918]
[157, 918]:[418, 918]
[157, 918]:[666, 918]
[230, 918]:[340, 918]
[230, 918]:[348, 918]
[230, 918]:[395, 918]
[230, 918]:[418, 918]
[230, 918]:[666, 918]
[340, 918]:[348, 918]
[340, 918]:[395, 918]
[340, 918]:[418, 918]
[340, 918]:[666, 918]
[348, 918]:[395, 918]
[348, 918]:[418, 918]
[348, 918]:[666, 918]
[395, 918]:[418, 918]
[395, 918]:[666, 918]
[418, 918]:[666, 918]
[7, 38]:[38, 629]
[7, 38]:[38, 984]
[38, 629]:[38, 984]
[7, 86]:[86, 330]
[7, 86]:[86, 524]
[7, 86]:[86, 629]
[7, 86]:[86, 798]
[7, 86]:[86, 819]
[86, 330]:[86, 524]
[86, 330]:[86, 629]
[86, 330]:[86, 798]
[86, 330]:[86, 819]
[86, 524]:[86, 629]
[86, 524]:[86, 798]
[86, 524]:[86, 819]
[86, 629]:[86, 798]
[86, 629]:[86, 819]
[86, 798]:[86, 819]
[7, 404]:[252, 404]
[7, 404]:[404, 635]
[7, 404]:[404, 640]
[7, 404]:[404, 676]
[7, 404]:[404, 742]
[7, 404]:[404, 782]
[252, 404]:[404, 635]
[252, 404]:[404, 640]
[252, 404]:[404, 676]
[252, 404]:[404, 742]
[252, 404]:[404, 782]
[404, 635]:[404, 640]
[404, 635]:[404, 676]
[404, 635]:[404, 742]
[404, 635]:[404, 782]
[404, 640]:[404, 676]
[404, 640]:[404, 742]
[404, 640]:[404, 782]
[404, 676]:[404, 742]
[404, 676]:[404, 782]
[404, 742]:[404, 782]
[7, 438]:[177, 438]
[7, 438]:[337, 438]
[7, 438]:[438, 481]
[7, 438]:[438, 544]
[7, 438]:[438, 663]
[7, 438]:[438, 851]
[177, 438]:[337, 438]
[177, 438]:[438, 481]
[177, 438]:[438, 544]
[177, 438]:[438, 663]
[177, 438]:[438, 851]
[337, 438]:[438, 481]
[337, 438]:[438, 544]
[337, 438]:[438, 663]
[337, 438]:[438, 851]
[438, 481]:[438, 544]
[438, 481]:[438, 663]
[438, 481]:[438, 851]
[438, 544]:[438, 663]
[438, 544]:[438, 851]
[438, 663]:[438, 851]
[7, 502]:[21, 502]
[7, 502]:[279, 502]
[7, 502]:[435, 502]
[7, 502]:[480, 502]
[7, 502]:[502, 574]
[7, 502]:[502, 885]
[7, 502]:[502, 978]
[7, 502]:[502, 993]
[21, 502]:[279, 502]
[21, 502]:[435, 502]
[21, 502]:[480, 502]
[21, 502]:[502, 574]
[21, 502]:[502, 885]
[21, 502]:[502, 978]
[21, 502]:[502, 993]
[279, 502]:[435, 502]
[279, 502]:[480, 502]
[279, 502]:[502, 574]
[279, 502]:[502, 885]
[279, 502]:[502, 978]
[279, 502]:[502, 993]
[435, 502]:[480, 502]
[435, 502]:[502, 574]
[435, 502]:[502, 885]
[435, 502]:[502, 978]
[435, 502]:[502, 993]
[480, 502]:[502, 574]
[480, 502]:[502, 885]
[480, 502]:[502, 978]
[480, 502]:[502, 993]
[502, 574]:[502, 885]
[502, 574]:[502, 978]
[502, 574]:[502, 993]
[502, 885]:[502, 978]
[502, 885]:[502, 993]
[502, 978]:[502, 993]
[7, 817]:[37, 817]
[7, 817]:[195, 817]
[7, 817]:[239, 817]
[7, 817]:[572, 817]
[7, 817]:[817, 942]
[7, 817]:[817, 959]
[37, 817]:[195, 817]
[37, 817]:[239, 817]
[37, 817]:[572, 817]
[37, 817]:[817, 942]
[37, 817]:[817, 959]
[195, 817]:[239, 817]
[195, 817]:[572, 817]
[195, 817]:[817, 942]
[195, 817]:[817, 959]
[239, 817]:[572, 817]
[239, 817]:[817, 942]
[239, 817]:[817, 959]
[572, 817]:[817, 942]
[572, 817]:[817, 959]
[817, 942]:[817, 959]
[7, 854]:[233, 854]
[8, 138]:[8, 555]
[8, 138]:[8, 581]
[8, 138]:[8, 606]
[8, 138]:[8, 628]
[8, 138]:[8, 753]
[8, 138]:[8, 968]
[8, 555]:[8, 581]
[8, 555]:[8, 606]
[8, 555]:[8, 628]
[8, 555]:[8, 753]
[8, 555]:[8, 968]
[8, 581]:[8, 606]
[8, 581]:[8, 628]
[8, 581]:[8, 753]
[8, 581]:[8, 968]
[8, 606]:[8, 628]
[8, 606]:[8, 753]
[8, 606]:[8, 968]
[8, 628]:[8, 753]
[8, 628]:[8, 968]
[8, 753]:[8, 968]
[8, 138]:[129, 138]
[8, 138]:[138, 166]
[8, 138]:[138, 309]
[8, 138]:[138, 364]
[8, 138]:[138, 408]
[8, 138]:[138, 776]
[8, 138]:[138, 786]
[8, 138]:[138, 852]
[129, 138]:[138, 166]
[129, 138]:[138, 309]
[129, 138]:[138, 364]
[129, 138]:[138, 408]
[129, 138]:[138, 776]
[129, 138]:[138, 786]
[129, 138]:[138, 852]
[138, 166]:[138, 309]
[138, 166]:[138, 364]
[138, 166]:[138, 408]
[138, 166]:[138, 776]
[138, 166]:[138, 786]
[138, 166]:[138, 852]
[138, 309]:[138, 364]
[138, 309]:[138, 408]
[138, 309]:[138, 776]
[138, 309]:[138, 786]
[138, 309]:[138, 852]
[138, 364]:[138, 408]
[138, 364]:[138, 776]
[138, 364]:[138, 786]
[138, 364]:[138, 852]
[138, 408]:[138, 776]
[138, 408]:[138, 786]
[138, 408]:[138, 852]
[138, 776]:[138, 786]
[138, 776]:[138, 852]
[138, 786]:[138, 852]
[8, 555]:[73, 555]
[8, 555]:[467, 555]
[8, 555]:[528, 555]
[8, 555]:[555, 599]
[73, 555]:[467, 555]
[73, 555]:[528, 555]
[73, 555]:[555, 599]
[467, 555]:[528, 555]
[467, 555]:[555, 599]
[528, 555]:[555, 599]
[8, 581]:[325, 581]
[8, 581]:[581, 741]
[325, 581]:[581, 741]
[8, 606]:[90, 606]
[8, 606]:[133, 606]
[8, 606]:[560, 606]
[90, 606]:[133, 606]
[90, 606]:[560, 606]
[133, 606]:[560, 606]
[8, 628]:[391, 628]
[8, 628]:[628, 643]
[391, 628]:[628, 643]
[8, 753]:[19, 753]
[8, 753]:[40, 753]
[8, 753]:[114, 753]
[8, 753]:[273, 753]
[8, 753]:[455, 753]
[8, 753]:[514, 753]
[8, 753]:[534, 753]
[8, 753]:[753, 863]
[8, 753]:[753, 978]
[19, 753]:[40, 753]
[19, 753]:[114, 753]
[19, 753]:[273, 753]
[19, 753]:[455, 753]
[19, 753]:[514, 753]
[19, 753]:[534, 753]
[19, 753]:[753, 863]
[19, 753]:[753, 978]
[40, 753]:[114, 753]
[40, 753]:[273, 753]
[40, 753]:[455, 753]
[40, 753]:[514, 753]
[40, 753]:[534, 753]
[40, 753]:[753, 863]
[40, 753]:[753, 978]
[114, 753]:[273, 753]
[114, 753]:[455, 753]
[114, 753]:[514, 753]
[114, 753]:[534, 753]
[114, 753]:[753, 863]
[114, 753]:[753, 978]
[273, 753]:[455, 753]
[273, 753]:[514, 753]
[273, 753]:[534, 753]
[273, 753]:[753, 863]
[273, 753]:[753, 978]
[455, 753]:[514, 753]
[455, 753]:[534, 753]
[455, 753]:[753, 863]
[455, 753]:[753, 978]
[514, 753]:[534, 753]
[514, 753]:[753, 863]
[514, 753]:[753, 978]
[534, 753]:[753, 863]
[534, 753]:[753, 978]
[753, 863]:[753, 978]
[8, 968]:[167, 968]
[8, 968]:[185, 968]
[8, 968]:[198, 968]
[8, 968]:[717, 968]
[8, 968]:[858, 968]
[8, 968]:[968, 990]
[167, 968]:[185, 968]
[167, 968]:[198, 968]
[167, 968]:[717, 968]
[167, 968]:[858, 968]
[167, 968]:[968, 990]
[185, 968]:[198, 968]
[185, 968]:[717, 968]
[185, 968]:[858, 968]
[185, 968]:[968, 990]
[198, 968]:[717, 968]
[198, 968]:[858, 968]
[198, 968]:[968, 990]
[717, 968]:[858, 968]
[717, 968]:[968, 990]
[858, 968]:[968, 990]
[9, 800]:[9, 873]
[9, 800]:[9, 928]
[9, 800]:[9, 958]
[9, 873]:[9, 928]
[9, 873]:[9, 958]
[9, 928]:[9, 958]
[9, 800]:[136, 800]
[9, 800]:[308, 800]
[9, 800]:[361, 800]
[9, 800]:[368, 800]
[9, 800]:[525, 800]
[9, 800]:[529, 800]
[9, 800]:[597, 800]
[9, 800]:[609, 800]
[9, 800]:[623, 800]
[9, 800]:[675, 800]
[136, 800]:[308, 800]
[136, 800]:[361, 800]
[136, 800]:[368, 800]
[136, 800]:[525, 800]
[136, 800]:[529, 800]
[136, 800]:[597, 800]
[136, 800]:[609, 800]
[136, 800]:[623, 800]
[136, 800]:[675, 800]
[308, 800]:[361, 800]
[308, 800]:[368, 800]
[308, 800]:[525, 800]
[308, 800]:[529, 800]
[308, 800]:[597, 800]
[308, 800]:[609, 800]
[308, 800]:[623, 800]
[308, 800]:[675, 800]
[361, 800]:[368, 800]
[361, 800]:[525, 800]
[361, 800]:[529, 800]
[361, 800]:[597, 800]
[361, 800]:[609, 800]
[361, 800]:[623, 800]
[361, 800]:[675, 800]
[368, 800]:[525, 800]
[368, 800]:[529, 800]
[368, 800]:[597, 800]
[368, 800]:[609, 800]
[368, 800]:[623, 800]
[368, 800]:[675, 800]
[525, 800]:[529, 800]
[525, 800]:[597, 800]
[525, 800]:[609, 800]
[525, 800]:[623, 800]
[525, 800]:[675, 800]
[529, 800]:[597, 800]
[529, 800]:[609, 800]
[529, 800]:[623, 800]
[529, 800]:[675, 800]
[597, 800]:[609, 800]
[597, 800]:[623, 800]
[597, 800]:[675, 800]
[609, 800]:[623, 800]
[609, 800]:[675, 800]
[623, 800]:[675, 800]
[9, 873]:[13, 873]
[9, 873]:[215, 873]
[9, 873]:[247, 873]
[9, 873]:[374, 873]
[13, 873]:[215, 873]
[13, 873]:[247, 873]
[13, 873]:[374, 873]
[215, 873]:[247, 873]
[215, 873]:[374, 873]
[247, 873]:[374, 873]
[9, 928]:[295, 928]
[9, 928]:[455, 928]
[295, 928]:[455, 928]
[9, 958]:[92, 958]
[9, 958]:[155, 958]
[9, 958]:[412, 958]
[9, 958]:[481, 958]
[92, 958]:[155, 958]
[92, 958]:[412, 958]
[92, 958]:[481, 958]
[155, 958]:[412, 958]
[155, 958]:[481, 958]
[412, 958]:[481, 958]
[10, 180]:[10, 435]
[10, 180]:[10, 510]
[10, 180]:[10, 546]
[10, 180]:[10, 553]
[10, 180]:[10, 868]
[10, 180]:[10, 990]
[10, 435]:[10, 510]
[10, 435]:[10, 546]
[10, 435]:[10, 553]
[10, 435]:[10, 868]
[10, 435]:[10, 990]
[10, 510]:[10, 546]
[10, 510]:[10, 553]
[10, 510]:[10, 868]
[10, 510]:[10, 990]
[10, 546]:[10, 553]
[10, 546]:[10, 868]
[10, 546]:[10, 990]
[10, 553]:[10, 868]
[10, 553]:[10, 990]
[10, 868]:[10, 990]
[10, 180]:[80, 180]
[10, 180]:[111, 180]
[10, 180]:[180, 212]
[10, 180]:[180, 268]
[10, 180]:[180, 387]
[10, 180]:[180, 453]
[10, 180]:[180, 464]
[10, 180]:[180, 706]
[10, 180]:[180, 857]
[80, 180]:[111, 180]
[80, 180]:[180, 212]
[80, 180]:[180, 268]
[80, 180]:[180, 387]
[80, 180]:[180, 453]
[80, 180]:[180, 464]
[80, 180]:[180, 706]
[80, 180]:[180, 857]
[111, 180]:[180, 212]
[111, 180]:[180, 268]
[111, 180]:[180, 387]
[111, 180]:[180, 453]
[111, 180]:[180, 464]
[111, 180]:[180, 706]
[111, 180]:[180, 857]
[180, 212]:[180, 268]
[180, 212]:[180, 387]
[180, 212]:[180, 453]
[180, 212]:[180, 464]
[180, 212]:[180, 706]
[180, 212]:[180, 857]
[180, 268]:[180, 387]
[180, 268]:[180, 453]
[180, 268]:[180, 464]
[180, 268]:[180, 706]
[180, 268]:[180, 857]
[180, 387]:[180, 453]
[180, 387]:[180, 464]
[180, 387]:[180, 706]
[180, 387]:[180, 857]
[180, 453]:[180, 464]
[180, 453]:[180, 706]
[180, 453]:[180, 857]
[180, 464]:[180, 706]
[180, 464]:[180, 857]
[180, 706]:[180, 857]
[10, 435]:[372, 435]
[10, 435]:[396, 435]
[10, 435]:[435, 502]
[10, 435]:[435, 953]
[372, 435]:[396, 435]
[372, 435]:[435, 502]
[372, 435]:[435, 953]
[396, 435]:[435, 502]
[396, 435]:[435, 953]
[435, 502]:[435, 953]
[10, 510]:[168, 510]
[10, 510]:[501, 510]
[10, 510]:[510, 516]
[10, 510]:[510, 608]
[10, 510]:[510, 688]
[10, 510]:[510, 802]
[10, 510]:[510, 934]
[168, 510]:[501, 510]
[168, 510]:[510, 516]
[168, 510]:[510, 608]
[168, 510]:[510, 688]
[168, 510]:[510, 802]
[168, 510]:[510, 934]
[501, 510]:[510, 516]
[501, 510]:[510, 608]
[501, 510]:[510, 688]
[501, 510]:[510, 802]
[501, 510]:[510, 934]
[510, 516]:[510, 608]
[510, 516]:[510, 688]
[510, 516]:[510, 802]
[510, 516]:[510, 934]
[510, 608]:[510, 688]
[510, 608]:[510, 802]
[510, 608]:[510, 934]
[510, 688]:[510, 802]
[510, 688]:[510, 934]
[510, 802]:[510, 934]
[10, 546]:[318, 546]
[10, 546]:[361, 546]
[10, 546]:[546, 562]
[10, 546]:[546, 783]
[10, 546]:[546, 983]
[318, 546]:[361, 546]
[318, 546]:[546, 562]
[318, 546]:[546, 783]
[318, 546]:[546, 983]
[361, 546]:[546, 562]
[361, 546]:[546, 783]
[361, 546]:[546, 983]
[546, 562]:[546, 783]
[546, 562]:[546, 983]
[546, 783]:[546, 983]
[10, 868]:[11, 868]
[10, 868]:[150, 868]
[10, 868]:[349, 868]
[10, 868]:[484, 868]
[10, 868]:[708, 868]
[10, 868]:[743, 868]
[10, 868]:[818, 868]
[10, 868]:[861, 868]
[10, 868]:[868, 891]
[10, 868]:[868, 949]
[10, 868]:[868, 991]
[11, 868]:[150, 868]
[11, 868]:[349, 868]
[11, 868]:[484, 868]
[11, 868]:[708, 868]
[11, 868]:[743, 868]
[11, 868]:[818, 868]
[11, 868]:[861, 868]
[11, 868]:[868, 891]
[11, 868]:[868, 949]
[11, 868]:[868, 991]
[150, 868]:[349, 868]
[150, 868]:[484, 868]
[150, 868]:[708, 868]
[150, 868]:[743, 868]
[150, 868]:[818, 868]
[150, 868]:[861, 868]
[150, 868]:[868, 891]
[150, 868]:[868, 949]
[150, 868]:[868, 991]
[349, 868]:[484, 868]
[349, 868]:[708, 868]
[349, 868]:[743, 868]
[349, 868]:[818, 868]
[349, 868]:[861, 868]
[349, 868]:[868, 891]
[349, 868]:[868, 949]
[349, 868]:[868, 991]
[484, 868]:[708, 868]
[484, 868]:[743, 868]
[484, 868]:[818, 868]
[484, 868]:[861, 868]
[484, 868]:[868, 891]
[484, 868]:[868, 949]
[484, 868]:[868, 991]
[708, 868]:[743, 868]
[708, 868]:[818, 868]
[708, 868]:[861, 868]
[708, 868]:[868, 891]
[708, 868]:[868, 949]
[708, 868]:[868, 991]
[743, 868]:[818, 868]
[743, 868]:[861, 868]
[743, 868]:[868, 891]
[743, 868]:[868, 949]
[743, 868]:[868, 991]
[818, 868]:[861, 868]
[818, 868]:[868, 891]
[818, 868]:[868, 949]
[818, 868]:[868, 991]
[861, 868]:[868, 891]
[861, 868]:[868, 949]
[861, 868]:[868, 991]
[868, 891]:[868, 949]
[868, 891]:[868, 991]
[868, 949]:[868, 991]
[10, 990]:[367, 990]
[10, 990]:[968, 990]
[367, 990]:[968, 990]
[11, 21]:[11, 164]
[11, 21]:[11, 252]
[11, 21]:[11, 868]
[11, 21]:[11, 934]
[11, 21]:[11, 949]
[11, 21]:[11, 981]
[11, 164]:[11, 252]
[11, 164]:[11, 868]
[11, 164]:[11, 934]
[11, 164]:[11, 949]
[11, 164]:[11, 981]
[11, 252]:[11, 868]
[11, 252]:[11, 934]
[11, 252]:[11, 949]
[11, 252]:[11, 981]
[11, 868]:[11, 934]
[11, 868]:[11, 949]
[11, 868]:[11, 981]
[11, 934]:[11, 949]
[11, 934]:[11, 981]
[11, 949]:[11, 981]
[11, 21]:[21, 191]
[11, 21]:[21, 283]
[11, 21]:[21, 288]
[11, 21]:[21, 331]
[11, 21]:[21, 370]
[11, 21]:[21, 416]
[11, 21]:[21, 502]
[11, 21]:[21, 517]
[11, 21]:[21, 579]
[11, 21]:[21, 694]
[21, 191]:[21, 283]
[21, 191]:[21, 288]
[21, 191]:[21, 331]
[21, 191]:[21, 370]
[21, 191]:[21, 416]
[21, 191]:[21, 502]
[21, 191]:[21, 517]
[21, 191]:[21, 579]
[21, 191]:[21, 694]
[21, 283]:[21, 288]
[21, 283]:[21, 331]
[21, 283]:[21, 370]
[21, 283]:[21, 416]
[21, 283]:[21, 502]
[21, 283]:[21, 517]
[21, 283]:[21, 579]
[21, 283]:[21, 694]
[21, 288]:[21, 331]
[21, 288]:[21, 370]
[21, 288]:[21, 416]
[21, 288]:[21, 502]
[21, 288]:[21, 517]
[21, 288]:[21, 579]
[21, 288]:[21, 694]
[21, 331]:[21, 370]
[21, 331]:[21, 416]
[21, 331]:[21, 502]
[21, 331]:[21, 517]
[21, 331]:[21, 579]
[21, 331]:[21, 694]
[21, 370]:[21, 416]
[21, 370]:[21, 502]
[21, 370]:[21, 517]
[21, 370]:[21, 579]
[21, 370]:[21, 694]
[21, 416]:[21, 502]
[21, 416]:[21, 517]
[21, 416]:[21, 579]
[21, 416]:[21, 694]
[21, 502]:[21, 517]
[21, 502]:[21, 579]
[21, 502]:[21, 694]
[21, 517]:[21, 579]
[21, 517]:[21, 694]
[21, 579]:[21, 694]
[11, 164]:[17, 164]
[11, 164]:[164, 302]
[11, 164]:[164, 430]
[11, 164]:[164, 552]
[11, 164]:[164, 739]
[11, 164]:[164, 779]
[17, 164]:[164, 302]
[17, 164]:[164, 430]
[17, 164]:[164, 552]
[17, 164]:[164, 739]
[17, 164]:[164, 779]
[164, 302]:[164, 430]
[164, 302]:[164, 552]
[164, 302]:[164, 739]
[164, 302]:[164, 779]
[164, 430]:[164, 552]
[164, 430]:[164, 739]
[164, 430]:[164, 779]
[164, 552]:[164, 739]
[164, 552]:[164, 779]
[164, 739]:[164, 779]
[11, 252]:[252, 335]
[11, 252]:[252, 404]
[11, 252]:[252, 703]
[252, 335]:[252, 404]
[252, 335]:[252, 703]
[252, 404]:[252, 703]
[11, 934]:[173, 934]
[11, 934]:[213, 934]
[11, 934]:[283, 934]
[11, 934]:[410, 934]
[11, 934]:[436, 934]
[11, 934]:[510, 934]
[11, 934]:[562, 934]
[11, 934]:[702, 934]
[173, 934]:[213, 934]
[173, 934]:[283, 934]
[173, 934]:[410, 934]
[173, 934]:[436, 934]
[173, 934]:[510, 934]
[173, 934]:[562, 934]
[173, 934]:[702, 934]
[213, 934]:[283, 934]
[213, 934]:[410, 934]
[213, 934]:[436, 934]
[213, 934]:[510, 934]
[213, 934]:[562, 934]
[213, 934]:[702, 934]
[283, 934]:[410, 934]
[283, 934]:[436, 934]
[283, 934]:[510, 934]
[283, 934]:[562, 934]
[283, 934]:[702, 934]
[410, 934]:[436, 934]
[410, 934]:[510, 934]
[410, 934]:[562, 934]
[410, 934]:[702, 934]
[436, 934]:[510, 934]
[436, 934]:[562, 934]
[436, 934]:[702, 934]
[510, 934]:[562, 934]
[510, 934]:[702, 934]
[562, 934]:[702, 934]
[11, 949]:[91, 949]
[11, 949]:[376, 949]
[11, 949]:[391, 949]
[11, 949]:[500, 949]
[11, 949]:[529, 949]
[11, 949]:[573, 949]
[11, 949]:[868, 949]
[11, 949]:[915, 949]
[91, 949]:[376, 949]
[91, 949]:[391, 949]
[91, 949]:[500, 949]
[91, 949]:[529, 949]
[91, 949]:[573, 949]
[91, 949]:[868, 949]
[91, 949]:[915, 949]
[376, 949]:[391, 949]
[376, 949]:[500, 949]
[376, 949]:[529, 949]
[376, 949]:[573, 949]
[376, 949]:[868, 949]
[376, 949]:[915, 949]
[391, 949]:[500, 949]
[391, 949]:[529, 949]
[391, 949]:[573, 949]
[391, 949]:[868, 949]
[391, 949]:[915, 949]
[500, 949]:[529, 949]
[500, 949]:[573, 949]
[500, 949]:[868, 949]
[500, 949]:[915, 949]
[529, 949]:[573, 949]
[529, 949]:[868, 949]
[529, 949]:[915, 949]
[573, 949]:[868, 949]
[573, 949]:[915, 949]
[868, 949]:[915, 949]
[11, 981]:[393, 981]
[11, 981]:[609, 981]
[11, 981]:[672, 981]
[11, 981]:[717, 981]
[11, 981]:[785, 981]
[11, 981]:[956, 981]
[393, 981]:[609, 981]
[393, 981]:[672, 981]
[393, 981]:[717, 981]
[393, 981]:[785, 981]
[393, 981]:[956, 981]
[609, 981]:[672, 981]
[609, 981]:[717, 981]
[609, 981]:[785, 981]
[609, 981]:[956, 981]
[672, 981]:[717, 981]
[672, 981]:[785, 981]
[672, 981]:[956, 981]
[717, 981]:[785, 981]
[717, 981]:[956, 981]
[785, 981]:[956, 981]
[12, 15]:[12, 84]
[12, 15]:[12, 318]
[12, 15]:[12, 362]
[12, 15]:[12, 620]
[12, 15]:[12, 651]
[12, 84]:[12, 318]
[12, 84]:[12, 362]
[12, 84]:[12, 620]
[12, 84]:[12, 651]
[12, 318]:[12, 362]
[12, 318]:[12, 620]
[12, 318]:[12, 651]
[12, 362]:[12, 620]
[12, 362]:[12, 651]
[12, 620]:[12, 651]
[12, 15]:[15, 199]
[12, 15]:[15, 422]
[12, 15]:[15, 566]
[12, 15]:[15, 939]
[15, 199]:[15, 422]
[15, 199]:[15, 566]
[15, 199]:[15, 939]
[15, 422]:[15, 566]
[15, 422]:[15, 939]
[15, 566]:[15, 939]
[12, 84]:[84, 88]
[12, 84]:[84, 309]
[12, 84]:[84, 960]
[84, 88]:[84, 309]
[84, 88]:[84, 960]
[84, 309]:[84, 960]
[12, 318]:[16, 318]
[12, 318]:[70, 318]
[12, 318]:[318, 546]
[12, 318]:[318, 673]
[16, 318]:[70, 318]
[16, 318]:[318, 546]
[16, 318]:[318, 673]
[70, 318]:[318, 546]
[70, 318]:[318, 673]
[318, 546]:[318, 673]
[12, 362]:[100, 362]
[12, 362]:[162, 362]
[12, 362]:[170, 362]
[12, 362]:[344, 362]
[12, 362]:[362, 971]
[12, 362]:[362, 973]
[100, 362]:[162, 362]
[100, 362]:[170, 362]
[100, 362]:[344, 362]
[100, 362]:[362, 971]
[100, 362]:[362, 973]
[162, 362]:[170, 362]
[162, 362]:[344, 362]
[162, 362]:[362, 971]
[162, 362]:[362, 973]
[170, 362]:[344, 362]
[170, 362]:[362, 971]
[170, 362]:[362, 973]
[344, 362]:[362, 971]
[344, 362]:[362, 973]
[362, 971]:[362, 973]
[12, 620]:[13, 620]
[12, 620]:[395, 620]
[12, 620]:[511, 620]
[12, 620]:[620, 690]
[12, 620]:[620, 734]
[13, 620]:[395, 620]
[13, 620]:[511, 620]
[13, 620]:[620, 690]
[13, 620]:[620, 734]
[395, 620]:[511, 620]
[395, 620]:[620, 690]
[395, 620]:[620, 734]
[511, 620]:[620, 690]
[511, 620]:[620, 734]
[620, 690]:[620, 734]
[12, 651]:[82, 651]
[12, 651]:[112, 651]
[12, 651]:[265, 651]
[12, 651]:[455, 651]
[12, 651]:[461, 651]
[12, 651]:[483, 651]
[12, 651]:[651, 656]
[12, 651]:[651, 691]
[82, 651]:[112, 651]
[82, 651]:[265, 651]
[82, 651]:[455, 651]
[82, 651]:[461, 651]
[82, 651]:[483, 651]
[82, 651]:[651, 656]
[82, 651]:[651, 691]
[112, 651]:[265, 651]
[112, 651]:[455, 651]
[112, 651]:[461, 651]
[112, 651]:[483, 651]
[112, 651]:[651, 656]
[112, 651]:[651, 691]
[265, 651]:[455, 651]
[265, 651]:[461, 651]
[265, 651]:[483, 651]
[265, 651]:[651, 656]
[265, 651]:[651, 691]
[455, 651]:[461, 651]
[455, 651]:[483, 651]
[455, 651]:[651, 656]
[455, 651]:[651, 691]
[461, 651]:[483, 651]
[461, 651]:[651, 656]
[461, 651]:[651, 691]
[483, 651]:[651, 656]
[483, 651]:[651, 691]
[651, 656]:[651, 691]
[13, 125]:[13, 157]
[13, 125]:[13, 457]
[13, 125]:[13, 620]
[13, 125]:[13, 811]
[13, 125]:[13, 873]
[13, 157]:[13, 457]
[13, 157]:[13, 620]
[13, 157]:[13, 811]
[13, 157]:[13, 873]
[13, 457]:[13, 620]
[13, 457]:[13, 811]
[13, 457]:[13, 873]
[13, 620]:[13, 811]
[13, 620]:[13, 873]
[13, 811]:[13, 873]
[13, 125]:[125, 233]
[13, 125]:[125, 663]
[13, 125]:[125, 686]
[13, 125]:[125, 710]
[13, 125]:[125, 839]
[13, 125]:[125, 901]
[13, 125]:[125, 926]
[125, 233]:[125, 663]
[125, 233]:[125, 686]
[125, 233]:[125, 710]
[125, 233]:[125, 839]
[125, 233]:[125, 901]
[125, 233]:[125, 926]
[125, 663]:[125, 686]
[125, 663]:[125, 710]
[125, 663]:[125, 839]
[125, 663]:[125, 901]
[125, 663]:[125, 926]
[125, 686]:[125, 710]
[125, 686]:[125, 839]
[125, 686]:[125, 901]
[125, 686]:[125, 926]
[125, 710]:[125, 839]
[125, 710]:[125, 901]
[125, 710]:[125, 926]
[125, 839]:[125, 901]
[125, 839]:[125, 926]
[125, 901]:[125, 926]
[13, 157]:[28, 157]
[13, 157]:[83, 157]
[13, 157]:[114, 157]
[13, 157]:[157, 316]
[13, 157]:[157, 499]
[13, 157]:[157, 590]
[13, 157]:[157, 591]
[13, 157]:[157, 792]
[13, 157]:[157, 918]
[13, 157]:[157, 996]
[28, 157]:[83, 157]
[28, 157]:[114, 157]
[28, 157]:[157, 316]
[28, 157]:[157, 499]
[28, 157]:[157, 590]
[28, 157]:[157, 591]
[28, 157]:[157, 792]
[28, 157]:[157, 918]
[28, 157]:[157, 996]
[83, 157]:[114, 157]
[83, 157]:[157, 316]
[83, 157]:[157, 499]
[83, 157]:[157, 590]
[83, 157]:[157, 591]
[83, 157]:[157, 792]
[83, 157]:[157, 918]
[83, 157]:[157, 996]
[114, 157]:[157, 316]
[114, 157]:[157, 499]
[114, 157]:[157, 590]
[114, 157]:[157, 591]
[114, 157]:[157, 792]
[114, 157]:[157, 918]
[114, 157]:[157, 996]
[157, 316]:[157, 499]
[157, 316]:[157, 590]
[157, 316]:[157, 591]
[157, 316]:[157, 792]
[157, 316]:[157, 918]
[157, 316]:[157, 996]
[157, 499]:[157, 590]
[157, 499]:[157, 591]
[157, 499]:[157, 792]
[157, 499]:[157, 918]
[157, 499]:[157, 996]
[157, 590]:[157, 591]
[157, 590]:[157, 792]
[157, 590]:[157, 918]
[157, 590]:[157, 996]
[157, 591]:[157, 792]
[157, 591]:[157, 918]
[157, 591]:[157, 996]
[157, 792]:[157, 918]
[157, 792]:[157, 996]
[157, 918]:[157, 996]
[13, 457]:[147, 457]
[13, 457]:[429, 457]
[13, 457]:[457, 461]
[13, 457]:[457, 589]
[13, 457]:[457, 980]
[147, 457]:[429, 457]
[147, 457]:[457, 461]
[147, 457]:[457, 589]
[147, 457]:[457, 980]
[429, 457]:[457, 461]
[429, 457]:[457, 589]
[429, 457]:[457, 980]
[457, 461]:[457, 589]
[457, 461]:[457, 980]
[457, 589]:[457, 980]
[13, 811]:[74, 811]
[13, 811]:[240, 811]
[13, 811]:[707, 811]
[74, 811]:[240, 811]
[74, 811]:[707, 811]
[240, 811]:[707, 811]
[14, 174]:[14, 328]
[14, 174]:[101, 174]
[14, 174]:[174, 339]
[14, 174]:[174, 595]
[14, 174]:[174, 607]
[14, 174]:[174, 687]
[14, 174]:[174, 822]
[101, 174]:[174, 339]
[101, 174]:[174, 595]
[101, 174]:[174, 607]
[101, 174]:[174, 687]
[101, 174]:[174, 822]
[174, 339]:[174, 595]
[174, 339]:[174, 607]
[174, 339]:[174, 687]
[174, 339]:[174, 822]
[174, 595]:[174, 607]
[174, 595]:[174, 687]
[174, 595]:[174, 822]
[174, 607]:[174, 687]
[174, 607]:[174, 822]
[174, 687]:[174, 822]
[14, 328]:[184, 328]
[14, 328]:[281, 328]
[14, 328]:[328, 384]
[14, 328]:[328, 392]
[14, 328]:[328, 821]
[184, 328]:[281, 328]
[184, 328]:[328, 384]
[184, 328]:[328, 392]
[184, 328]:[328, 821]
[281, 328]:[328, 384]
[281, 328]:[328, 392]
[281, 328]:[328, 821]
[328, 384]:[328, 392]
[328, 384]:[328, 821]
[328, 392]:[328, 821]
[15, 199]:[93, 199]
[15, 199]:[105, 199]
[15, 199]:[142, 199]
[15, 199]:[199, 397]
[15, 199]:[199, 401]
[15, 199]:[199, 600]
[15, 199]:[199, 822]
[93, 199]:[105, 199]
[93, 199]:[142, 199]
[93, 199]:[199, 397]
[93, 199]:[199, 401]
[93, 199]:[199, 600]
[93, 199]:[199, 822]
[105, 199]:[142, 199]
[105, 199]:[199, 397]
[105, 199]:[199, 401]
[105, 199]:[199, 600]
[105, 199]:[199, 822]
[142, 199]:[199, 397]
[142, 199]:[199, 401]
[142, 199]:[199, 600]
[142, 199]:[199, 822]
[199, 397]:[199, 401]
[199, 397]:[199, 600]
[199, 397]:[199, 822]
[199, 401]:[199, 600]
[199, 401]:[199, 822]
[199, 600]:[199, 822]
[15, 422]:[246, 422]
[15, 422]:[422, 506]
[15, 422]:[422, 616]
[15, 422]:[422, 634]
[15, 422]:[422, 730]
[15, 422]:[422, 953]
[246, 422]:[422, 506]
[246, 422]:[422, 616]
[246, 422]:[422, 634]
[246, 422]:[422, 730]
[246, 422]:[422, 953]
[422, 506]:[422, 616]
[422, 506]:[422, 634]
[422, 506]:[422, 730]
[422, 506]:[422, 953]
[422, 616]:[422, 634]
[422, 616]:[422, 730]
[422, 616]:[422, 953]
[422, 634]:[422, 730]
[422, 634]:[422, 953]
[422, 730]:[422, 953]
[15, 566]:[314, 566]
[15, 566]:[566, 676]
[15, 566]:[566, 692]
[15, 566]:[566, 777]
[314, 566]:[566, 676]
[314, 566]:[566, 692]
[314, 566]:[566, 777]
[566, 676]:[566, 692]
[566, 676]:[566, 777]
[566, 692]:[566, 777]
[15, 939]:[89, 939]
[15, 939]:[205, 939]
[15, 939]:[399, 939]
[89, 939]:[205, 939]
[89, 939]:[399, 939]
[205, 939]:[399, 939]
[16, 32]:[16, 193]
[16, 32]:[16, 247]
[16, 32]:[16, 318]
[16, 32]:[16, 458]
[16, 32]:[16, 482]
[16, 32]:[16, 559]
[16, 32]:[16, 594]
[16, 32]:[16, 773]
[16, 32]:[16, 875]
[16, 193]:[16, 247]
[16, 193]:[16, 318]
[16, 193]:[16, 458]
[16, 193]:[16, 482]
[16, 193]:[16, 559]
[16, 193]:[16, 594]
[16, 193]:[16, 773]
[16, 193]:[16, 875]
[16, 247]:[16, 318]
[16, 247]:[16, 458]
[16, 247]:[16, 482]
[16, 247]:[16, 559]
[16, 247]:[16, 594]
[16, 247]:[16, 773]
[16, 247]:[16, 875]
[16, 318]:[16, 458]
[16, 318]:[16, 482]
[16, 318]:[16, 559]
[16, 318]:[16, 594]
[16, 318]:[16, 773]
[16, 318]:[16, 875]
[16, 458]:[16, 482]
[16, 458]:[16, 559]
[16, 458]:[16, 594]
[16, 458]:[16, 773]
[16, 458]:[16, 875]
[16, 482]:[16, 559]
[16, 482]:[16, 594]
[16, 482]:[16, 773]
[16, 482]:[16, 875]
[16, 559]:[16, 594]
[16, 559]:[16, 773]
[16, 559]:[16, 875]
[16, 594]:[16, 773]
[16, 594]:[16, 875]
[16, 773]:[16, 875]
[16, 32]:[32, 108]
[16, 32]:[32, 147]
[16, 32]:[32, 231]
[16, 32]:[32, 256]
[16, 32]:[32, 308]
[16, 32]:[32, 393]
[16, 32]:[32, 600]
[16, 32]:[32, 641]
[16, 32]:[32, 871]
[32, 108]:[32, 147]
[32, 108]:[32, 231]
[32, 108]:[32, 256]
[32, 108]:[32, 308]
[32, 108]:[32, 393]
[32, 108]:[32, 600]
[32, 108]:[32, 641]
[32, 108]:[32, 871]
[32, 147]:[32, 231]
[32, 147]:[32, 256]
[32, 147]:[32, 308]
[32, 147]:[32, 393]
[32, 147]:[32, 600]
[32, 147]:[32, 641]
[32, 147]:[32, 871]
[32, 231]:[32, 256]
[32, 231]:[32, 308]
[32, 231]:[32, 393]
[32, 231]:[32, 600]
[32, 231]:[32, 641]
[32, 231]:[32, 871]
[32, 256]:[32, 308]
[32, 256]:[32, 393]
[32, 256]:[32, 600]
[32, 256]:[32, 641]
[32, 256]:[32, 871]
[32, 308]:[32, 393]
[32, 308]:[32, 600]
[32, 308]:[32, 641]
[32, 308]:[32, 871]
[32, 393]:[32, 600]
[32, 393]:[32, 641]
[32, 393]:[32, 871]
[32, 600]:[32, 641]
[32, 600]:[32, 871]
[32, 641]:[32, 871]
[16, 193]:[136, 193]
[16, 193]:[193, 564]
[16, 193]:[193, 686]
[16, 193]:[193, 966]
[16, 193]:[193, 993]
[136, 193]:[193, 564]
[136, 193]:[193, 686]
[136, 193]:[193, 966]
[136, 193]:[193, 993]
[193, 564]:[193, 686]
[193, 564]:[193, 966]
[193, 564]:[193, 993]
[193, 686]:[193, 966]
[193, 686]:[193, 993]
[193, 966]:[193, 993]
[16, 247]:[247, 810]
[16, 247]:[247, 873]
[16, 247]:[247, 898]
[16, 247]:[247, 924]
[16, 247]:[247, 947]
[247, 810]:[247, 873]
[247, 810]:[247, 898]
[247, 810]:[247, 924]
[247, 810]:[247, 947]
[247, 873]:[247, 898]
[247, 873]:[247, 924]
[247, 873]:[247, 947]
[247, 898]:[247, 924]
[247, 898]:[247, 947]
[247, 924]:[247, 947]
[16, 458]:[175, 458]
[16, 458]:[212, 458]
[16, 458]:[349, 458]
[16, 458]:[373, 458]
[16, 458]:[458, 601]
[16, 458]:[458, 933]
[16, 458]:[458, 948]
[16, 458]:[458, 998]
[175, 458]:[212, 458]
[175, 458]:[349, 458]
[175, 458]:[373, 458]
[175, 458]:[458, 601]
[175, 458]:[458, 933]
[175, 458]:[458, 948]
[175, 458]:[458, 998]
[212, 458]:[349, 458]
[212, 458]:[373, 458]
[212, 458]:[458, 601]
[212, 458]:[458, 933]
[212, 458]:[458, 948]
[212, 458]:[458, 998]
[349, 458]:[373, 458]
[349, 458]:[458, 601]
[349, 458]:[458, 933]
[349, 458]:[458, 948]
[349, 458]:[458, 998]
[373, 458]:[458, 601]
[373, 458]:[458, 933]
[373, 458]:[458, 948]
[373, 458]:[458, 998]
[458, 601]:[458, 933]
[458, 601]:[458, 948]
[458, 601]:[458, 998]
[458, 933]:[458, 948]
[458, 933]:[458, 998]
[458, 948]:[458, 998]
[16, 482]:[123, 482]
[16, 482]:[213, 482]
[123, 482]:[213, 482]
[16, 559]:[54, 559]
[16, 559]:[224, 559]
[16, 559]:[327, 559]
[16, 559]:[366, 559]
[16, 559]:[456, 559]
[16, 559]:[559, 662]
[16, 559]:[559, 692]
[16, 559]:[559, 908]
[54, 559]:[224, 559]
[54, 559]:[327, 559]
[54, 559]:[366, 559]
[54, 559]:[456, 559]
[54, 559]:[559, 662]
[54, 559]:[559, 692]
[54, 559]:[559, 908]
[224, 559]:[327, 559]
[224, 559]:[366, 559]
[224, 559]:[456, 559]
[224, 559]:[559, 662]
[224, 559]:[559, 692]
[224, 559]:[559, 908]
[327, 559]:[366, 559]
[327, 559]:[456, 559]
[327, 559]:[559, 662]
[327, 559]:[559, 692]
[327, 559]:[559, 908]
[366, 559]:[456, 559]
[366, 559]:[559, 662]
[366, 559]:[559, 692]
[366, 559]:[559, 908]
[456, 559]:[559, 662]
[456, 559]:[559, 692]
[456, 559]:[559, 908]
[559, 662]:[559, 692]
[559, 662]:[559, 908]
[559, 692]:[559, 908]
[16, 594]:[33, 594]
[16, 594]:[99, 594]
[16, 594]:[118, 594]
[16, 594]:[208, 594]
[16, 594]:[594, 613]
[16, 594]:[594, 847]
[16, 594]:[594, 908]
[33, 594]:[99, 594]
[33, 594]:[118, 594]
[33, 594]:[208, 594]
[33, 594]:[594, 613]
[33, 594]:[594, 847]
[33, 594]:[594, 908]
[99, 594]:[118, 594]
[99, 594]:[208, 594]
[99, 594]:[594, 613]
[99, 594]:[594, 847]
[99, 594]:[594, 908]
[118, 594]:[208, 594]
[118, 594]:[594, 613]
[118, 594]:[594, 847]
[118, 594]:[594, 908]
[208, 594]:[594, 613]
[208, 594]:[594, 847]
[208, 594]:[594, 908]
[594, 613]:[594, 847]
[594, 613]:[594, 908]
[594, 847]:[594, 908]
[16, 773]:[428, 773]
[16, 773]:[635, 773]
[16, 773]:[752, 773]
[16, 773]:[755, 773]
[16, 773]:[773, 954]
[428, 773]:[635, 773]
[428, 773]:[752, 773]
[428, 773]:[755, 773]
[428, 773]:[773, 954]
[635, 773]:[752, 773]
[635, 773]:[755, 773]
[635, 773]:[773, 954]
[752, 773]:[755, 773]
[752, 773]:[773, 954]
[755, 773]:[773, 954]
[16, 875]:[40, 875]
[16, 875]:[60, 875]
[16, 875]:[113, 875]
[16, 875]:[151, 875]
[16, 875]:[429, 875]
[16, 875]:[584, 875]
[16, 875]:[722, 875]
[16, 875]:[864, 875]
[40, 875]:[60, 875]
[40, 875]:[113, 875]
[40, 875]:[151, 875]
[40, 875]:[429, 875]
[40, 875]:[584, 875]
[40, 875]:[722, 875]
[40, 875]:[864, 875]
[60, 875]:[113, 875]
[60, 875]:[151, 875]
[60, 875]:[429, 875]
[60, 875]:[584, 875]
[60, 875]:[722, 875]
[60, 875]:[864, 875]
[113, 875]:[151, 875]
[113, 875]:[429, 875]
[113, 875]:[584, 875]
[113, 875]:[722, 875]
[113, 875]:[864, 875]
[151, 875]:[429, 875]
[151, 875]:[584, 875]
[151, 875]:[722, 875]
[151, 875]:[864, 875]
[429, 875]:[584, 875]
[429, 875]:[722, 875]
[429, 875]:[864, 875]
[584, 875]:[722, 875]
[584, 875]:[864, 875]
[722, 875]:[864, 875]
[17, 164]:[17, 165]
[17, 164]:[17, 400]
[17, 164]:[17, 626]
[17, 165]:[17, 400]
[17, 165]:[17, 626]
[17, 400]:[17, 626]
[17, 165]:[54, 165]
[17, 165]:[163, 165]
[17, 165]:[165, 427]
[17, 165]:[165, 674]
[17, 165]:[165, 706]
[17, 165]:[165, 787]
[17, 165]:[165, 899]
[54, 165]:[163, 165]
[54, 165]:[165, 427]
[54, 165]:[165, 674]
[54, 165]:[165, 706]
[54, 165]:[165, 787]
[54, 165]:[165, 899]
[163, 165]:[165, 427]
[163, 165]:[165, 674]
[163, 165]:[165, 706]
[163, 165]:[165, 787]
[163, 165]:[165, 899]
[165, 427]:[165, 674]
[165, 427]:[165, 706]
[165, 427]:[165, 787]
[165, 427]:[165, 899]
[165, 674]:[165, 706]
[165, 674]:[165, 787]
[165, 674]:[165, 899]
[165, 706]:[165, 787]
[165, 706]:[165, 899]
[165, 787]:[165, 899]
[17, 400]:[379, 400]
[17, 400]:[384, 400]
[17, 400]:[396, 400]
[17, 400]:[400, 864]
[17, 400]:[400, 964]
[379, 400]:[384, 400]
[379, 400]:[396, 400]
[379, 400]:[400, 864]
[379, 400]:[400, 964]
[384, 400]:[396, 400]
[384, 400]:[400, 864]
[384, 400]:[400, 964]
[396, 400]:[400, 864]
[396, 400]:[400, 964]
[400, 864]:[400, 964]
[17, 626]:[52, 626]
[17, 626]:[626, 645]
[17, 626]:[626, 843]
[17, 626]:[626, 867]
[17, 626]:[626, 907]
[17, 626]:[626, 917]
[17, 626]:[626, 962]
[52, 626]:[626, 645]
[52, 626]:[626, 843]
[52, 626]:[626, 867]
[52, 626]:[626, 907]
[52, 626]:[626, 917]
[52, 626]:[626, 962]
[626, 645]:[626, 843]
[626, 645]:[626, 867]
[626, 645]:[626, 907]
[626, 645]:[626, 917]
[626, 645]:[626, 962]
[626, 843]:[626, 867]
[626, 843]:[626, 907]
[626, 843]:[626, 917]
[626, 843]:[626, 962]
[626, 867]:[626, 907]
[626, 867]:[626, 917]
[626, 867]:[626, 962]
[626, 907]:[626, 917]
[626, 907]:[626, 962]
[626, 917]:[626, 962]
[18, 80]:[18, 306]
[18, 80]:[18, 351]
[18, 80]:[18, 411]
[18, 80]:[18, 752]
[18, 80]:[18, 915]
[18, 306]:[18, 351]
[18, 306]:[18, 411]
[18, 306]:[18, 752]
[18, 306]:[18, 915]
[18, 351]:[18, 411]
[18, 351]:[18, 752]
[18, 351]:[18, 915]
[18, 411]:[18, 752]
[18, 411]:[18, 915]
[18, 752]:[18, 915]
[18, 80]:[80, 180]
[18, 80]:[80, 279]
[18, 80]:[80, 292]
[80, 180]:[80, 279]
[80, 180]:[80, 292]
[80, 279]:[80, 292]
[18, 306]:[77, 306]
[18, 351]:[47, 351]
[18, 351]:[196, 351]
[18, 351]:[349, 351]
[18, 351]:[351, 377]
[18, 351]:[351, 591]
[18, 351]:[351, 830]
[18, 351]:[351, 836]
[18, 351]:[351, 903]
[47, 351]:[196, 351]
[47, 351]:[349, 351]
[47, 351]:[351, 377]
[47, 351]:[351, 591]
[47, 351]:[351, 830]
[47, 351]:[351, 836]
[47, 351]:[351, 903]
[196, 351]:[349, 351]
[196, 351]:[351, 377]
[196, 351]:[351, 591]
[196, 351]:[351, 830]
[196, 351]:[351, 836]
[196, 351]:[351, 903]
[349, 351]:[351, 377]
[349, 351]:[351, 591]
[349, 351]:[351, 830]
[349, 351]:[351, 836]
[349, 351]:[351, 903]
[351, 377]:[351, 591]
[351, 377]:[351, 830]
[351, 377]:[351, 836]
[351, 377]:[351, 903]
[351, 591]:[351, 830]
[351, 591]:[351, 836]
[351, 591]:[351, 903]
[351, 830]:[351, 836]
[351, 830]:[351, 903]
[351, 836]:[351, 903]
[18, 411]:[74, 411]
[18, 411]:[411, 446]
[18, 411]:[411, 467]
[18, 411]:[411, 490]
[18, 411]:[411, 826]
[74, 411]:[411, 446]
[74, 411]:[411, 467]
[74, 411]:[411, 490]
[74, 411]:[411, 826]
[411, 446]:[411, 467]
[411, 446]:[411, 490]
[411, 446]:[411, 826]
[411, 467]:[411, 490]
[411, 467]:[411, 826]
[411, 490]:[411, 826]
[18, 752]:[260, 752]
[18, 752]:[295, 752]
[18, 752]:[523, 752]
[18, 752]:[610, 752]
[18, 752]:[622, 752]
[18, 752]:[752, 764]
[18, 752]:[752, 773]
[260, 752]:[295, 752]
[260, 752]:[523, 752]
[260, 752]:[610, 752]
[260, 752]:[622, 752]
[260, 752]:[752, 764]
[260, 752]:[752, 773]
[295, 752]:[523, 752]
[295, 752]:[610, 752]
[295, 752]:[622, 752]
[295, 752]:[752, 764]
[295, 752]:[752, 773]
[523, 752]:[610, 752]
[523, 752]:[622, 752]
[523, 752]:[752, 764]
[523, 752]:[752, 773]
[610, 752]:[622, 752]
[610, 752]:[752, 764]
[610, 752]:[752, 773]
[622, 752]:[752, 764]
[622, 752]:[752, 773]
[752, 764]:[752, 773]
[18, 915]:[250, 915]
[18, 915]:[383, 915]
[18, 915]:[495, 915]
[18, 915]:[544, 915]
[18, 915]:[915, 949]
[250, 915]:[383, 915]
[250, 915]:[495, 915]
[250, 915]:[544, 915]
[250, 915]:[915, 949]
[383, 915]:[495, 915]
[383, 915]:[544, 915]
[383, 915]:[915, 949]
[495, 915]:[544, 915]
[495, 915]:[915, 949]
[544, 915]:[915, 949]
[19, 79]:[19, 147]
[19, 79]:[19, 278]
[19, 79]:[19, 367]
[19, 79]:[19, 397]
[19, 79]:[19, 451]
[19, 79]:[19, 619]
[19, 79]:[19, 753]
[19, 79]:[19, 920]
[19, 147]:[19, 278]
[19, 147]:[19, 367]
[19, 147]:[19, 397]
[19, 147]:[19, 451]
[19, 147]:[19, 619]
[19, 147]:[19, 753]
[19, 147]:[19, 920]
[19, 278]:[19, 367]
[19, 278]:[19, 397]
[19, 278]:[19, 451]
[19, 278]:[19, 619]
[19, 278]:[19, 753]
[19, 278]:[19, 920]
[19, 367]:[19, 397]
[19, 367]:[19, 451]
[19, 367]:[19, 619]
[19, 367]:[19, 753]
[19, 367]:[19, 920]
[19, 397]:[19, 451]
[19, 397]:[19, 619]
[19, 397]:[19, 753]
[19, 397]:[19, 920]
[19, 451]:[19, 619]
[19, 451]:[19, 753]
[19, 451]:[19, 920]
[19, 619]:[19, 753]
[19, 619]:[19, 920]
[19, 753]:[19, 920]
[19, 79]:[79, 365]
[19, 79]:[79, 380]
[19, 79]:[79, 688]
[19, 79]:[79, 735]
[19, 79]:[79, 929]
[79, 365]:[79, 380]
[79, 365]:[79, 688]
[79, 365]:[79, 735]
[79, 365]:[79, 929]
[79, 380]:[79, 688]
[79, 380]:[79, 735]
[79, 380]:[79, 929]
[79, 688]:[79, 735]
[79, 688]:[79, 929]
[79, 735]:[79, 929]
[19, 147]:[32, 147]
[19, 147]:[147, 345]
[19, 147]:[147, 457]
[19, 147]:[147, 511]
[19, 147]:[147, 557]
[19, 147]:[147, 615]
[19, 147]:[147, 636]
[19, 147]:[147, 683]
[19, 147]:[147, 697]
[19, 147]:[147, 844]
[32, 147]:[147, 345]
[32, 147]:[147, 457]
[32, 147]:[147, 511]
[32, 147]:[147, 557]
[32, 147]:[147, 615]
[32, 147]:[147, 636]
[32, 147]:[147, 683]
[32, 147]:[147, 697]
[32, 147]:[147, 844]
[147, 345]:[147, 457]
[147, 345]:[147, 511]
[147, 345]:[147, 557]
[147, 345]:[147, 615]
[147, 345]:[147, 636]
[147, 345]:[147, 683]
[147, 345]:[147, 697]
[147, 345]:[147, 844]
[147, 457]:[147, 511]
[147, 457]:[147, 557]
[147, 457]:[147, 615]
[147, 457]:[147, 636]
[147, 457]:[147, 683]
[147, 457]:[147, 697]
[147, 457]:[147, 844]
[147, 511]:[147, 557]
[147, 511]:[147, 615]
[147, 511]:[147, 636]
[147, 511]:[147, 683]
[147, 511]:[147, 697]
[147, 511]:[147, 844]
[147, 557]:[147, 615]
[147, 557]:[147, 636]
[147, 557]:[147, 683]
[147, 557]:[147, 697]
[147, 557]:[147, 844]
[147, 615]:[147, 636]
[147, 615]:[147, 683]
[147, 615]:[147, 697]
[147, 615]:[147, 844]
[147, 636]:[147, 683]
[147, 636]:[147, 697]
[147, 636]:[147, 844]
[147, 683]:[147, 697]
[147, 683]:[147, 844]
[147, 697]:[147, 844]
[19, 278]:[42, 278]
[19, 278]:[198, 278]
[19, 278]:[278, 644]
[42, 278]:[198, 278]
[42, 278]:[278, 644]
[198, 278]:[278, 644]
[19, 367]:[204, 367]
[19, 367]:[367, 405]
[19, 367]:[367, 434]
[19, 367]:[367, 618]
[19, 367]:[367, 990]
[204, 367]:[367, 405]
[204, 367]:[367, 434]
[204, 367]:[367, 618]
[204, 367]:[367, 990]
[367, 405]:[367, 434]
[367, 405]:[367, 618]
[367, 405]:[367, 990]
[367, 434]:[367, 618]
[367, 434]:[367, 990]
[367, 618]:[367, 990]
[19, 397]:[118, 397]
[19, 397]:[199, 397]
[19, 397]:[330, 397]
[19, 397]:[397, 501]
[19, 397]:[397, 682]
[19, 397]:[397, 962]
[118, 397]:[199, 397]
[118, 397]:[330, 397]
[118, 397]:[397, 501]
[118, 397]:[397, 682]
[118, 397]:[397, 962]
[199, 397]:[330, 397]
[199, 397]:[397, 501]
[199, 397]:[397, 682]
[199, 397]:[397, 962]
[330, 397]:[397, 501]
[330, 397]:[397, 682]
[330, 397]:[397, 962]
[397, 501]:[397, 682]
[397, 501]:[397, 962]
[397, 682]:[397, 962]
[19, 451]:[336, 451]
[19, 451]:[368, 451]
[19, 451]:[378, 451]
[19, 451]:[451, 548]
[19, 451]:[451, 779]
[19, 451]:[451, 972]
[336, 451]:[368, 451]
[336, 451]:[378, 451]
[336, 451]:[451, 548]
[336, 451]:[451, 779]
[336, 451]:[451, 972]
[368, 451]:[378, 451]
[368, 451]:[451, 548]
[368, 451]:[451, 779]
[368, 451]:[451, 972]
[378, 451]:[451, 548]
[378, 451]:[451, 779]
[378, 451]:[451, 972]
[451, 548]:[451, 779]
[451, 548]:[451, 972]
[451, 779]:[451, 972]
[19, 619]:[213, 619]
[19, 619]:[359, 619]
[19, 619]:[480, 619]
[19, 619]:[619, 887]
[213, 619]:[359, 619]
[213, 619]:[480, 619]
[213, 619]:[619, 887]
[359, 619]:[480, 619]
[359, 619]:[619, 887]
[480, 619]:[619, 887]
[19, 920]:[185, 920]
[19, 920]:[627, 920]
[185, 920]:[627, 920]
[20, 308]:[20, 573]
[20, 308]:[20, 783]
[20, 308]:[20, 976]
[20, 573]:[20, 783]
[20, 573]:[20, 976]
[20, 783]:[20, 976]
[20, 308]:[32, 308]
[20, 308]:[223, 308]
[20, 308]:[236, 308]
[20, 308]:[308, 474]
[20, 308]:[308, 634]
[20, 308]:[308, 667]
[20, 308]:[308, 731]
[20, 308]:[308, 800]
[20, 308]:[308, 864]
[32, 308]:[223, 308]
[32, 308]:[236, 308]
[32, 308]:[308, 474]
[32, 308]:[308, 634]
[32, 308]:[308, 667]
[32, 308]:[308, 731]
[32, 308]:[308, 800]
[32, 308]:[308, 864]
[223, 308]:[236, 308]
[223, 308]:[308, 474]
[223, 308]:[308, 634]
[223, 308]:[308, 667]
[223, 308]:[308, 731]
[223, 308]:[308, 800]
[223, 308]:[308, 864]
[236, 308]:[308, 474]
[236, 308]:[308, 634]
[236, 308]:[308, 667]
[236, 308]:[308, 731]
[236, 308]:[308, 800]
[236, 308]:[308, 864]
[308, 474]:[308, 634]
[308, 474]:[308, 667]
[308, 474]:[308, 731]
[308, 474]:[308, 800]
[308, 474]:[308, 864]
[308, 634]:[308, 667]
[308, 634]:[308, 731]
[308, 634]:[308, 800]
[308, 634]:[308, 864]
[308, 667]:[308, 731]
[308, 667]:[308, 800]
[308, 667]:[308, 864]
[308, 731]:[308, 800]
[308, 731]:[308, 864]
[308, 800]:[308, 864]
[20, 573]:[271, 573]
[20, 573]:[573, 826]
[20, 573]:[573, 949]
[271, 573]:[573, 826]
[271, 573]:[573, 949]
[573, 826]:[573, 949]
[20, 783]:[323, 783]
[20, 783]:[371, 783]
[20, 783]:[546, 783]
[20, 783]:[596, 783]
[20, 783]:[783, 838]
[20, 783]:[783, 976]
[323, 783]:[371, 783]
[323, 783]:[546, 783]
[323, 783]:[596, 783]
[323, 783]:[783, 838]
[323, 783]:[783, 976]
[371, 783]:[546, 783]
[371, 783]:[596, 783]
[371, 783]:[783, 838]
[371, 783]:[783, 976]
[546, 783]:[596, 783]
[546, 783]:[783, 838]
[546, 783]:[783, 976]
[596, 783]:[783, 838]
[596, 783]:[783, 976]
[783, 838]:[783, 976]
[20, 976]:[333, 976]
[20, 976]:[692, 976]
[20, 976]:[783, 976]
[20, 976]:[787, 976]
[20, 976]:[822, 976]
[20, 976]:[866, 976]
[20, 976]:[896, 976]
[333, 976]:[692, 976]
[333, 976]:[783, 976]
[333, 976]:[787, 976]
[333, 976]:[822, 976]
[333, 976]:[866, 976]
[333, 976]:[896, 976]
[692, 976]:[783, 976]
[692, 976]:[787, 976]
[692, 976]:[822, 976]
[692, 976]:[866, 976]
[692, 976]:[896, 976]
[783, 976]:[787, 976]
[783, 976]:[822, 976]
[783, 976]:[866, 976]
[783, 976]:[896, 976]
[787, 976]:[822, 976]
[787, 976]:[866, 976]
[787, 976]:[896, 976]
[822, 976]:[866, 976]
[822, 976]:[896, 976]
[866, 976]:[896, 976]
[21, 191]:[108, 191]
[21, 191]:[191, 462]
[21, 191]:[191, 705]
[21, 191]:[191, 802]
[21, 191]:[191, 945]
[108, 191]:[191, 462]
[108, 191]:[191, 705]
[108, 191]:[191, 802]
[108, 191]:[191, 945]
[191, 462]:[191, 705]
[191, 462]:[191, 802]
[191, 462]:[191, 945]
[191, 705]:[191, 802]
[191, 705]:[191, 945]
[191, 802]:[191, 945]
[21, 283]:[72, 283]
[21, 283]:[169, 283]
[21, 283]:[283, 322]
[21, 283]:[283, 363]
[21, 283]:[283, 369]
[21, 283]:[283, 603]
[21, 283]:[283, 934]
[21, 283]:[283, 983]
[72, 283]:[169, 283]
[72, 283]:[283, 322]
[72, 283]:[283, 363]
[72, 283]:[283, 369]
[72, 283]:[283, 603]
[72, 283]:[283, 934]
[72, 283]:[283, 983]
[169, 283]:[283, 322]
[169, 283]:[283, 363]
[169, 283]:[283, 369]
[169, 283]:[283, 603]
[169, 283]:[283, 934]
[169, 283]:[283, 983]
[283, 322]:[283, 363]
[283, 322]:[283, 369]
[283, 322]:[283, 603]
[283, 322]:[283, 934]
[283, 322]:[283, 983]
[283, 363]:[283, 369]
[283, 363]:[283, 603]
[283, 363]:[283, 934]
[283, 363]:[283, 983]
[283, 369]:[283, 603]
[283, 369]:[283, 934]
[283, 369]:[283, 983]
[283, 603]:[283, 934]
[283, 603]:[283, 983]
[283, 934]:[283, 983]
[21, 288]:[102, 288]
[21, 288]:[160, 288]
[21, 288]:[268, 288]
[21, 288]:[288, 544]
[21, 288]:[288, 771]
[102, 288]:[160, 288]
[102, 288]:[268, 288]
[102, 288]:[288, 544]
[102, 288]:[288, 771]
[160, 288]:[268, 288]
[160, 288]:[288, 544]
[160, 288]:[288, 771]
[268, 288]:[288, 544]
[268, 288]:[288, 771]
[288, 544]:[288, 771]
[21, 331]:[331, 410]
[21, 331]:[331, 487]
[21, 331]:[331, 750]
[21, 331]:[331, 932]
[331, 410]:[331, 487]
[331, 410]:[331, 750]
[331, 410]:[331, 932]
[331, 487]:[331, 750]
[331, 487]:[331, 932]
[331, 750]:[331, 932]
[21, 370]:[162, 370]
[21, 370]:[179, 370]
[21, 370]:[370, 557]
[21, 370]:[370, 760]
[21, 370]:[370, 884]
[162, 370]:[179, 370]
[162, 370]:[370, 557]
[162, 370]:[370, 760]
[162, 370]:[370, 884]
[179, 370]:[370, 557]
[179, 370]:[370, 760]
[179, 370]:[370, 884]
[370, 557]:[370, 760]
[370, 557]:[370, 884]
[370, 760]:[370, 884]
[21, 416]:[101, 416]
[21, 416]:[416, 472]
[21, 416]:[416, 810]
[21, 416]:[416, 950]
[21, 416]:[416, 993]
[101, 416]:[416, 472]
[101, 416]:[416, 810]
[101, 416]:[416, 950]
[101, 416]:[416, 993]
[416, 472]:[416, 810]
[416, 472]:[416, 950]
[416, 472]:[416, 993]
[416, 810]:[416, 950]
[416, 810]:[416, 993]
[416, 950]:[416, 993]
[21, 517]:[106, 517]
[21, 517]:[130, 517]
[21, 517]:[232, 517]
[21, 517]:[517, 571]
[21, 517]:[517, 709]
[21, 517]:[517, 825]
[21, 517]:[517, 953]
[106, 517]:[130, 517]
[106, 517]:[232, 517]
[106, 517]:[517, 571]
[106, 517]:[517, 709]
[106, 517]:[517, 825]
[106, 517]:[517, 953]
[130, 517]:[232, 517]
[130, 517]:[517, 571]
[130, 517]:[517, 709]
[130, 517]:[517, 825]
[130, 517]:[517, 953]
[232, 517]:[517, 571]
[232, 517]:[517, 709]
[232, 517]:[517, 825]
[232, 517]:[517, 953]
[517, 571]:[517, 709]
[517, 571]:[517, 825]
[517, 571]:[517, 953]
[517, 709]:[517, 825]
[517, 709]:[517, 953]
[517, 825]:[517, 953]
[21, 579]:[63, 579]
[21, 579]:[284, 579]
[21, 579]:[394, 579]
[21, 579]:[576, 579]
[21, 579]:[579, 865]
[63, 579]:[284, 579]
[63, 579]:[394, 579]
[63, 579]:[576, 579]
[63, 579]:[579, 865]
[284, 579]:[394, 579]
[284, 579]:[576, 579]
[284, 579]:[579, 865]
[394, 579]:[576, 579]
[394, 579]:[579, 865]
[576, 579]:[579, 865]
[21, 694]:[119, 694]
[21, 694]:[326, 694]
[21, 694]:[479, 694]
[21, 694]:[539, 694]
[21, 694]:[561, 694]
[21, 694]:[652, 694]
[21, 694]:[694, 901]
[21, 694]:[694, 980]
[119, 694]:[326, 694]
[119, 694]:[479, 694]
[119, 694]:[539, 694]
[119, 694]:[561, 694]
[119, 694]:[652, 694]
[119, 694]:[694, 901]
[119, 694]:[694, 980]
[326, 694]:[479, 694]
[326, 694]:[539, 694]
[326, 694]:[561, 694]
[326, 694]:[652, 694]
[326, 694]:[694, 901]
[326, 694]:[694, 980]
[479, 694]:[539, 694]
[479, 694]:[561, 694]
[479, 694]:[652, 694]
[479, 694]:[694, 901]
[479, 694]:[694, 980]
[539, 694]:[561, 694]
[539, 694]:[652, 694]
[539, 694]:[694, 901]
[539, 694]:[694, 980]
[561, 694]:[652, 694]
[561, 694]:[694, 901]
[561, 694]:[694, 980]
[652, 694]:[694, 901]
[652, 694]:[694, 980]
[694, 901]:[694, 980]
[22, 143]:[22, 262]
[22, 143]:[22, 519]
[22, 143]:[22, 855]
[22, 143]:[22, 969]
[22, 262]:[22, 519]
[22, 262]:[22, 855]
[22, 262]:[22, 969]
[22, 519]:[22, 855]
[22, 519]:[22, 969]
[22, 855]:[22, 969]
[22, 143]:[100, 143]
[22, 143]:[143, 160]
[22, 143]:[143, 298]
[22, 143]:[143, 508]
[22, 143]:[143, 878]
[22, 143]:[143, 930]
[100, 143]:[143, 160]
[100, 143]:[143, 298]
[100, 143]:[143, 508]
[100, 143]:[143, 878]
[100, 143]:[143, 930]
[143, 160]:[143, 298]
[143, 160]:[143, 508]
[143, 160]:[143, 878]
[143, 160]:[143, 930]
[143, 298]:[143, 508]
[143, 298]:[143, 878]
[143, 298]:[143, 930]
[143, 508]:[143, 878]
[143, 508]:[143, 930]
[143, 878]:[143, 930]
[22, 262]:[93, 262]
[22, 262]:[262, 529]
[22, 262]:[262, 658]
[22, 262]:[262, 756]
[22, 262]:[262, 851]
[93, 262]:[262, 529]
[93, 262]:[262, 658]
[93, 262]:[262, 756]
[93, 262]:[262, 851]
[262, 529]:[262, 658]
[262, 529]:[262, 756]
[262, 529]:[262, 851]
[262, 658]:[262, 756]
[262, 658]:[262, 851]
[262, 756]:[262, 851]
[22, 519]:[69, 519]
[22, 519]:[163, 519]
[22, 519]:[345, 519]
[22, 519]:[432, 519]
[22, 519]:[519, 543]
[22, 519]:[519, 848]
[69, 519]:[163, 519]
[69, 519]:[345, 519]
[69, 519]:[432, 519]
[69, 519]:[519, 543]
[69, 519]:[519, 848]
[163, 519]:[345, 519]
[163, 519]:[432, 519]
[163, 519]:[519, 543]
[163, 519]:[519, 848]
[345, 519]:[432, 519]
[345, 519]:[519, 543]
[345, 519]:[519, 848]
[432, 519]:[519, 543]
[432, 519]:[519, 848]
[519, 543]:[519, 848]
[22, 855]:[37, 855]
[22, 855]:[261, 855]
[22, 855]:[371, 855]
[22, 855]:[759, 855]
[22, 855]:[855, 967]
[37, 855]:[261, 855]
[37, 855]:[371, 855]
[37, 855]:[759, 855]
[37, 855]:[855, 967]
[261, 855]:[371, 855]
[261, 855]:[759, 855]
[261, 855]:[855, 967]
[371, 855]:[759, 855]
[371, 855]:[855, 967]
[759, 855]:[855, 967]
[22, 969]:[194, 969]
[22, 969]:[324, 969]
[22, 969]:[570, 969]
[22, 969]:[890, 969]
[22, 969]:[917, 969]
[22, 969]:[953, 969]
[194, 969]:[324, 969]
[194, 969]:[570, 969]
[194, 969]:[890, 969]
[194, 969]:[917, 969]
[194, 969]:[953, 969]
[324, 969]:[570, 969]
[324, 969]:[890, 969]
[324, 969]:[917, 969]
[324, 969]:[953, 969]
[570, 969]:[890, 969]
[570, 969]:[917, 969]
[570, 969]:[953, 969]
[890, 969]:[917, 969]
[890, 969]:[953, 969]
[917, 969]:[953, 969]
[23, 34]:[23, 237]
[23, 34]:[23, 281]
[23, 34]:[23, 388]
[23, 34]:[23, 704]
[23, 34]:[23, 710]
[23, 34]:[23, 862]
[23, 237]:[23, 281]
[23, 237]:[23, 388]
[23, 237]:[23, 704]
[23, 237]:[23, 710]
[23, 237]:[23, 862]
[23, 281]:[23, 388]
[23, 281]:[23, 704]
[23, 281]:[23, 710]
[23, 281]:[23, 862]
[23, 388]:[23, 704]
[23, 388]:[23, 710]
[23, 388]:[23, 862]
[23, 704]:[23, 710]
[23, 704]:[23, 862]
[23, 710]:[23, 862]
[23, 34]:[26, 34]
[23, 34]:[34, 273]
[23, 34]:[34, 552]
[23, 34]:[34, 618]
[23, 34]:[34, 712]
[26, 34]:[34, 273]
[26, 34]:[34, 552]
[26, 34]:[34, 618]
[26, 34]:[34, 712]
[34, 273]:[34, 552]
[34, 273]:[34, 618]
[34, 273]:[34, 712]
[34, 552]:[34, 618]
[34, 552]:[34, 712]
[34, 618]:[34, 712]
[23, 237]:[189, 237]
[23, 237]:[237, 754]
[23, 237]:[237, 764]
[23, 237]:[237, 812]
[23, 237]:[237, 974]
[23, 237]:[237, 997]
[189, 237]:[237, 754]
[189, 237]:[237, 764]
[189, 237]:[237, 812]
[189, 237]:[237, 974]
[189, 237]:[237, 997]
[237, 754]:[237, 764]
[237, 754]:[237, 812]
[237, 754]:[237, 974]
[237, 754]:[237, 997]
[237, 764]:[237, 812]
[237, 764]:[237, 974]
[237, 764]:[237, 997]
[237, 812]:[237, 974]
[237, 812]:[237, 997]
[237, 974]:[237, 997]
[23, 281]:[215, 281]
[23, 281]:[238, 281]
[23, 281]:[281, 328]
[23, 281]:[281, 329]
[23, 281]:[281, 556]
[23, 281]:[281, 655]
[23, 281]:[281, 695]
[23, 281]:[281, 970]
[215, 281]:[238, 281]
[215, 281]:[281, 328]
[215, 281]:[281, 329]
[215, 281]:[281, 556]
[215, 281]:[281, 655]
[215, 281]:[281, 695]
[215, 281]:[281, 970]
[238, 281]:[281, 328]
[238, 281]:[281, 329]
[238, 281]:[281, 556]
[238, 281]:[281, 655]
[238, 281]:[281, 695]
[238, 281]:[281, 970]
[281, 328]:[281, 329]
[281, 328]:[281, 556]
[281, 328]:[281, 655]
[281, 328]:[281, 695]
[281, 328]:[281, 970]
[281, 329]:[281, 556]
[281, 329]:[281, 655]
[281, 329]:[281, 695]
[281, 329]:[281, 970]
[281, 556]:[281, 655]
[281, 556]:[281, 695]
[281, 556]:[281, 970]
[281, 655]:[281, 695]
[281, 655]:[281, 970]
[281, 695]:[281, 970]
[23, 388]:[62, 388]
[23, 388]:[76, 388]
[23, 388]:[132, 388]
[23, 388]:[225, 388]
[23, 388]:[302, 388]
[23, 388]:[388, 534]
[23, 388]:[388, 616]
[23, 388]:[388, 778]
[23, 388]:[388, 837]
[62, 388]:[76, 388]
[62, 388]:[132, 388]
[62, 388]:[225, 388]
[62, 388]:[302, 388]
[62, 388]:[388, 534]
[62, 388]:[388, 616]
[62, 388]:[388, 778]
[62, 388]:[388, 837]
[76, 388]:[132, 388]
[76, 388]:[225, 388]
[76, 388]:[302, 388]
[76, 388]:[388, 534]
[76, 388]:[388, 616]
[76, 388]:[388, 778]
[76, 388]:[388, 837]
[132, 388]:[225, 388]
[132, 388]:[302, 388]
[132, 388]:[388, 534]
[132, 388]:[388, 616]
[132, 388]:[388, 778]
[132, 388]:[388, 837]
[225, 388]:[302, 388]
[225, 388]:[388, 534]
[225, 388]:[388, 616]
[225, 388]:[388, 778]
[225, 388]:[388, 837]
[302, 388]:[388, 534]
[302, 388]:[388, 616]
[302, 388]:[388, 778]
[302, 388]:[388, 837]
[388, 534]:[388, 616]
[388, 534]:[388, 778]
[388, 534]:[388, 837]
[388, 616]:[388, 778]
[388, 616]:[388, 837]
[388, 778]:[388, 837]
[23, 704]:[41, 704]
[23, 704]:[452, 704]
[23, 704]:[591, 704]
[23, 704]:[622, 704]
[23, 704]:[704, 724]
[23, 704]:[704, 859]
[41, 704]:[452, 704]
[41, 704]:[591, 704]
[41, 704]:[622, 704]
[41, 704]:[704, 724]
[41, 704]:[704, 859]
[452, 704]:[591, 704]
[452, 704]:[622, 704]
[452, 704]:[704, 724]
[452, 704]:[704, 859]
[591, 704]:[622, 704]
[591, 704]:[704, 724]
[591, 704]:[704, 859]
[622, 704]:[704, 724]
[622, 704]:[704, 859]
[704, 724]:[704, 859]
[23, 710]:[78, 710]
[23, 710]:[125, 710]
[23, 710]:[132, 710]
[23, 710]:[383, 710]
[23, 710]:[389, 710]
[23, 710]:[584, 710]
[78, 710]:[125, 710]
[78, 710]:[132, 710]
[78, 710]:[383, 710]
[78, 710]:[389, 710]
[78, 710]:[584, 710]
[125, 710]:[132, 710]
[125, 710]:[383, 710]
[125, 710]:[389, 710]
[125, 710]:[584, 710]
[132, 710]:[383, 710]
[132, 710]:[389, 710]
[132, 710]:[584, 710]
[383, 710]:[389, 710]
[383, 710]:[584, 710]
[389, 710]:[584, 710]
[23, 862]:[511, 862]
[23, 862]:[757, 862]
[23, 862]:[836, 862]
[23, 862]:[862, 890]
[511, 862]:[757, 862]
[511, 862]:[836, 862]
[511, 862]:[862, 890]
[757, 862]:[836, 862]
[757, 862]:[862, 890]
[836, 862]:[862, 890]
[24, 90]:[24, 118]
[24, 90]:[24, 464]
[24, 90]:[24, 516]
[24, 90]:[24, 794]
[24, 90]:[24, 950]
[24, 118]:[24, 464]
[24, 118]:[24, 516]
[24, 118]:[24, 794]
[24, 118]:[24, 950]
[24, 464]:[24, 516]
[24, 464]:[24, 794]
[24, 464]:[24, 950]
[24, 516]:[24, 794]
[24, 516]:[24, 950]
[24, 794]:[24, 950]
[24, 90]:[90, 201]
[24, 90]:[90, 606]
[24, 90]:[90, 771]
[24, 90]:[90, 957]
[90, 201]:[90, 606]
[90, 201]:[90, 771]
[90, 201]:[90, 957]
[90, 606]:[90, 771]
[90, 606]:[90, 957]
[90, 771]:[90, 957]
[24, 118]:[118, 182]
[24, 118]:[118, 257]
[24, 118]:[118, 397]
[24, 118]:[118, 417]
[24, 118]:[118, 447]
[24, 118]:[118, 459]
[24, 118]:[118, 594]
[24, 118]:[118, 647]
[24, 118]:[118, 787]
[118, 182]:[118, 257]
[118, 182]:[118, 397]
[118, 182]:[118, 417]
[118, 182]:[118, 447]
[118, 182]:[118, 459]
[118, 182]:[118, 594]
[118, 182]:[118, 647]
[118, 182]:[118, 787]
[118, 257]:[118, 397]
[118, 257]:[118, 417]
[118, 257]:[118, 447]
[118, 257]:[118, 459]
[118, 257]:[118, 594]
[118, 257]:[118, 647]
[118, 257]:[118, 787]
[118, 397]:[118, 417]
[118, 397]:[118, 447]
[118, 397]:[118, 459]
[118, 397]:[118, 594]
[118, 397]:[118, 647]
[118, 397]:[118, 787]
[118, 417]:[118, 447]
[118, 417]:[118, 459]
[118, 417]:[118, 594]
[118, 417]:[118, 647]
[118, 417]:[118, 787]
[118, 447]:[118, 459]
[118, 447]:[118, 594]
[118, 447]:[118, 647]
[118, 447]:[118, 787]
[118, 459]:[118, 594]
[118, 459]:[118, 647]
[118, 459]:[118, 787]
[118, 594]:[118, 647]
[118, 594]:[118, 787]
[118, 647]:[118, 787]
[24, 464]:[180, 464]
[24, 464]:[406, 464]
[24, 464]:[464, 596]
[24, 464]:[464, 948]
[24, 464]:[464, 979]
[180, 464]:[406, 464]
[180, 464]:[464, 596]
[180, 464]:[464, 948]
[180, 464]:[464, 979]
[406, 464]:[464, 596]
[406, 464]:[464, 948]
[406, 464]:[464, 979]
[464, 596]:[464, 948]
[464, 596]:[464, 979]
[464, 948]:[464, 979]
[24, 516]:[69, 516]
[24, 516]:[196, 516]
[24, 516]:[202, 516]
[24, 516]:[241, 516]
[24, 516]:[273, 516]
[24, 516]:[510, 516]
[69, 516]:[196, 516]
[69, 516]:[202, 516]
[69, 516]:[241, 516]
[69, 516]:[273, 516]
[69, 516]:[510, 516]
[196, 516]:[202, 516]
[196, 516]:[241, 516]
[196, 516]:[273, 516]
[196, 516]:[510, 516]
[202, 516]:[241, 516]
[202, 516]:[273, 516]
[202, 516]:[510, 516]
[241, 516]:[273, 516]
[241, 516]:[510, 516]
[273, 516]:[510, 516]
[24, 794]:[66, 794]
[24, 794]:[263, 794]
[24, 794]:[358, 794]
[24, 794]:[596, 794]
[24, 794]:[677, 794]
[24, 794]:[794, 984]
[66, 794]:[263, 794]
[66, 794]:[358, 794]
[66, 794]:[596, 794]
[66, 794]:[677, 794]
[66, 794]:[794, 984]
[263, 794]:[358, 794]
[263, 794]:[596, 794]
[263, 794]:[677, 794]
[263, 794]:[794, 984]
[358, 794]:[596, 794]
[358, 794]:[677, 794]
[358, 794]:[794, 984]
[596, 794]:[677, 794]
[596, 794]:[794, 984]
[677, 794]:[794, 984]
[24, 950]:[37, 950]
[24, 950]:[188, 950]
[24, 950]:[416, 950]
[24, 950]:[523, 950]
[24, 950]:[556, 950]
[24, 950]:[637, 950]
[24, 950]:[666, 950]
[24, 950]:[760, 950]
[24, 950]:[842, 950]
[24, 950]:[931, 950]
[37, 950]:[188, 950]
[37, 950]:[416, 950]
[37, 950]:[523, 950]
[37, 950]:[556, 950]
[37, 950]:[637, 950]
[37, 950]:[666, 950]
[37, 950]:[760, 950]
[37, 950]:[842, 950]
[37, 950]:[931, 950]
[188, 950]:[416, 950]
[188, 950]:[523, 950]
[188, 950]:[556, 950]
[188, 950]:[637, 950]
[188, 950]:[666, 950]
[188, 950]:[760, 950]
[188, 950]:[842, 950]
[188, 950]:[931, 950]
[416, 950]:[523, 950]
[416, 950]:[556, 950]
[416, 950]:[637, 950]
[416, 950]:[666, 950]
[416, 950]:[760, 950]
[416, 950]:[842, 950]
[416, 950]:[931, 950]
[523, 950]:[556, 950]
[523, 950]:[637, 950]
[523, 950]:[666, 950]
[523, 950]:[760, 950]
[523, 950]:[842, 950]
[523, 950]:[931, 950]
[556, 950]:[637, 950]
[556, 950]:[666, 950]
[556, 950]:[760, 950]
[556, 950]:[842, 950]
[556, 950]:[931, 950]
[637, 950]:[666, 950]
[637, 950]:[760, 950]
[637, 950]:[842, 950]
[637, 950]:[931, 950]
[666, 950]:[760, 950]
[666, 950]:[842, 950]
[666, 950]:[931, 950]
[760, 950]:[842, 950]
[760, 950]:[931, 950]
[842, 950]:[931, 950]
[25, 219]:[25, 248]
[25, 219]:[25, 405]
[25, 219]:[25, 410]
[25, 219]:[25, 488]
[25, 219]:[25, 549]
[25, 219]:[25, 658]
[25, 219]:[25, 853]
[25, 248]:[25, 405]
[25, 248]:[25, 410]
[25, 248]:[25, 488]
[25, 248]:[25, 549]
[25, 248]:[25, 658]
[25, 248]:[25, 853]
[25, 405]:[25, 410]
[25, 405]:[25, 488]
[25, 405]:[25, 549]
[25, 405]:[25, 658]
[25, 405]:[25, 853]
[25, 410]:[25, 488]
[25, 410]:[25, 549]
[25, 410]:[25, 658]
[25, 410]:[25, 853]
[25, 488]:[25, 549]
[25, 488]:[25, 658]
[25, 488]:[25, 853]
[25, 549]:[25, 658]
[25, 549]:[25, 853]
[25, 658]:[25, 853]
[25, 219]:[158, 219]
[25, 219]:[219, 799]
[25, 219]:[219, 874]
[158, 219]:[219, 799]
[158, 219]:[219, 874]
[219, 799]:[219, 874]
[25, 248]:[248, 467]
[25, 248]:[248, 471]
[25, 248]:[248, 570]
[25, 248]:[248, 850]
[248, 467]:[248, 471]
[248, 467]:[248, 570]
[248, 467]:[248, 850]
[248, 471]:[248, 570]
[248, 471]:[248, 850]
[248, 570]:[248, 850]
[25, 405]:[57, 405]
[25, 405]:[367, 405]
[25, 405]:[387, 405]
[25, 405]:[405, 445]
[25, 405]:[405, 822]
[57, 405]:[367, 405]
[57, 405]:[387, 405]
[57, 405]:[405, 445]
[57, 405]:[405, 822]
[367, 405]:[387, 405]
[367, 405]:[405, 445]
[367, 405]:[405, 822]
[387, 405]:[405, 445]
[387, 405]:[405, 822]
[405, 445]:[405, 822]
[25, 410]:[195, 410]
[25, 410]:[331, 410]
[25, 410]:[410, 493]
[25, 410]:[410, 676]
[25, 410]:[410, 698]
[25, 410]:[410, 934]
[195, 410]:[331, 410]
[195, 410]:[410, 493]
[195, 410]:[410, 676]
[195, 410]:[410, 698]
[195, 410]:[410, 934]
[331, 410]:[410, 493]
[331, 410]:[410, 676]
[331, 410]:[410, 698]
[331, 410]:[410, 934]
[410, 493]:[410, 676]
[410, 493]:[410, 698]
[410, 493]:[410, 934]
[410, 676]:[410, 698]
[410, 676]:[410, 934]
[410, 698]:[410, 934]
[25, 488]:[33, 488]
[25, 488]:[82, 488]
[25, 488]:[139, 488]
[25, 488]:[336, 488]
[25, 488]:[402, 488]
[25, 488]:[488, 697]
[33, 488]:[82, 488]
[33, 488]:[139, 488]
[33, 488]:[336, 488]
[33, 488]:[402, 488]
[33, 488]:[488, 697]
[82, 488]:[139, 488]
[82, 488]:[336, 488]
[82, 488]:[402, 488]
[82, 488]:[488, 697]
[139, 488]:[336, 488]
[139, 488]:[402, 488]
[139, 488]:[488, 697]
[336, 488]:[402, 488]
[336, 488]:[488, 697]
[402, 488]:[488, 697]
[25, 549]:[54, 549]
[25, 549]:[246, 549]
[25, 549]:[501, 549]
[25, 549]:[549, 630]
[25, 549]:[549, 677]
[25, 549]:[549, 864]
[54, 549]:[246, 549]
[54, 549]:[501, 549]
[54, 549]:[549, 630]
[54, 549]:[549, 677]
[54, 549]:[549, 864]
[246, 549]:[501, 549]
[246, 549]:[549, 630]
[246, 549]:[549, 677]
[246, 549]:[549, 864]
[501, 549]:[549, 630]
[501, 549]:[549, 677]
[501, 549]:[549, 864]
[549, 630]:[549, 677]
[549, 630]:[549, 864]
[549, 677]:[549, 864]
[25, 658]:[49, 658]
[25, 658]:[262, 658]
[25, 658]:[276, 658]
[25, 658]:[280, 658]
[25, 658]:[393, 658]
[25, 658]:[658, 738]
[49, 658]:[262, 658]
[49, 658]:[276, 658]
[49, 658]:[280, 658]
[49, 658]:[393, 658]
[49, 658]:[658, 738]
[262, 658]:[276, 658]
[262, 658]:[280, 658]
[262, 658]:[393, 658]
[262, 658]:[658, 738]
[276, 658]:[280, 658]
[276, 658]:[393, 658]
[276, 658]:[658, 738]
[280, 658]:[393, 658]
[280, 658]:[658, 738]
[393, 658]:[658, 738]
[25, 853]:[421, 853]
[25, 853]:[567, 853]
[25, 853]:[738, 853]
[25, 853]:[755, 853]
[25, 853]:[853, 869]
[421, 853]:[567, 853]
[421, 853]:[738, 853]
[421, 853]:[755, 853]
[421, 853]:[853, 869]
[567, 853]:[738, 853]
[567, 853]:[755, 853]
[567, 853]:[853, 869]
[738, 853]:[755, 853]
[738, 853]:[853, 869]
[755, 853]:[853, 869]
[26, 34]:[26, 45]
[26, 34]:[26, 312]
[26, 34]:[26, 314]
[26, 34]:[26, 360]
[26, 34]:[26, 530]
[26, 34]:[26, 604]
[26, 34]:[26, 765]
[26, 34]:[26, 925]
[26, 45]:[26, 312]
[26, 45]:[26, 314]
[26, 45]:[26, 360]
[26, 45]:[26, 530]
[26, 45]:[26, 604]
[26, 45]:[26, 765]
[26, 45]:[26, 925]
[26, 312]:[26, 314]
[26, 312]:[26, 360]
[26, 312]:[26, 530]
[26, 312]:[26, 604]
[26, 312]:[26, 765]
[26, 312]:[26, 925]
[26, 314]:[26, 360]
[26, 314]:[26, 530]
[26, 314]:[26, 604]
[26, 314]:[26, 765]
[26, 314]:[26, 925]
[26, 360]:[26, 530]
[26, 360]:[26, 604]
[26, 360]:[26, 765]
[26, 360]:[26, 925]
[26, 530]:[26, 604]
[26, 530]:[26, 765]
[26, 530]:[26, 925]
[26, 604]:[26, 765]
[26, 604]:[26, 925]
[26, 765]:[26, 925]
[26, 45]:[45, 354]
[26, 45]:[45, 749]
[26, 45]:[45, 756]
[26, 45]:[45, 804]
[26, 45]:[45, 985]
[45, 354]:[45, 749]
[45, 354]:[45, 756]
[45, 354]:[45, 804]
[45, 354]:[45, 985]
[45, 749]:[45, 756]
[45, 749]:[45, 804]
[45, 749]:[45, 985]
[45, 756]:[45, 804]
[45, 756]:[45, 985]
[45, 804]:[45, 985]
[26, 312]:[52, 312]
[26, 312]:[115, 312]
[26, 312]:[259, 312]
[26, 312]:[312, 793]
[52, 312]:[115, 312]
[52, 312]:[259, 312]
[52, 312]:[312, 793]
[115, 312]:[259, 312]
[115, 312]:[312, 793]
[259, 312]:[312, 793]
[26, 314]:[132, 314]
[26, 314]:[197, 314]
[26, 314]:[240, 314]
[26, 314]:[314, 566]
[26, 314]:[314, 590]
[26, 314]:[314, 741]
[26, 314]:[314, 768]
[132, 314]:[197, 314]
[132, 314]:[240, 314]
[132, 314]:[314, 566]
[132, 314]:[314, 590]
[132, 314]:[314, 741]
[132, 314]:[314, 768]
[197, 314]:[240, 314]
[197, 314]:[314, 566]
[197, 314]:[314, 590]
[197, 314]:[314, 741]
[197, 314]:[314, 768]
[240, 314]:[314, 566]
[240, 314]:[314, 590]
[240, 314]:[314, 741]
[240, 314]:[314, 768]
[314, 566]:[314, 590]
[314, 566]:[314, 741]
[314, 566]:[314, 768]
[314, 590]:[314, 741]
[314, 590]:[314, 768]
[314, 741]:[314, 768]
[26, 360]:[360, 513]
[26, 360]:[360, 547]
[26, 360]:[360, 654]
[26, 360]:[360, 669]
[26, 360]:[360, 965]
[360, 513]:[360, 547]
[360, 513]:[360, 654]
[360, 513]:[360, 669]
[360, 513]:[360, 965]
[360, 547]:[360, 654]
[360, 547]:[360, 669]
[360, 547]:[360, 965]
[360, 654]:[360, 669]
[360, 654]:[360, 965]
[360, 669]:[360, 965]
[26, 530]:[93, 530]
[26, 530]:[220, 530]
[26, 530]:[530, 531]
[26, 530]:[530, 571]
[26, 530]:[530, 904]
[93, 530]:[220, 530]
[93, 530]:[530, 531]
[93, 530]:[530, 571]
[93, 530]:[530, 904]
[220, 530]:[530, 531]
[220, 530]:[530, 571]
[220, 530]:[530, 904]
[530, 531]:[530, 571]
[530, 531]:[530, 904]
[530, 571]:[530, 904]
[26, 604]:[153, 604]
[26, 604]:[556, 604]
[153, 604]:[556, 604]
[26, 765]:[155, 765]
[26, 765]:[236, 765]
[26, 765]:[335, 765]
[26, 765]:[765, 904]
[155, 765]:[236, 765]
[155, 765]:[335, 765]
[155, 765]:[765, 904]
[236, 765]:[335, 765]
[236, 765]:[765, 904]
[335, 765]:[765, 904]
[26, 925]:[130, 925]
[27, 67]:[67, 106]
[27, 67]:[67, 455]
[27, 67]:[67, 461]
[27, 67]:[67, 523]
[27, 67]:[67, 554]
[27, 67]:[67, 725]
[27, 67]:[67, 735]
[27, 67]:[67, 770]
[27, 67]:[67, 774]
[67, 106]:[67, 455]
[67, 106]:[67, 461]
[67, 106]:[67, 523]
[67, 106]:[67, 554]
[67, 106]:[67, 725]
[67, 106]:[67, 735]
[67, 106]:[67, 770]
[67, 106]:[67, 774]
[67, 455]:[67, 461]
[67, 455]:[67, 523]
[67, 455]:[67, 554]
[67, 455]:[67, 725]
[67, 455]:[67, 735]
[67, 455]:[67, 770]
[67, 455]:[67, 774]
[67, 461]:[67, 523]
[67, 461]:[67, 554]
[67, 461]:[67, 725]
[67, 461]:[67, 735]
[67, 461]:[67, 770]
[67, 461]:[67, 774]
[67, 523]:[67, 554]
[67, 523]:[67, 725]
[67, 523]:[67, 735]
[67, 523]:[67, 770]
[67, 523]:[67, 774]
[67, 554]:[67, 725]
[67, 554]:[67, 735]
[67, 554]:[67, 770]
[67, 554]:[67, 774]
[67, 725]:[67, 735]
[67, 725]:[67, 770]
[67, 725]:[67, 774]
[67, 735]:[67, 770]
[67, 735]:[67, 774]
[67, 770]:[67, 774]
[27, 865]:[579, 865]
[27, 865]:[692, 865]
[579, 865]:[692, 865]
[27, 870]:[135, 870]
[27, 870]:[369, 870]
[27, 870]:[634, 870]
[27, 870]:[801, 870]
[135, 870]:[369, 870]
[135, 870]:[634, 870]
[135, 870]:[801, 870]
[369, 870]:[634, 870]
[369, 870]:[801, 870]
[634, 870]:[801, 870]
[28, 108]:[28, 157]
[28, 108]:[28, 293]
[28, 108]:[28, 553]
[28, 108]:[28, 570]
[28, 157]:[28, 293]
[28, 157]:[28, 553]
[28, 157]:[28, 570]
[28, 293]:[28, 553]
[28, 293]:[28, 570]
[28, 553]:[28, 570]
[28, 108]:[32, 108]
[28, 108]:[108, 191]
[28, 108]:[108, 299]
[28, 108]:[108, 325]
[28, 108]:[108, 465]
[32, 108]:[108, 191]
[32, 108]:[108, 299]
[32, 108]:[108, 325]
[32, 108]:[108, 465]
[108, 191]:[108, 299]
[108, 191]:[108, 325]
[108, 191]:[108, 465]
[108, 299]:[108, 325]
[108, 299]:[108, 465]
[108, 325]:[108, 465]
[28, 293]:[205, 293]
[28, 293]:[253, 293]
[28, 293]:[293, 648]
[28, 293]:[293, 718]
[205, 293]:[253, 293]
[205, 293]:[293, 648]
[205, 293]:[293, 718]
[253, 293]:[293, 648]
[253, 293]:[293, 718]
[293, 648]:[293, 718]
[28, 570]:[248, 570]
[28, 570]:[352, 570]
[28, 570]:[526, 570]
[28, 570]:[570, 682]
[28, 570]:[570, 703]
[28, 570]:[570, 834]
[28, 570]:[570, 879]
[28, 570]:[570, 969]
[248, 570]:[352, 570]
[248, 570]:[526, 570]
[248, 570]:[570, 682]
[248, 570]:[570, 703]
[248, 570]:[570, 834]
[248, 570]:[570, 879]
[248, 570]:[570, 969]
[352, 570]:[526, 570]
[352, 570]:[570, 682]
[352, 570]:[570, 703]
[352, 570]:[570, 834]
[352, 570]:[570, 879]
[352, 570]:[570, 969]
[526, 570]:[570, 682]
[526, 570]:[570, 703]
[526, 570]:[570, 834]
[526, 570]:[570, 879]
[526, 570]:[570, 969]
[570, 682]:[570, 703]
[570, 682]:[570, 834]
[570, 682]:[570, 879]
[570, 682]:[570, 969]
[570, 703]:[570, 834]
[570, 703]:[570, 879]
[570, 703]:[570, 969]
[570, 834]:[570, 879]
[570, 834]:[570, 969]
[570, 879]:[570, 969]
[29, 279]:[29, 477]
[29, 279]:[29, 478]
[29, 279]:[29, 701]
[29, 279]:[29, 729]
[29, 279]:[29, 813]
[29, 279]:[29, 849]
[29, 279]:[29, 926]
[29, 477]:[29, 478]
[29, 477]:[29, 701]
[29, 477]:[29, 729]
[29, 477]:[29, 813]
[29, 477]:[29, 849]
[29, 477]:[29, 926]
[29, 478]:[29, 701]
[29, 478]:[29, 729]
[29, 478]:[29, 813]
[29, 478]:[29, 849]
[29, 478]:[29, 926]
[29, 701]:[29, 729]
[29, 701]:[29, 813]
[29, 701]:[29, 849]
[29, 701]:[29, 926]
[29, 729]:[29, 813]
[29, 729]:[29, 849]
[29, 729]:[29, 926]
[29, 813]:[29, 849]
[29, 813]:[29, 926]
[29, 849]:[29, 926]
[29, 279]:[80, 279]
[29, 279]:[279, 307]
[29, 279]:[279, 415]
[29, 279]:[279, 502]
[29, 279]:[279, 533]
[29, 279]:[279, 541]
[29, 279]:[279, 693]
[29, 279]:[279, 726]
[29, 279]:[279, 876]
[80, 279]:[279, 307]
[80, 279]:[279, 415]
[80, 279]:[279, 502]
[80, 279]:[279, 533]
[80, 279]:[279, 541]
[80, 279]:[279, 693]
[80, 279]:[279, 726]
[80, 279]:[279, 876]
[279, 307]:[279, 415]
[279, 307]:[279, 502]
[279, 307]:[279, 533]
[279, 307]:[279, 541]
[279, 307]:[279, 693]
[279, 307]:[279, 726]
[279, 307]:[279, 876]
[279, 415]:[279, 502]
[279, 415]:[279, 533]
[279, 415]:[279, 541]
[279, 415]:[279, 693]
[279, 415]:[279, 726]
[279, 415]:[279, 876]
[279, 502]:[279, 533]
[279, 502]:[279, 541]
[279, 502]:[279, 693]
[279, 502]:[279, 726]
[279, 502]:[279, 876]
[279, 533]:[279, 541]
[279, 533]:[279, 693]
[279, 533]:[279, 726]
[279, 533]:[279, 876]
[279, 541]:[279, 693]
[279, 541]:[279, 726]
[279, 541]:[279, 876]
[279, 693]:[279, 726]
[279, 693]:[279, 876]
[279, 726]:[279, 876]
[29, 477]:[158, 477]
[29, 477]:[202, 477]
[29, 477]:[352, 477]
[29, 477]:[475, 477]
[29, 477]:[477, 942]
[158, 477]:[202, 477]
[158, 477]:[352, 477]
[158, 477]:[475, 477]
[158, 477]:[477, 942]
[202, 477]:[352, 477]
[202, 477]:[475, 477]
[202, 477]:[477, 942]
[352, 477]:[475, 477]
[352, 477]:[477, 942]
[475, 477]:[477, 942]
[29, 478]:[160, 478]
[29, 478]:[453, 478]
[29, 478]:[478, 913]
[160, 478]:[453, 478]
[160, 478]:[478, 913]
[453, 478]:[478, 913]
[29, 701]:[277, 701]
[29, 701]:[440, 701]
[29, 701]:[677, 701]
[29, 701]:[701, 734]
[29, 701]:[701, 756]
[29, 701]:[701, 983]
[277, 701]:[440, 701]
[277, 701]:[677, 701]
[277, 701]:[701, 734]
[277, 701]:[701, 756]
[277, 701]:[701, 983]
[440, 701]:[677, 701]
[440, 701]:[701, 734]
[440, 701]:[701, 756]
[440, 701]:[701, 983]
[677, 701]:[701, 734]
[677, 701]:[701, 756]
[677, 701]:[701, 983]
[701, 734]:[701, 756]
[701, 734]:[701, 983]
[701, 756]:[701, 983]
[29, 729]:[46, 729]
[29, 729]:[207, 729]
[29, 729]:[226, 729]
[29, 729]:[321, 729]
[29, 729]:[353, 729]
[29, 729]:[383, 729]
[29, 729]:[453, 729]
[29, 729]:[729, 835]
[46, 729]:[207, 729]
[46, 729]:[226, 729]
[46, 729]:[321, 729]
[46, 729]:[353, 729]
[46, 729]:[383, 729]
[46, 729]:[453, 729]
[46, 729]:[729, 835]
[207, 729]:[226, 729]
[207, 729]:[321, 729]
[207, 729]:[353, 729]
[207, 729]:[383, 729]
[207, 729]:[453, 729]
[207, 729]:[729, 835]
[226, 729]:[321, 729]
[226, 729]:[353, 729]
[226, 729]:[383, 729]
[226, 729]:[453, 729]
[226, 729]:[729, 835]
[321, 729]:[353, 729]
[321, 729]:[383, 729]
[321, 729]:[453, 729]
[321, 729]:[729, 835]
[353, 729]:[383, 729]
[353, 729]:[453, 729]
[353, 729]:[729, 835]
[383, 729]:[453, 729]
[383, 729]:[729, 835]
[453, 729]:[729, 835]
[29, 813]:[113, 813]
[29, 813]:[309, 813]
[29, 813]:[650, 813]
[29, 813]:[684, 813]
[113, 813]:[309, 813]
[113, 813]:[650, 813]
[113, 813]:[684, 813]
[309, 813]:[650, 813]
[309, 813]:[684, 813]
[650, 813]:[684, 813]
[29, 849]:[65, 849]
[29, 849]:[325, 849]
[29, 849]:[426, 849]
[65, 849]:[325, 849]
[65, 849]:[426, 849]
[325, 849]:[426, 849]
[29, 926]:[91, 926]
[29, 926]:[125, 926]
[29, 926]:[129, 926]
[29, 926]:[245, 926]
[29, 926]:[419, 926]
[29, 926]:[558, 926]
[29, 926]:[608, 926]
[29, 926]:[700, 926]
[29, 926]:[836, 926]
[91, 926]:[125, 926]
[91, 926]:[129, 926]
[91, 926]:[245, 926]
[91, 926]:[419, 926]
[91, 926]:[558, 926]
[91, 926]:[608, 926]
[91, 926]:[700, 926]
[91, 926]:[836, 926]
[125, 926]:[129, 926]
[125, 926]:[245, 926]
[125, 926]:[419, 926]
[125, 926]:[558, 926]
[125, 926]:[608, 926]
[125, 926]:[700, 926]
[125, 926]:[836, 926]
[129, 926]:[245, 926]
[129, 926]:[419, 926]
[129, 926]:[558, 926]
[129, 926]:[608, 926]
[129, 926]:[700, 926]
[129, 926]:[836, 926]
[245, 926]:[419, 926]
[245, 926]:[558, 926]
[245, 926]:[608, 926]
[245, 926]:[700, 926]
[245, 926]:[836, 926]
[419, 926]:[558, 926]
[419, 926]:[608, 926]
[419, 926]:[700, 926]
[419, 926]:[836, 926]
[558, 926]:[608, 926]
[558, 926]:[700, 926]
[558, 926]:[836, 926]
[608, 926]:[700, 926]
[608, 926]:[836, 926]
[700, 926]:[836, 926]
[30, 126]:[30, 172]
[30, 126]:[30, 775]
[30, 126]:[30, 909]
[30, 172]:[30, 775]
[30, 172]:[30, 909]
[30, 775]:[30, 909]
[30, 126]:[96, 126]
[30, 126]:[126, 209]
[30, 126]:[126, 266]
[30, 126]:[126, 313]
[30, 126]:[126, 737]
[96, 126]:[126, 209]
[96, 126]:[126, 266]
[96, 126]:[126, 313]
[96, 126]:[126, 737]
[126, 209]:[126, 266]
[126, 209]:[126, 313]
[126, 209]:[126, 737]
[126, 266]:[126, 313]
[126, 266]:[126, 737]
[126, 313]:[126, 737]
[30, 172]:[95, 172]
[30, 172]:[102, 172]
[30, 172]:[172, 205]
[30, 172]:[172, 214]
[30, 172]:[172, 475]
[30, 172]:[172, 598]
[30, 172]:[172, 612]
[30, 172]:[172, 840]
[95, 172]:[102, 172]
[95, 172]:[172, 205]
[95, 172]:[172, 214]
[95, 172]:[172, 475]
[95, 172]:[172, 598]
[95, 172]:[172, 612]
[95, 172]:[172, 840]
[102, 172]:[172, 205]
[102, 172]:[172, 214]
[102, 172]:[172, 475]
[102, 172]:[172, 598]
[102, 172]:[172, 612]
[102, 172]:[172, 840]
[172, 205]:[172, 214]
[172, 205]:[172, 475]
[172, 205]:[172, 598]
[172, 205]:[172, 612]
[172, 205]:[172, 840]
[172, 214]:[172, 475]
[172, 214]:[172, 598]
[172, 214]:[172, 612]
[172, 214]:[172, 840]
[172, 475]:[172, 598]
[172, 475]:[172, 612]
[172, 475]:[172, 840]
[172, 598]:[172, 612]
[172, 598]:[172, 840]
[172, 612]:[172, 840]
[30, 775]:[515, 775]
[30, 775]:[543, 775]
[30, 775]:[678, 775]
[30, 775]:[712, 775]
[515, 775]:[543, 775]
[515, 775]:[678, 775]
[515, 775]:[712, 775]
[543, 775]:[678, 775]
[543, 775]:[712, 775]
[678, 775]:[712, 775]
[30, 909]:[577, 909]
[31, 106]:[31, 229]
[31, 106]:[31, 571]
[31, 106]:[31, 821]
[31, 106]:[31, 917]
[31, 229]:[31, 571]
[31, 229]:[31, 821]
[31, 229]:[31, 917]
[31, 571]:[31, 821]
[31, 571]:[31, 917]
[31, 821]:[31, 917]
[31, 106]:[67, 106]
[31, 106]:[106, 445]
[31, 106]:[106, 517]
[31, 106]:[106, 683]
[31, 106]:[106, 779]
[31, 106]:[106, 796]
[31, 106]:[106, 821]
[31, 106]:[106, 835]
[31, 106]:[106, 847]
[31, 106]:[106, 935]
[67, 106]:[106, 445]
[67, 106]:[106, 517]
[67, 106]:[106, 683]
[67, 106]:[106, 779]
[67, 106]:[106, 796]
[67, 106]:[106, 821]
[67, 106]:[106, 835]
[67, 106]:[106, 847]
[67, 106]:[106, 935]
[106, 445]:[106, 517]
[106, 445]:[106, 683]
[106, 445]:[106, 779]
[106, 445]:[106, 796]
[106, 445]:[106, 821]
[106, 445]:[106, 835]
[106, 445]:[106, 847]
[106, 445]:[106, 935]
[106, 517]:[106, 683]
[106, 517]:[106, 779]
[106, 517]:[106, 796]
[106, 517]:[106, 821]
[106, 517]:[106, 835]
[106, 517]:[106, 847]
[106, 517]:[106, 935]
[106, 683]:[106, 779]
[106, 683]:[106, 796]
[106, 683]:[106, 821]
[106, 683]:[106, 835]
[106, 683]:[106, 847]
[106, 683]:[106, 935]
[106, 779]:[106, 796]
[106, 779]:[106, 821]
[106, 779]:[106, 835]
[106, 779]:[106, 847]
[106, 779]:[106, 935]
[106, 796]:[106, 821]
[106, 796]:[106, 835]
[106, 796]:[106, 847]
[106, 796]:[106, 935]
[106, 821]:[106, 835]
[106, 821]:[106, 847]
[106, 821]:[106, 935]
[106, 835]:[106, 847]
[106, 835]:[106, 935]
[106, 847]:[106, 935]
[31, 229]:[229, 491]
[31, 229]:[229, 514]
[31, 229]:[229, 656]
[229, 491]:[229, 514]
[229, 491]:[229, 656]
[229, 514]:[229, 656]
[31, 571]:[166, 571]
[31, 571]:[186, 571]
[31, 571]:[238, 571]
[31, 571]:[517, 571]
[31, 571]:[530, 571]
[31, 571]:[571, 693]
[166, 571]:[186, 571]
[166, 571]:[238, 571]
[166, 571]:[517, 571]
[166, 571]:[530, 571]
[166, 571]:[571, 693]
[186, 571]:[238, 571]
[186, 571]:[517, 571]
[186, 571]:[530, 571]
[186, 571]:[571, 693]
[238, 571]:[517, 571]
[238, 571]:[530, 571]
[238, 571]:[571, 693]
[517, 571]:[530, 571]
[517, 571]:[571, 693]
[530, 571]:[571, 693]
[31, 917]:[264, 917]
[31, 917]:[266, 917]
[31, 917]:[292, 917]
[31, 917]:[523, 917]
[31, 917]:[626, 917]
[31, 917]:[917, 969]
[264, 917]:[266, 917]
[264, 917]:[292, 917]
[264, 917]:[523, 917]
[264, 917]:[626, 917]
[264, 917]:[917, 969]
[266, 917]:[292, 917]
[266, 917]:[523, 917]
[266, 917]:[626, 917]
[266, 917]:[917, 969]
[292, 917]:[523, 917]
[292, 917]:[626, 917]
[292, 917]:[917, 969]
[523, 917]:[626, 917]
[523, 917]:[917, 969]
[626, 917]:[917, 969]
[32, 231]:[231, 755]
[32, 256]:[159, 256]
[32, 256]:[256, 369]
[32, 256]:[256, 441]
[32, 256]:[256, 537]
[32, 256]:[256, 582]
[159, 256]:[256, 369]
[159, 256]:[256, 441]
[159, 256]:[256, 537]
[159, 256]:[256, 582]
[256, 369]:[256, 441]
[256, 369]:[256, 537]
[256, 369]:[256, 582]
[256, 441]:[256, 537]
[256, 441]:[256, 582]
[256, 537]:[256, 582]
[32, 393]:[276, 393]
[32, 393]:[393, 407]
[32, 393]:[393, 584]
[32, 393]:[393, 658]
[32, 393]:[393, 872]
[32, 393]:[393, 943]
[32, 393]:[393, 981]
[276, 393]:[393, 407]
[276, 393]:[393, 584]
[276, 393]:[393, 658]
[276, 393]:[393, 872]
[276, 393]:[393, 943]
[276, 393]:[393, 981]
[393, 407]:[393, 584]
[393, 407]:[393, 658]
[393, 407]:[393, 872]
[393, 407]:[393, 943]
[393, 407]:[393, 981]
[393, 584]:[393, 658]
[393, 584]:[393, 872]
[393, 584]:[393, 943]
[393, 584]:[393, 981]
[393, 658]:[393, 872]
[393, 658]:[393, 943]
[393, 658]:[393, 981]
[393, 872]:[393, 943]
[393, 872]:[393, 981]
[393, 943]:[393, 981]
[32, 600]:[159, 600]
[32, 600]:[199, 600]
[32, 600]:[245, 600]
[32, 600]:[466, 600]
[32, 600]:[503, 600]
[32, 600]:[539, 600]
[32, 600]:[600, 708]
[32, 600]:[600, 905]
[159, 600]:[199, 600]
[159, 600]:[245, 600]
[159, 600]:[466, 600]
[159, 600]:[503, 600]
[159, 600]:[539, 600]
[159, 600]:[600, 708]
[159, 600]:[600, 905]
[199, 600]:[245, 600]
[199, 600]:[466, 600]
[199, 600]:[503, 600]
[199, 600]:[539, 600]
[199, 600]:[600, 708]
[199, 600]:[600, 905]
[245, 600]:[466, 600]
[245, 600]:[503, 600]
[245, 600]:[539, 600]
[245, 600]:[600, 708]
[245, 600]:[600, 905]
[466, 600]:[503, 600]
[466, 600]:[539, 600]
[466, 600]:[600, 708]
[466, 600]:[600, 905]
[503, 600]:[539, 600]
[503, 600]:[600, 708]
[503, 600]:[600, 905]
[539, 600]:[600, 708]
[539, 600]:[600, 905]
[600, 708]:[600, 905]
[32, 641]:[128, 641]
[32, 641]:[140, 641]
[32, 641]:[214, 641]
[32, 641]:[353, 641]
[32, 641]:[578, 641]
[32, 641]:[641, 787]
[128, 641]:[140, 641]
[128, 641]:[214, 641]
[128, 641]:[353, 641]
[128, 641]:[578, 641]
[128, 641]:[641, 787]
[140, 641]:[214, 641]
[140, 641]:[353, 641]
[140, 641]:[578, 641]
[140, 641]:[641, 787]
[214, 641]:[353, 641]
[214, 641]:[578, 641]
[214, 641]:[641, 787]
[353, 641]:[578, 641]
[353, 641]:[641, 787]
[578, 641]:[641, 787]
[32, 871]:[113, 871]
[32, 871]:[131, 871]
[32, 871]:[210, 871]
[32, 871]:[672, 871]
[113, 871]:[131, 871]
[113, 871]:[210, 871]
[113, 871]:[672, 871]
[131, 871]:[210, 871]
[131, 871]:[672, 871]
[210, 871]:[672, 871]
[33, 335]:[33, 342]
[33, 335]:[33, 445]
[33, 335]:[33, 488]
[33, 335]:[33, 594]
[33, 335]:[33, 676]
[33, 342]:[33, 445]
[33, 342]:[33, 488]
[33, 342]:[33, 594]
[33, 342]:[33, 676]
[33, 445]:[33, 488]
[33, 445]:[33, 594]
[33, 445]:[33, 676]
[33, 488]:[33, 594]
[33, 488]:[33, 676]
[33, 594]:[33, 676]
[33, 335]:[252, 335]
[33, 335]:[335, 765]
[33, 335]:[335, 852]
[252, 335]:[335, 765]
[252, 335]:[335, 852]
[335, 765]:[335, 852]
[33, 342]:[131, 342]
[33, 342]:[250, 342]
[33, 342]:[342, 533]
[33, 342]:[342, 673]
[33, 342]:[342, 808]
[131, 342]:[250, 342]
[131, 342]:[342, 533]
[131, 342]:[342, 673]
[131, 342]:[342, 808]
[250, 342]:[342, 533]
[250, 342]:[342, 673]
[250, 342]:[342, 808]
[342, 533]:[342, 673]
[342, 533]:[342, 808]
[342, 673]:[342, 808]
[33, 445]:[106, 445]
[33, 445]:[198, 445]
[33, 445]:[405, 445]
[33, 445]:[445, 696]
[33, 445]:[445, 908]
[106, 445]:[198, 445]
[106, 445]:[405, 445]
[106, 445]:[445, 696]
[106, 445]:[445, 908]
[198, 445]:[405, 445]
[198, 445]:[445, 696]
[198, 445]:[445, 908]
[405, 445]:[445, 696]
[405, 445]:[445, 908]
[445, 696]:[445, 908]
[33, 676]:[268, 676]
[33, 676]:[404, 676]
[33, 676]:[410, 676]
[33, 676]:[456, 676]
[33, 676]:[566, 676]
[33, 676]:[676, 680]
[33, 676]:[676, 806]
[33, 676]:[676, 893]
[268, 676]:[404, 676]
[268, 676]:[410, 676]
[268, 676]:[456, 676]
[268, 676]:[566, 676]
[268, 676]:[676, 680]
[268, 676]:[676, 806]
[268, 676]:[676, 893]
[404, 676]:[410, 676]
[404, 676]:[456, 676]
[404, 676]:[566, 676]
[404, 676]:[676, 680]
[404, 676]:[676, 806]
[404, 676]:[676, 893]
[410, 676]:[456, 676]
[410, 676]:[566, 676]
[410, 676]:[676, 680]
[410, 676]:[676, 806]
[410, 676]:[676, 893]
[456, 676]:[566, 676]
[456, 676]:[676, 680]
[456, 676]:[676, 806]
[456, 676]:[676, 893]
[566, 676]:[676, 680]
[566, 676]:[676, 806]
[566, 676]:[676, 893]
[676, 680]:[676, 806]
[676, 680]:[676, 893]
[676, 806]:[676, 893]
[34, 273]:[273, 392]
[34, 273]:[273, 516]
[34, 273]:[273, 753]
[34, 273]:[273, 798]
[273, 392]:[273, 516]
[273, 392]:[273, 753]
[273, 392]:[273, 798]
[273, 516]:[273, 753]
[273, 516]:[273, 798]
[273, 753]:[273, 798]
[34, 552]:[78, 552]
[34, 552]:[103, 552]
[34, 552]:[164, 552]
[34, 552]:[187, 552]
[34, 552]:[268, 552]
[34, 552]:[275, 552]
[34, 552]:[552, 825]
[78, 552]:[103, 552]
[78, 552]:[164, 552]
[78, 552]:[187, 552]
[78, 552]:[268, 552]
[78, 552]:[275, 552]
[78, 552]:[552, 825]
[103, 552]:[164, 552]
[103, 552]:[187, 552]
[103, 552]:[268, 552]
[103, 552]:[275, 552]
[103, 552]:[552, 825]
[164, 552]:[187, 552]
[164, 552]:[268, 552]
[164, 552]:[275, 552]
[164, 552]:[552, 825]
[187, 552]:[268, 552]
[187, 552]:[275, 552]
[187, 552]:[552, 825]
[268, 552]:[275, 552]
[268, 552]:[552, 825]
[275, 552]:[552, 825]
[34, 618]:[92, 618]
[34, 618]:[367, 618]
[34, 618]:[506, 618]
[34, 618]:[618, 744]
[34, 618]:[618, 931]
[92, 618]:[367, 618]
[92, 618]:[506, 618]
[92, 618]:[618, 744]
[92, 618]:[618, 931]
[367, 618]:[506, 618]
[367, 618]:[618, 744]
[367, 618]:[618, 931]
[506, 618]:[618, 744]
[506, 618]:[618, 931]
[618, 744]:[618, 931]
[35, 54]:[35, 63]
[35, 54]:[35, 374]
[35, 54]:[35, 486]
[35, 54]:[35, 808]
[35, 54]:[35, 864]
[35, 63]:[35, 374]
[35, 63]:[35, 486]
[35, 63]:[35, 808]
[35, 63]:[35, 864]
[35, 374]:[35, 486]
[35, 374]:[35, 808]
[35, 374]:[35, 864]
[35, 486]:[35, 808]
[35, 486]:[35, 864]
[35, 808]:[35, 864]
[35, 54]:[54, 85]
[35, 54]:[54, 165]
[35, 54]:[54, 396]
[35, 54]:[54, 549]
[35, 54]:[54, 559]
[35, 54]:[54, 631]
[35, 54]:[54, 721]
[54, 85]:[54, 165]
[54, 85]:[54, 396]
[54, 85]:[54, 549]
[54, 85]:[54, 559]
[54, 85]:[54, 631]
[54, 85]:[54, 721]
[54, 165]:[54, 396]
[54, 165]:[54, 549]
[54, 165]:[54, 559]
[54, 165]:[54, 631]
[54, 165]:[54, 721]
[54, 396]:[54, 549]
[54, 396]:[54, 559]
[54, 396]:[54, 631]
[54, 396]:[54, 721]
[54, 549]:[54, 559]
[54, 549]:[54, 631]
[54, 549]:[54, 721]
[54, 559]:[54, 631]
[54, 559]:[54, 721]
[54, 631]:[54, 721]
[35, 63]:[63, 91]
[35, 63]:[63, 289]
[35, 63]:[63, 579]
[35, 63]:[63, 700]
[35, 63]:[63, 863]
[35, 63]:[63, 942]
[63, 91]:[63, 289]
[63, 91]:[63, 579]
[63, 91]:[63, 700]
[63, 91]:[63, 863]
[63, 91]:[63, 942]
[63, 289]:[63, 579]
[63, 289]:[63, 700]
[63, 289]:[63, 863]
[63, 289]:[63, 942]
[63, 579]:[63, 700]
[63, 579]:[63, 863]
[63, 579]:[63, 942]
[63, 700]:[63, 863]
[63, 700]:[63, 942]
[63, 863]:[63, 942]
[35, 374]:[374, 441]
[35, 374]:[374, 511]
[35, 374]:[374, 578]
[35, 374]:[374, 644]
[35, 374]:[374, 734]
[35, 374]:[374, 744]
[35, 374]:[374, 873]
[374, 441]:[374, 511]
[374, 441]:[374, 578]
[374, 441]:[374, 644]
[374, 441]:[374, 734]
[374, 441]:[374, 744]
[374, 441]:[374, 873]
[374, 511]:[374, 578]
[374, 511]:[374, 644]
[374, 511]:[374, 734]
[374, 511]:[374, 744]
[374, 511]:[374, 873]
[374, 578]:[374, 644]
[374, 578]:[374, 734]
[374, 578]:[374, 744]
[374, 578]:[374, 873]
[374, 644]:[374, 734]
[374, 644]:[374, 744]
[374, 644]:[374, 873]
[374, 734]:[374, 744]
[374, 734]:[374, 873]
[374, 744]:[374, 873]
[35, 486]:[310, 486]
[35, 486]:[371, 486]
[35, 486]:[486, 548]
[35, 486]:[486, 995]
[310, 486]:[371, 486]
[310, 486]:[486, 548]
[310, 486]:[486, 995]
[371, 486]:[486, 548]
[371, 486]:[486, 995]
[486, 548]:[486, 995]
[35, 808]:[109, 808]
[35, 808]:[268, 808]
[35, 808]:[342, 808]
[35, 808]:[659, 808]
[35, 808]:[720, 808]
[35, 808]:[808, 938]
[109, 808]:[268, 808]
[109, 808]:[342, 808]
[109, 808]:[659, 808]
[109, 808]:[720, 808]
[109, 808]:[808, 938]
[268, 808]:[342, 808]
[268, 808]:[659, 808]
[268, 808]:[720, 808]
[268, 808]:[808, 938]
[342, 808]:[659, 808]
[342, 808]:[720, 808]
[342, 808]:[808, 938]
[659, 808]:[720, 808]
[659, 808]:[808, 938]
[720, 808]:[808, 938]
[35, 864]:[308, 864]
[35, 864]:[400, 864]
[35, 864]:[446, 864]
[35, 864]:[489, 864]
[35, 864]:[549, 864]
[35, 864]:[605, 864]
[35, 864]:[706, 864]
[35, 864]:[728, 864]
[35, 864]:[864, 875]
[308, 864]:[400, 864]
[308, 864]:[446, 864]
[308, 864]:[489, 864]
[308, 864]:[549, 864]
[308, 864]:[605, 864]
[308, 864]:[706, 864]
[308, 864]:[728, 864]
[308, 864]:[864, 875]
[400, 864]:[446, 864]
[400, 864]:[489, 864]
[400, 864]:[549, 864]
[400, 864]:[605, 864]
[400, 864]:[706, 864]
[400, 864]:[728, 864]
[400, 864]:[864, 875]
[446, 864]:[489, 864]
[446, 864]:[549, 864]
[446, 864]:[605, 864]
[446, 864]:[706, 864]
[446, 864]:[728, 864]
[446, 864]:[864, 875]
[489, 864]:[549, 864]
[489, 864]:[605, 864]
[489, 864]:[706, 864]
[489, 864]:[728, 864]
[489, 864]:[864, 875]
[549, 864]:[605, 864]
[549, 864]:[706, 864]
[549, 864]:[728, 864]
[549, 864]:[864, 875]
[605, 864]:[706, 864]
[605, 864]:[728, 864]
[605, 864]:[864, 875]
[706, 864]:[728, 864]
[706, 864]:[864, 875]
[728, 864]:[864, 875]
[36, 115]:[36, 449]
[36, 115]:[36, 961]
[36, 449]:[36, 961]
[36, 115]:[112, 115]
[36, 115]:[115, 284]
[36, 115]:[115, 312]
[36, 115]:[115, 369]
[36, 115]:[115, 636]
[36, 115]:[115, 713]
[36, 115]:[115, 747]
[36, 115]:[115, 759]
[112, 115]:[115, 284]
[112, 115]:[115, 312]
[112, 115]:[115, 369]
[112, 115]:[115, 636]
[112, 115]:[115, 713]
[112, 115]:[115, 747]
[112, 115]:[115, 759]
[115, 284]:[115, 312]
[115, 284]:[115, 369]
[115, 284]:[115, 636]
[115, 284]:[115, 713]
[115, 284]:[115, 747]
[115, 284]:[115, 759]
[115, 312]:[115, 369]
[115, 312]:[115, 636]
[115, 312]:[115, 713]
[115, 312]:[115, 747]
[115, 312]:[115, 759]
[115, 369]:[115, 636]
[115, 369]:[115, 713]
[115, 369]:[115, 747]
[115, 369]:[115, 759]
[115, 636]:[115, 713]
[115, 636]:[115, 747]
[115, 636]:[115, 759]
[115, 713]:[115, 747]
[115, 713]:[115, 759]
[115, 747]:[115, 759]
[36, 449]:[224, 449]
[36, 449]:[348, 449]
[36, 449]:[449, 473]
[36, 449]:[449, 521]
[36, 449]:[449, 826]
[224, 449]:[348, 449]
[224, 449]:[449, 473]
[224, 449]:[449, 521]
[224, 449]:[449, 826]
[348, 449]:[449, 473]
[348, 449]:[449, 521]
[348, 449]:[449, 826]
[449, 473]:[449, 521]
[449, 473]:[449, 826]
[449, 521]:[449, 826]
[36, 961]:[37, 961]
[36, 961]:[51, 961]
[36, 961]:[267, 961]
[36, 961]:[756, 961]
[36, 961]:[770, 961]
[37, 961]:[51, 961]
[37, 961]:[267, 961]
[37, 961]:[756, 961]
[37, 961]:[770, 961]
[51, 961]:[267, 961]
[51, 961]:[756, 961]
[51, 961]:[770, 961]
[267, 961]:[756, 961]
[267, 961]:[770, 961]
[756, 961]:[770, 961]
[37, 289]:[37, 564]
[37, 289]:[37, 668]
[37, 289]:[37, 801]
[37, 289]:[37, 809]
[37, 289]:[37, 817]
[37, 289]:[37, 855]
[37, 289]:[37, 922]
[37, 289]:[37, 950]
[37, 289]:[37, 961]
[37, 564]:[37, 668]
[37, 564]:[37, 801]
[37, 564]:[37, 809]
[37, 564]:[37, 817]
[37, 564]:[37, 855]
[37, 564]:[37, 922]
[37, 564]:[37, 950]
[37, 564]:[37, 961]
[37, 668]:[37, 801]
[37, 668]:[37, 809]
[37, 668]:[37, 817]
[37, 668]:[37, 855]
[37, 668]:[37, 922]
[37, 668]:[37, 950]
[37, 668]:[37, 961]
[37, 801]:[37, 809]
[37, 801]:[37, 817]
[37, 801]:[37, 855]
[37, 801]:[37, 922]
[37, 801]:[37, 950]
[37, 801]:[37, 961]
[37, 809]:[37, 817]
[37, 809]:[37, 855]
[37, 809]:[37, 922]
[37, 809]:[37, 950]
[37, 809]:[37, 961]
[37, 817]:[37, 855]
[37, 817]:[37, 922]
[37, 817]:[37, 950]
[37, 817]:[37, 961]
[37, 855]:[37, 922]
[37, 855]:[37, 950]
[37, 855]:[37, 961]
[37, 922]:[37, 950]
[37, 922]:[37, 961]
[37, 950]:[37, 961]
[37, 289]:[63, 289]
[37, 289]:[122, 289]
[37, 289]:[289, 564]
[37, 289]:[289, 650]
[37, 289]:[289, 743]
[37, 289]:[289, 874]
[63, 289]:[122, 289]
[63, 289]:[289, 564]
[63, 289]:[289, 650]
[63, 289]:[289, 743]
[63, 289]:[289, 874]
[122, 289]:[289, 564]
[122, 289]:[289, 650]
[122, 289]:[289, 743]
[122, 289]:[289, 874]
[289, 564]:[289, 650]
[289, 564]:[289, 743]
[289, 564]:[289, 874]
[289, 650]:[289, 743]
[289, 650]:[289, 874]
[289, 743]:[289, 874]
[37, 564]:[158, 564]
[37, 564]:[193, 564]
[37, 564]:[289, 564]
[37, 564]:[300, 564]
[37, 564]:[493, 564]
[37, 564]:[560, 564]
[37, 564]:[564, 582]
[37, 564]:[564, 601]
[158, 564]:[193, 564]
[158, 564]:[289, 564]
[158, 564]:[300, 564]
[158, 564]:[493, 564]
[158, 564]:[560, 564]
[158, 564]:[564, 582]
[158, 564]:[564, 601]
[193, 564]:[289, 564]
[193, 564]:[300, 564]
[193, 564]:[493, 564]
[193, 564]:[560, 564]
[193, 564]:[564, 582]
[193, 564]:[564, 601]
[289, 564]:[300, 564]
[289, 564]:[493, 564]
[289, 564]:[560, 564]
[289, 564]:[564, 582]
[289, 564]:[564, 601]
[300, 564]:[493, 564]
[300, 564]:[560, 564]
[300, 564]:[564, 582]
[300, 564]:[564, 601]
[493, 564]:[560, 564]
[493, 564]:[564, 582]
[493, 564]:[564, 601]
[560, 564]:[564, 582]
[560, 564]:[564, 601]
[564, 582]:[564, 601]
[37, 668]:[194, 668]
[37, 668]:[668, 688]
[37, 668]:[668, 815]
[37, 668]:[668, 941]
[194, 668]:[668, 688]
[194, 668]:[668, 815]
[194, 668]:[668, 941]
[668, 688]:[668, 815]
[668, 688]:[668, 941]
[668, 815]:[668, 941]
[37, 809]:[454, 809]
[37, 809]:[522, 809]
[37, 809]:[563, 809]
[37, 809]:[615, 809]
[37, 809]:[809, 967]
[454, 809]:[522, 809]
[454, 809]:[563, 809]
[454, 809]:[615, 809]
[454, 809]:[809, 967]
[522, 809]:[563, 809]
[522, 809]:[615, 809]
[522, 809]:[809, 967]
[563, 809]:[615, 809]
[563, 809]:[809, 967]
[615, 809]:[809, 967]
[37, 922]:[74, 922]
[37, 922]:[240, 922]
[37, 922]:[514, 922]
[37, 922]:[684, 922]
[37, 922]:[724, 922]
[37, 922]:[820, 922]
[37, 922]:[872, 922]
[37, 922]:[922, 966]
[74, 922]:[240, 922]
[74, 922]:[514, 922]
[74, 922]:[684, 922]
[74, 922]:[724, 922]
[74, 922]:[820, 922]
[74, 922]:[872, 922]
[74, 922]:[922, 966]
[240, 922]:[514, 922]
[240, 922]:[684, 922]
[240, 922]:[724, 922]
[240, 922]:[820, 922]
[240, 922]:[872, 922]
[240, 922]:[922, 966]
[514, 922]:[684, 922]
[514, 922]:[724, 922]
[514, 922]:[820, 922]
[514, 922]:[872, 922]
[514, 922]:[922, 966]
[684, 922]:[724, 922]
[684, 922]:[820, 922]
[684, 922]:[872, 922]
[684, 922]:[922, 966]
[724, 922]:[820, 922]
[724, 922]:[872, 922]
[724, 922]:[922, 966]
[820, 922]:[872, 922]
[820, 922]:[922, 966]
[872, 922]:[922, 966]
[38, 629]:[86, 629]
[38, 629]:[412, 629]
[38, 629]:[629, 702]
[38, 629]:[629, 717]
[38, 629]:[629, 755]
[38, 629]:[629, 859]
[38, 629]:[629, 890]
[38, 629]:[629, 914]
[86, 629]:[412, 629]
[86, 629]:[629, 702]
[86, 629]:[629, 717]
[86, 629]:[629, 755]
[86, 629]:[629, 859]
[86, 629]:[629, 890]
[86, 629]:[629, 914]
[412, 629]:[629, 702]
[412, 629]:[629, 717]
[412, 629]:[629, 755]
[412, 629]:[629, 859]
[412, 629]:[629, 890]
[412, 629]:[629, 914]
[629, 702]:[629, 717]
[629, 702]:[629, 755]
[629, 702]:[629, 859]
[629, 702]:[629, 890]
[629, 702]:[629, 914]
[629, 717]:[629, 755]
[629, 717]:[629, 859]
[629, 717]:[629, 890]
[629, 717]:[629, 914]
[629, 755]:[629, 859]
[629, 755]:[629, 890]
[629, 755]:[629, 914]
[629, 859]:[629, 890]
[629, 859]:[629, 914]
[629, 890]:[629, 914]
[38, 984]:[94, 984]
[38, 984]:[155, 984]
[38, 984]:[166, 984]
[38, 984]:[669, 984]
[38, 984]:[794, 984]
[94, 984]:[155, 984]
[94, 984]:[166, 984]
[94, 984]:[669, 984]
[94, 984]:[794, 984]
[155, 984]:[166, 984]
[155, 984]:[669, 984]
[155, 984]:[794, 984]
[166, 984]:[669, 984]
[166, 984]:[794, 984]
[669, 984]:[794, 984]
[39, 194]:[39, 588]
[39, 194]:[39, 673]
[39, 194]:[39, 897]
[39, 588]:[39, 673]
[39, 588]:[39, 897]
[39, 673]:[39, 897]
[39, 194]:[59, 194]
[39, 194]:[117, 194]
[39, 194]:[127, 194]
[39, 194]:[142, 194]
[39, 194]:[185, 194]
[39, 194]:[194, 209]
[39, 194]:[194, 307]
[39, 194]:[194, 358]
[39, 194]:[194, 421]
[39, 194]:[194, 455]
[39, 194]:[194, 668]
[39, 194]:[194, 913]
[39, 194]:[194, 962]
[39, 194]:[194, 969]
[59, 194]:[117, 194]
[59, 194]:[127, 194]
[59, 194]:[142, 194]
[59, 194]:[185, 194]
[59, 194]:[194, 209]
[59, 194]:[194, 307]
[59, 194]:[194, 358]
[59, 194]:[194, 421]
[59, 194]:[194, 455]
[59, 194]:[194, 668]
[59, 194]:[194, 913]
[59, 194]:[194, 962]
[59, 194]:[194, 969]
[117, 194]:[127, 194]
[117, 194]:[142, 194]
[117, 194]:[185, 194]
[117, 194]:[194, 209]
[117, 194]:[194, 307]
[117, 194]:[194, 358]
[117, 194]:[194, 421]
[117, 194]:[194, 455]
[117, 194]:[194, 668]
[117, 194]:[194, 913]
[117, 194]:[194, 962]
[117, 194]:[194, 969]
[127, 194]:[142, 194]
[127, 194]:[185, 194]
[127, 194]:[194, 209]
[127, 194]:[194, 307]
[127, 194]:[194, 358]
[127, 194]:[194, 421]
[127, 194]:[194, 455]
[127, 194]:[194, 668]
[127, 194]:[194, 913]
[127, 194]:[194, 962]
[127, 194]:[194, 969]
[142, 194]:[185, 194]
[142, 194]:[194, 209]
[142, 194]:[194, 307]
[142, 194]:[194, 358]
[142, 194]:[194, 421]
[142, 194]:[194, 455]
[142, 194]:[194, 668]
[142, 194]:[194, 913]
[142, 194]:[194, 962]
[142, 194]:[194, 969]
[185, 194]:[194, 209]
[185, 194]:[194, 307]
[185, 194]:[194, 358]
[185, 194]:[194, 421]
[185, 194]:[194, 455]
[185, 194]:[194, 668]
[185, 194]:[194, 913]
[185, 194]:[194, 962]
[185, 194]:[194, 969]
[194, 209]:[194, 307]
[194, 209]:[194, 358]
[194, 209]:[194, 421]
[194, 209]:[194, 455]
[194, 209]:[194, 668]
[194, 209]:[194, 913]
[194, 209]:[194, 962]
[194, 209]:[194, 969]
[194, 307]:[194, 358]
[194, 307]:[194, 421]
[194, 307]:[194, 455]
[194, 307]:[194, 668]
[194, 307]:[194, 913]
[194, 307]:[194, 962]
[194, 307]:[194, 969]
[194, 358]:[194, 421]
[194, 358]:[194, 455]
[194, 358]:[194, 668]
[194, 358]:[194, 913]
[194, 358]:[194, 962]
[194, 358]:[194, 969]
[194, 421]:[194, 455]
[194, 421]:[194, 668]
[194, 421]:[194, 913]
[194, 421]:[194, 962]
[194, 421]:[194, 969]
[194, 455]:[194, 668]
[194, 455]:[194, 913]
[194, 455]:[194, 962]
[194, 455]:[194, 969]
[194, 668]:[194, 913]
[194, 668]:[194, 962]
[194, 668]:[194, 969]
[194, 913]:[194, 962]
[194, 913]:[194, 969]
[194, 962]:[194, 969]
[39, 588]:[267, 588]
[39, 588]:[304, 588]
[39, 588]:[377, 588]
[267, 588]:[304, 588]
[267, 588]:[377, 588]
[304, 588]:[377, 588]
[39, 673]:[185, 673]
[39, 673]:[211, 673]
[39, 673]:[216, 673]
[39, 673]:[284, 673]
[39, 673]:[318, 673]
[39, 673]:[342, 673]
[39, 673]:[442, 673]
[39, 673]:[673, 706]
[39, 673]:[673, 725]
[185, 673]:[211, 673]
[185, 673]:[216, 673]
[185, 673]:[284, 673]
[185, 673]:[318, 673]
[185, 673]:[342, 673]
[185, 673]:[442, 673]
[185, 673]:[673, 706]
[185, 673]:[673, 725]
[211, 673]:[216, 673]
[211, 673]:[284, 673]
[211, 673]:[318, 673]
[211, 673]:[342, 673]
[211, 673]:[442, 673]
[211, 673]:[673, 706]
[211, 673]:[673, 725]
[216, 673]:[284, 673]
[216, 673]:[318, 673]
[216, 673]:[342, 673]
[216, 673]:[442, 673]
[216, 673]:[673, 706]
[216, 673]:[673, 725]
[284, 673]:[318, 673]
[284, 673]:[342, 673]
[284, 673]:[442, 673]
[284, 673]:[673, 706]
[284, 673]:[673, 725]
[318, 673]:[342, 673]
[318, 673]:[442, 673]
[318, 673]:[673, 706]
[318, 673]:[673, 725]
[342, 673]:[442, 673]
[342, 673]:[673, 706]
[342, 673]:[673, 725]
[442, 673]:[673, 706]
[442, 673]:[673, 725]
[673, 706]:[673, 725]
[40, 159]:[40, 366]
[40, 159]:[40, 753]
[40, 159]:[40, 803]
[40, 159]:[40, 875]
[40, 159]:[40, 959]
[40, 366]:[40, 753]
[40, 366]:[40, 803]
[40, 366]:[40, 875]
[40, 366]:[40, 959]
[40, 753]:[40, 803]
[40, 753]:[40, 875]
[40, 753]:[40, 959]
[40, 803]:[40, 875]
[40, 803]:[40, 959]
[40, 875]:[40, 959]
[40, 159]:[159, 256]
[40, 159]:[159, 600]
[40, 159]:[159, 605]
[40, 159]:[159, 638]
[40, 159]:[159, 670]
[40, 159]:[159, 682]
[40, 159]:[159, 689]
[40, 159]:[159, 844]
[40, 159]:[159, 891]
[40, 159]:[159, 965]
[159, 256]:[159, 600]
[159, 256]:[159, 605]
[159, 256]:[159, 638]
[159, 256]:[159, 670]
[159, 256]:[159, 682]
[159, 256]:[159, 689]
[159, 256]:[159, 844]
[159, 256]:[159, 891]
[159, 256]:[159, 965]
[159, 600]:[159, 605]
[159, 600]:[159, 638]
[159, 600]:[159, 670]
[159, 600]:[159, 682]
[159, 600]:[159, 689]
[159, 600]:[159, 844]
[159, 600]:[159, 891]
[159, 600]:[159, 965]
[159, 605]:[159, 638]
[159, 605]:[159, 670]
[159, 605]:[159, 682]
[159, 605]:[159, 689]
[159, 605]:[159, 844]
[159, 605]:[159, 891]
[159, 605]:[159, 965]
[159, 638]:[159, 670]
[159, 638]:[159, 682]
[159, 638]:[159, 689]
[159, 638]:[159, 844]
[159, 638]:[159, 891]
[159, 638]:[159, 965]
[159, 670]:[159, 682]
[159, 670]:[159, 689]
[159, 670]:[159, 844]
[159, 670]:[159, 891]
[159, 670]:[159, 965]
[159, 682]:[159, 689]
[159, 682]:[159, 844]
[159, 682]:[159, 891]
[159, 682]:[159, 965]
[159, 689]:[159, 844]
[159, 689]:[159, 891]
[159, 689]:[159, 965]
[159, 844]:[159, 891]
[159, 844]:[159, 965]
[159, 891]:[159, 965]
[40, 366]:[349, 366]
[40, 366]:[366, 559]
[40, 366]:[366, 674]
[40, 366]:[366, 972]
[40, 366]:[366, 987]
[40, 366]:[366, 989]
[349, 366]:[366, 559]
[349, 366]:[366, 674]
[349, 366]:[366, 972]
[349, 366]:[366, 987]
[349, 366]:[366, 989]
[366, 559]:[366, 674]
[366, 559]:[366, 972]
[366, 559]:[366, 987]
[366, 559]:[366, 989]
[366, 674]:[366, 972]
[366, 674]:[366, 987]
[366, 674]:[366, 989]
[366, 972]:[366, 987]
[366, 972]:[366, 989]
[366, 987]:[366, 989]
[40, 803]:[187, 803]
[40, 803]:[556, 803]
[40, 803]:[691, 803]
[40, 803]:[736, 803]
[187, 803]:[556, 803]
[187, 803]:[691, 803]
[187, 803]:[736, 803]
[556, 803]:[691, 803]
[556, 803]:[736, 803]
[691, 803]:[736, 803]
[40, 959]:[59, 959]
[40, 959]:[228, 959]
[40, 959]:[448, 959]
[40, 959]:[625, 959]
[40, 959]:[756, 959]
[40, 959]:[810, 959]
[40, 959]:[817, 959]
[40, 959]:[825, 959]
[40, 959]:[937, 959]
[59, 959]:[228, 959]
[59, 959]:[448, 959]
[59, 959]:[625, 959]
[59, 959]:[756, 959]
[59, 959]:[810, 959]
[59, 959]:[817, 959]
[59, 959]:[825, 959]
[59, 959]:[937, 959]
[228, 959]:[448, 959]
[228, 959]:[625, 959]
[228, 959]:[756, 959]
[228, 959]:[810, 959]
[228, 959]:[817, 959]
[228, 959]:[825, 959]
[228, 959]:[937, 959]
[448, 959]:[625, 959]
[448, 959]:[756, 959]
[448, 959]:[810, 959]
[448, 959]:[817, 959]
[448, 959]:[825, 959]
[448, 959]:[937, 959]
[625, 959]:[756, 959]
[625, 959]:[810, 959]
[625, 959]:[817, 959]
[625, 959]:[825, 959]
[625, 959]:[937, 959]
[756, 959]:[810, 959]
[756, 959]:[817, 959]
[756, 959]:[825, 959]
[756, 959]:[937, 959]
[810, 959]:[817, 959]
[810, 959]:[825, 959]
[810, 959]:[937, 959]
[817, 959]:[825, 959]
[817, 959]:[937, 959]
[825, 959]:[937, 959]
[41, 563]:[41, 704]
[41, 563]:[41, 767]
[41, 704]:[41, 767]
[41, 563]:[184, 563]
[41, 563]:[385, 563]
[41, 563]:[509, 563]
[41, 563]:[563, 731]
[41, 563]:[563, 809]
[41, 563]:[563, 824]
[41, 563]:[563, 983]
[184, 563]:[385, 563]
[184, 563]:[509, 563]
[184, 563]:[563, 731]
[184, 563]:[563, 809]
[184, 563]:[563, 824]
[184, 563]:[563, 983]
[385, 563]:[509, 563]
[385, 563]:[563, 731]
[385, 563]:[563, 809]
[385, 563]:[563, 824]
[385, 563]:[563, 983]
[509, 563]:[563, 731]
[509, 563]:[563, 809]
[509, 563]:[563, 824]
[509, 563]:[563, 983]
[563, 731]:[563, 809]
[563, 731]:[563, 824]
[563, 731]:[563, 983]
[563, 809]:[563, 824]
[563, 809]:[563, 983]
[563, 824]:[563, 983]
[42, 119]:[42, 278]
[42, 119]:[42, 929]
[42, 278]:[42, 929]
[42, 119]:[119, 120]
[42, 119]:[119, 192]
[42, 119]:[119, 202]
[42, 119]:[119, 239]
[42, 119]:[119, 448]
[42, 119]:[119, 694]
[42, 119]:[119, 738]
[42, 119]:[119, 796]
[42, 119]:[119, 821]
[119, 120]:[119, 192]
[119, 120]:[119, 202]
[119, 120]:[119, 239]
[119, 120]:[119, 448]
[119, 120]:[119, 694]
[119, 120]:[119, 738]
[119, 120]:[119, 796]
[119, 120]:[119, 821]
[119, 192]:[119, 202]
[119, 192]:[119, 239]
[119, 192]:[119, 448]
[119, 192]:[119, 694]
[119, 192]:[119, 738]
[119, 192]:[119, 796]
[119, 192]:[119, 821]
[119, 202]:[119, 239]
[119, 202]:[119, 448]
[119, 202]:[119, 694]
[119, 202]:[119, 738]
[119, 202]:[119, 796]
[119, 202]:[119, 821]
[119, 239]:[119, 448]
[119, 239]:[119, 694]
[119, 239]:[119, 738]
[119, 239]:[119, 796]
[119, 239]:[119, 821]
[119, 448]:[119, 694]
[119, 448]:[119, 738]
[119, 448]:[119, 796]
[119, 448]:[119, 821]
[119, 694]:[119, 738]
[119, 694]:[119, 796]
[119, 694]:[119, 821]
[119, 738]:[119, 796]
[119, 738]:[119, 821]
[119, 796]:[119, 821]
[42, 929]:[79, 929]
[42, 929]:[94, 929]
[42, 929]:[599, 929]
[42, 929]:[812, 929]
[42, 929]:[845, 929]
[42, 929]:[867, 929]
[79, 929]:[94, 929]
[79, 929]:[599, 929]
[79, 929]:[812, 929]
[79, 929]:[845, 929]
[79, 929]:[867, 929]
[94, 929]:[599, 929]
[94, 929]:[812, 929]
[94, 929]:[845, 929]
[94, 929]:[867, 929]
[599, 929]:[812, 929]
[599, 929]:[845, 929]
[599, 929]:[867, 929]
[812, 929]:[845, 929]
[812, 929]:[867, 929]
[845, 929]:[867, 929]
[43, 389]:[43, 644]
[43, 389]:[43, 791]
[43, 389]:[43, 919]
[43, 389]:[43, 940]
[43, 644]:[43, 791]
[43, 644]:[43, 919]
[43, 644]:[43, 940]
[43, 791]:[43, 919]
[43, 791]:[43, 940]
[43, 919]:[43, 940]
[43, 389]:[285, 389]
[43, 389]:[389, 710]
[43, 389]:[389, 724]
[43, 389]:[389, 751]
[285, 389]:[389, 710]
[285, 389]:[389, 724]
[285, 389]:[389, 751]
[389, 710]:[389, 724]
[389, 710]:[389, 751]
[389, 724]:[389, 751]
[43, 644]:[265, 644]
[43, 644]:[278, 644]
[43, 644]:[341, 644]
[43, 644]:[374, 644]
[43, 644]:[470, 644]
[43, 644]:[582, 644]
[43, 644]:[644, 702]
[265, 644]:[278, 644]
[265, 644]:[341, 644]
[265, 644]:[374, 644]
[265, 644]:[470, 644]
[265, 644]:[582, 644]
[265, 644]:[644, 702]
[278, 644]:[341, 644]
[278, 644]:[374, 644]
[278, 644]:[470, 644]
[278, 644]:[582, 644]
[278, 644]:[644, 702]
[341, 644]:[374, 644]
[341, 644]:[470, 644]
[341, 644]:[582, 644]
[341, 644]:[644, 702]
[374, 644]:[470, 644]
[374, 644]:[582, 644]
[374, 644]:[644, 702]
[470, 644]:[582, 644]
[470, 644]:[644, 702]
[582, 644]:[644, 702]
[43, 791]:[77, 791]
[43, 791]:[150, 791]
[43, 791]:[433, 791]
[43, 791]:[625, 791]
[43, 791]:[791, 810]
[43, 791]:[791, 973]
[77, 791]:[150, 791]
[77, 791]:[433, 791]
[77, 791]:[625, 791]
[77, 791]:[791, 810]
[77, 791]:[791, 973]
[150, 791]:[433, 791]
[150, 791]:[625, 791]
[150, 791]:[791, 810]
[150, 791]:[791, 973]
[433, 791]:[625, 791]
[433, 791]:[791, 810]
[433, 791]:[791, 973]
[625, 791]:[791, 810]
[625, 791]:[791, 973]
[791, 810]:[791, 973]
[43, 919]:[88, 919]
[43, 919]:[423, 919]
[43, 919]:[553, 919]
[43, 919]:[771, 919]
[43, 919]:[829, 919]
[43, 919]:[840, 919]
[88, 919]:[423, 919]
[88, 919]:[553, 919]
[88, 919]:[771, 919]
[88, 919]:[829, 919]
[88, 919]:[840, 919]
[423, 919]:[553, 919]
[423, 919]:[771, 919]
[423, 919]:[829, 919]
[423, 919]:[840, 919]
[553, 919]:[771, 919]
[553, 919]:[829, 919]
[553, 919]:[840, 919]
[771, 919]:[829, 919]
[771, 919]:[840, 919]
[829, 919]:[840, 919]
[43, 940]:[226, 940]
[43, 940]:[296, 940]
[43, 940]:[462, 940]
[43, 940]:[499, 940]
[43, 940]:[529, 940]
[43, 940]:[902, 940]
[43, 940]:[940, 957]
[226, 940]:[296, 940]
[226, 940]:[462, 940]
[226, 940]:[499, 940]
[226, 940]:[529, 940]
[226, 940]:[902, 940]
[226, 940]:[940, 957]
[296, 940]:[462, 940]
[296, 940]:[499, 940]
[296, 940]:[529, 940]
[296, 940]:[902, 940]
[296, 940]:[940, 957]
[462, 940]:[499, 940]
[462, 940]:[529, 940]
[462, 940]:[902, 940]
[462, 940]:[940, 957]
[499, 940]:[529, 940]
[499, 940]:[902, 940]
[499, 940]:[940, 957]
[529, 940]:[902, 940]
[529, 940]:[940, 957]
[902, 940]:[940, 957]
[44, 176]:[44, 814]
[44, 176]:[44, 846]
[44, 814]:[44, 846]
[44, 176]:[176, 212]
[44, 176]:[176, 295]
[44, 176]:[176, 524]
[44, 176]:[176, 622]
[44, 176]:[176, 666]
[44, 176]:[176, 874]
[44, 176]:[176, 999]
[176, 212]:[176, 295]
[176, 212]:[176, 524]
[176, 212]:[176, 622]
[176, 212]:[176, 666]
[176, 212]:[176, 874]
[176, 212]:[176, 999]
[176, 295]:[176, 524]
[176, 295]:[176, 622]
[176, 295]:[176, 666]
[176, 295]:[176, 874]
[176, 295]:[176, 999]
[176, 524]:[176, 622]
[176, 524]:[176, 666]
[176, 524]:[176, 874]
[176, 524]:[176, 999]
[176, 622]:[176, 666]
[176, 622]:[176, 874]
[176, 622]:[176, 999]
[176, 666]:[176, 874]
[176, 666]:[176, 999]
[176, 874]:[176, 999]
[44, 814]:[200, 814]
[44, 814]:[633, 814]
[200, 814]:[633, 814]
[44, 846]:[333, 846]
[44, 846]:[828, 846]
[333, 846]:[828, 846]
[45, 354]:[198, 354]
[45, 354]:[265, 354]
[45, 354]:[348, 354]
[45, 354]:[354, 386]
[45, 354]:[354, 716]
[45, 354]:[354, 970]
[198, 354]:[265, 354]
[198, 354]:[348, 354]
[198, 354]:[354, 386]
[198, 354]:[354, 716]
[198, 354]:[354, 970]
[265, 354]:[348, 354]
[265, 354]:[354, 386]
[265, 354]:[354, 716]
[265, 354]:[354, 970]
[348, 354]:[354, 386]
[348, 354]:[354, 716]
[348, 354]:[354, 970]
[354, 386]:[354, 716]
[354, 386]:[354, 970]
[354, 716]:[354, 970]
[45, 749]:[284, 749]
[45, 749]:[319, 749]
[45, 749]:[749, 781]
[45, 749]:[749, 967]
[284, 749]:[319, 749]
[284, 749]:[749, 781]
[284, 749]:[749, 967]
[319, 749]:[749, 781]
[319, 749]:[749, 967]
[749, 781]:[749, 967]
[45, 756]:[92, 756]
[45, 756]:[262, 756]
[45, 756]:[330, 756]
[45, 756]:[346, 756]
[45, 756]:[701, 756]
[45, 756]:[756, 829]
[45, 756]:[756, 959]
[45, 756]:[756, 961]
[92, 756]:[262, 756]
[92, 756]:[330, 756]
[92, 756]:[346, 756]
[92, 756]:[701, 756]
[92, 756]:[756, 829]
[92, 756]:[756, 959]
[92, 756]:[756, 961]
[262, 756]:[330, 756]
[262, 756]:[346, 756]
[262, 756]:[701, 756]
[262, 756]:[756, 829]
[262, 756]:[756, 959]
[262, 756]:[756, 961]
[330, 756]:[346, 756]
[330, 756]:[701, 756]
[330, 756]:[756, 829]
[330, 756]:[756, 959]
[330, 756]:[756, 961]
[346, 756]:[701, 756]
[346, 756]:[756, 829]
[346, 756]:[756, 959]
[346, 756]:[756, 961]
[701, 756]:[756, 829]
[701, 756]:[756, 959]
[701, 756]:[756, 961]
[756, 829]:[756, 959]
[756, 829]:[756, 961]
[756, 959]:[756, 961]
[45, 804]:[228, 804]
[45, 804]:[296, 804]
[45, 804]:[327, 804]
[45, 804]:[591, 804]
[45, 804]:[804, 881]
[228, 804]:[296, 804]
[228, 804]:[327, 804]
[228, 804]:[591, 804]
[228, 804]:[804, 881]
[296, 804]:[327, 804]
[296, 804]:[591, 804]
[296, 804]:[804, 881]
[327, 804]:[591, 804]
[327, 804]:[804, 881]
[591, 804]:[804, 881]
[45, 985]:[198, 985]
[45, 985]:[222, 985]
[198, 985]:[222, 985]
[46, 368]:[46, 526]
[46, 368]:[46, 706]
[46, 368]:[46, 729]
[46, 368]:[46, 874]
[46, 526]:[46, 706]
[46, 526]:[46, 729]
[46, 526]:[46, 874]
[46, 706]:[46, 729]
[46, 706]:[46, 874]
[46, 729]:[46, 874]
[46, 368]:[56, 368]
[46, 368]:[368, 412]
[46, 368]:[368, 451]
[46, 368]:[368, 512]
[46, 368]:[368, 800]
[56, 368]:[368, 412]
[56, 368]:[368, 451]
[56, 368]:[368, 512]
[56, 368]:[368, 800]
[368, 412]:[368, 451]
[368, 412]:[368, 512]
[368, 412]:[368, 800]
[368, 451]:[368, 512]
[368, 451]:[368, 800]
[368, 512]:[368, 800]
[46, 526]:[52, 526]
[46, 526]:[70, 526]
[46, 526]:[274, 526]
[46, 526]:[526, 570]
[46, 526]:[526, 707]
[46, 526]:[526, 831]
[52, 526]:[70, 526]
[52, 526]:[274, 526]
[52, 526]:[526, 570]
[52, 526]:[526, 707]
[52, 526]:[526, 831]
[70, 526]:[274, 526]
[70, 526]:[526, 570]
[70, 526]:[526, 707]
[70, 526]:[526, 831]
[274, 526]:[526, 570]
[274, 526]:[526, 707]
[274, 526]:[526, 831]
[526, 570]:[526, 707]
[526, 570]:[526, 831]
[526, 707]:[526, 831]
[46, 706]:[68, 706]
[46, 706]:[117, 706]
[46, 706]:[165, 706]
[46, 706]:[180, 706]
[46, 706]:[670, 706]
[46, 706]:[673, 706]
[46, 706]:[706, 864]
[46, 706]:[706, 986]
[68, 706]:[117, 706]
[68, 706]:[165, 706]
[68, 706]:[180, 706]
[68, 706]:[670, 706]
[68, 706]:[673, 706]
[68, 706]:[706, 864]
[68, 706]:[706, 986]
[117, 706]:[165, 706]
[117, 706]:[180, 706]
[117, 706]:[670, 706]
[117, 706]:[673, 706]
[117, 706]:[706, 864]
[117, 706]:[706, 986]
[165, 706]:[180, 706]
[165, 706]:[670, 706]
[165, 706]:[673, 706]
[165, 706]:[706, 864]
[165, 706]:[706, 986]
[180, 706]:[670, 706]
[180, 706]:[673, 706]
[180, 706]:[706, 864]
[180, 706]:[706, 986]
[670, 706]:[673, 706]
[670, 706]:[706, 864]
[670, 706]:[706, 986]
[673, 706]:[706, 864]
[673, 706]:[706, 986]
[706, 864]:[706, 986]
[46, 874]:[61, 874]
[46, 874]:[176, 874]
[46, 874]:[219, 874]
[46, 874]:[289, 874]
[46, 874]:[565, 874]
[46, 874]:[683, 874]
[46, 874]:[734, 874]
[61, 874]:[176, 874]
[61, 874]:[219, 874]
[61, 874]:[289, 874]
[61, 874]:[565, 874]
[61, 874]:[683, 874]
[61, 874]:[734, 874]
[176, 874]:[219, 874]
[176, 874]:[289, 874]
[176, 874]:[565, 874]
[176, 874]:[683, 874]
[176, 874]:[734, 874]
[219, 874]:[289, 874]
[219, 874]:[565, 874]
[219, 874]:[683, 874]
[219, 874]:[734, 874]
[289, 874]:[565, 874]
[289, 874]:[683, 874]
[289, 874]:[734, 874]
[565, 874]:[683, 874]
[565, 874]:[734, 874]
[683, 874]:[734, 874]
[47, 338]:[156, 338]
[47, 338]:[338, 440]
[47, 338]:[338, 584]
[47, 338]:[338, 785]
[156, 338]:[338, 440]
[156, 338]:[338, 584]
[156, 338]:[338, 785]
[338, 440]:[338, 584]
[338, 440]:[338, 785]
[338, 584]:[338, 785]
[47, 430]:[130, 430]
[47, 430]:[164, 430]
[47, 430]:[430, 480]
[47, 430]:[430, 607]
[47, 430]:[430, 828]
[47, 430]:[430, 999]
[130, 430]:[164, 430]
[130, 430]:[430, 480]
[130, 430]:[430, 607]
[130, 430]:[430, 828]
[130, 430]:[430, 999]
[164, 430]:[430, 480]
[164, 430]:[430, 607]
[164, 430]:[430, 828]
[164, 430]:[430, 999]
[430, 480]:[430, 607]
[430, 480]:[430, 828]
[430, 480]:[430, 999]
[430, 607]:[430, 828]
[430, 607]:[430, 999]
[430, 828]:[430, 999]
[47, 787]:[118, 787]
[47, 787]:[165, 787]
[47, 787]:[522, 787]
[47, 787]:[569, 787]
[47, 787]:[641, 787]
[47, 787]:[643, 787]
[47, 787]:[787, 976]
[118, 787]:[165, 787]
[118, 787]:[522, 787]
[118, 787]:[569, 787]
[118, 787]:[641, 787]
[118, 787]:[643, 787]
[118, 787]:[787, 976]
[165, 787]:[522, 787]
[165, 787]:[569, 787]
[165, 787]:[641, 787]
[165, 787]:[643, 787]
[165, 787]:[787, 976]
[522, 787]:[569, 787]
[522, 787]:[641, 787]
[522, 787]:[643, 787]
[522, 787]:[787, 976]
[569, 787]:[641, 787]
[569, 787]:[643, 787]
[569, 787]:[787, 976]
[641, 787]:[643, 787]
[641, 787]:[787, 976]
[643, 787]:[787, 976]
[48, 198]:[48, 325]
[48, 198]:[48, 721]
[48, 198]:[48, 798]
[48, 198]:[48, 879]
[48, 325]:[48, 721]
[48, 325]:[48, 798]
[48, 325]:[48, 879]
[48, 721]:[48, 798]
[48, 721]:[48, 879]
[48, 798]:[48, 879]
[48, 198]:[190, 198]
[48, 198]:[198, 246]
[48, 198]:[198, 278]
[48, 198]:[198, 354]
[48, 198]:[198, 445]
[48, 198]:[198, 484]
[48, 198]:[198, 492]
[48, 198]:[198, 505]
[48, 198]:[198, 541]
[48, 198]:[198, 681]
[48, 198]:[198, 726]
[48, 198]:[198, 968]
[48, 198]:[198, 985]
[190, 198]:[198, 246]
[190, 198]:[198, 278]
[190, 198]:[198, 354]
[190, 198]:[198, 445]
[190, 198]:[198, 484]
[190, 198]:[198, 492]
[190, 198]:[198, 505]
[190, 198]:[198, 541]
[190, 198]:[198, 681]
[190, 198]:[198, 726]
[190, 198]:[198, 968]
[190, 198]:[198, 985]
[198, 246]:[198, 278]
[198, 246]:[198, 354]
[198, 246]:[198, 445]
[198, 246]:[198, 484]
[198, 246]:[198, 492]
[198, 246]:[198, 505]
[198, 246]:[198, 541]
[198, 246]:[198, 681]
[198, 246]:[198, 726]
[198, 246]:[198, 968]
[198, 246]:[198, 985]
[198, 278]:[198, 354]
[198, 278]:[198, 445]
[198, 278]:[198, 484]
[198, 278]:[198, 492]
[198, 278]:[198, 505]
[198, 278]:[198, 541]
[198, 278]:[198, 681]
[198, 278]:[198, 726]
[198, 278]:[198, 968]
[198, 278]:[198, 985]
[198, 354]:[198, 445]
[198, 354]:[198, 484]
[198, 354]:[198, 492]
[198, 354]:[198, 505]
[198, 354]:[198, 541]
[198, 354]:[198, 681]
[198, 354]:[198, 726]
[198, 354]:[198, 968]
[198, 354]:[198, 985]
[198, 445]:[198, 484]
[198, 445]:[198, 492]
[198, 445]:[198, 505]
[198, 445]:[198, 541]
[198, 445]:[198, 681]
[198, 445]:[198, 726]
[198, 445]:[198, 968]
[198, 445]:[198, 985]
[198, 484]:[198, 492]
[198, 484]:[198, 505]
[198, 484]:[198, 541]
[198, 484]:[198, 681]
[198, 484]:[198, 726]
[198, 484]:[198, 968]
[198, 484]:[198, 985]
[198, 492]:[198, 505]
[198, 492]:[198, 541]
[198, 492]:[198, 681]
[198, 492]:[198, 726]
[198, 492]:[198, 968]
[198, 492]:[198, 985]
[198, 505]:[198, 541]
[198, 505]:[198, 681]
[198, 505]:[198, 726]
[198, 505]:[198, 968]
[198, 505]:[198, 985]
[198, 541]:[198, 681]
[198, 541]:[198, 726]
[198, 541]:[198, 968]
[198, 541]:[198, 985]
[198, 681]:[198, 726]
[198, 681]:[198, 968]
[198, 681]:[198, 985]
[198, 726]:[198, 968]
[198, 726]:[198, 985]
[198, 968]:[198, 985]
[48, 325]:[108, 325]
[48, 325]:[200, 325]
[48, 325]:[325, 485]
[48, 325]:[325, 581]
[48, 325]:[325, 834]
[48, 325]:[325, 849]
[108, 325]:[200, 325]
[108, 325]:[325, 485]
[108, 325]:[325, 581]
[108, 325]:[325, 834]
[108, 325]:[325, 849]
[200, 325]:[325, 485]
[200, 325]:[325, 581]
[200, 325]:[325, 834]
[200, 325]:[325, 849]
[325, 485]:[325, 581]
[325, 485]:[325, 834]
[325, 485]:[325, 849]
[325, 581]:[325, 834]
[325, 581]:[325, 849]
[325, 834]:[325, 849]
[48, 721]:[54, 721]
[48, 721]:[55, 721]
[48, 721]:[255, 721]
[48, 721]:[447, 721]
[48, 721]:[679, 721]
[48, 721]:[720, 721]
[54, 721]:[55, 721]
[54, 721]:[255, 721]
[54, 721]:[447, 721]
[54, 721]:[679, 721]
[54, 721]:[720, 721]
[55, 721]:[255, 721]
[55, 721]:[447, 721]
[55, 721]:[679, 721]
[55, 721]:[720, 721]
[255, 721]:[447, 721]
[255, 721]:[679, 721]
[255, 721]:[720, 721]
[447, 721]:[679, 721]
[447, 721]:[720, 721]
[679, 721]:[720, 721]
[48, 798]:[86, 798]
[48, 798]:[220, 798]
[48, 798]:[273, 798]
[48, 798]:[592, 798]
[48, 798]:[780, 798]
[48, 798]:[798, 830]
[48, 798]:[798, 924]
[86, 798]:[220, 798]
[86, 798]:[273, 798]
[86, 798]:[592, 798]
[86, 798]:[780, 798]
[86, 798]:[798, 830]
[86, 798]:[798, 924]
[220, 798]:[273, 798]
[220, 798]:[592, 798]
[220, 798]:[780, 798]
[220, 798]:[798, 830]
[220, 798]:[798, 924]
[273, 798]:[592, 798]
[273, 798]:[780, 798]
[273, 798]:[798, 830]
[273, 798]:[798, 924]
[592, 798]:[780, 798]
[592, 798]:[798, 830]
[592, 798]:[798, 924]
[780, 798]:[798, 830]
[780, 798]:[798, 924]
[798, 830]:[798, 924]
[48, 879]:[123, 879]
[48, 879]:[206, 879]
[48, 879]:[255, 879]
[48, 879]:[313, 879]
[48, 879]:[349, 879]
[48, 879]:[570, 879]
[48, 879]:[879, 880]
[123, 879]:[206, 879]
[123, 879]:[255, 879]
[123, 879]:[313, 879]
[123, 879]:[349, 879]
[123, 879]:[570, 879]
[123, 879]:[879, 880]
[206, 879]:[255, 879]
[206, 879]:[313, 879]
[206, 879]:[349, 879]
[206, 879]:[570, 879]
[206, 879]:[879, 880]
[255, 879]:[313, 879]
[255, 879]:[349, 879]
[255, 879]:[570, 879]
[255, 879]:[879, 880]
[313, 879]:[349, 879]
[313, 879]:[570, 879]
[313, 879]:[879, 880]
[349, 879]:[570, 879]
[349, 879]:[879, 880]
[570, 879]:[879, 880]
[49, 500]:[49, 536]
[49, 500]:[49, 576]
[49, 500]:[49, 591]
[49, 500]:[49, 658]
[49, 500]:[49, 719]
[49, 536]:[49, 576]
[49, 536]:[49, 591]
[49, 536]:[49, 658]
[49, 536]:[49, 719]
[49, 576]:[49, 591]
[49, 576]:[49, 658]
[49, 576]:[49, 719]
[49, 591]:[49, 658]
[49, 591]:[49, 719]
[49, 658]:[49, 719]
[49, 500]:[294, 500]
[49, 500]:[500, 503]
[49, 500]:[500, 515]
[49, 500]:[500, 543]
[49, 500]:[500, 802]
[49, 500]:[500, 947]
[49, 500]:[500, 949]
[294, 500]:[500, 503]
[294, 500]:[500, 515]
[294, 500]:[500, 543]
[294, 500]:[500, 802]
[294, 500]:[500, 947]
[294, 500]:[500, 949]
[500, 503]:[500, 515]
[500, 503]:[500, 543]
[500, 503]:[500, 802]
[500, 503]:[500, 947]
[500, 503]:[500, 949]
[500, 515]:[500, 543]
[500, 515]:[500, 802]
[500, 515]:[500, 947]
[500, 515]:[500, 949]
[500, 543]:[500, 802]
[500, 543]:[500, 947]
[500, 543]:[500, 949]
[500, 802]:[500, 947]
[500, 802]:[500, 949]
[500, 947]:[500, 949]
[49, 536]:[70, 536]
[49, 536]:[382, 536]
[49, 536]:[471, 536]
[70, 536]:[382, 536]
[70, 536]:[471, 536]
[382, 536]:[471, 536]
[49, 576]:[576, 579]
[49, 576]:[576, 762]
[49, 576]:[576, 960]
[576, 579]:[576, 762]
[576, 579]:[576, 960]
[576, 762]:[576, 960]
[49, 591]:[101, 591]
[49, 591]:[157, 591]
[49, 591]:[351, 591]
[49, 591]:[551, 591]
[49, 591]:[591, 704]
[49, 591]:[591, 804]
[101, 591]:[157, 591]
[101, 591]:[351, 591]
[101, 591]:[551, 591]
[101, 591]:[591, 704]
[101, 591]:[591, 804]
[157, 591]:[351, 591]
[157, 591]:[551, 591]
[157, 591]:[591, 704]
[157, 591]:[591, 804]
[351, 591]:[551, 591]
[351, 591]:[591, 704]
[351, 591]:[591, 804]
[551, 591]:[591, 704]
[551, 591]:[591, 804]
[591, 704]:[591, 804]
[49, 719]:[253, 719]
[49, 719]:[392, 719]
[49, 719]:[499, 719]
[253, 719]:[392, 719]
[253, 719]:[499, 719]
[392, 719]:[499, 719]
[50, 71]:[50, 691]
[50, 71]:[71, 212]
[50, 71]:[71, 401]
[50, 71]:[71, 503]
[50, 71]:[71, 655]
[50, 71]:[71, 829]
[50, 71]:[71, 834]
[71, 212]:[71, 401]
[71, 212]:[71, 503]
[71, 212]:[71, 655]
[71, 212]:[71, 829]
[71, 212]:[71, 834]
[71, 401]:[71, 503]
[71, 401]:[71, 655]
[71, 401]:[71, 829]
[71, 401]:[71, 834]
[71, 503]:[71, 655]
[71, 503]:[71, 829]
[71, 503]:[71, 834]
[71, 655]:[71, 829]
[71, 655]:[71, 834]
[71, 829]:[71, 834]
[50, 691]:[558, 691]
[50, 691]:[651, 691]
[50, 691]:[691, 803]
[50, 691]:[691, 941]
[558, 691]:[651, 691]
[558, 691]:[691, 803]
[558, 691]:[691, 941]
[651, 691]:[691, 803]
[651, 691]:[691, 941]
[691, 803]:[691, 941]
[51, 196]:[51, 203]
[51, 196]:[51, 276]
[51, 196]:[51, 286]
[51, 196]:[51, 461]
[51, 196]:[51, 508]
[51, 196]:[51, 961]
[51, 203]:[51, 276]
[51, 203]:[51, 286]
[51, 203]:[51, 461]
[51, 203]:[51, 508]
[51, 203]:[51, 961]
[51, 276]:[51, 286]
[51, 276]:[51, 461]
[51, 276]:[51, 508]
[51, 276]:[51, 961]
[51, 286]:[51, 461]
[51, 286]:[51, 508]
[51, 286]:[51, 961]
[51, 461]:[51, 508]
[51, 461]:[51, 961]
[51, 508]:[51, 961]
[51, 196]:[102, 196]
[51, 196]:[179, 196]
[51, 196]:[196, 351]
[51, 196]:[196, 516]
[51, 196]:[196, 656]
[51, 196]:[196, 664]
[51, 196]:[196, 727]
[51, 196]:[196, 784]
[51, 196]:[196, 785]
[102, 196]:[179, 196]
[102, 196]:[196, 351]
[102, 196]:[196, 516]
[102, 196]:[196, 656]
[102, 196]:[196, 664]
[102, 196]:[196, 727]
[102, 196]:[196, 784]
[102, 196]:[196, 785]
[179, 196]:[196, 351]
[179, 196]:[196, 516]
[179, 196]:[196, 656]
[179, 196]:[196, 664]
[179, 196]:[196, 727]
[179, 196]:[196, 784]
[179, 196]:[196, 785]
[196, 351]:[196, 516]
[196, 351]:[196, 656]
[196, 351]:[196, 664]
[196, 351]:[196, 727]
[196, 351]:[196, 784]
[196, 351]:[196, 785]
[196, 516]:[196, 656]
[196, 516]:[196, 664]
[196, 516]:[196, 727]
[196, 516]:[196, 784]
[196, 516]:[196, 785]
[196, 656]:[196, 664]
[196, 656]:[196, 727]
[196, 656]:[196, 784]
[196, 656]:[196, 785]
[196, 664]:[196, 727]
[196, 664]:[196, 784]
[196, 664]:[196, 785]
[196, 727]:[196, 784]
[196, 727]:[196, 785]
[196, 784]:[196, 785]
[51, 203]:[82, 203]
[51, 203]:[179, 203]
[51, 203]:[203, 249]
[51, 203]:[203, 296]
[51, 203]:[203, 387]
[51, 203]:[203, 489]
[51, 203]:[203, 634]
[51, 203]:[203, 703]
[82, 203]:[179, 203]
[82, 203]:[203, 249]
[82, 203]:[203, 296]
[82, 203]:[203, 387]
[82, 203]:[203, 489]
[82, 203]:[203, 634]
[82, 203]:[203, 703]
[179, 203]:[203, 249]
[179, 203]:[203, 296]
[179, 203]:[203, 387]
[179, 203]:[203, 489]
[179, 203]:[203, 634]
[179, 203]:[203, 703]
[203, 249]:[203, 296]
[203, 249]:[203, 387]
[203, 249]:[203, 489]
[203, 249]:[203, 634]
[203, 249]:[203, 703]
[203, 296]:[203, 387]
[203, 296]:[203, 489]
[203, 296]:[203, 634]
[203, 296]:[203, 703]
[203, 387]:[203, 489]
[203, 387]:[203, 634]
[203, 387]:[203, 703]
[203, 489]:[203, 634]
[203, 489]:[203, 703]
[203, 634]:[203, 703]
[51, 276]:[103, 276]
[51, 276]:[208, 276]
[51, 276]:[276, 393]
[51, 276]:[276, 585]
[51, 276]:[276, 658]
[51, 276]:[276, 841]
[51, 276]:[276, 927]
[103, 276]:[208, 276]
[103, 276]:[276, 393]
[103, 276]:[276, 585]
[103, 276]:[276, 658]
[103, 276]:[276, 841]
[103, 276]:[276, 927]
[208, 276]:[276, 393]
[208, 276]:[276, 585]
[208, 276]:[276, 658]
[208, 276]:[276, 841]
[208, 276]:[276, 927]
[276, 393]:[276, 585]
[276, 393]:[276, 658]
[276, 393]:[276, 841]
[276, 393]:[276, 927]
[276, 585]:[276, 658]
[276, 585]:[276, 841]
[276, 585]:[276, 927]
[276, 658]:[276, 841]
[276, 658]:[276, 927]
[276, 841]:[276, 927]
[51, 286]:[62, 286]
[51, 286]:[120, 286]
[51, 286]:[260, 286]
[51, 286]:[282, 286]
[51, 286]:[286, 537]
[62, 286]:[120, 286]
[62, 286]:[260, 286]
[62, 286]:[282, 286]
[62, 286]:[286, 537]
[120, 286]:[260, 286]
[120, 286]:[282, 286]
[120, 286]:[286, 537]
[260, 286]:[282, 286]
[260, 286]:[286, 537]
[282, 286]:[286, 537]
[51, 461]:[67, 461]
[51, 461]:[77, 461]
[51, 461]:[221, 461]
[51, 461]:[233, 461]
[51, 461]:[454, 461]
[51, 461]:[457, 461]
[51, 461]:[461, 543]
[51, 461]:[461, 651]
[67, 461]:[77, 461]
[67, 461]:[221, 461]
[67, 461]:[233, 461]
[67, 461]:[454, 461]
[67, 461]:[457, 461]
[67, 461]:[461, 543]
[67, 461]:[461, 651]
[77, 461]:[221, 461]
[77, 461]:[233, 461]
[77, 461]:[454, 461]
[77, 461]:[457, 461]
[77, 461]:[461, 543]
[77, 461]:[461, 651]
[221, 461]:[233, 461]
[221, 461]:[454, 461]
[221, 461]:[457, 461]
[221, 461]:[461, 543]
[221, 461]:[461, 651]
[233, 461]:[454, 461]
[233, 461]:[457, 461]
[233, 461]:[461, 543]
[233, 461]:[461, 651]
[454, 461]:[457, 461]
[454, 461]:[461, 543]
[454, 461]:[461, 651]
[457, 461]:[461, 543]
[457, 461]:[461, 651]
[461, 543]:[461, 651]
[51, 508]:[143, 508]
[51, 508]:[508, 515]
[51, 508]:[508, 525]
[51, 508]:[508, 648]
[51, 508]:[508, 876]
[143, 508]:[508, 515]
[143, 508]:[508, 525]
[143, 508]:[508, 648]
[143, 508]:[508, 876]
[508, 515]:[508, 525]
[508, 515]:[508, 648]
[508, 515]:[508, 876]
[508, 525]:[508, 648]
[508, 525]:[508, 876]
[508, 648]:[508, 876]
[52, 312]:[52, 526]
[52, 312]:[52, 626]
[52, 312]:[52, 724]
[52, 312]:[52, 840]
[52, 312]:[52, 983]
[52, 526]:[52, 626]
[52, 526]:[52, 724]
[52, 526]:[52, 840]
[52, 526]:[52, 983]
[52, 626]:[52, 724]
[52, 626]:[52, 840]
[52, 626]:[52, 983]
[52, 724]:[52, 840]
[52, 724]:[52, 983]
[52, 840]:[52, 983]
[52, 724]:[132, 724]
[52, 724]:[216, 724]
[52, 724]:[298, 724]
[52, 724]:[334, 724]
[52, 724]:[389, 724]
[52, 724]:[704, 724]
[52, 724]:[724, 735]
[52, 724]:[724, 922]
[132, 724]:[216, 724]
[132, 724]:[298, 724]
[132, 724]:[334, 724]
[132, 724]:[389, 724]
[132, 724]:[704, 724]
[132, 724]:[724, 735]
[132, 724]:[724, 922]
[216, 724]:[298, 724]
[216, 724]:[334, 724]
[216, 724]:[389, 724]
[216, 724]:[704, 724]
[216, 724]:[724, 735]
[216, 724]:[724, 922]
[298, 724]:[334, 724]
[298, 724]:[389, 724]
[298, 724]:[704, 724]
[298, 724]:[724, 735]
[298, 724]:[724, 922]
[334, 724]:[389, 724]
[334, 724]:[704, 724]
[334, 724]:[724, 735]
[334, 724]:[724, 922]
[389, 724]:[704, 724]
[389, 724]:[724, 735]
[389, 724]:[724, 922]
[704, 724]:[724, 735]
[704, 724]:[724, 922]
[724, 735]:[724, 922]
[52, 840]:[130, 840]
[52, 840]:[172, 840]
[52, 840]:[322, 840]
[52, 840]:[437, 840]
[52, 840]:[805, 840]
[52, 840]:[840, 919]
[130, 840]:[172, 840]
[130, 840]:[322, 840]
[130, 840]:[437, 840]
[130, 840]:[805, 840]
[130, 840]:[840, 919]
[172, 840]:[322, 840]
[172, 840]:[437, 840]
[172, 840]:[805, 840]
[172, 840]:[840, 919]
[322, 840]:[437, 840]
[322, 840]:[805, 840]
[322, 840]:[840, 919]
[437, 840]:[805, 840]
[437, 840]:[840, 919]
[805, 840]:[840, 919]
[52, 983]:[283, 983]
[52, 983]:[419, 983]
[52, 983]:[546, 983]
[52, 983]:[563, 983]
[52, 983]:[612, 983]
[52, 983]:[701, 983]
[52, 983]:[819, 983]
[52, 983]:[836, 983]
[283, 983]:[419, 983]
[283, 983]:[546, 983]
[283, 983]:[563, 983]
[283, 983]:[612, 983]
[283, 983]:[701, 983]
[283, 983]:[819, 983]
[283, 983]:[836, 983]
[419, 983]:[546, 983]
[419, 983]:[563, 983]
[419, 983]:[612, 983]
[419, 983]:[701, 983]
[419, 983]:[819, 983]
[419, 983]:[836, 983]
[546, 983]:[563, 983]
[546, 983]:[612, 983]
[546, 983]:[701, 983]
[546, 983]:[819, 983]
[546, 983]:[836, 983]
[563, 983]:[612, 983]
[563, 983]:[701, 983]
[563, 983]:[819, 983]
[563, 983]:[836, 983]
[612, 983]:[701, 983]
[612, 983]:[819, 983]
[612, 983]:[836, 983]
[701, 983]:[819, 983]
[701, 983]:[836, 983]
[819, 983]:[836, 983]
[53, 129]:[53, 135]
[53, 129]:[53, 265]
[53, 129]:[53, 295]
[53, 129]:[53, 774]
[53, 129]:[53, 933]
[53, 135]:[53, 265]
[53, 135]:[53, 295]
[53, 135]:[53, 774]
[53, 135]:[53, 933]
[53, 265]:[53, 295]
[53, 265]:[53, 774]
[53, 265]:[53, 933]
[53, 295]:[53, 774]
[53, 295]:[53, 933]
[53, 774]:[53, 933]
[53, 129]:[129, 138]
[53, 129]:[129, 240]
[53, 129]:[129, 319]
[53, 129]:[129, 409]
[53, 129]:[129, 847]
[53, 129]:[129, 926]
[53, 129]:[129, 974]
[129, 138]:[129, 240]
[129, 138]:[129, 319]
[129, 138]:[129, 409]
[129, 138]:[129, 847]
[129, 138]:[129, 926]
[129, 138]:[129, 974]
[129, 240]:[129, 319]
[129, 240]:[129, 409]
[129, 240]:[129, 847]
[129, 240]:[129, 926]
[129, 240]:[129, 974]
[129, 319]:[129, 409]
[129, 319]:[129, 847]
[129, 319]:[129, 926]
[129, 319]:[129, 974]
[129, 409]:[129, 847]
[129, 409]:[129, 926]
[129, 409]:[129, 974]
[129, 847]:[129, 926]
[129, 847]:[129, 974]
[129, 926]:[129, 974]
[53, 135]:[135, 870]
[53, 265]:[87, 265]
[53, 265]:[111, 265]
[53, 265]:[168, 265]
[53, 265]:[265, 354]
[53, 265]:[265, 524]
[53, 265]:[265, 644]
[53, 265]:[265, 651]
[53, 265]:[265, 973]
[87, 265]:[111, 265]
[87, 265]:[168, 265]
[87, 265]:[265, 354]
[87, 265]:[265, 524]
[87, 265]:[265, 644]
[87, 265]:[265, 651]
[87, 265]:[265, 973]
[111, 265]:[168, 265]
[111, 265]:[265, 354]
[111, 265]:[265, 524]
[111, 265]:[265, 644]
[111, 265]:[265, 651]
[111, 265]:[265, 973]
[168, 265]:[265, 354]
[168, 265]:[265, 524]
[168, 265]:[265, 644]
[168, 265]:[265, 651]
[168, 265]:[265, 973]
[265, 354]:[265, 524]
[265, 354]:[265, 644]
[265, 354]:[265, 651]
[265, 354]:[265, 973]
[265, 524]:[265, 644]
[265, 524]:[265, 651]
[265, 524]:[265, 973]
[265, 644]:[265, 651]
[265, 644]:[265, 973]
[265, 651]:[265, 973]
[53, 295]:[73, 295]
[53, 295]:[85, 295]
[53, 295]:[91, 295]
[53, 295]:[176, 295]
[53, 295]:[295, 436]
[53, 295]:[295, 448]
[53, 295]:[295, 649]
[53, 295]:[295, 752]
[53, 295]:[295, 892]
[53, 295]:[295, 928]
[73, 295]:[85, 295]
[73, 295]:[91, 295]
[73, 295]:[176, 295]
[73, 295]:[295, 436]
[73, 295]:[295, 448]
[73, 295]:[295, 649]
[73, 295]:[295, 752]
[73, 295]:[295, 892]
[73, 295]:[295, 928]
[85, 295]:[91, 295]
[85, 295]:[176, 295]
[85, 295]:[295, 436]
[85, 295]:[295, 448]
[85, 295]:[295, 649]
[85, 295]:[295, 752]
[85, 295]:[295, 892]
[85, 295]:[295, 928]
[91, 295]:[176, 295]
[91, 295]:[295, 436]
[91, 295]:[295, 448]
[91, 295]:[295, 649]
[91, 295]:[295, 752]
[91, 295]:[295, 892]
[91, 295]:[295, 928]
[176, 295]:[295, 436]
[176, 295]:[295, 448]
[176, 295]:[295, 649]
[176, 295]:[295, 752]
[176, 295]:[295, 892]
[176, 295]:[295, 928]
[295, 436]:[295, 448]
[295, 436]:[295, 649]
[295, 436]:[295, 752]
[295, 436]:[295, 892]
[295, 436]:[295, 928]
[295, 448]:[295, 649]
[295, 448]:[295, 752]
[295, 448]:[295, 892]
[295, 448]:[295, 928]
[295, 649]:[295, 752]
[295, 649]:[295, 892]
[295, 649]:[295, 928]
[295, 752]:[295, 892]
[295, 752]:[295, 928]
[295, 892]:[295, 928]
[53, 774]:[67, 774]
[53, 774]:[163, 774]
[53, 774]:[332, 774]
[53, 774]:[355, 774]
[53, 774]:[538, 774]
[53, 774]:[681, 774]
[53, 774]:[774, 973]
[67, 774]:[163, 774]
[67, 774]:[332, 774]
[67, 774]:[355, 774]
[67, 774]:[538, 774]
[67, 774]:[681, 774]
[67, 774]:[774, 973]
[163, 774]:[332, 774]
[163, 774]:[355, 774]
[163, 774]:[538, 774]
[163, 774]:[681, 774]
[163, 774]:[774, 973]
[332, 774]:[355, 774]
[332, 774]:[538, 774]
[332, 774]:[681, 774]
[332, 774]:[774, 973]
[355, 774]:[538, 774]
[355, 774]:[681, 774]
[355, 774]:[774, 973]
[538, 774]:[681, 774]
[538, 774]:[774, 973]
[681, 774]:[774, 973]
[53, 933]:[207, 933]
[53, 933]:[257, 933]
[53, 933]:[456, 933]
[53, 933]:[458, 933]
[53, 933]:[755, 933]
[207, 933]:[257, 933]
[207, 933]:[456, 933]
[207, 933]:[458, 933]
[207, 933]:[755, 933]
[257, 933]:[456, 933]
[257, 933]:[458, 933]
[257, 933]:[755, 933]
[456, 933]:[458, 933]
[456, 933]:[755, 933]
[458, 933]:[755, 933]
[54, 85]:[85, 253]
[54, 85]:[85, 295]
[54, 85]:[85, 943]
[85, 253]:[85, 295]
[85, 253]:[85, 943]
[85, 295]:[85, 943]
[54, 396]:[396, 400]
[54, 396]:[396, 435]
[54, 396]:[396, 499]
[54, 396]:[396, 770]
[396, 400]:[396, 435]
[396, 400]:[396, 499]
[396, 400]:[396, 770]
[396, 435]:[396, 499]
[396, 435]:[396, 770]
[396, 499]:[396, 770]
[54, 631]:[101, 631]
[54, 631]:[169, 631]
[54, 631]:[560, 631]
[54, 631]:[631, 751]
[101, 631]:[169, 631]
[101, 631]:[560, 631]
[101, 631]:[631, 751]
[169, 631]:[560, 631]
[169, 631]:[631, 751]
[560, 631]:[631, 751]
[55, 230]:[55, 721]
[55, 230]:[55, 979]
[55, 721]:[55, 979]
[55, 230]:[197, 230]
[55, 230]:[230, 539]
[55, 230]:[230, 758]
[55, 230]:[230, 918]
[197, 230]:[230, 539]
[197, 230]:[230, 758]
[197, 230]:[230, 918]
[230, 539]:[230, 758]
[230, 539]:[230, 918]
[230, 758]:[230, 918]
[56, 365]:[56, 368]
[57, 405]:[57, 572]
[57, 572]:[218, 572]
[57, 572]:[442, 572]
[57, 572]:[572, 669]
[57, 572]:[572, 695]
[57, 572]:[572, 817]
[218, 572]:[442, 572]
[218, 572]:[572, 669]
[218, 572]:[572, 695]
[218, 572]:[572, 817]
[442, 572]:[572, 669]
[442, 572]:[572, 695]
[442, 572]:[572, 817]
[572, 669]:[572, 695]
[572, 669]:[572, 817]
[572, 695]:[572, 817]
[58, 103]:[58, 178]
[58, 103]:[58, 688]
[58, 178]:[58, 688]
[58, 103]:[83, 103]
[58, 103]:[103, 276]
[58, 103]:[103, 309]
[58, 103]:[103, 490]
[58, 103]:[103, 552]
[58, 103]:[103, 805]
[58, 103]:[103, 979]
[83, 103]:[103, 276]
[83, 103]:[103, 309]
[83, 103]:[103, 490]
[83, 103]:[103, 552]
[83, 103]:[103, 805]
[83, 103]:[103, 979]
[103, 276]:[103, 309]
[103, 276]:[103, 490]
[103, 276]:[103, 552]
[103, 276]:[103, 805]
[103, 276]:[103, 979]
[103, 309]:[103, 490]
[103, 309]:[103, 552]
[103, 309]:[103, 805]
[103, 309]:[103, 979]
[103, 490]:[103, 552]
[103, 490]:[103, 805]
[103, 490]:[103, 979]
[103, 552]:[103, 805]
[103, 552]:[103, 979]
[103, 805]:[103, 979]
[58, 178]:[116, 178]
[58, 178]:[178, 226]
[58, 178]:[178, 321]
[58, 178]:[178, 332]
[58, 178]:[178, 992]
[116, 178]:[178, 226]
[116, 178]:[178, 321]
[116, 178]:[178, 332]
[116, 178]:[178, 992]
[178, 226]:[178, 321]
[178, 226]:[178, 332]
[178, 226]:[178, 992]
[178, 321]:[178, 332]
[178, 321]:[178, 992]
[178, 332]:[178, 992]
[58, 688]:[79, 688]
[58, 688]:[510, 688]
[58, 688]:[537, 688]
[58, 688]:[668, 688]
[58, 688]:[684, 688]
[58, 688]:[688, 975]
[79, 688]:[510, 688]
[79, 688]:[537, 688]
[79, 688]:[668, 688]
[79, 688]:[684, 688]
[79, 688]:[688, 975]
[510, 688]:[537, 688]
[510, 688]:[668, 688]
[510, 688]:[684, 688]
[510, 688]:[688, 975]
[537, 688]:[668, 688]
[537, 688]:[684, 688]
[537, 688]:[688, 975]
[668, 688]:[684, 688]
[668, 688]:[688, 975]
[684, 688]:[688, 975]
[59, 194]:[59, 614]
[59, 194]:[59, 831]
[59, 194]:[59, 923]
[59, 194]:[59, 959]
[59, 614]:[59, 831]
[59, 614]:[59, 923]
[59, 614]:[59, 959]
[59, 831]:[59, 923]
[59, 831]:[59, 959]
[59, 923]:[59, 959]
[59, 614]:[102, 614]
[59, 614]:[137, 614]
[59, 614]:[614, 748]
[59, 614]:[614, 828]
[102, 614]:[137, 614]
[102, 614]:[614, 748]
[102, 614]:[614, 828]
[137, 614]:[614, 748]
[137, 614]:[614, 828]
[614, 748]:[614, 828]
[59, 831]:[305, 831]
[59, 831]:[391, 831]
[59, 831]:[526, 831]
[59, 831]:[610, 831]
[59, 831]:[831, 948]
[305, 831]:[391, 831]
[305, 831]:[526, 831]
[305, 831]:[610, 831]
[305, 831]:[831, 948]
[391, 831]:[526, 831]
[391, 831]:[610, 831]
[391, 831]:[831, 948]
[526, 831]:[610, 831]
[526, 831]:[831, 948]
[610, 831]:[831, 948]
[59, 923]:[220, 923]
[59, 923]:[495, 923]
[59, 923]:[537, 923]
[59, 923]:[569, 923]
[220, 923]:[495, 923]
[220, 923]:[537, 923]
[220, 923]:[569, 923]
[495, 923]:[537, 923]
[495, 923]:[569, 923]
[537, 923]:[569, 923]
[60, 240]:[60, 450]
[60, 240]:[60, 483]
[60, 240]:[60, 532]
[60, 240]:[60, 875]
[60, 240]:[60, 911]
[60, 240]:[60, 942]
[60, 450]:[60, 483]
[60, 450]:[60, 532]
[60, 450]:[60, 875]
[60, 450]:[60, 911]
[60, 450]:[60, 942]
[60, 483]:[60, 532]
[60, 483]:[60, 875]
[60, 483]:[60, 911]
[60, 483]:[60, 942]
[60, 532]:[60, 875]
[60, 532]:[60, 911]
[60, 532]:[60, 942]
[60, 875]:[60, 911]
[60, 875]:[60, 942]
[60, 911]:[60, 942]
[60, 240]:[129, 240]
[60, 240]:[240, 314]
[60, 240]:[240, 759]
[60, 240]:[240, 811]
[60, 240]:[240, 818]
[60, 240]:[240, 881]
[60, 240]:[240, 898]
[60, 240]:[240, 922]
[60, 240]:[240, 995]
[129, 240]:[240, 314]
[129, 240]:[240, 759]
[129, 240]:[240, 811]
[129, 240]:[240, 818]
[129, 240]:[240, 881]
[129, 240]:[240, 898]
[129, 240]:[240, 922]
[129, 240]:[240, 995]
[240, 314]:[240, 759]
[240, 314]:[240, 811]
[240, 314]:[240, 818]
[240, 314]:[240, 881]
[240, 314]:[240, 898]
[240, 314]:[240, 922]
[240, 314]:[240, 995]
[240, 759]:[240, 811]
[240, 759]:[240, 818]
[240, 759]:[240, 881]
[240, 759]:[240, 898]
[240, 759]:[240, 922]
[240, 759]:[240, 995]
[240, 811]:[240, 818]
[240, 811]:[240, 881]
[240, 811]:[240, 898]
[240, 811]:[240, 922]
[240, 811]:[240, 995]
[240, 818]:[240, 881]
[240, 818]:[240, 898]
[240, 818]:[240, 922]
[240, 818]:[240, 995]
[240, 881]:[240, 898]
[240, 881]:[240, 922]
[240, 881]:[240, 995]
[240, 898]:[240, 922]
[240, 898]:[240, 995]
[240, 922]:[240, 995]
[60, 450]:[124, 450]
[60, 450]:[359, 450]
[124, 450]:[359, 450]
[60, 483]:[75, 483]
[60, 483]:[104, 483]
[60, 483]:[139, 483]
[60, 483]:[483, 651]
[60, 483]:[483, 723]
[60, 483]:[483, 944]
[75, 483]:[104, 483]
[75, 483]:[139, 483]
[75, 483]:[483, 651]
[75, 483]:[483, 723]
[75, 483]:[483, 944]
[104, 483]:[139, 483]
[104, 483]:[483, 651]
[104, 483]:[483, 723]
[104, 483]:[483, 944]
[139, 483]:[483, 651]
[139, 483]:[483, 723]
[139, 483]:[483, 944]
[483, 651]:[483, 723]
[483, 651]:[483, 944]
[483, 723]:[483, 944]
[60, 532]:[322, 532]
[60, 532]:[532, 638]
[60, 532]:[532, 705]
[60, 532]:[532, 892]
[60, 532]:[532, 914]
[322, 532]:[532, 638]
[322, 532]:[532, 705]
[322, 532]:[532, 892]
[322, 532]:[532, 914]
[532, 638]:[532, 705]
[532, 638]:[532, 892]
[532, 638]:[532, 914]
[532, 705]:[532, 892]
[532, 705]:[532, 914]
[532, 892]:[532, 914]
[60, 911]:[313, 911]
[60, 911]:[343, 911]
[60, 911]:[352, 911]
[60, 911]:[892, 911]
[60, 911]:[899, 911]
[60, 911]:[900, 911]
[313, 911]:[343, 911]
[313, 911]:[352, 911]
[313, 911]:[892, 911]
[313, 911]:[899, 911]
[313, 911]:[900, 911]
[343, 911]:[352, 911]
[343, 911]:[892, 911]
[343, 911]:[899, 911]
[343, 911]:[900, 911]
[352, 911]:[892, 911]
[352, 911]:[899, 911]
[352, 911]:[900, 911]
[892, 911]:[899, 911]
[892, 911]:[900, 911]
[899, 911]:[900, 911]
[60, 942]:[63, 942]
[60, 942]:[421, 942]
[60, 942]:[477, 942]
[60, 942]:[584, 942]
[60, 942]:[597, 942]
[60, 942]:[817, 942]
[60, 942]:[904, 942]
[63, 942]:[421, 942]
[63, 942]:[477, 942]
[63, 942]:[584, 942]
[63, 942]:[597, 942]
[63, 942]:[817, 942]
[63, 942]:[904, 942]
[421, 942]:[477, 942]
[421, 942]:[584, 942]
[421, 942]:[597, 942]
[421, 942]:[817, 942]
[421, 942]:[904, 942]
[477, 942]:[584, 942]
[477, 942]:[597, 942]
[477, 942]:[817, 942]
[477, 942]:[904, 942]
[584, 942]:[597, 942]
[584, 942]:[817, 942]
[584, 942]:[904, 942]
[597, 942]:[817, 942]
[597, 942]:[904, 942]
[817, 942]:[904, 942]
[61, 291]:[61, 369]
[61, 291]:[61, 639]
[61, 291]:[61, 874]
[61, 291]:[61, 992]
[61, 369]:[61, 639]
[61, 369]:[61, 874]
[61, 369]:[61, 992]
[61, 639]:[61, 874]
[61, 639]:[61, 992]
[61, 874]:[61, 992]
[61, 291]:[66, 291]
[61, 291]:[291, 349]
[61, 291]:[291, 693]
[66, 291]:[291, 349]
[66, 291]:[291, 693]
[291, 349]:[291, 693]
[61, 369]:[115, 369]
[61, 369]:[256, 369]
[61, 369]:[283, 369]
[61, 369]:[369, 772]
[61, 369]:[369, 870]
[115, 369]:[256, 369]
[115, 369]:[283, 369]
[115, 369]:[369, 772]
[115, 369]:[369, 870]
[256, 369]:[283, 369]
[256, 369]:[369, 772]
[256, 369]:[369, 870]
[283, 369]:[369, 772]
[283, 369]:[369, 870]
[369, 772]:[369, 870]
[61, 639]:[170, 639]
[61, 639]:[206, 639]
[61, 639]:[568, 639]
[61, 639]:[587, 639]
[61, 639]:[639, 876]
[170, 639]:[206, 639]
[170, 639]:[568, 639]
[170, 639]:[587, 639]
[170, 639]:[639, 876]
[206, 639]:[568, 639]
[206, 639]:[587, 639]
[206, 639]:[639, 876]
[568, 639]:[587, 639]
[568, 639]:[639, 876]
[587, 639]:[639, 876]
[61, 992]:[178, 992]
[61, 992]:[839, 992]
[61, 992]:[965, 992]
[178, 992]:[839, 992]
[178, 992]:[965, 992]
[839, 992]:[965, 992]
[62, 163]:[62, 286]
[62, 163]:[62, 388]
[62, 163]:[62, 645]
[62, 163]:[62, 687]
[62, 163]:[62, 900]
[62, 163]:[62, 916]
[62, 286]:[62, 388]
[62, 286]:[62, 645]
[62, 286]:[62, 687]
[62, 286]:[62, 900]
[62, 286]:[62, 916]
[62, 388]:[62, 645]
[62, 388]:[62, 687]
[62, 388]:[62, 900]
[62, 388]:[62, 916]
[62, 645]:[62, 687]
[62, 645]:[62, 900]
[62, 645]:[62, 916]
[62, 687]:[62, 900]
[62, 687]:[62, 916]
[62, 900]:[62, 916]
[62, 163]:[163, 165]
[62, 163]:[163, 519]
[62, 163]:[163, 774]
[62, 163]:[163, 932]
[62, 163]:[163, 954]
[163, 165]:[163, 519]
[163, 165]:[163, 774]
[163, 165]:[163, 932]
[163, 165]:[163, 954]
[163, 519]:[163, 774]
[163, 519]:[163, 932]
[163, 519]:[163, 954]
[163, 774]:[163, 932]
[163, 774]:[163, 954]
[163, 932]:[163, 954]
[62, 645]:[298, 645]
[62, 645]:[626, 645]
[62, 645]:[645, 900]
[298, 645]:[626, 645]
[298, 645]:[645, 900]
[626, 645]:[645, 900]
[62, 687]:[82, 687]
[62, 687]:[174, 687]
[62, 687]:[177, 687]
[62, 687]:[337, 687]
[62, 687]:[371, 687]
[62, 687]:[418, 687]
[62, 687]:[440, 687]
[62, 687]:[521, 687]
[62, 687]:[687, 703]
[62, 687]:[687, 830]
[62, 687]:[687, 914]
[82, 687]:[174, 687]
[82, 687]:[177, 687]
[82, 687]:[337, 687]
[82, 687]:[371, 687]
[82, 687]:[418, 687]
[82, 687]:[440, 687]
[82, 687]:[521, 687]
[82, 687]:[687, 703]
[82, 687]:[687, 830]
[82, 687]:[687, 914]
[174, 687]:[177, 687]
[174, 687]:[337, 687]
[174, 687]:[371, 687]
[174, 687]:[418, 687]
[174, 687]:[440, 687]
[174, 687]:[521, 687]
[174, 687]:[687, 703]
[174, 687]:[687, 830]
[174, 687]:[687, 914]
[177, 687]:[337, 687]
[177, 687]:[371, 687]
[177, 687]:[418, 687]
[177, 687]:[440, 687]
[177, 687]:[521, 687]
[177, 687]:[687, 703]
[177, 687]:[687, 830]
[177, 687]:[687, 914]
[337, 687]:[371, 687]
[337, 687]:[418, 687]
[337, 687]:[440, 687]
[337, 687]:[521, 687]
[337, 687]:[687, 703]
[337, 687]:[687, 830]
[337, 687]:[687, 914]
[371, 687]:[418, 687]
[371, 687]:[440, 687]
[371, 687]:[521, 687]
[371, 687]:[687, 703]
[371, 687]:[687, 830]
[371, 687]:[687, 914]
[418, 687]:[440, 687]
[418, 687]:[521, 687]
[418, 687]:[687, 703]
[418, 687]:[687, 830]
[418, 687]:[687, 914]
[440, 687]:[521, 687]
[440, 687]:[687, 703]
[440, 687]:[687, 830]
[440, 687]:[687, 914]
[521, 687]:[687, 703]
[521, 687]:[687, 830]
[521, 687]:[687, 914]
[687, 703]:[687, 830]
[687, 703]:[687, 914]
[687, 830]:[687, 914]
[62, 916]:[166, 916]
[62, 916]:[348, 916]
[62, 916]:[398, 916]
[62, 916]:[640, 916]
[62, 916]:[799, 916]
[166, 916]:[348, 916]
[166, 916]:[398, 916]
[166, 916]:[640, 916]
[166, 916]:[799, 916]
[348, 916]:[398, 916]
[348, 916]:[640, 916]
[348, 916]:[799, 916]
[398, 916]:[640, 916]
[398, 916]:[799, 916]
[640, 916]:[799, 916]
[63, 91]:[91, 105]
[63, 91]:[91, 295]
[63, 91]:[91, 356]
[63, 91]:[91, 459]
[63, 91]:[91, 479]
[63, 91]:[91, 531]
[63, 91]:[91, 680]
[63, 91]:[91, 801]
[63, 91]:[91, 926]
[63, 91]:[91, 949]
[91, 105]:[91, 295]
[91, 105]:[91, 356]
[91, 105]:[91, 459]
[91, 105]:[91, 479]
[91, 105]:[91, 531]
[91, 105]:[91, 680]
[91, 105]:[91, 801]
[91, 105]:[91, 926]
[91, 105]:[91, 949]
[91, 295]:[91, 356]
[91, 295]:[91, 459]
[91, 295]:[91, 479]
[91, 295]:[91, 531]
[91, 295]:[91, 680]
[91, 295]:[91, 801]
[91, 295]:[91, 926]
[91, 295]:[91, 949]
[91, 356]:[91, 459]
[91, 356]:[91, 479]
[91, 356]:[91, 531]
[91, 356]:[91, 680]
[91, 356]:[91, 801]
[91, 356]:[91, 926]
[91, 356]:[91, 949]
[91, 459]:[91, 479]
[91, 459]:[91, 531]
[91, 459]:[91, 680]
[91, 459]:[91, 801]
[91, 459]:[91, 926]
[91, 459]:[91, 949]
[91, 479]:[91, 531]
[91, 479]:[91, 680]
[91, 479]:[91, 801]
[91, 479]:[91, 926]
[91, 479]:[91, 949]
[91, 531]:[91, 680]
[91, 531]:[91, 801]
[91, 531]:[91, 926]
[91, 531]:[91, 949]
[91, 680]:[91, 801]
[91, 680]:[91, 926]
[91, 680]:[91, 949]
[91, 801]:[91, 926]
[91, 801]:[91, 949]
[91, 926]:[91, 949]
[63, 700]:[116, 700]
[63, 700]:[264, 700]
[63, 700]:[285, 700]
[63, 700]:[667, 700]
[63, 700]:[700, 776]
[63, 700]:[700, 861]
[63, 700]:[700, 926]
[116, 700]:[264, 700]
[116, 700]:[285, 700]
[116, 700]:[667, 700]
[116, 700]:[700, 776]
[116, 700]:[700, 861]
[116, 700]:[700, 926]
[264, 700]:[285, 700]
[264, 700]:[667, 700]
[264, 700]:[700, 776]
[264, 700]:[700, 861]
[264, 700]:[700, 926]
[285, 700]:[667, 700]
[285, 700]:[700, 776]
[285, 700]:[700, 861]
[285, 700]:[700, 926]
[667, 700]:[700, 776]
[667, 700]:[700, 861]
[667, 700]:[700, 926]
[700, 776]:[700, 861]
[700, 776]:[700, 926]
[700, 861]:[700, 926]
[64, 123]:[64, 671]
[64, 123]:[64, 702]
[64, 671]:[64, 702]
[64, 123]:[83, 123]
[64, 123]:[123, 482]
[64, 123]:[123, 506]
[64, 123]:[123, 689]
[64, 123]:[123, 879]
[64, 123]:[123, 918]
[83, 123]:[123, 482]
[83, 123]:[123, 506]
[83, 123]:[123, 689]
[83, 123]:[123, 879]
[83, 123]:[123, 918]
[123, 482]:[123, 506]
[123, 482]:[123, 689]
[123, 482]:[123, 879]
[123, 482]:[123, 918]
[123, 506]:[123, 689]
[123, 506]:[123, 879]
[123, 506]:[123, 918]
[123, 689]:[123, 879]
[123, 689]:[123, 918]
[123, 879]:[123, 918]
[64, 671]:[222, 671]
[64, 671]:[493, 671]
[64, 671]:[578, 671]
[64, 671]:[671, 737]
[222, 671]:[493, 671]
[222, 671]:[578, 671]
[222, 671]:[671, 737]
[493, 671]:[578, 671]
[493, 671]:[671, 737]
[578, 671]:[671, 737]
[64, 702]:[110, 702]
[64, 702]:[155, 702]
[64, 702]:[166, 702]
[64, 702]:[225, 702]
[64, 702]:[629, 702]
[64, 702]:[644, 702]
[64, 702]:[702, 934]
[110, 702]:[155, 702]
[110, 702]:[166, 702]
[110, 702]:[225, 702]
[110, 702]:[629, 702]
[110, 702]:[644, 702]
[110, 702]:[702, 934]
[155, 702]:[166, 702]
[155, 702]:[225, 702]
[155, 702]:[629, 702]
[155, 702]:[644, 702]
[155, 702]:[702, 934]
[166, 702]:[225, 702]
[166, 702]:[629, 702]
[166, 702]:[644, 702]
[166, 702]:[702, 934]
[225, 702]:[629, 702]
[225, 702]:[644, 702]
[225, 702]:[702, 934]
[629, 702]:[644, 702]
[629, 702]:[702, 934]
[644, 702]:[702, 934]
[65, 260]:[65, 292]
[65, 260]:[65, 327]
[65, 260]:[65, 341]
[65, 260]:[65, 409]
[65, 260]:[65, 713]
[65, 260]:[65, 849]
[65, 260]:[65, 986]
[65, 292]:[65, 327]
[65, 292]:[65, 341]
[65, 292]:[65, 409]
[65, 292]:[65, 713]
[65, 292]:[65, 849]
[65, 292]:[65, 986]
[65, 327]:[65, 341]
[65, 327]:[65, 409]
[65, 327]:[65, 713]
[65, 327]:[65, 849]
[65, 327]:[65, 986]
[65, 341]:[65, 409]
[65, 341]:[65, 713]
[65, 341]:[65, 849]
[65, 341]:[65, 986]
[65, 409]:[65, 713]
[65, 409]:[65, 849]
[65, 409]:[65, 986]
[65, 713]:[65, 849]
[65, 713]:[65, 986]
[65, 849]:[65, 986]
[65, 260]:[173, 260]
[65, 260]:[211, 260]
[65, 260]:[236, 260]
[65, 260]:[260, 286]
[65, 260]:[260, 752]
[65, 260]:[260, 945]
[173, 260]:[211, 260]
[173, 260]:[236, 260]
[173, 260]:[260, 286]
[173, 260]:[260, 752]
[173, 260]:[260, 945]
[211, 260]:[236, 260]
[211, 260]:[260, 286]
[211, 260]:[260, 752]
[211, 260]:[260, 945]
[236, 260]:[260, 286]
[236, 260]:[260, 752]
[236, 260]:[260, 945]
[260, 286]:[260, 752]
[260, 286]:[260, 945]
[260, 752]:[260, 945]
[65, 292]:[80, 292]
[65, 292]:[102, 292]
[65, 292]:[292, 863]
[65, 292]:[292, 901]
[65, 292]:[292, 917]
[80, 292]:[102, 292]
[80, 292]:[292, 863]
[80, 292]:[292, 901]
[80, 292]:[292, 917]
[102, 292]:[292, 863]
[102, 292]:[292, 901]
[102, 292]:[292, 917]
[292, 863]:[292, 901]
[292, 863]:[292, 917]
[292, 901]:[292, 917]
[65, 327]:[95, 327]
[65, 327]:[322, 327]
[65, 327]:[327, 387]
[65, 327]:[327, 423]
[65, 327]:[327, 559]
[65, 327]:[327, 616]
[65, 327]:[327, 804]
[95, 327]:[322, 327]
[95, 327]:[327, 387]
[95, 327]:[327, 423]
[95, 327]:[327, 559]
[95, 327]:[327, 616]
[95, 327]:[327, 804]
[322, 327]:[327, 387]
[322, 327]:[327, 423]
[322, 327]:[327, 559]
[322, 327]:[327, 616]
[322, 327]:[327, 804]
[327, 387]:[327, 423]
[327, 387]:[327, 559]
[327, 387]:[327, 616]
[327, 387]:[327, 804]
[327, 423]:[327, 559]
[327, 423]:[327, 616]
[327, 423]:[327, 804]
[327, 559]:[327, 616]
[327, 559]:[327, 804]
[327, 616]:[327, 804]
[65, 341]:[182, 341]
[65, 341]:[297, 341]
[65, 341]:[333, 341]
[65, 341]:[341, 359]
[65, 341]:[341, 644]
[182, 341]:[297, 341]
[182, 341]:[333, 341]
[182, 341]:[341, 359]
[182, 341]:[341, 644]
[297, 341]:[333, 341]
[297, 341]:[341, 359]
[297, 341]:[341, 644]
[333, 341]:[341, 359]
[333, 341]:[341, 644]
[341, 359]:[341, 644]
[65, 409]:[129, 409]
[65, 409]:[238, 409]
[65, 409]:[409, 839]
[65, 409]:[409, 953]
[65, 409]:[409, 971]
[129, 409]:[238, 409]
[129, 409]:[409, 839]
[129, 409]:[409, 953]
[129, 409]:[409, 971]
[238, 409]:[409, 839]
[238, 409]:[409, 953]
[238, 409]:[409, 971]
[409, 839]:[409, 953]
[409, 839]:[409, 971]
[409, 953]:[409, 971]
[65, 713]:[115, 713]
[65, 713]:[205, 713]
[65, 713]:[238, 713]
[65, 713]:[406, 713]
[65, 713]:[596, 713]
[65, 713]:[713, 760]
[65, 713]:[713, 993]
[115, 713]:[205, 713]
[115, 713]:[238, 713]
[115, 713]:[406, 713]
[115, 713]:[596, 713]
[115, 713]:[713, 760]
[115, 713]:[713, 993]
[205, 713]:[238, 713]
[205, 713]:[406, 713]
[205, 713]:[596, 713]
[205, 713]:[713, 760]
[205, 713]:[713, 993]
[238, 713]:[406, 713]
[238, 713]:[596, 713]
[238, 713]:[713, 760]
[238, 713]:[713, 993]
[406, 713]:[596, 713]
[406, 713]:[713, 760]
[406, 713]:[713, 993]
[596, 713]:[713, 760]
[596, 713]:[713, 993]
[713, 760]:[713, 993]
[65, 986]:[181, 986]
[65, 986]:[197, 986]
[65, 986]:[420, 986]
[65, 986]:[706, 986]
[65, 986]:[708, 986]
[65, 986]:[782, 986]
[181, 986]:[197, 986]
[181, 986]:[420, 986]
[181, 986]:[706, 986]
[181, 986]:[708, 986]
[181, 986]:[782, 986]
[197, 986]:[420, 986]
[197, 986]:[706, 986]
[197, 986]:[708, 986]
[197, 986]:[782, 986]
[420, 986]:[706, 986]
[420, 986]:[708, 986]
[420, 986]:[782, 986]
[706, 986]:[708, 986]
[706, 986]:[782, 986]
[708, 986]:[782, 986]
[66, 130]:[66, 291]
[66, 130]:[66, 357]
[66, 130]:[66, 621]
[66, 130]:[66, 794]
[66, 130]:[66, 896]
[66, 291]:[66, 357]
[66, 291]:[66, 621]
[66, 291]:[66, 794]
[66, 291]:[66, 896]
[66, 357]:[66, 621]
[66, 357]:[66, 794]
[66, 357]:[66, 896]
[66, 621]:[66, 794]
[66, 621]:[66, 896]
[66, 794]:[66, 896]
[66, 130]:[130, 430]
[66, 130]:[130, 517]
[66, 130]:[130, 551]
[66, 130]:[130, 824]
[66, 130]:[130, 840]
[66, 130]:[130, 845]
[66, 130]:[130, 902]
[66, 130]:[130, 925]
[130, 430]:[130, 517]
[130, 430]:[130, 551]
[130, 430]:[130, 824]
[130, 430]:[130, 840]
[130, 430]:[130, 845]
[130, 430]:[130, 902]
[130, 430]:[130, 925]
[130, 517]:[130, 551]
[130, 517]:[130, 824]
[130, 517]:[130, 840]
[130, 517]:[130, 845]
[130, 517]:[130, 902]
[130, 517]:[130, 925]
[130, 551]:[130, 824]
[130, 551]:[130, 840]
[130, 551]:[130, 845]
[130, 551]:[130, 902]
[130, 551]:[130, 925]
[130, 824]:[130, 840]
[130, 824]:[130, 845]
[130, 824]:[130, 902]
[130, 824]:[130, 925]
[130, 840]:[130, 845]
[130, 840]:[130, 902]
[130, 840]:[130, 925]
[130, 845]:[130, 902]
[130, 845]:[130, 925]
[130, 902]:[130, 925]
[66, 357]:[69, 357]
[66, 357]:[316, 357]
[66, 357]:[357, 415]
[66, 357]:[357, 466]
[66, 357]:[357, 751]
[66, 357]:[357, 776]
[69, 357]:[316, 357]
[69, 357]:[357, 415]
[69, 357]:[357, 466]
[69, 357]:[357, 751]
[69, 357]:[357, 776]
[316, 357]:[357, 415]
[316, 357]:[357, 466]
[316, 357]:[357, 751]
[316, 357]:[357, 776]
[357, 415]:[357, 466]
[357, 415]:[357, 751]
[357, 415]:[357, 776]
[357, 466]:[357, 751]
[357, 466]:[357, 776]
[357, 751]:[357, 776]
[66, 621]:[223, 621]
[66, 621]:[621, 649]
[223, 621]:[621, 649]
[66, 896]:[168, 896]
[66, 896]:[253, 896]
[66, 896]:[642, 896]
[66, 896]:[896, 976]
[168, 896]:[253, 896]
[168, 896]:[642, 896]
[168, 896]:[896, 976]
[253, 896]:[642, 896]
[253, 896]:[896, 976]
[642, 896]:[896, 976]
[67, 455]:[194, 455]
[67, 455]:[298, 455]
[67, 455]:[433, 455]
[67, 455]:[455, 534]
[67, 455]:[455, 651]
[67, 455]:[455, 662]
[67, 455]:[455, 695]
[67, 455]:[455, 743]
[67, 455]:[455, 753]
[67, 455]:[455, 767]
[67, 455]:[455, 866]
[67, 455]:[455, 928]
[194, 455]:[298, 455]
[194, 455]:[433, 455]
[194, 455]:[455, 534]
[194, 455]:[455, 651]
[194, 455]:[455, 662]
[194, 455]:[455, 695]
[194, 455]:[455, 743]
[194, 455]:[455, 753]
[194, 455]:[455, 767]
[194, 455]:[455, 866]
[194, 455]:[455, 928]
[298, 455]:[433, 455]
[298, 455]:[455, 534]
[298, 455]:[455, 651]
[298, 455]:[455, 662]
[298, 455]:[455, 695]
[298, 455]:[455, 743]
[298, 455]:[455, 753]
[298, 455]:[455, 767]
[298, 455]:[455, 866]
[298, 455]:[455, 928]
[433, 455]:[455, 534]
[433, 455]:[455, 651]
[433, 455]:[455, 662]
[433, 455]:[455, 695]
[433, 455]:[455, 743]
[433, 455]:[455, 753]
[433, 455]:[455, 767]
[433, 455]:[455, 866]
[433, 455]:[455, 928]
[455, 534]:[455, 651]
[455, 534]:[455, 662]
[455, 534]:[455, 695]
[455, 534]:[455, 743]
[455, 534]:[455, 753]
[455, 534]:[455, 767]
[455, 534]:[455, 866]
[455, 534]:[455, 928]
[455, 651]:[455, 662]
[455, 651]:[455, 695]
[455, 651]:[455, 743]
[455, 651]:[455, 753]
[455, 651]:[455, 767]
[455, 651]:[455, 866]
[455, 651]:[455, 928]
[455, 662]:[455, 695]
[455, 662]:[455, 743]
[455, 662]:[455, 753]
[455, 662]:[455, 767]
[455, 662]:[455, 866]
[455, 662]:[455, 928]
[455, 695]:[455, 743]
[455, 695]:[455, 753]
[455, 695]:[455, 767]
[455, 695]:[455, 866]
[455, 695]:[455, 928]
[455, 743]:[455, 753]
[455, 743]:[455, 767]
[455, 743]:[455, 866]
[455, 743]:[455, 928]
[455, 753]:[455, 767]
[455, 753]:[455, 866]
[455, 753]:[455, 928]
[455, 767]:[455, 866]
[455, 767]:[455, 928]
[455, 866]:[455, 928]
[67, 523]:[171, 523]
[67, 523]:[479, 523]
[67, 523]:[523, 584]
[67, 523]:[523, 752]
[67, 523]:[523, 789]
[67, 523]:[523, 917]
[67, 523]:[523, 950]
[171, 523]:[479, 523]
[171, 523]:[523, 584]
[171, 523]:[523, 752]
[171, 523]:[523, 789]
[171, 523]:[523, 917]
[171, 523]:[523, 950]
[479, 523]:[523, 584]
[479, 523]:[523, 752]
[479, 523]:[523, 789]
[479, 523]:[523, 917]
[479, 523]:[523, 950]
[523, 584]:[523, 752]
[523, 584]:[523, 789]
[523, 584]:[523, 917]
[523, 584]:[523, 950]
[523, 752]:[523, 789]
[523, 752]:[523, 917]
[523, 752]:[523, 950]
[523, 789]:[523, 917]
[523, 789]:[523, 950]
[523, 917]:[523, 950]
[67, 554]:[148, 554]
[67, 554]:[214, 554]
[67, 554]:[383, 554]
[148, 554]:[214, 554]
[148, 554]:[383, 554]
[214, 554]:[383, 554]
[67, 725]:[673, 725]
[67, 725]:[725, 938]
[673, 725]:[725, 938]
[67, 735]:[79, 735]
[67, 735]:[316, 735]
[67, 735]:[394, 735]
[67, 735]:[439, 735]
[67, 735]:[679, 735]
[67, 735]:[724, 735]
[79, 735]:[316, 735]
[79, 735]:[394, 735]
[79, 735]:[439, 735]
[79, 735]:[679, 735]
[79, 735]:[724, 735]
[316, 735]:[394, 735]
[316, 735]:[439, 735]
[316, 735]:[679, 735]
[316, 735]:[724, 735]
[394, 735]:[439, 735]
[394, 735]:[679, 735]
[394, 735]:[724, 735]
[439, 735]:[679, 735]
[439, 735]:[724, 735]
[679, 735]:[724, 735]
[67, 770]:[348, 770]
[67, 770]:[396, 770]
[67, 770]:[484, 770]
[67, 770]:[634, 770]
[67, 770]:[770, 961]
[348, 770]:[396, 770]
[348, 770]:[484, 770]
[348, 770]:[634, 770]
[348, 770]:[770, 961]
[396, 770]:[484, 770]
[396, 770]:[634, 770]
[396, 770]:[770, 961]
[484, 770]:[634, 770]
[484, 770]:[770, 961]
[634, 770]:[770, 961]
[68, 113]:[68, 236]
[68, 113]:[68, 395]
[68, 113]:[68, 476]
[68, 113]:[68, 706]
[68, 236]:[68, 395]
[68, 236]:[68, 476]
[68, 236]:[68, 706]
[68, 395]:[68, 476]
[68, 395]:[68, 706]
[68, 476]:[68, 706]
[68, 113]:[113, 183]
[68, 113]:[113, 348]
[68, 113]:[113, 705]
[68, 113]:[113, 813]
[68, 113]:[113, 851]
[68, 113]:[113, 871]
[68, 113]:[113, 875]
[113, 183]:[113, 348]
[113, 183]:[113, 705]
[113, 183]:[113, 813]
[113, 183]:[113, 851]
[113, 183]:[113, 871]
[113, 183]:[113, 875]
[113, 348]:[113, 705]
[113, 348]:[113, 813]
[113, 348]:[113, 851]
[113, 348]:[113, 871]
[113, 348]:[113, 875]
[113, 705]:[113, 813]
[113, 705]:[113, 851]
[113, 705]:[113, 871]
[113, 705]:[113, 875]
[113, 813]:[113, 851]
[113, 813]:[113, 871]
[113, 813]:[113, 875]
[113, 851]:[113, 871]
[113, 851]:[113, 875]
[113, 871]:[113, 875]
[68, 236]:[236, 260]
[68, 236]:[236, 308]
[68, 236]:[236, 361]
[68, 236]:[236, 382]
[68, 236]:[236, 446]
[68, 236]:[236, 533]
[68, 236]:[236, 534]
[68, 236]:[236, 608]
[68, 236]:[236, 765]
[68, 236]:[236, 963]
[236, 260]:[236, 308]
[236, 260]:[236, 361]
[236, 260]:[236, 382]
[236, 260]:[236, 446]
[236, 260]:[236, 533]
[236, 260]:[236, 534]
[236, 260]:[236, 608]
[236, 260]:[236, 765]
[236, 260]:[236, 963]
[236, 308]:[236, 361]
[236, 308]:[236, 382]
[236, 308]:[236, 446]
[236, 308]:[236, 533]
[236, 308]:[236, 534]
[236, 308]:[236, 608]
[236, 308]:[236, 765]
[236, 308]:[236, 963]
[236, 361]:[236, 382]
[236, 361]:[236, 446]
[236, 361]:[236, 533]
[236, 361]:[236, 534]
[236, 361]:[236, 608]
[236, 361]:[236, 765]
[236, 361]:[236, 963]
[236, 382]:[236, 446]
[236, 382]:[236, 533]
[236, 382]:[236, 534]
[236, 382]:[236, 608]
[236, 382]:[236, 765]
[236, 382]:[236, 963]
[236, 446]:[236, 533]
[236, 446]:[236, 534]
[236, 446]:[236, 608]
[236, 446]:[236, 765]
[236, 446]:[236, 963]
[236, 533]:[236, 534]
[236, 533]:[236, 608]
[236, 533]:[236, 765]
[236, 533]:[236, 963]
[236, 534]:[236, 608]
[236, 534]:[236, 765]
[236, 534]:[236, 963]
[236, 608]:[236, 765]
[236, 608]:[236, 963]
[236, 765]:[236, 963]
[68, 395]:[277, 395]
[68, 395]:[395, 567]
[68, 395]:[395, 612]
[68, 395]:[395, 620]
[68, 395]:[395, 857]
[68, 395]:[395, 918]
[277, 395]:[395, 567]
[277, 395]:[395, 612]
[277, 395]:[395, 620]
[277, 395]:[395, 857]
[277, 395]:[395, 918]
[395, 567]:[395, 612]
[395, 567]:[395, 620]
[395, 567]:[395, 857]
[395, 567]:[395, 918]
[395, 612]:[395, 620]
[395, 612]:[395, 857]
[395, 612]:[395, 918]
[395, 620]:[395, 857]
[395, 620]:[395, 918]
[395, 857]:[395, 918]
[68, 476]:[171, 476]
[68, 476]:[255, 476]
[68, 476]:[340, 476]
[68, 476]:[476, 878]
[68, 476]:[476, 883]
[171, 476]:[255, 476]
[171, 476]:[340, 476]
[171, 476]:[476, 878]
[171, 476]:[476, 883]
[255, 476]:[340, 476]
[255, 476]:[476, 878]
[255, 476]:[476, 883]
[340, 476]:[476, 878]
[340, 476]:[476, 883]
[476, 878]:[476, 883]
[69, 158]:[69, 282]
[69, 158]:[69, 357]
[69, 158]:[69, 516]
[69, 158]:[69, 519]
[69, 158]:[69, 669]
[69, 158]:[69, 869]
[69, 158]:[69, 904]
[69, 282]:[69, 357]
[69, 282]:[69, 516]
[69, 282]:[69, 519]
[69, 282]:[69, 669]
[69, 282]:[69, 869]
[69, 282]:[69, 904]
[69, 357]:[69, 516]
[69, 357]:[69, 519]
[69, 357]:[69, 669]
[69, 357]:[69, 869]
[69, 357]:[69, 904]
[69, 516]:[69, 519]
[69, 516]:[69, 669]
[69, 516]:[69, 869]
[69, 516]:[69, 904]
[69, 519]:[69, 669]
[69, 519]:[69, 869]
[69, 519]:[69, 904]
[69, 669]:[69, 869]
[69, 669]:[69, 904]
[69, 869]:[69, 904]
[69, 158]:[107, 158]
[69, 158]:[158, 219]
[69, 158]:[158, 477]
[69, 158]:[158, 564]
[69, 158]:[158, 666]
[69, 158]:[158, 736]
[107, 158]:[158, 219]
[107, 158]:[158, 477]
[107, 158]:[158, 564]
[107, 158]:[158, 666]
[107, 158]:[158, 736]
[158, 219]:[158, 477]
[158, 219]:[158, 564]
[158, 219]:[158, 666]
[158, 219]:[158, 736]
[158, 477]:[158, 564]
[158, 477]:[158, 666]
[158, 477]:[158, 736]
[158, 564]:[158, 666]
[158, 564]:[158, 736]
[158, 666]:[158, 736]
[69, 282]:[211, 282]
[69, 282]:[282, 286]
[69, 282]:[282, 383]
[69, 282]:[282, 760]
[69, 282]:[282, 766]
[69, 282]:[282, 914]
[211, 282]:[282, 286]
[211, 282]:[282, 383]
[211, 282]:[282, 760]
[211, 282]:[282, 766]
[211, 282]:[282, 914]
[282, 286]:[282, 383]
[282, 286]:[282, 760]
[282, 286]:[282, 766]
[282, 286]:[282, 914]
[282, 383]:[282, 760]
[282, 383]:[282, 766]
[282, 383]:[282, 914]
[282, 760]:[282, 766]
[282, 760]:[282, 914]
[282, 766]:[282, 914]
[69, 869]:[116, 869]
[69, 869]:[311, 869]
[69, 869]:[472, 869]
[69, 869]:[853, 869]
[116, 869]:[311, 869]
[116, 869]:[472, 869]
[116, 869]:[853, 869]
[311, 869]:[472, 869]
[311, 869]:[853, 869]
[472, 869]:[853, 869]
[69, 904]:[82, 904]
[69, 904]:[131, 904]
[69, 904]:[387, 904]
[69, 904]:[530, 904]
[69, 904]:[765, 904]
[69, 904]:[772, 904]
[69, 904]:[782, 904]
[69, 904]:[904, 942]
[82, 904]:[131, 904]
[82, 904]:[387, 904]
[82, 904]:[530, 904]
[82, 904]:[765, 904]
[82, 904]:[772, 904]
[82, 904]:[782, 904]
[82, 904]:[904, 942]
[131, 904]:[387, 904]
[131, 904]:[530, 904]
[131, 904]:[765, 904]
[131, 904]:[772, 904]
[131, 904]:[782, 904]
[131, 904]:[904, 942]
[387, 904]:[530, 904]
[387, 904]:[765, 904]
[387, 904]:[772, 904]
[387, 904]:[782, 904]
[387, 904]:[904, 942]
[530, 904]:[765, 904]
[530, 904]:[772, 904]
[530, 904]:[782, 904]
[530, 904]:[904, 942]
[765, 904]:[772, 904]
[765, 904]:[782, 904]
[765, 904]:[904, 942]
[772, 904]:[782, 904]
[772, 904]:[904, 942]
[782, 904]:[904, 942]
[70, 102]:[70, 318]
[70, 102]:[70, 526]
[70, 102]:[70, 536]
[70, 102]:[70, 543]
[70, 102]:[70, 616]
[70, 102]:[70, 829]
[70, 102]:[70, 886]
[70, 318]:[70, 526]
[70, 318]:[70, 536]
[70, 318]:[70, 543]
[70, 318]:[70, 616]
[70, 318]:[70, 829]
[70, 318]:[70, 886]
[70, 526]:[70, 536]
[70, 526]:[70, 543]
[70, 526]:[70, 616]
[70, 526]:[70, 829]
[70, 526]:[70, 886]
[70, 536]:[70, 543]
[70, 536]:[70, 616]
[70, 536]:[70, 829]
[70, 536]:[70, 886]
[70, 543]:[70, 616]
[70, 543]:[70, 829]
[70, 543]:[70, 886]
[70, 616]:[70, 829]
[70, 616]:[70, 886]
[70, 829]:[70, 886]
[70, 102]:[102, 172]
[70, 102]:[102, 196]
[70, 102]:[102, 211]
[70, 102]:[102, 288]
[70, 102]:[102, 292]
[70, 102]:[102, 344]
[70, 102]:[102, 375]
[70, 102]:[102, 394]
[70, 102]:[102, 611]
[70, 102]:[102, 614]
[70, 102]:[102, 771]
[70, 102]:[102, 887]
[102, 172]:[102, 196]
[102, 172]:[102, 211]
[102, 172]:[102, 288]
[102, 172]:[102, 292]
[102, 172]:[102, 344]
[102, 172]:[102, 375]
[102, 172]:[102, 394]
[102, 172]:[102, 611]
[102, 172]:[102, 614]
[102, 172]:[102, 771]
[102, 172]:[102, 887]
[102, 196]:[102, 211]
[102, 196]:[102, 288]
[102, 196]:[102, 292]
[102, 196]:[102, 344]
[102, 196]:[102, 375]
[102, 196]:[102, 394]
[102, 196]:[102, 611]
[102, 196]:[102, 614]
[102, 196]:[102, 771]
[102, 196]:[102, 887]
[102, 211]:[102, 288]
[102, 211]:[102, 292]
[102, 211]:[102, 344]
[102, 211]:[102, 375]
[102, 211]:[102, 394]
[102, 211]:[102, 611]
[102, 211]:[102, 614]
[102, 211]:[102, 771]
[102, 211]:[102, 887]
[102, 288]:[102, 292]
[102, 288]:[102, 344]
[102, 288]:[102, 375]
[102, 288]:[102, 394]
[102, 288]:[102, 611]
[102, 288]:[102, 614]
[102, 288]:[102, 771]
[102, 288]:[102, 887]
[102, 292]:[102, 344]
[102, 292]:[102, 375]
[102, 292]:[102, 394]
[102, 292]:[102, 611]
[102, 292]:[102, 614]
[102, 292]:[102, 771]
[102, 292]:[102, 887]
[102, 344]:[102, 375]
[102, 344]:[102, 394]
[102, 344]:[102, 611]
[102, 344]:[102, 614]
[102, 344]:[102, 771]
[102, 344]:[102, 887]
[102, 375]:[102, 394]
[102, 375]:[102, 611]
[102, 375]:[102, 614]
[102, 375]:[102, 771]
[102, 375]:[102, 887]
[102, 394]:[102, 611]
[102, 394]:[102, 614]
[102, 394]:[102, 771]
[102, 394]:[102, 887]
[102, 611]:[102, 614]
[102, 611]:[102, 771]
[102, 611]:[102, 887]
[102, 614]:[102, 771]
[102, 614]:[102, 887]
[102, 771]:[102, 887]
[70, 543]:[359, 543]
[70, 543]:[461, 543]
[70, 543]:[500, 543]
[70, 543]:[519, 543]
[70, 543]:[543, 599]
[70, 543]:[543, 711]
[70, 543]:[543, 775]
[359, 543]:[461, 543]
[359, 543]:[500, 543]
[359, 543]:[519, 543]
[359, 543]:[543, 599]
[359, 543]:[543, 711]
[359, 543]:[543, 775]
[461, 543]:[500, 543]
[461, 543]:[519, 543]
[461, 543]:[543, 599]
[461, 543]:[543, 711]
[461, 543]:[543, 775]
[500, 543]:[519, 543]
[500, 543]:[543, 599]
[500, 543]:[543, 711]
[500, 543]:[543, 775]
[519, 543]:[543, 599]
[519, 543]:[543, 711]
[519, 543]:[543, 775]
[543, 599]:[543, 711]
[543, 599]:[543, 775]
[543, 711]:[543, 775]
[70, 616]:[327, 616]
[70, 616]:[365, 616]
[70, 616]:[388, 616]
[70, 616]:[422, 616]
[70, 616]:[616, 762]
[70, 616]:[616, 769]
[70, 616]:[616, 797]
[70, 616]:[616, 856]
[70, 616]:[616, 903]
[327, 616]:[365, 616]
[327, 616]:[388, 616]
[327, 616]:[422, 616]
[327, 616]:[616, 762]
[327, 616]:[616, 769]
[327, 616]:[616, 797]
[327, 616]:[616, 856]
[327, 616]:[616, 903]
[365, 616]:[388, 616]
[365, 616]:[422, 616]
[365, 616]:[616, 762]
[365, 616]:[616, 769]
[365, 616]:[616, 797]
[365, 616]:[616, 856]
[365, 616]:[616, 903]
[388, 616]:[422, 616]
[388, 616]:[616, 762]
[388, 616]:[616, 769]
[388, 616]:[616, 797]
[388, 616]:[616, 856]
[388, 616]:[616, 903]
[422, 616]:[616, 762]
[422, 616]:[616, 769]
[422, 616]:[616, 797]
[422, 616]:[616, 856]
[422, 616]:[616, 903]
[616, 762]:[616, 769]
[616, 762]:[616, 797]
[616, 762]:[616, 856]
[616, 762]:[616, 903]
[616, 769]:[616, 797]
[616, 769]:[616, 856]
[616, 769]:[616, 903]
[616, 797]:[616, 856]
[616, 797]:[616, 903]
[616, 856]:[616, 903]
[70, 829]:[71, 829]
[70, 829]:[215, 829]
[70, 829]:[432, 829]
[70, 829]:[756, 829]
[70, 829]:[829, 919]
[70, 829]:[829, 952]
[71, 829]:[215, 829]
[71, 829]:[432, 829]
[71, 829]:[756, 829]
[71, 829]:[829, 919]
[71, 829]:[829, 952]
[215, 829]:[432, 829]
[215, 829]:[756, 829]
[215, 829]:[829, 919]
[215, 829]:[829, 952]
[432, 829]:[756, 829]
[432, 829]:[829, 919]
[432, 829]:[829, 952]
[756, 829]:[829, 919]
[756, 829]:[829, 952]
[829, 919]:[829, 952]
[70, 886]:[111, 886]
[70, 886]:[166, 886]
[70, 886]:[347, 886]
[70, 886]:[399, 886]
[70, 886]:[612, 886]
[111, 886]:[166, 886]
[111, 886]:[347, 886]
[111, 886]:[399, 886]
[111, 886]:[612, 886]
[166, 886]:[347, 886]
[166, 886]:[399, 886]
[166, 886]:[612, 886]
[347, 886]:[399, 886]
[347, 886]:[612, 886]
[399, 886]:[612, 886]
[71, 212]:[94, 212]
[71, 212]:[95, 212]
[71, 212]:[176, 212]
[71, 212]:[180, 212]
[71, 212]:[212, 361]
[71, 212]:[212, 377]
[71, 212]:[212, 458]
[71, 212]:[212, 731]
[71, 212]:[212, 907]
[71, 212]:[212, 999]
[94, 212]:[95, 212]
[94, 212]:[176, 212]
[94, 212]:[180, 212]
[94, 212]:[212, 361]
[94, 212]:[212, 377]
[94, 212]:[212, 458]
[94, 212]:[212, 731]
[94, 212]:[212, 907]
[94, 212]:[212, 999]
[95, 212]:[176, 212]
[95, 212]:[180, 212]
[95, 212]:[212, 361]
[95, 212]:[212, 377]
[95, 212]:[212, 458]
[95, 212]:[212, 731]
[95, 212]:[212, 907]
[95, 212]:[212, 999]
[176, 212]:[180, 212]
[176, 212]:[212, 361]
[176, 212]:[212, 377]
[176, 212]:[212, 458]
[176, 212]:[212, 731]
[176, 212]:[212, 907]
[176, 212]:[212, 999]
[180, 212]:[212, 361]
[180, 212]:[212, 377]
[180, 212]:[212, 458]
[180, 212]:[212, 731]
[180, 212]:[212, 907]
[180, 212]:[212, 999]
[212, 361]:[212, 377]
[212, 361]:[212, 458]
[212, 361]:[212, 731]
[212, 361]:[212, 907]
[212, 361]:[212, 999]
[212, 377]:[212, 458]
[212, 377]:[212, 731]
[212, 377]:[212, 907]
[212, 377]:[212, 999]
[212, 458]:[212, 731]
[212, 458]:[212, 907]
[212, 458]:[212, 999]
[212, 731]:[212, 907]
[212, 731]:[212, 999]
[212, 907]:[212, 999]
[71, 401]:[81, 401]
[71, 401]:[199, 401]
[71, 401]:[401, 962]
[81, 401]:[199, 401]
[81, 401]:[401, 962]
[199, 401]:[401, 962]
[71, 503]:[160, 503]
[71, 503]:[216, 503]
[71, 503]:[303, 503]
[71, 503]:[500, 503]
[71, 503]:[503, 598]
[71, 503]:[503, 600]
[71, 503]:[503, 613]
[71, 503]:[503, 730]
[71, 503]:[503, 736]
[71, 503]:[503, 780]
[160, 503]:[216, 503]
[160, 503]:[303, 503]
[160, 503]:[500, 503]
[160, 503]:[503, 598]
[160, 503]:[503, 600]
[160, 503]:[503, 613]
[160, 503]:[503, 730]
[160, 503]:[503, 736]
[160, 503]:[503, 780]
[216, 503]:[303, 503]
[216, 503]:[500, 503]
[216, 503]:[503, 598]
[216, 503]:[503, 600]
[216, 503]:[503, 613]
[216, 503]:[503, 730]
[216, 503]:[503, 736]
[216, 503]:[503, 780]
[303, 503]:[500, 503]
[303, 503]:[503, 598]
[303, 503]:[503, 600]
[303, 503]:[503, 613]
[303, 503]:[503, 730]
[303, 503]:[503, 736]
[303, 503]:[503, 780]
[500, 503]:[503, 598]
[500, 503]:[503, 600]
[500, 503]:[503, 613]
[500, 503]:[503, 730]
[500, 503]:[503, 736]
[500, 503]:[503, 780]
[503, 598]:[503, 600]
[503, 598]:[503, 613]
[503, 598]:[503, 730]
[503, 598]:[503, 736]
[503, 598]:[503, 780]
[503, 600]:[503, 613]
[503, 600]:[503, 730]
[503, 600]:[503, 736]
[503, 600]:[503, 780]
[503, 613]:[503, 730]
[503, 613]:[503, 736]
[503, 613]:[503, 780]
[503, 730]:[503, 736]
[503, 730]:[503, 780]
[503, 736]:[503, 780]
[71, 655]:[281, 655]
[71, 655]:[320, 655]
[71, 655]:[469, 655]
[71, 655]:[528, 655]
[71, 655]:[655, 883]
[281, 655]:[320, 655]
[281, 655]:[469, 655]
[281, 655]:[528, 655]
[281, 655]:[655, 883]
[320, 655]:[469, 655]
[320, 655]:[528, 655]
[320, 655]:[655, 883]
[469, 655]:[528, 655]
[469, 655]:[655, 883]
[528, 655]:[655, 883]
[71, 834]:[162, 834]
[71, 834]:[205, 834]
[71, 834]:[325, 834]
[71, 834]:[570, 834]
[71, 834]:[638, 834]
[71, 834]:[834, 843]
[162, 834]:[205, 834]
[162, 834]:[325, 834]
[162, 834]:[570, 834]
[162, 834]:[638, 834]
[162, 834]:[834, 843]
[205, 834]:[325, 834]
[205, 834]:[570, 834]
[205, 834]:[638, 834]
[205, 834]:[834, 843]
[325, 834]:[570, 834]
[325, 834]:[638, 834]
[325, 834]:[834, 843]
[570, 834]:[638, 834]
[570, 834]:[834, 843]
[638, 834]:[834, 843]
[72, 201]:[90, 201]
[72, 201]:[201, 359]
[72, 201]:[201, 495]
[72, 201]:[201, 640]
[72, 201]:[201, 672]
[72, 201]:[201, 741]
[72, 201]:[201, 890]
[72, 201]:[201, 930]
[90, 201]:[201, 359]
[90, 201]:[201, 495]
[90, 201]:[201, 640]
[90, 201]:[201, 672]
[90, 201]:[201, 741]
[90, 201]:[201, 890]
[90, 201]:[201, 930]
[201, 359]:[201, 495]
[201, 359]:[201, 640]
[201, 359]:[201, 672]
[201, 359]:[201, 741]
[201, 359]:[201, 890]
[201, 359]:[201, 930]
[201, 495]:[201, 640]
[201, 495]:[201, 672]
[201, 495]:[201, 741]
[201, 495]:[201, 890]
[201, 495]:[201, 930]
[201, 640]:[201, 672]
[201, 640]:[201, 741]
[201, 640]:[201, 890]
[201, 640]:[201, 930]
[201, 672]:[201, 741]
[201, 672]:[201, 890]
[201, 672]:[201, 930]
[201, 741]:[201, 890]
[201, 741]:[201, 930]
[201, 890]:[201, 930]
[72, 824]:[130, 824]
[72, 824]:[186, 824]
[72, 824]:[563, 824]
[72, 824]:[575, 824]
[130, 824]:[186, 824]
[130, 824]:[563, 824]
[130, 824]:[575, 824]
[186, 824]:[563, 824]
[186, 824]:[575, 824]
[563, 824]:[575, 824]
[73, 295]:[73, 555]
[73, 295]:[73, 557]
[73, 295]:[73, 611]
[73, 295]:[73, 635]
[73, 555]:[73, 557]
[73, 555]:[73, 611]
[73, 555]:[73, 635]
[73, 557]:[73, 611]
[73, 557]:[73, 635]
[73, 611]:[73, 635]
[73, 557]:[74, 557]
[73, 557]:[147, 557]
[73, 557]:[303, 557]
[73, 557]:[370, 557]
[73, 557]:[434, 557]
[73, 557]:[437, 557]
[73, 557]:[557, 999]
[74, 557]:[147, 557]
[74, 557]:[303, 557]
[74, 557]:[370, 557]
[74, 557]:[434, 557]
[74, 557]:[437, 557]
[74, 557]:[557, 999]
[147, 557]:[303, 557]
[147, 557]:[370, 557]
[147, 557]:[434, 557]
[147, 557]:[437, 557]
[147, 557]:[557, 999]
[303, 557]:[370, 557]
[303, 557]:[434, 557]
[303, 557]:[437, 557]
[303, 557]:[557, 999]
[370, 557]:[434, 557]
[370, 557]:[437, 557]
[370, 557]:[557, 999]
[434, 557]:[437, 557]
[434, 557]:[557, 999]
[437, 557]:[557, 999]
[73, 611]:[102, 611]
[73, 611]:[121, 611]
[73, 611]:[133, 611]
[73, 611]:[211, 611]
[73, 611]:[228, 611]
[73, 611]:[611, 730]
[73, 611]:[611, 995]
[102, 611]:[121, 611]
[102, 611]:[133, 611]
[102, 611]:[211, 611]
[102, 611]:[228, 611]
[102, 611]:[611, 730]
[102, 611]:[611, 995]
[121, 611]:[133, 611]
[121, 611]:[211, 611]
[121, 611]:[228, 611]
[121, 611]:[611, 730]
[121, 611]:[611, 995]
[133, 611]:[211, 611]
[133, 611]:[228, 611]
[133, 611]:[611, 730]
[133, 611]:[611, 995]
[211, 611]:[228, 611]
[211, 611]:[611, 730]
[211, 611]:[611, 995]
[228, 611]:[611, 730]
[228, 611]:[611, 995]
[611, 730]:[611, 995]
[73, 635]:[404, 635]
[73, 635]:[635, 773]
[404, 635]:[635, 773]
[74, 210]:[74, 274]
[74, 210]:[74, 411]
[74, 210]:[74, 557]
[74, 210]:[74, 615]
[74, 210]:[74, 811]
[74, 210]:[74, 922]
[74, 274]:[74, 411]
[74, 274]:[74, 557]
[74, 274]:[74, 615]
[74, 274]:[74, 811]
[74, 274]:[74, 922]
[74, 411]:[74, 557]
[74, 411]:[74, 615]
[74, 411]:[74, 811]
[74, 411]:[74, 922]
[74, 557]:[74, 615]
[74, 557]:[74, 811]
[74, 557]:[74, 922]
[74, 615]:[74, 811]
[74, 615]:[74, 922]
[74, 811]:[74, 922]
[74, 210]:[82, 210]
[74, 210]:[151, 210]
[74, 210]:[210, 221]
[74, 210]:[210, 760]
[74, 210]:[210, 871]
[74, 210]:[210, 964]
[82, 210]:[151, 210]
[82, 210]:[210, 221]
[82, 210]:[210, 760]
[82, 210]:[210, 871]
[82, 210]:[210, 964]
[151, 210]:[210, 221]
[151, 210]:[210, 760]
[151, 210]:[210, 871]
[151, 210]:[210, 964]
[210, 221]:[210, 760]
[210, 221]:[210, 871]
[210, 221]:[210, 964]
[210, 760]:[210, 871]
[210, 760]:[210, 964]
[210, 871]:[210, 964]
[74, 274]:[131, 274]
[74, 274]:[145, 274]
[74, 274]:[189, 274]
[74, 274]:[274, 303]
[74, 274]:[274, 526]
[131, 274]:[145, 274]
[131, 274]:[189, 274]
[131, 274]:[274, 303]
[131, 274]:[274, 526]
[145, 274]:[189, 274]
[145, 274]:[274, 303]
[145, 274]:[274, 526]
[189, 274]:[274, 303]
[189, 274]:[274, 526]
[274, 303]:[274, 526]
[75, 222]:[75, 378]
[75, 222]:[75, 483]
[75, 222]:[75, 790]
[75, 378]:[75, 483]
[75, 378]:[75, 790]
[75, 483]:[75, 790]
[75, 222]:[222, 661]
[75, 222]:[222, 671]
[75, 222]:[222, 985]
[222, 661]:[222, 671]
[222, 661]:[222, 985]
[222, 671]:[222, 985]
[75, 790]:[179, 790]
[75, 790]:[221, 790]
[75, 790]:[223, 790]
[179, 790]:[221, 790]
[179, 790]:[223, 790]
[221, 790]:[223, 790]
[76, 81]:[76, 225]
[76, 81]:[76, 350]
[76, 81]:[76, 388]
[76, 81]:[76, 462]
[76, 81]:[76, 558]
[76, 81]:[76, 582]
[76, 81]:[76, 852]
[76, 225]:[76, 350]
[76, 225]:[76, 388]
[76, 225]:[76, 462]
[76, 225]:[76, 558]
[76, 225]:[76, 582]
[76, 225]:[76, 852]
[76, 350]:[76, 388]
[76, 350]:[76, 462]
[76, 350]:[76, 558]
[76, 350]:[76, 582]
[76, 350]:[76, 852]
[76, 388]:[76, 462]
[76, 388]:[76, 558]
[76, 388]:[76, 582]
[76, 388]:[76, 852]
[76, 462]:[76, 558]
[76, 462]:[76, 582]
[76, 462]:[76, 852]
[76, 558]:[76, 582]
[76, 558]:[76, 852]
[76, 582]:[76, 852]
[76, 81]:[81, 401]
[76, 81]:[81, 703]
[76, 81]:[81, 758]
[76, 81]:[81, 913]
[81, 401]:[81, 703]
[81, 401]:[81, 758]
[81, 401]:[81, 913]
[81, 703]:[81, 758]
[81, 703]:[81, 913]
[81, 758]:[81, 913]
[76, 225]:[110, 225]
[76, 225]:[225, 388]
[76, 225]:[225, 702]
[110, 225]:[225, 388]
[110, 225]:[225, 702]
[225, 388]:[225, 702]
[76, 350]:[350, 415]
[76, 350]:[350, 456]
[76, 350]:[350, 744]
[76, 350]:[350, 863]
[350, 415]:[350, 456]
[350, 415]:[350, 744]
[350, 415]:[350, 863]
[350, 456]:[350, 744]
[350, 456]:[350, 863]
[350, 744]:[350, 863]
[76, 462]:[191, 462]
[76, 462]:[361, 462]
[76, 462]:[385, 462]
[76, 462]:[462, 487]
[76, 462]:[462, 656]
[76, 462]:[462, 940]
[191, 462]:[361, 462]
[191, 462]:[385, 462]
[191, 462]:[462, 487]
[191, 462]:[462, 656]
[191, 462]:[462, 940]
[361, 462]:[385, 462]
[361, 462]:[462, 487]
[361, 462]:[462, 656]
[361, 462]:[462, 940]
[385, 462]:[462, 487]
[385, 462]:[462, 656]
[385, 462]:[462, 940]
[462, 487]:[462, 656]
[462, 487]:[462, 940]
[462, 656]:[462, 940]
[76, 558]:[558, 612]
[76, 558]:[558, 691]
[76, 558]:[558, 926]
[76, 558]:[558, 941]
[558, 612]:[558, 691]
[558, 612]:[558, 926]
[558, 612]:[558, 941]
[558, 691]:[558, 926]
[558, 691]:[558, 941]
[558, 926]:[558, 941]
[76, 582]:[150, 582]
[76, 582]:[256, 582]
[76, 582]:[564, 582]
[76, 582]:[582, 644]
[76, 582]:[582, 751]
[76, 582]:[582, 807]
[76, 582]:[582, 884]
[150, 582]:[256, 582]
[150, 582]:[564, 582]
[150, 582]:[582, 644]
[150, 582]:[582, 751]
[150, 582]:[582, 807]
[150, 582]:[582, 884]
[256, 582]:[564, 582]
[256, 582]:[582, 644]
[256, 582]:[582, 751]
[256, 582]:[582, 807]
[256, 582]:[582, 884]
[564, 582]:[582, 644]
[564, 582]:[582, 751]
[564, 582]:[582, 807]
[564, 582]:[582, 884]
[582, 644]:[582, 751]
[582, 644]:[582, 807]
[582, 644]:[582, 884]
[582, 751]:[582, 807]
[582, 751]:[582, 884]
[582, 807]:[582, 884]
[76, 852]:[138, 852]
[76, 852]:[335, 852]
[76, 852]:[698, 852]
[76, 852]:[852, 927]
[138, 852]:[335, 852]
[138, 852]:[698, 852]
[138, 852]:[852, 927]
[335, 852]:[698, 852]
[335, 852]:[852, 927]
[698, 852]:[852, 927]
[77, 306]:[77, 461]
[77, 306]:[77, 791]
[77, 306]:[77, 889]
[77, 306]:[77, 982]
[77, 461]:[77, 791]
[77, 461]:[77, 889]
[77, 461]:[77, 982]
[77, 791]:[77, 889]
[77, 791]:[77, 982]
[77, 889]:[77, 982]
[77, 889]:[418, 889]
[77, 889]:[792, 889]
[77, 889]:[801, 889]
[418, 889]:[792, 889]
[418, 889]:[801, 889]
[792, 889]:[801, 889]
[77, 982]:[82, 982]
[77, 982]:[95, 982]
[77, 982]:[356, 982]
[77, 982]:[551, 982]
[77, 982]:[754, 982]
[82, 982]:[95, 982]
[82, 982]:[356, 982]
[82, 982]:[551, 982]
[82, 982]:[754, 982]
[95, 982]:[356, 982]
[95, 982]:[551, 982]
[95, 982]:[754, 982]
[356, 982]:[551, 982]
[356, 982]:[754, 982]
[551, 982]:[754, 982]
[78, 398]:[78, 454]
[78, 398]:[78, 552]
[78, 398]:[78, 695]
[78, 398]:[78, 710]
[78, 398]:[78, 736]
[78, 398]:[78, 987]
[78, 454]:[78, 552]
[78, 454]:[78, 695]
[78, 454]:[78, 710]
[78, 454]:[78, 736]
[78, 454]:[78, 987]
[78, 552]:[78, 695]
[78, 552]:[78, 710]
[78, 552]:[78, 736]
[78, 552]:[78, 987]
[78, 695]:[78, 710]
[78, 695]:[78, 736]
[78, 695]:[78, 987]
[78, 710]:[78, 736]
[78, 710]:[78, 987]
[78, 736]:[78, 987]
[78, 398]:[315, 398]
[78, 398]:[398, 446]
[78, 398]:[398, 850]
[78, 398]:[398, 916]
[78, 398]:[398, 957]
[315, 398]:[398, 446]
[315, 398]:[398, 850]
[315, 398]:[398, 916]
[315, 398]:[398, 957]
[398, 446]:[398, 850]
[398, 446]:[398, 916]
[398, 446]:[398, 957]
[398, 850]:[398, 916]
[398, 850]:[398, 957]
[398, 916]:[398, 957]
[78, 454]:[454, 461]
[78, 454]:[454, 678]
[78, 454]:[454, 809]
[454, 461]:[454, 678]
[454, 461]:[454, 809]
[454, 678]:[454, 809]
[78, 695]:[223, 695]
[78, 695]:[281, 695]
[78, 695]:[423, 695]
[78, 695]:[447, 695]
[78, 695]:[455, 695]
[78, 695]:[572, 695]
[78, 695]:[695, 784]
[223, 695]:[281, 695]
[223, 695]:[423, 695]
[223, 695]:[447, 695]
[223, 695]:[455, 695]
[223, 695]:[572, 695]
[223, 695]:[695, 784]
[281, 695]:[423, 695]
[281, 695]:[447, 695]
[281, 695]:[455, 695]
[281, 695]:[572, 695]
[281, 695]:[695, 784]
[423, 695]:[447, 695]
[423, 695]:[455, 695]
[423, 695]:[572, 695]
[423, 695]:[695, 784]
[447, 695]:[455, 695]
[447, 695]:[572, 695]
[447, 695]:[695, 784]
[455, 695]:[572, 695]
[455, 695]:[695, 784]
[572, 695]:[695, 784]
[78, 987]:[366, 987]
[78, 987]:[545, 987]
[78, 987]:[580, 987]
[366, 987]:[545, 987]
[366, 987]:[580, 987]
[545, 987]:[580, 987]
[79, 380]:[377, 380]
[79, 380]:[380, 499]
[79, 380]:[380, 603]
[79, 380]:[380, 612]
[79, 380]:[380, 895]
[377, 380]:[380, 499]
[377, 380]:[380, 603]
[377, 380]:[380, 612]
[377, 380]:[380, 895]
[380, 499]:[380, 603]
[380, 499]:[380, 612]
[380, 499]:[380, 895]
[380, 603]:[380, 612]
[380, 603]:[380, 895]
[380, 612]:[380, 895]
[81, 703]:[107, 703]
[81, 703]:[203, 703]
[81, 703]:[252, 703]
[81, 703]:[570, 703]
[81, 703]:[625, 703]
[81, 703]:[667, 703]
[81, 703]:[687, 703]
[107, 703]:[203, 703]
[107, 703]:[252, 703]
[107, 703]:[570, 703]
[107, 703]:[625, 703]
[107, 703]:[667, 703]
[107, 703]:[687, 703]
[203, 703]:[252, 703]
[203, 703]:[570, 703]
[203, 703]:[625, 703]
[203, 703]:[667, 703]
[203, 703]:[687, 703]
[252, 703]:[570, 703]
[252, 703]:[625, 703]
[252, 703]:[667, 703]
[252, 703]:[687, 703]
[570, 703]:[625, 703]
[570, 703]:[667, 703]
[570, 703]:[687, 703]
[625, 703]:[667, 703]
[625, 703]:[687, 703]
[667, 703]:[687, 703]
[81, 758]:[230, 758]
[81, 758]:[294, 758]
[81, 758]:[599, 758]
[81, 758]:[608, 758]
[230, 758]:[294, 758]
[230, 758]:[599, 758]
[230, 758]:[608, 758]
[294, 758]:[599, 758]
[294, 758]:[608, 758]
[599, 758]:[608, 758]
[81, 913]:[194, 913]
[81, 913]:[478, 913]
[194, 913]:[478, 913]
[82, 203]:[82, 210]
[82, 203]:[82, 432]
[82, 203]:[82, 488]
[82, 203]:[82, 495]
[82, 203]:[82, 540]
[82, 203]:[82, 597]
[82, 203]:[82, 651]
[82, 203]:[82, 687]
[82, 203]:[82, 904]
[82, 203]:[82, 982]
[82, 210]:[82, 432]
[82, 210]:[82, 488]
[82, 210]:[82, 495]
[82, 210]:[82, 540]
[82, 210]:[82, 597]
[82, 210]:[82, 651]
[82, 210]:[82, 687]
[82, 210]:[82, 904]
[82, 210]:[82, 982]
[82, 432]:[82, 488]
[82, 432]:[82, 495]
[82, 432]:[82, 540]
[82, 432]:[82, 597]
[82, 432]:[82, 651]
[82, 432]:[82, 687]
[82, 432]:[82, 904]
[82, 432]:[82, 982]
[82, 488]:[82, 495]
[82, 488]:[82, 540]
[82, 488]:[82, 597]
[82, 488]:[82, 651]
[82, 488]:[82, 687]
[82, 488]:[82, 904]
[82, 488]:[82, 982]
[82, 495]:[82, 540]
[82, 495]:[82, 597]
[82, 495]:[82, 651]
[82, 495]:[82, 687]
[82, 495]:[82, 904]
[82, 495]:[82, 982]
[82, 540]:[82, 597]
[82, 540]:[82, 651]
[82, 540]:[82, 687]
[82, 540]:[82, 904]
[82, 540]:[82, 982]
[82, 597]:[82, 651]
[82, 597]:[82, 687]
[82, 597]:[82, 904]
[82, 597]:[82, 982]
[82, 651]:[82, 687]
[82, 651]:[82, 904]
[82, 651]:[82, 982]
[82, 687]:[82, 904]
[82, 687]:[82, 982]
[82, 904]:[82, 982]
[82, 495]:[201, 495]
[82, 495]:[365, 495]
[82, 495]:[474, 495]
[82, 495]:[484, 495]
[82, 495]:[495, 915]
[82, 495]:[495, 923]
[201, 495]:[365, 495]
[201, 495]:[474, 495]
[201, 495]:[484, 495]
[201, 495]:[495, 915]
[201, 495]:[495, 923]
[365, 495]:[474, 495]
[365, 495]:[484, 495]
[365, 495]:[495, 915]
[365, 495]:[495, 923]
[474, 495]:[484, 495]
[474, 495]:[495, 915]
[474, 495]:[495, 923]
[484, 495]:[495, 915]
[484, 495]:[495, 923]
[495, 915]:[495, 923]
[82, 540]:[284, 540]
[82, 540]:[472, 540]
[82, 540]:[540, 720]
[82, 540]:[540, 902]
[82, 540]:[540, 963]
[284, 540]:[472, 540]
[284, 540]:[540, 720]
[284, 540]:[540, 902]
[284, 540]:[540, 963]
[472, 540]:[540, 720]
[472, 540]:[540, 902]
[472, 540]:[540, 963]
[540, 720]:[540, 902]
[540, 720]:[540, 963]
[540, 902]:[540, 963]
[82, 597]:[111, 597]
[82, 597]:[259, 597]
[82, 597]:[313, 597]
[82, 597]:[375, 597]
[82, 597]:[428, 597]
[82, 597]:[473, 597]
[82, 597]:[597, 800]
[82, 597]:[597, 932]
[82, 597]:[597, 942]
[111, 597]:[259, 597]
[111, 597]:[313, 597]
[111, 597]:[375, 597]
[111, 597]:[428, 597]
[111, 597]:[473, 597]
[111, 597]:[597, 800]
[111, 597]:[597, 932]
[111, 597]:[597, 942]
[259, 597]:[313, 597]
[259, 597]:[375, 597]
[259, 597]:[428, 597]
[259, 597]:[473, 597]
[259, 597]:[597, 800]
[259, 597]:[597, 932]
[259, 597]:[597, 942]
[313, 597]:[375, 597]
[313, 597]:[428, 597]
[313, 597]:[473, 597]
[313, 597]:[597, 800]
[313, 597]:[597, 932]
[313, 597]:[597, 942]
[375, 597]:[428, 597]
[375, 597]:[473, 597]
[375, 597]:[597, 800]
[375, 597]:[597, 932]
[375, 597]:[597, 942]
[428, 597]:[473, 597]
[428, 597]:[597, 800]
[428, 597]:[597, 932]
[428, 597]:[597, 942]
[473, 597]:[597, 800]
[473, 597]:[597, 932]
[473, 597]:[597, 942]
[597, 800]:[597, 932]
[597, 800]:[597, 942]
[597, 932]:[597, 942]
[83, 103]:[83, 123]
[83, 103]:[83, 140]
[83, 103]:[83, 157]
[83, 103]:[83, 544]
[83, 103]:[83, 707]
[83, 103]:[83, 838]
[83, 103]:[83, 858]
[83, 123]:[83, 140]
[83, 123]:[83, 157]
[83, 123]:[83, 544]
[83, 123]:[83, 707]
[83, 123]:[83, 838]
[83, 123]:[83, 858]
[83, 140]:[83, 157]
[83, 140]:[83, 544]
[83, 140]:[83, 707]
[83, 140]:[83, 838]
[83, 140]:[83, 858]
[83, 157]:[83, 544]
[83, 157]:[83, 707]
[83, 157]:[83, 838]
[83, 157]:[83, 858]
[83, 544]:[83, 707]
[83, 544]:[83, 838]
[83, 544]:[83, 858]
[83, 707]:[83, 838]
[83, 707]:[83, 858]
[83, 838]:[83, 858]
[83, 140]:[128, 140]
[83, 140]:[140, 428]
[83, 140]:[140, 553]
[83, 140]:[140, 641]
[83, 140]:[140, 661]
[83, 140]:[140, 776]
[128, 140]:[140, 428]
[128, 140]:[140, 553]
[128, 140]:[140, 641]
[128, 140]:[140, 661]
[128, 140]:[140, 776]
[140, 428]:[140, 553]
[140, 428]:[140, 641]
[140, 428]:[140, 661]
[140, 428]:[140, 776]
[140, 553]:[140, 641]
[140, 553]:[140, 661]
[140, 553]:[140, 776]
[140, 641]:[140, 661]
[140, 641]:[140, 776]
[140, 661]:[140, 776]
[83, 544]:[170, 544]
[83, 544]:[187, 544]
[83, 544]:[226, 544]
[83, 544]:[242, 544]
[83, 544]:[288, 544]
[83, 544]:[353, 544]
[83, 544]:[365, 544]
[83, 544]:[390, 544]
[83, 544]:[438, 544]
[83, 544]:[441, 544]
[83, 544]:[514, 544]
[83, 544]:[544, 915]
[83, 544]:[544, 935]
[170, 544]:[187, 544]
[170, 544]:[226, 544]
[170, 544]:[242, 544]
[170, 544]:[288, 544]
[170, 544]:[353, 544]
[170, 544]:[365, 544]
[170, 544]:[390, 544]
[170, 544]:[438, 544]
[170, 544]:[441, 544]
[170, 544]:[514, 544]
[170, 544]:[544, 915]
[170, 544]:[544, 935]
[187, 544]:[226, 544]
[187, 544]:[242, 544]
[187, 544]:[288, 544]
[187, 544]:[353, 544]
[187, 544]:[365, 544]
[187, 544]:[390, 544]
[187, 544]:[438, 544]
[187, 544]:[441, 544]
[187, 544]:[514, 544]
[187, 544]:[544, 915]
[187, 544]:[544, 935]
[226, 544]:[242, 544]
[226, 544]:[288, 544]
[226, 544]:[353, 544]
[226, 544]:[365, 544]
[226, 544]:[390, 544]
[226, 544]:[438, 544]
[226, 544]:[441, 544]
[226, 544]:[514, 544]
[226, 544]:[544, 915]
[226, 544]:[544, 935]
[242, 544]:[288, 544]
[242, 544]:[353, 544]
[242, 544]:[365, 544]
[242, 544]:[390, 544]
[242, 544]:[438, 544]
[242, 544]:[441, 544]
[242, 544]:[514, 544]
[242, 544]:[544, 915]
[242, 544]:[544, 935]
[288, 544]:[353, 544]
[288, 544]:[365, 544]
[288, 544]:[390, 544]
[288, 544]:[438, 544]
[288, 544]:[441, 544]
[288, 544]:[514, 544]
[288, 544]:[544, 915]
[288, 544]:[544, 935]
[353, 544]:[365, 544]
[353, 544]:[390, 544]
[353, 544]:[438, 544]
[353, 544]:[441, 544]
[353, 544]:[514, 544]
[353, 544]:[544, 915]
[353, 544]:[544, 935]
[365, 544]:[390, 544]
[365, 544]:[438, 544]
[365, 544]:[441, 544]
[365, 544]:[514, 544]
[365, 544]:[544, 915]
[365, 544]:[544, 935]
[390, 544]:[438, 544]
[390, 544]:[441, 544]
[390, 544]:[514, 544]
[390, 544]:[544, 915]
[390, 544]:[544, 935]
[438, 544]:[441, 544]
[438, 544]:[514, 544]
[438, 544]:[544, 915]
[438, 544]:[544, 935]
[441, 544]:[514, 544]
[441, 544]:[544, 915]
[441, 544]:[544, 935]
[514, 544]:[544, 915]
[514, 544]:[544, 935]
[544, 915]:[544, 935]
[83, 707]:[413, 707]
[83, 707]:[480, 707]
[83, 707]:[485, 707]
[83, 707]:[526, 707]
[83, 707]:[707, 811]
[413, 707]:[480, 707]
[413, 707]:[485, 707]
[413, 707]:[526, 707]
[413, 707]:[707, 811]
[480, 707]:[485, 707]
[480, 707]:[526, 707]
[480, 707]:[707, 811]
[485, 707]:[526, 707]
[485, 707]:[707, 811]
[526, 707]:[707, 811]
[83, 838]:[148, 838]
[83, 838]:[226, 838]
[83, 838]:[285, 838]
[83, 838]:[498, 838]
[83, 838]:[527, 838]
[83, 838]:[602, 838]
[83, 838]:[783, 838]
[83, 838]:[832, 838]
[148, 838]:[226, 838]
[148, 838]:[285, 838]
[148, 838]:[498, 838]
[148, 838]:[527, 838]
[148, 838]:[602, 838]
[148, 838]:[783, 838]
[148, 838]:[832, 838]
[226, 838]:[285, 838]
[226, 838]:[498, 838]
[226, 838]:[527, 838]
[226, 838]:[602, 838]
[226, 838]:[783, 838]
[226, 838]:[832, 838]
[285, 838]:[498, 838]
[285, 838]:[527, 838]
[285, 838]:[602, 838]
[285, 838]:[783, 838]
[285, 838]:[832, 838]
[498, 838]:[527, 838]
[498, 838]:[602, 838]
[498, 838]:[783, 838]
[498, 838]:[832, 838]
[527, 838]:[602, 838]
[527, 838]:[783, 838]
[527, 838]:[832, 838]
[602, 838]:[783, 838]
[602, 838]:[832, 838]
[783, 838]:[832, 838]
[83, 858]:[381, 858]
[83, 858]:[460, 858]
[83, 858]:[602, 858]
[83, 858]:[681, 858]
[83, 858]:[858, 897]
[83, 858]:[858, 968]
[381, 858]:[460, 858]
[381, 858]:[602, 858]
[381, 858]:[681, 858]
[381, 858]:[858, 897]
[381, 858]:[858, 968]
[460, 858]:[602, 858]
[460, 858]:[681, 858]
[460, 858]:[858, 897]
[460, 858]:[858, 968]
[602, 858]:[681, 858]
[602, 858]:[858, 897]
[602, 858]:[858, 968]
[681, 858]:[858, 897]
[681, 858]:[858, 968]
[858, 897]:[858, 968]
[84, 88]:[88, 622]
[84, 88]:[88, 919]
[84, 88]:[88, 967]
[88, 622]:[88, 919]
[88, 622]:[88, 967]
[88, 919]:[88, 967]
[84, 309]:[103, 309]
[84, 309]:[138, 309]
[84, 309]:[309, 349]
[84, 309]:[309, 353]
[84, 309]:[309, 534]
[84, 309]:[309, 813]
[84, 309]:[309, 880]
[103, 309]:[138, 309]
[103, 309]:[309, 349]
[103, 309]:[309, 353]
[103, 309]:[309, 534]
[103, 309]:[309, 813]
[103, 309]:[309, 880]
[138, 309]:[309, 349]
[138, 309]:[309, 353]
[138, 309]:[309, 534]
[138, 309]:[309, 813]
[138, 309]:[309, 880]
[309, 349]:[309, 353]
[309, 349]:[309, 534]
[309, 349]:[309, 813]
[309, 349]:[309, 880]
[309, 353]:[309, 534]
[309, 353]:[309, 813]
[309, 353]:[309, 880]
[309, 534]:[309, 813]
[309, 534]:[309, 880]
[309, 813]:[309, 880]
[84, 960]:[162, 960]
[84, 960]:[550, 960]
[84, 960]:[576, 960]
[84, 960]:[669, 960]
[84, 960]:[696, 960]
[84, 960]:[859, 960]
[162, 960]:[550, 960]
[162, 960]:[576, 960]
[162, 960]:[669, 960]
[162, 960]:[696, 960]
[162, 960]:[859, 960]
[550, 960]:[576, 960]
[550, 960]:[669, 960]
[550, 960]:[696, 960]
[550, 960]:[859, 960]
[576, 960]:[669, 960]
[576, 960]:[696, 960]
[576, 960]:[859, 960]
[669, 960]:[696, 960]
[669, 960]:[859, 960]
[696, 960]:[859, 960]
[85, 253]:[253, 263]
[85, 253]:[253, 280]
[85, 253]:[253, 293]
[85, 253]:[253, 348]
[85, 253]:[253, 593]
[85, 253]:[253, 719]
[85, 253]:[253, 896]
[253, 263]:[253, 280]
[253, 263]:[253, 293]
[253, 263]:[253, 348]
[253, 263]:[253, 593]
[253, 263]:[253, 719]
[253, 263]:[253, 896]
[253, 280]:[253, 293]
[253, 280]:[253, 348]
[253, 280]:[253, 593]
[253, 280]:[253, 719]
[253, 280]:[253, 896]
[253, 293]:[253, 348]
[253, 293]:[253, 593]
[253, 293]:[253, 719]
[253, 293]:[253, 896]
[253, 348]:[253, 593]
[253, 348]:[253, 719]
[253, 348]:[253, 896]
[253, 593]:[253, 719]
[253, 593]:[253, 896]
[253, 719]:[253, 896]
[85, 943]:[393, 943]
[86, 330]:[330, 397]
[86, 330]:[330, 460]
[86, 330]:[330, 545]
[86, 330]:[330, 617]
[86, 330]:[330, 756]
[86, 330]:[330, 760]
[330, 397]:[330, 460]
[330, 397]:[330, 545]
[330, 397]:[330, 617]
[330, 397]:[330, 756]
[330, 397]:[330, 760]
[330, 460]:[330, 545]
[330, 460]:[330, 617]
[330, 460]:[330, 756]
[330, 460]:[330, 760]
[330, 545]:[330, 617]
[330, 545]:[330, 756]
[330, 545]:[330, 760]
[330, 617]:[330, 756]
[330, 617]:[330, 760]
[330, 756]:[330, 760]
[86, 524]:[176, 524]
[86, 524]:[265, 524]
[86, 524]:[320, 524]
[86, 524]:[349, 524]
[86, 524]:[353, 524]
[86, 524]:[524, 602]
[86, 524]:[524, 653]
[86, 524]:[524, 722]
[86, 524]:[524, 876]
[176, 524]:[265, 524]
[176, 524]:[320, 524]
[176, 524]:[349, 524]
[176, 524]:[353, 524]
[176, 524]:[524, 602]
[176, 524]:[524, 653]
[176, 524]:[524, 722]
[176, 524]:[524, 876]
[265, 524]:[320, 524]
[265, 524]:[349, 524]
[265, 524]:[353, 524]
[265, 524]:[524, 602]
[265, 524]:[524, 653]
[265, 524]:[524, 722]
[265, 524]:[524, 876]
[320, 524]:[349, 524]
[320, 524]:[353, 524]
[320, 524]:[524, 602]
[320, 524]:[524, 653]
[320, 524]:[524, 722]
[320, 524]:[524, 876]
[349, 524]:[353, 524]
[349, 524]:[524, 602]
[349, 524]:[524, 653]
[349, 524]:[524, 722]
[349, 524]:[524, 876]
[353, 524]:[524, 602]
[353, 524]:[524, 653]
[353, 524]:[524, 722]
[353, 524]:[524, 876]
[524, 602]:[524, 653]
[524, 602]:[524, 722]
[524, 602]:[524, 876]
[524, 653]:[524, 722]
[524, 653]:[524, 876]
[524, 722]:[524, 876]
[87, 169]:[87, 265]
[87, 169]:[87, 307]
[87, 169]:[87, 320]
[87, 169]:[87, 343]
[87, 169]:[87, 675]
[87, 169]:[87, 714]
[87, 169]:[87, 780]
[87, 169]:[87, 924]
[87, 265]:[87, 307]
[87, 265]:[87, 320]
[87, 265]:[87, 343]
[87, 265]:[87, 675]
[87, 265]:[87, 714]
[87, 265]:[87, 780]
[87, 265]:[87, 924]
[87, 307]:[87, 320]
[87, 307]:[87, 343]
[87, 307]:[87, 675]
[87, 307]:[87, 714]
[87, 307]:[87, 780]
[87, 307]:[87, 924]
[87, 320]:[87, 343]
[87, 320]:[87, 675]
[87, 320]:[87, 714]
[87, 320]:[87, 780]
[87, 320]:[87, 924]
[87, 343]:[87, 675]
[87, 343]:[87, 714]
[87, 343]:[87, 780]
[87, 343]:[87, 924]
[87, 675]:[87, 714]
[87, 675]:[87, 780]
[87, 675]:[87, 924]
[87, 714]:[87, 780]
[87, 714]:[87, 924]
[87, 780]:[87, 924]
[87, 169]:[169, 275]
[87, 169]:[169, 283]
[87, 169]:[169, 353]
[87, 169]:[169, 521]
[87, 169]:[169, 631]
[87, 169]:[169, 674]
[87, 169]:[169, 714]
[87, 169]:[169, 746]
[87, 169]:[169, 952]
[169, 275]:[169, 283]
[169, 275]:[169, 353]
[169, 275]:[169, 521]
[169, 275]:[169, 631]
[169, 275]:[169, 674]
[169, 275]:[169, 714]
[169, 275]:[169, 746]
[169, 275]:[169, 952]
[169, 283]:[169, 353]
[169, 283]:[169, 521]
[169, 283]:[169, 631]
[169, 283]:[169, 674]
[169, 283]:[169, 714]
[169, 283]:[169, 746]
[169, 283]:[169, 952]
[169, 353]:[169, 521]
[169, 353]:[169, 631]
[169, 353]:[169, 674]
[169, 353]:[169, 714]
[169, 353]:[169, 746]
[169, 353]:[169, 952]
[169, 521]:[169, 631]
[169, 521]:[169, 674]
[169, 521]:[169, 714]
[169, 521]:[169, 746]
[169, 521]:[169, 952]
[169, 631]:[169, 674]
[169, 631]:[169, 714]
[169, 631]:[169, 746]
[169, 631]:[169, 952]
[169, 674]:[169, 714]
[169, 674]:[169, 746]
[169, 674]:[169, 952]
[169, 714]:[169, 746]
[169, 714]:[169, 952]
[169, 746]:[169, 952]
[87, 307]:[134, 307]
[87, 307]:[194, 307]
[87, 307]:[279, 307]
[87, 307]:[307, 329]
[87, 307]:[307, 332]
[87, 307]:[307, 527]
[87, 307]:[307, 577]
[87, 307]:[307, 590]
[87, 307]:[307, 632]
[87, 307]:[307, 740]
[87, 307]:[307, 843]
[134, 307]:[194, 307]
[134, 307]:[279, 307]
[134, 307]:[307, 329]
[134, 307]:[307, 332]
[134, 307]:[307, 527]
[134, 307]:[307, 577]
[134, 307]:[307, 590]
[134, 307]:[307, 632]
[134, 307]:[307, 740]
[134, 307]:[307, 843]
[194, 307]:[279, 307]
[194, 307]:[307, 329]
[194, 307]:[307, 332]
[194, 307]:[307, 527]
[194, 307]:[307, 577]
[194, 307]:[307, 590]
[194, 307]:[307, 632]
[194, 307]:[307, 740]
[194, 307]:[307, 843]
[279, 307]:[307, 329]
[279, 307]:[307, 332]
[279, 307]:[307, 527]
[279, 307]:[307, 577]
[279, 307]:[307, 590]
[279, 307]:[307, 632]
[279, 307]:[307, 740]
[279, 307]:[307, 843]
[307, 329]:[307, 332]
[307, 329]:[307, 527]
[307, 329]:[307, 577]
[307, 329]:[307, 590]
[307, 329]:[307, 632]
[307, 329]:[307, 740]
[307, 329]:[307, 843]
[307, 332]:[307, 527]
[307, 332]:[307, 577]
[307, 332]:[307, 590]
[307, 332]:[307, 632]
[307, 332]:[307, 740]
[307, 332]:[307, 843]
[307, 527]:[307, 577]
[307, 527]:[307, 590]
[307, 527]:[307, 632]
[307, 527]:[307, 740]
[307, 527]:[307, 843]
[307, 577]:[307, 590]
[307, 577]:[307, 632]
[307, 577]:[307, 740]
[307, 577]:[307, 843]
[307, 590]:[307, 632]
[307, 590]:[307, 740]
[307, 590]:[307, 843]
[307, 632]:[307, 740]
[307, 632]:[307, 843]
[307, 740]:[307, 843]
[87, 320]:[272, 320]
[87, 320]:[320, 524]
[87, 320]:[320, 655]
[87, 320]:[320, 666]
[87, 320]:[320, 978]
[87, 320]:[320, 998]
[272, 320]:[320, 524]
[272, 320]:[320, 655]
[272, 320]:[320, 666]
[272, 320]:[320, 978]
[272, 320]:[320, 998]
[320, 524]:[320, 655]
[320, 524]:[320, 666]
[320, 524]:[320, 978]
[320, 524]:[320, 998]
[320, 655]:[320, 666]
[320, 655]:[320, 978]
[320, 655]:[320, 998]
[320, 666]:[320, 978]
[320, 666]:[320, 998]
[320, 978]:[320, 998]
[87, 343]:[134, 343]
[87, 343]:[141, 343]
[87, 343]:[298, 343]
[87, 343]:[343, 392]
[87, 343]:[343, 427]
[87, 343]:[343, 795]
[87, 343]:[343, 911]
[134, 343]:[141, 343]
[134, 343]:[298, 343]
[134, 343]:[343, 392]
[134, 343]:[343, 427]
[134, 343]:[343, 795]
[134, 343]:[343, 911]
[141, 343]:[298, 343]
[141, 343]:[343, 392]
[141, 343]:[343, 427]
[141, 343]:[343, 795]
[141, 343]:[343, 911]
[298, 343]:[343, 392]
[298, 343]:[343, 427]
[298, 343]:[343, 795]
[298, 343]:[343, 911]
[343, 392]:[343, 427]
[343, 392]:[343, 795]
[343, 392]:[343, 911]
[343, 427]:[343, 795]
[343, 427]:[343, 911]
[343, 795]:[343, 911]
[87, 675]:[675, 800]
[87, 714]:[169, 714]
[87, 714]:[553, 714]
[87, 714]:[714, 792]
[169, 714]:[553, 714]
[169, 714]:[714, 792]
[553, 714]:[714, 792]
[87, 780]:[339, 780]
[87, 780]:[381, 780]
[87, 780]:[463, 780]
[87, 780]:[503, 780]
[87, 780]:[509, 780]
[87, 780]:[545, 780]
[87, 780]:[761, 780]
[87, 780]:[780, 798]
[87, 780]:[780, 927]
[339, 780]:[381, 780]
[339, 780]:[463, 780]
[339, 780]:[503, 780]
[339, 780]:[509, 780]
[339, 780]:[545, 780]
[339, 780]:[761, 780]
[339, 780]:[780, 798]
[339, 780]:[780, 927]
[381, 780]:[463, 780]
[381, 780]:[503, 780]
[381, 780]:[509, 780]
[381, 780]:[545, 780]
[381, 780]:[761, 780]
[381, 780]:[780, 798]
[381, 780]:[780, 927]
[463, 780]:[503, 780]
[463, 780]:[509, 780]
[463, 780]:[545, 780]
[463, 780]:[761, 780]
[463, 780]:[780, 798]
[463, 780]:[780, 927]
[503, 780]:[509, 780]
[503, 780]:[545, 780]
[503, 780]:[761, 780]
[503, 780]:[780, 798]
[503, 780]:[780, 927]
[509, 780]:[545, 780]
[509, 780]:[761, 780]
[509, 780]:[780, 798]
[509, 780]:[780, 927]
[545, 780]:[761, 780]
[545, 780]:[780, 798]
[545, 780]:[780, 927]
[761, 780]:[780, 798]
[761, 780]:[780, 927]
[780, 798]:[780, 927]
[87, 924]:[105, 924]
[87, 924]:[247, 924]
[87, 924]:[423, 924]
[87, 924]:[562, 924]
[87, 924]:[730, 924]
[87, 924]:[768, 924]
[87, 924]:[798, 924]
[105, 924]:[247, 924]
[105, 924]:[423, 924]
[105, 924]:[562, 924]
[105, 924]:[730, 924]
[105, 924]:[768, 924]
[105, 924]:[798, 924]
[247, 924]:[423, 924]
[247, 924]:[562, 924]
[247, 924]:[730, 924]
[247, 924]:[768, 924]
[247, 924]:[798, 924]
[423, 924]:[562, 924]
[423, 924]:[730, 924]
[423, 924]:[768, 924]
[423, 924]:[798, 924]
[562, 924]:[730, 924]
[562, 924]:[768, 924]
[562, 924]:[798, 924]
[730, 924]:[768, 924]
[730, 924]:[798, 924]
[768, 924]:[798, 924]
[88, 622]:[176, 622]
[88, 622]:[188, 622]
[88, 622]:[622, 704]
[88, 622]:[622, 740]
[88, 622]:[622, 752]
[88, 622]:[622, 900]
[176, 622]:[188, 622]
[176, 622]:[622, 704]
[176, 622]:[622, 740]
[176, 622]:[622, 752]
[176, 622]:[622, 900]
[188, 622]:[622, 704]
[188, 622]:[622, 740]
[188, 622]:[622, 752]
[188, 622]:[622, 900]
[622, 704]:[622, 740]
[622, 704]:[622, 752]
[622, 704]:[622, 900]
[622, 740]:[622, 752]
[622, 740]:[622, 900]
[622, 752]:[622, 900]
[88, 967]:[699, 967]
[88, 967]:[749, 967]
[88, 967]:[809, 967]
[88, 967]:[855, 967]
[699, 967]:[749, 967]
[699, 967]:[809, 967]
[699, 967]:[855, 967]
[749, 967]:[809, 967]
[749, 967]:[855, 967]
[809, 967]:[855, 967]
[89, 469]:[89, 663]
[89, 469]:[89, 890]
[89, 469]:[89, 939]
[89, 663]:[89, 890]
[89, 663]:[89, 939]
[89, 890]:[89, 939]
[89, 469]:[426, 469]
[89, 469]:[469, 533]
[89, 469]:[469, 655]
[426, 469]:[469, 533]
[426, 469]:[469, 655]
[469, 533]:[469, 655]
[89, 663]:[125, 663]
[89, 663]:[202, 663]
[89, 663]:[438, 663]
[89, 663]:[473, 663]
[125, 663]:[202, 663]
[125, 663]:[438, 663]
[125, 663]:[473, 663]
[202, 663]:[438, 663]
[202, 663]:[473, 663]
[438, 663]:[473, 663]
[89, 890]:[201, 890]
[89, 890]:[629, 890]
[89, 890]:[669, 890]
[89, 890]:[862, 890]
[89, 890]:[890, 912]
[89, 890]:[890, 969]
[89, 890]:[890, 989]
[201, 890]:[629, 890]
[201, 890]:[669, 890]
[201, 890]:[862, 890]
[201, 890]:[890, 912]
[201, 890]:[890, 969]
[201, 890]:[890, 989]
[629, 890]:[669, 890]
[629, 890]:[862, 890]
[629, 890]:[890, 912]
[629, 890]:[890, 969]
[629, 890]:[890, 989]
[669, 890]:[862, 890]
[669, 890]:[890, 912]
[669, 890]:[890, 969]
[669, 890]:[890, 989]
[862, 890]:[890, 912]
[862, 890]:[890, 969]
[862, 890]:[890, 989]
[890, 912]:[890, 969]
[890, 912]:[890, 989]
[890, 969]:[890, 989]
[90, 771]:[102, 771]
[90, 771]:[288, 771]
[90, 771]:[479, 771]
[90, 771]:[760, 771]
[90, 771]:[771, 859]
[90, 771]:[771, 919]
[102, 771]:[288, 771]
[102, 771]:[479, 771]
[102, 771]:[760, 771]
[102, 771]:[771, 859]
[102, 771]:[771, 919]
[288, 771]:[479, 771]
[288, 771]:[760, 771]
[288, 771]:[771, 859]
[288, 771]:[771, 919]
[479, 771]:[760, 771]
[479, 771]:[771, 859]
[479, 771]:[771, 919]
[760, 771]:[771, 859]
[760, 771]:[771, 919]
[771, 859]:[771, 919]
[90, 957]:[386, 957]
[90, 957]:[398, 957]
[90, 957]:[434, 957]
[90, 957]:[542, 957]
[90, 957]:[835, 957]
[90, 957]:[940, 957]
[386, 957]:[398, 957]
[386, 957]:[434, 957]
[386, 957]:[542, 957]
[386, 957]:[835, 957]
[386, 957]:[940, 957]
[398, 957]:[434, 957]
[398, 957]:[542, 957]
[398, 957]:[835, 957]
[398, 957]:[940, 957]
[434, 957]:[542, 957]
[434, 957]:[835, 957]
[434, 957]:[940, 957]
[542, 957]:[835, 957]
[542, 957]:[940, 957]
[835, 957]:[940, 957]
[91, 105]:[105, 146]
[91, 105]:[105, 190]
[91, 105]:[105, 199]
[91, 105]:[105, 446]
[91, 105]:[105, 748]
[91, 105]:[105, 924]
[105, 146]:[105, 190]
[105, 146]:[105, 199]
[105, 146]:[105, 446]
[105, 146]:[105, 748]
[105, 146]:[105, 924]
[105, 190]:[105, 199]
[105, 190]:[105, 446]
[105, 190]:[105, 748]
[105, 190]:[105, 924]
[105, 199]:[105, 446]
[105, 199]:[105, 748]
[105, 199]:[105, 924]
[105, 446]:[105, 748]
[105, 446]:[105, 924]
[105, 748]:[105, 924]
[91, 356]:[356, 447]
[91, 356]:[356, 456]
[91, 356]:[356, 982]
[356, 447]:[356, 456]
[356, 447]:[356, 982]
[356, 456]:[356, 982]
[91, 459]:[118, 459]
[91, 459]:[459, 595]
[118, 459]:[459, 595]
[91, 479]:[221, 479]
[91, 479]:[319, 479]
[91, 479]:[479, 523]
[91, 479]:[479, 534]
[91, 479]:[479, 636]
[91, 479]:[479, 638]
[91, 479]:[479, 694]
[91, 479]:[479, 727]
[91, 479]:[479, 761]
[91, 479]:[479, 771]
[91, 479]:[479, 777]
[91, 479]:[479, 963]
[221, 479]:[319, 479]
[221, 479]:[479, 523]
[221, 479]:[479, 534]
[221, 479]:[479, 636]
[221, 479]:[479, 638]
[221, 479]:[479, 694]
[221, 479]:[479, 727]
[221, 479]:[479, 761]
[221, 479]:[479, 771]
[221, 479]:[479, 777]
[221, 479]:[479, 963]
[319, 479]:[479, 523]
[319, 479]:[479, 534]
[319, 479]:[479, 636]
[319, 479]:[479, 638]
[319, 479]:[479, 694]
[319, 479]:[479, 727]
[319, 479]:[479, 761]
[319, 479]:[479, 771]
[319, 479]:[479, 777]
[319, 479]:[479, 963]
[479, 523]:[479, 534]
[479, 523]:[479, 636]
[479, 523]:[479, 638]
[479, 523]:[479, 694]
[479, 523]:[479, 727]
[479, 523]:[479, 761]
[479, 523]:[479, 771]
[479, 523]:[479, 777]
[479, 523]:[479, 963]
[479, 534]:[479, 636]
[479, 534]:[479, 638]
[479, 534]:[479, 694]
[479, 534]:[479, 727]
[479, 534]:[479, 761]
[479, 534]:[479, 771]
[479, 534]:[479, 777]
[479, 534]:[479, 963]
[479, 636]:[479, 638]
[479, 636]:[479, 694]
[479, 636]:[479, 727]
[479, 636]:[479, 761]
[479, 636]:[479, 771]
[479, 636]:[479, 777]
[479, 636]:[479, 963]
[479, 638]:[479, 694]
[479, 638]:[479, 727]
[479, 638]:[479, 761]
[479, 638]:[479, 771]
[479, 638]:[479, 777]
[479, 638]:[479, 963]
[479, 694]:[479, 727]
[479, 694]:[479, 761]
[479, 694]:[479, 771]
[479, 694]:[479, 777]
[479, 694]:[479, 963]
[479, 727]:[479, 761]
[479, 727]:[479, 771]
[479, 727]:[479, 777]
[479, 727]:[479, 963]
[479, 761]:[479, 771]
[479, 761]:[479, 777]
[479, 761]:[479, 963]
[479, 771]:[479, 777]
[479, 771]:[479, 963]
[479, 777]:[479, 963]
[91, 531]:[530, 531]
[91, 531]:[531, 550]
[530, 531]:[531, 550]
[91, 680]:[492, 680]
[91, 680]:[676, 680]
[492, 680]:[676, 680]
[92, 371]:[92, 514]
[92, 371]:[92, 618]
[92, 371]:[92, 756]
[92, 371]:[92, 842]
[92, 371]:[92, 958]
[92, 514]:[92, 618]
[92, 514]:[92, 756]
[92, 514]:[92, 842]
[92, 514]:[92, 958]
[92, 618]:[92, 756]
[92, 618]:[92, 842]
[92, 618]:[92, 958]
[92, 756]:[92, 842]
[92, 756]:[92, 958]
[92, 842]:[92, 958]
[92, 371]:[111, 371]
[92, 371]:[371, 486]
[92, 371]:[371, 498]
[92, 371]:[371, 687]
[92, 371]:[371, 783]
[92, 371]:[371, 788]
[92, 371]:[371, 855]
[111, 371]:[371, 486]
[111, 371]:[371, 498]
[111, 371]:[371, 687]
[111, 371]:[371, 783]
[111, 371]:[371, 788]
[111, 371]:[371, 855]
[371, 486]:[371, 498]
[371, 486]:[371, 687]
[371, 486]:[371, 783]
[371, 486]:[371, 788]
[371, 486]:[371, 855]
[371, 498]:[371, 687]
[371, 498]:[371, 783]
[371, 498]:[371, 788]
[371, 498]:[371, 855]
[371, 687]:[371, 783]
[371, 687]:[371, 788]
[371, 687]:[371, 855]
[371, 783]:[371, 788]
[371, 783]:[371, 855]
[371, 788]:[371, 855]
[92, 514]:[223, 514]
[92, 514]:[229, 514]
[92, 514]:[491, 514]
[92, 514]:[498, 514]
[92, 514]:[514, 544]
[92, 514]:[514, 596]
[92, 514]:[514, 643]
[92, 514]:[514, 679]
[92, 514]:[514, 753]
[92, 514]:[514, 762]
[92, 514]:[514, 922]
[223, 514]:[229, 514]
[223, 514]:[491, 514]
[223, 514]:[498, 514]
[223, 514]:[514, 544]
[223, 514]:[514, 596]
[223, 514]:[514, 643]
[223, 514]:[514, 679]
[223, 514]:[514, 753]
[223, 514]:[514, 762]
[223, 514]:[514, 922]
[229, 514]:[491, 514]
[229, 514]:[498, 514]
[229, 514]:[514, 544]
[229, 514]:[514, 596]
[229, 514]:[514, 643]
[229, 514]:[514, 679]
[229, 514]:[514, 753]
[229, 514]:[514, 762]
[229, 514]:[514, 922]
[491, 514]:[498, 514]
[491, 514]:[514, 544]
[491, 514]:[514, 596]
[491, 514]:[514, 643]
[491, 514]:[514, 679]
[491, 514]:[514, 753]
[491, 514]:[514, 762]
[491, 514]:[514, 922]
[498, 514]:[514, 544]
[498, 514]:[514, 596]
[498, 514]:[514, 643]
[498, 514]:[514, 679]
[498, 514]:[514, 753]
[498, 514]:[514, 762]
[498, 514]:[514, 922]
[514, 544]:[514, 596]
[514, 544]:[514, 643]
[514, 544]:[514, 679]
[514, 544]:[514, 753]
[514, 544]:[514, 762]
[514, 544]:[514, 922]
[514, 596]:[514, 643]
[514, 596]:[514, 679]
[514, 596]:[514, 753]
[514, 596]:[514, 762]
[514, 596]:[514, 922]
[514, 643]:[514, 679]
[514, 643]:[514, 753]
[514, 643]:[514, 762]
[514, 643]:[514, 922]
[514, 679]:[514, 753]
[514, 679]:[514, 762]
[514, 679]:[514, 922]
[514, 753]:[514, 762]
[514, 753]:[514, 922]
[514, 762]:[514, 922]
[92, 842]:[122, 842]
[92, 842]:[294, 842]
[92, 842]:[602, 842]
[92, 842]:[842, 930]
[92, 842]:[842, 950]
[122, 842]:[294, 842]
[122, 842]:[602, 842]
[122, 842]:[842, 930]
[122, 842]:[842, 950]
[294, 842]:[602, 842]
[294, 842]:[842, 930]
[294, 842]:[842, 950]
[602, 842]:[842, 930]
[602, 842]:[842, 950]
[842, 930]:[842, 950]
[93, 199]:[93, 262]
[93, 199]:[93, 447]
[93, 199]:[93, 530]
[93, 199]:[93, 583]
[93, 199]:[93, 921]
[93, 262]:[93, 447]
[93, 262]:[93, 530]
[93, 262]:[93, 583]
[93, 262]:[93, 921]
[93, 447]:[93, 530]
[93, 447]:[93, 583]
[93, 447]:[93, 921]
[93, 530]:[93, 583]
[93, 530]:[93, 921]
[93, 583]:[93, 921]
[93, 447]:[96, 447]
[93, 447]:[118, 447]
[93, 447]:[221, 447]
[93, 447]:[356, 447]
[93, 447]:[447, 551]
[93, 447]:[447, 695]
[93, 447]:[447, 721]
[93, 447]:[447, 736]
[96, 447]:[118, 447]
[96, 447]:[221, 447]
[96, 447]:[356, 447]
[96, 447]:[447, 551]
[96, 447]:[447, 695]
[96, 447]:[447, 721]
[96, 447]:[447, 736]
[118, 447]:[221, 447]
[118, 447]:[356, 447]
[118, 447]:[447, 551]
[118, 447]:[447, 695]
[118, 447]:[447, 721]
[118, 447]:[447, 736]
[221, 447]:[356, 447]
[221, 447]:[447, 551]
[221, 447]:[447, 695]
[221, 447]:[447, 721]
[221, 447]:[447, 736]
[356, 447]:[447, 551]
[356, 447]:[447, 695]
[356, 447]:[447, 721]
[356, 447]:[447, 736]
[447, 551]:[447, 695]
[447, 551]:[447, 721]
[447, 551]:[447, 736]
[447, 695]:[447, 721]
[447, 695]:[447, 736]
[447, 721]:[447, 736]
[93, 583]:[184, 583]
[93, 583]:[257, 583]
[93, 583]:[267, 583]
[93, 583]:[310, 583]
[184, 583]:[257, 583]
[184, 583]:[267, 583]
[184, 583]:[310, 583]
[257, 583]:[267, 583]
[257, 583]:[310, 583]
[267, 583]:[310, 583]
[93, 921]:[156, 921]
[93, 921]:[642, 921]
[156, 921]:[642, 921]
[94, 202]:[94, 212]
[94, 202]:[94, 218]
[94, 202]:[94, 220]
[94, 202]:[94, 745]
[94, 202]:[94, 777]
[94, 202]:[94, 789]
[94, 202]:[94, 807]
[94, 202]:[94, 863]
[94, 202]:[94, 929]
[94, 202]:[94, 984]
[94, 212]:[94, 218]
[94, 212]:[94, 220]
[94, 212]:[94, 745]
[94, 212]:[94, 777]
[94, 212]:[94, 789]
[94, 212]:[94, 807]
[94, 212]:[94, 863]
[94, 212]:[94, 929]
[94, 212]:[94, 984]
[94, 218]:[94, 220]
[94, 218]:[94, 745]
[94, 218]:[94, 777]
[94, 218]:[94, 789]
[94, 218]:[94, 807]
[94, 218]:[94, 863]
[94, 218]:[94, 929]
[94, 218]:[94, 984]
[94, 220]:[94, 745]
[94, 220]:[94, 777]
[94, 220]:[94, 789]
[94, 220]:[94, 807]
[94, 220]:[94, 863]
[94, 220]:[94, 929]
[94, 220]:[94, 984]
[94, 745]:[94, 777]
[94, 745]:[94, 789]
[94, 745]:[94, 807]
[94, 745]:[94, 863]
[94, 745]:[94, 929]
[94, 745]:[94, 984]
[94, 777]:[94, 789]
[94, 777]:[94, 807]
[94, 777]:[94, 863]
[94, 777]:[94, 929]
[94, 777]:[94, 984]
[94, 789]:[94, 807]
[94, 789]:[94, 863]
[94, 789]:[94, 929]
[94, 789]:[94, 984]
[94, 807]:[94, 863]
[94, 807]:[94, 929]
[94, 807]:[94, 984]
[94, 863]:[94, 929]
[94, 863]:[94, 984]
[94, 929]:[94, 984]
[94, 202]:[119, 202]
[94, 202]:[202, 217]
[94, 202]:[202, 477]
[94, 202]:[202, 516]
[94, 202]:[202, 643]
[94, 202]:[202, 663]
[94, 202]:[202, 731]
[119, 202]:[202, 217]
[119, 202]:[202, 477]
[119, 202]:[202, 516]
[119, 202]:[202, 643]
[119, 202]:[202, 663]
[119, 202]:[202, 731]
[202, 217]:[202, 477]
[202, 217]:[202, 516]
[202, 217]:[202, 643]
[202, 217]:[202, 663]
[202, 217]:[202, 731]
[202, 477]:[202, 516]
[202, 477]:[202, 643]
[202, 477]:[202, 663]
[202, 477]:[202, 731]
[202, 516]:[202, 643]
[202, 516]:[202, 663]
[202, 516]:[202, 731]
[202, 643]:[202, 663]
[202, 643]:[202, 731]
[202, 663]:[202, 731]
[94, 218]:[183, 218]
[94, 218]:[218, 243]
[94, 218]:[218, 572]
[94, 218]:[218, 584]
[94, 218]:[218, 624]
[94, 218]:[218, 891]
[183, 218]:[218, 243]
[183, 218]:[218, 572]
[183, 218]:[218, 584]
[183, 218]:[218, 624]
[183, 218]:[218, 891]
[218, 243]:[218, 572]
[218, 243]:[218, 584]
[218, 243]:[218, 624]
[218, 243]:[218, 891]
[218, 572]:[218, 584]
[218, 572]:[218, 624]
[218, 572]:[218, 891]
[218, 584]:[218, 624]
[218, 584]:[218, 891]
[218, 624]:[218, 891]
[94, 220]:[185, 220]
[94, 220]:[220, 284]
[94, 220]:[220, 530]
[94, 220]:[220, 798]
[94, 220]:[220, 923]
[185, 220]:[220, 284]
[185, 220]:[220, 530]
[185, 220]:[220, 798]
[185, 220]:[220, 923]
[220, 284]:[220, 530]
[220, 284]:[220, 798]
[220, 284]:[220, 923]
[220, 530]:[220, 798]
[220, 530]:[220, 923]
[220, 798]:[220, 923]
[94, 745]:[313, 745]
[94, 745]:[376, 745]
[94, 745]:[421, 745]
[313, 745]:[376, 745]
[313, 745]:[421, 745]
[376, 745]:[421, 745]
[94, 807]:[582, 807]
[94, 807]:[599, 807]
[582, 807]:[599, 807]
[95, 172]:[95, 212]
[95, 172]:[95, 327]
[95, 172]:[95, 574]
[95, 172]:[95, 966]
[95, 172]:[95, 982]
[95, 212]:[95, 327]
[95, 212]:[95, 574]
[95, 212]:[95, 966]
[95, 212]:[95, 982]
[95, 327]:[95, 574]
[95, 327]:[95, 966]
[95, 327]:[95, 982]
[95, 574]:[95, 966]
[95, 574]:[95, 982]
[95, 966]:[95, 982]
[95, 574]:[186, 574]
[95, 574]:[502, 574]
[186, 574]:[502, 574]
[95, 966]:[183, 966]
[95, 966]:[193, 966]
[95, 966]:[802, 966]
[95, 966]:[821, 966]
[95, 966]:[867, 966]
[95, 966]:[922, 966]
[183, 966]:[193, 966]
[183, 966]:[802, 966]
[183, 966]:[821, 966]
[183, 966]:[867, 966]
[183, 966]:[922, 966]
[193, 966]:[802, 966]
[193, 966]:[821, 966]
[193, 966]:[867, 966]
[193, 966]:[922, 966]
[802, 966]:[821, 966]
[802, 966]:[867, 966]
[802, 966]:[922, 966]
[821, 966]:[867, 966]
[821, 966]:[922, 966]
[867, 966]:[922, 966]
[96, 126]:[96, 414]
[96, 126]:[96, 447]
[96, 126]:[96, 647]
[96, 126]:[96, 723]
[96, 126]:[96, 895]
[96, 414]:[96, 447]
[96, 414]:[96, 647]
[96, 414]:[96, 723]
[96, 414]:[96, 895]
[96, 447]:[96, 647]
[96, 447]:[96, 723]
[96, 447]:[96, 895]
[96, 647]:[96, 723]
[96, 647]:[96, 895]
[96, 723]:[96, 895]
[96, 414]:[414, 505]
[96, 647]:[118, 647]
[96, 647]:[647, 972]
[118, 647]:[647, 972]
[96, 723]:[149, 723]
[96, 723]:[483, 723]
[96, 723]:[723, 872]
[96, 723]:[723, 895]
[149, 723]:[483, 723]
[149, 723]:[723, 872]
[149, 723]:[723, 895]
[483, 723]:[723, 872]
[483, 723]:[723, 895]
[723, 872]:[723, 895]
[96, 895]:[170, 895]
[96, 895]:[264, 895]
[96, 895]:[377, 895]
[96, 895]:[380, 895]
[96, 895]:[521, 895]
[96, 895]:[522, 895]
[96, 895]:[539, 895]
[96, 895]:[679, 895]
[96, 895]:[723, 895]
[96, 895]:[872, 895]
[170, 895]:[264, 895]
[170, 895]:[377, 895]
[170, 895]:[380, 895]
[170, 895]:[521, 895]
[170, 895]:[522, 895]
[170, 895]:[539, 895]
[170, 895]:[679, 895]
[170, 895]:[723, 895]
[170, 895]:[872, 895]
[264, 895]:[377, 895]
[264, 895]:[380, 895]
[264, 895]:[521, 895]
[264, 895]:[522, 895]
[264, 895]:[539, 895]
[264, 895]:[679, 895]
[264, 895]:[723, 895]
[264, 895]:[872, 895]
[377, 895]:[380, 895]
[377, 895]:[521, 895]
[377, 895]:[522, 895]
[377, 895]:[539, 895]
[377, 895]:[679, 895]
[377, 895]:[723, 895]
[377, 895]:[872, 895]
[380, 895]:[521, 895]
[380, 895]:[522, 895]
[380, 895]:[539, 895]
[380, 895]:[679, 895]
[380, 895]:[723, 895]
[380, 895]:[872, 895]
[521, 895]:[522, 895]
[521, 895]:[539, 895]
[521, 895]:[679, 895]
[521, 895]:[723, 895]
[521, 895]:[872, 895]
[522, 895]:[539, 895]
[522, 895]:[679, 895]
[522, 895]:[723, 895]
[522, 895]:[872, 895]
[539, 895]:[679, 895]
[539, 895]:[723, 895]
[539, 895]:[872, 895]
[679, 895]:[723, 895]
[679, 895]:[872, 895]
[723, 895]:[872, 895]
[97, 249]:[97, 538]
[97, 249]:[97, 978]
[97, 538]:[97, 978]
[97, 249]:[117, 249]
[97, 249]:[203, 249]
[97, 249]:[249, 498]
[97, 249]:[249, 938]
[117, 249]:[203, 249]
[117, 249]:[249, 498]
[117, 249]:[249, 938]
[203, 249]:[249, 498]
[203, 249]:[249, 938]
[249, 498]:[249, 938]
[97, 538]:[538, 774]
[97, 978]:[112, 978]
[97, 978]:[320, 978]
[97, 978]:[502, 978]
[97, 978]:[662, 978]
[97, 978]:[753, 978]
[97, 978]:[899, 978]
[112, 978]:[320, 978]
[112, 978]:[502, 978]
[112, 978]:[662, 978]
[112, 978]:[753, 978]
[112, 978]:[899, 978]
[320, 978]:[502, 978]
[320, 978]:[662, 978]
[320, 978]:[753, 978]
[320, 978]:[899, 978]
[502, 978]:[662, 978]
[502, 978]:[753, 978]
[502, 978]:[899, 978]
[662, 978]:[753, 978]
[662, 978]:[899, 978]
[753, 978]:[899, 978]
[98, 509]:[98, 953]
[98, 509]:[506, 509]
[98, 509]:[509, 563]
[98, 509]:[509, 780]
[98, 509]:[509, 841]
[506, 509]:[509, 563]
[506, 509]:[509, 780]
[506, 509]:[509, 841]
[509, 563]:[509, 780]
[509, 563]:[509, 841]
[509, 780]:[509, 841]
[98, 953]:[226, 953]
[98, 953]:[409, 953]
[98, 953]:[422, 953]
[98, 953]:[435, 953]
[98, 953]:[517, 953]
[98, 953]:[953, 969]
[226, 953]:[409, 953]
[226, 953]:[422, 953]
[226, 953]:[435, 953]
[226, 953]:[517, 953]
[226, 953]:[953, 969]
[409, 953]:[422, 953]
[409, 953]:[435, 953]
[409, 953]:[517, 953]
[409, 953]:[953, 969]
[422, 953]:[435, 953]
[422, 953]:[517, 953]
[422, 953]:[953, 969]
[435, 953]:[517, 953]
[435, 953]:[953, 969]
[517, 953]:[953, 969]
[99, 453]:[99, 484]
[99, 453]:[99, 594]
[99, 453]:[99, 935]
[99, 484]:[99, 594]
[99, 484]:[99, 935]
[99, 594]:[99, 935]
[99, 453]:[139, 453]
[99, 453]:[180, 453]
[99, 453]:[394, 453]
[99, 453]:[453, 478]
[99, 453]:[453, 729]
[139, 453]:[180, 453]
[139, 453]:[394, 453]
[139, 453]:[453, 478]
[139, 453]:[453, 729]
[180, 453]:[394, 453]
[180, 453]:[453, 478]
[180, 453]:[453, 729]
[394, 453]:[453, 478]
[394, 453]:[453, 729]
[453, 478]:[453, 729]
[99, 484]:[141, 484]
[99, 484]:[198, 484]
[99, 484]:[345, 484]
[99, 484]:[358, 484]
[99, 484]:[484, 495]
[99, 484]:[484, 497]
[99, 484]:[484, 672]
[99, 484]:[484, 770]
[99, 484]:[484, 868]
[141, 484]:[198, 484]
[141, 484]:[345, 484]
[141, 484]:[358, 484]
[141, 484]:[484, 495]
[141, 484]:[484, 497]
[141, 484]:[484, 672]
[141, 484]:[484, 770]
[141, 484]:[484, 868]
[198, 484]:[345, 484]
[198, 484]:[358, 484]
[198, 484]:[484, 495]
[198, 484]:[484, 497]
[198, 484]:[484, 672]
[198, 484]:[484, 770]
[198, 484]:[484, 868]
[345, 484]:[358, 484]
[345, 484]:[484, 495]
[345, 484]:[484, 497]
[345, 484]:[484, 672]
[345, 484]:[484, 770]
[345, 484]:[484, 868]
[358, 484]:[484, 495]
[358, 484]:[484, 497]
[358, 484]:[484, 672]
[358, 484]:[484, 770]
[358, 484]:[484, 868]
[484, 495]:[484, 497]
[484, 495]:[484, 672]
[484, 495]:[484, 770]
[484, 495]:[484, 868]
[484, 497]:[484, 672]
[484, 497]:[484, 770]
[484, 497]:[484, 868]
[484, 672]:[484, 770]
[484, 672]:[484, 868]
[484, 770]:[484, 868]
[99, 935]:[106, 935]
[99, 935]:[310, 935]
[99, 935]:[544, 935]
[106, 935]:[310, 935]
[106, 935]:[544, 935]
[310, 935]:[544, 935]
[100, 143]:[100, 245]
[100, 143]:[100, 362]
[100, 143]:[100, 624]
[100, 143]:[100, 763]
[100, 143]:[100, 786]
[100, 143]:[100, 945]
[100, 245]:[100, 362]
[100, 245]:[100, 624]
[100, 245]:[100, 763]
[100, 245]:[100, 786]
[100, 245]:[100, 945]
[100, 362]:[100, 624]
[100, 362]:[100, 763]
[100, 362]:[100, 786]
[100, 362]:[100, 945]
[100, 624]:[100, 763]
[100, 624]:[100, 786]
[100, 624]:[100, 945]
[100, 763]:[100, 786]
[100, 763]:[100, 945]
[100, 786]:[100, 945]
[100, 245]:[245, 394]
[100, 245]:[245, 600]
[100, 245]:[245, 699]
[100, 245]:[245, 856]
[100, 245]:[245, 926]
[245, 394]:[245, 600]
[245, 394]:[245, 699]
[245, 394]:[245, 856]
[245, 394]:[245, 926]
[245, 600]:[245, 699]
[245, 600]:[245, 856]
[245, 600]:[245, 926]
[245, 699]:[245, 856]
[245, 699]:[245, 926]
[245, 856]:[245, 926]
[100, 624]:[136, 624]
[100, 624]:[218, 624]
[100, 624]:[329, 624]
[100, 624]:[346, 624]
[100, 624]:[407, 624]
[100, 624]:[624, 901]
[136, 624]:[218, 624]
[136, 624]:[329, 624]
[136, 624]:[346, 624]
[136, 624]:[407, 624]
[136, 624]:[624, 901]
[218, 624]:[329, 624]
[218, 624]:[346, 624]
[218, 624]:[407, 624]
[218, 624]:[624, 901]
[329, 624]:[346, 624]
[329, 624]:[407, 624]
[329, 624]:[624, 901]
[346, 624]:[407, 624]
[346, 624]:[624, 901]
[407, 624]:[624, 901]
[100, 763]:[152, 763]
[100, 763]:[223, 763]
[100, 763]:[382, 763]
[100, 763]:[734, 763]
[100, 763]:[763, 797]
[152, 763]:[223, 763]
[152, 763]:[382, 763]
[152, 763]:[734, 763]
[152, 763]:[763, 797]
[223, 763]:[382, 763]
[223, 763]:[734, 763]
[223, 763]:[763, 797]
[382, 763]:[734, 763]
[382, 763]:[763, 797]
[734, 763]:[763, 797]
[100, 786]:[138, 786]
[100, 786]:[533, 786]
[100, 786]:[786, 823]
[138, 786]:[533, 786]
[138, 786]:[786, 823]
[533, 786]:[786, 823]
[100, 945]:[155, 945]
[100, 945]:[191, 945]
[100, 945]:[260, 945]
[100, 945]:[384, 945]
[100, 945]:[638, 945]
[100, 945]:[736, 945]
[155, 945]:[191, 945]
[155, 945]:[260, 945]
[155, 945]:[384, 945]
[155, 945]:[638, 945]
[155, 945]:[736, 945]
[191, 945]:[260, 945]
[191, 945]:[384, 945]
[191, 945]:[638, 945]
[191, 945]:[736, 945]
[260, 945]:[384, 945]
[260, 945]:[638, 945]
[260, 945]:[736, 945]
[384, 945]:[638, 945]
[384, 945]:[736, 945]
[638, 945]:[736, 945]
[101, 161]:[101, 174]
[101, 161]:[101, 416]
[101, 161]:[101, 470]
[101, 161]:[101, 591]
[101, 161]:[101, 631]
[101, 161]:[101, 801]
[101, 161]:[101, 903]
[101, 174]:[101, 416]
[101, 174]:[101, 470]
[101, 174]:[101, 591]
[101, 174]:[101, 631]
[101, 174]:[101, 801]
[101, 174]:[101, 903]
[101, 416]:[101, 470]
[101, 416]:[101, 591]
[101, 416]:[101, 631]
[101, 416]:[101, 801]
[101, 416]:[101, 903]
[101, 470]:[101, 591]
[101, 470]:[101, 631]
[101, 470]:[101, 801]
[101, 470]:[101, 903]
[101, 591]:[101, 631]
[101, 591]:[101, 801]
[101, 591]:[101, 903]
[101, 631]:[101, 801]
[101, 631]:[101, 903]
[101, 801]:[101, 903]
[101, 161]:[161, 881]
[101, 161]:[161, 956]
[161, 881]:[161, 956]
[101, 470]:[361, 470]
[101, 470]:[390, 470]
[101, 470]:[470, 605]
[101, 470]:[470, 644]
[101, 470]:[470, 792]
[361, 470]:[390, 470]
[361, 470]:[470, 605]
[361, 470]:[470, 644]
[361, 470]:[470, 792]
[390, 470]:[470, 605]
[390, 470]:[470, 644]
[390, 470]:[470, 792]
[470, 605]:[470, 644]
[470, 605]:[470, 792]
[470, 644]:[470, 792]
[102, 211]:[116, 211]
[102, 211]:[211, 260]
[102, 211]:[211, 282]
[102, 211]:[211, 300]
[102, 211]:[211, 302]
[102, 211]:[211, 485]
[102, 211]:[211, 611]
[102, 211]:[211, 613]
[102, 211]:[211, 673]
[116, 211]:[211, 260]
[116, 211]:[211, 282]
[116, 211]:[211, 300]
[116, 211]:[211, 302]
[116, 211]:[211, 485]
[116, 211]:[211, 611]
[116, 211]:[211, 613]
[116, 211]:[211, 673]
[211, 260]:[211, 282]
[211, 260]:[211, 300]
[211, 260]:[211, 302]
[211, 260]:[211, 485]
[211, 260]:[211, 611]
[211, 260]:[211, 613]
[211, 260]:[211, 673]
[211, 282]:[211, 300]
[211, 282]:[211, 302]
[211, 282]:[211, 485]
[211, 282]:[211, 611]
[211, 282]:[211, 613]
[211, 282]:[211, 673]
[211, 300]:[211, 302]
[211, 300]:[211, 485]
[211, 300]:[211, 611]
[211, 300]:[211, 613]
[211, 300]:[211, 673]
[211, 302]:[211, 485]
[211, 302]:[211, 611]
[211, 302]:[211, 613]
[211, 302]:[211, 673]
[211, 485]:[211, 611]
[211, 485]:[211, 613]
[211, 485]:[211, 673]
[211, 611]:[211, 613]
[211, 611]:[211, 673]
[211, 613]:[211, 673]
[102, 344]:[339, 344]
[102, 344]:[344, 362]
[339, 344]:[344, 362]
[102, 375]:[375, 597]
[102, 375]:[375, 828]
[102, 375]:[375, 977]
[375, 597]:[375, 828]
[375, 597]:[375, 977]
[375, 828]:[375, 977]
[102, 394]:[145, 394]
[102, 394]:[245, 394]
[102, 394]:[394, 453]
[102, 394]:[394, 579]
[102, 394]:[394, 735]
[145, 394]:[245, 394]
[145, 394]:[394, 453]
[145, 394]:[394, 579]
[145, 394]:[394, 735]
[245, 394]:[394, 453]
[245, 394]:[394, 579]
[245, 394]:[394, 735]
[394, 453]:[394, 579]
[394, 453]:[394, 735]
[394, 579]:[394, 735]
[102, 887]:[264, 887]
[102, 887]:[619, 887]
[264, 887]:[619, 887]
[103, 490]:[411, 490]
[103, 490]:[490, 507]
[103, 490]:[490, 677]
[103, 490]:[490, 863]
[411, 490]:[490, 507]
[411, 490]:[490, 677]
[411, 490]:[490, 863]
[490, 507]:[490, 677]
[490, 507]:[490, 863]
[490, 677]:[490, 863]
[103, 805]:[805, 840]
[103, 805]:[805, 891]
[805, 840]:[805, 891]
[104, 243]:[104, 483]
[104, 243]:[218, 243]
[105, 146]:[146, 197]
[105, 146]:[146, 263]
[105, 146]:[146, 334]
[146, 197]:[146, 263]
[146, 197]:[146, 334]
[146, 263]:[146, 334]
[105, 190]:[190, 198]
[105, 190]:[190, 760]
[190, 198]:[190, 760]
[105, 446]:[236, 446]
[105, 446]:[398, 446]
[105, 446]:[411, 446]
[105, 446]:[446, 864]
[236, 446]:[398, 446]
[236, 446]:[411, 446]
[236, 446]:[446, 864]
[398, 446]:[411, 446]
[398, 446]:[446, 864]
[411, 446]:[446, 864]
[105, 748]:[577, 748]
[105, 748]:[614, 748]
[105, 748]:[748, 822]
[577, 748]:[614, 748]
[577, 748]:[748, 822]
[614, 748]:[748, 822]
[106, 683]:[147, 683]
[106, 683]:[349, 683]
[106, 683]:[436, 683]
[106, 683]:[587, 683]
[106, 683]:[637, 683]
[106, 683]:[683, 874]
[147, 683]:[349, 683]
[147, 683]:[436, 683]
[147, 683]:[587, 683]
[147, 683]:[637, 683]
[147, 683]:[683, 874]
[349, 683]:[436, 683]
[349, 683]:[587, 683]
[349, 683]:[637, 683]
[349, 683]:[683, 874]
[436, 683]:[587, 683]
[436, 683]:[637, 683]
[436, 683]:[683, 874]
[587, 683]:[637, 683]
[587, 683]:[683, 874]
[637, 683]:[683, 874]
[106, 779]:[164, 779]
[106, 779]:[214, 779]
[106, 779]:[451, 779]
[106, 779]:[623, 779]
[164, 779]:[214, 779]
[164, 779]:[451, 779]
[164, 779]:[623, 779]
[214, 779]:[451, 779]
[214, 779]:[623, 779]
[451, 779]:[623, 779]
[106, 796]:[119, 796]
[106, 796]:[412, 796]
[106, 796]:[698, 796]
[119, 796]:[412, 796]
[119, 796]:[698, 796]
[412, 796]:[698, 796]
[106, 835]:[200, 835]
[106, 835]:[729, 835]
[106, 835]:[741, 835]
[106, 835]:[812, 835]
[106, 835]:[835, 851]
[106, 835]:[835, 957]
[106, 835]:[835, 993]
[200, 835]:[729, 835]
[200, 835]:[741, 835]
[200, 835]:[812, 835]
[200, 835]:[835, 851]
[200, 835]:[835, 957]
[200, 835]:[835, 993]
[729, 835]:[741, 835]
[729, 835]:[812, 835]
[729, 835]:[835, 851]
[729, 835]:[835, 957]
[729, 835]:[835, 993]
[741, 835]:[812, 835]
[741, 835]:[835, 851]
[741, 835]:[835, 957]
[741, 835]:[835, 993]
[812, 835]:[835, 851]
[812, 835]:[835, 957]
[812, 835]:[835, 993]
[835, 851]:[835, 957]
[835, 851]:[835, 993]
[835, 957]:[835, 993]
[106, 847]:[129, 847]
[106, 847]:[175, 847]
[106, 847]:[200, 847]
[106, 847]:[257, 847]
[106, 847]:[440, 847]
[106, 847]:[594, 847]
[106, 847]:[847, 974]
[129, 847]:[175, 847]
[129, 847]:[200, 847]
[129, 847]:[257, 847]
[129, 847]:[440, 847]
[129, 847]:[594, 847]
[129, 847]:[847, 974]
[175, 847]:[200, 847]
[175, 847]:[257, 847]
[175, 847]:[440, 847]
[175, 847]:[594, 847]
[175, 847]:[847, 974]
[200, 847]:[257, 847]
[200, 847]:[440, 847]
[200, 847]:[594, 847]
[200, 847]:[847, 974]
[257, 847]:[440, 847]
[257, 847]:[594, 847]
[257, 847]:[847, 974]
[440, 847]:[594, 847]
[440, 847]:[847, 974]
[594, 847]:[847, 974]
[107, 158]:[107, 703]
[108, 299]:[299, 319]
[108, 299]:[299, 561]
[299, 319]:[299, 561]
[108, 465]:[183, 465]
[108, 465]:[424, 465]
[108, 465]:[465, 730]
[183, 465]:[424, 465]
[183, 465]:[465, 730]
[424, 465]:[465, 730]
[109, 504]:[195, 504]
[109, 504]:[504, 512]
[109, 504]:[504, 897]
[195, 504]:[504, 512]
[195, 504]:[504, 897]
[504, 512]:[504, 897]
[109, 762]:[323, 762]
[109, 762]:[407, 762]
[109, 762]:[474, 762]
[109, 762]:[514, 762]
[109, 762]:[576, 762]
[109, 762]:[616, 762]
[109, 762]:[762, 910]
[323, 762]:[407, 762]
[323, 762]:[474, 762]
[323, 762]:[514, 762]
[323, 762]:[576, 762]
[323, 762]:[616, 762]
[323, 762]:[762, 910]
[407, 762]:[474, 762]
[407, 762]:[514, 762]
[407, 762]:[576, 762]
[407, 762]:[616, 762]
[407, 762]:[762, 910]
[474, 762]:[514, 762]
[474, 762]:[576, 762]
[474, 762]:[616, 762]
[474, 762]:[762, 910]
[514, 762]:[576, 762]
[514, 762]:[616, 762]
[514, 762]:[762, 910]
[576, 762]:[616, 762]
[576, 762]:[762, 910]
[616, 762]:[762, 910]
[110, 225]:[110, 493]
[110, 225]:[110, 702]
[110, 225]:[110, 785]
[110, 225]:[110, 815]
[110, 493]:[110, 702]
[110, 493]:[110, 785]
[110, 493]:[110, 815]
[110, 702]:[110, 785]
[110, 702]:[110, 815]
[110, 785]:[110, 815]
[110, 493]:[204, 493]
[110, 493]:[410, 493]
[110, 493]:[423, 493]
[110, 493]:[493, 527]
[110, 493]:[493, 564]
[110, 493]:[493, 671]
[110, 493]:[493, 684]
[110, 493]:[493, 728]
[110, 493]:[493, 826]
[204, 493]:[410, 493]
[204, 493]:[423, 493]
[204, 493]:[493, 527]
[204, 493]:[493, 564]
[204, 493]:[493, 671]
[204, 493]:[493, 684]
[204, 493]:[493, 728]
[204, 493]:[493, 826]
[410, 493]:[423, 493]
[410, 493]:[493, 527]
[410, 493]:[493, 564]
[410, 493]:[493, 671]
[410, 493]:[493, 684]
[410, 493]:[493, 728]
[410, 493]:[493, 826]
[423, 493]:[493, 527]
[423, 493]:[493, 564]
[423, 493]:[493, 671]
[423, 493]:[493, 684]
[423, 493]:[493, 728]
[423, 493]:[493, 826]
[493, 527]:[493, 564]
[493, 527]:[493, 671]
[493, 527]:[493, 684]
[493, 527]:[493, 728]
[493, 527]:[493, 826]
[493, 564]:[493, 671]
[493, 564]:[493, 684]
[493, 564]:[493, 728]
[493, 564]:[493, 826]
[493, 671]:[493, 684]
[493, 671]:[493, 728]
[493, 671]:[493, 826]
[493, 684]:[493, 728]
[493, 684]:[493, 826]
[493, 728]:[493, 826]
[110, 785]:[196, 785]
[110, 785]:[270, 785]
[110, 785]:[338, 785]
[110, 785]:[361, 785]
[110, 785]:[785, 981]
[196, 785]:[270, 785]
[196, 785]:[338, 785]
[196, 785]:[361, 785]
[196, 785]:[785, 981]
[270, 785]:[338, 785]
[270, 785]:[361, 785]
[270, 785]:[785, 981]
[338, 785]:[361, 785]
[338, 785]:[785, 981]
[361, 785]:[785, 981]
[110, 815]:[298, 815]
[110, 815]:[668, 815]
[298, 815]:[668, 815]
[111, 180]:[111, 265]
[111, 180]:[111, 371]
[111, 180]:[111, 506]
[111, 180]:[111, 597]
[111, 180]:[111, 632]
[111, 180]:[111, 886]
[111, 265]:[111, 371]
[111, 265]:[111, 506]
[111, 265]:[111, 597]
[111, 265]:[111, 632]
[111, 265]:[111, 886]
[111, 371]:[111, 506]
[111, 371]:[111, 597]
[111, 371]:[111, 632]
[111, 371]:[111, 886]
[111, 506]:[111, 597]
[111, 506]:[111, 632]
[111, 506]:[111, 886]
[111, 597]:[111, 632]
[111, 597]:[111, 886]
[111, 632]:[111, 886]
[111, 506]:[123, 506]
[111, 506]:[128, 506]
[111, 506]:[422, 506]
[111, 506]:[506, 509]
[111, 506]:[506, 618]
[111, 506]:[506, 665]
[123, 506]:[128, 506]
[123, 506]:[422, 506]
[123, 506]:[506, 509]
[123, 506]:[506, 618]
[123, 506]:[506, 665]
[128, 506]:[422, 506]
[128, 506]:[506, 509]
[128, 506]:[506, 618]
[128, 506]:[506, 665]
[422, 506]:[506, 509]
[422, 506]:[506, 618]
[422, 506]:[506, 665]
[506, 509]:[506, 618]
[506, 509]:[506, 665]
[506, 618]:[506, 665]
[111, 632]:[307, 632]
[111, 632]:[441, 632]
[111, 632]:[577, 632]
[111, 632]:[632, 884]
[111, 632]:[632, 927]
[307, 632]:[441, 632]
[307, 632]:[577, 632]
[307, 632]:[632, 884]
[307, 632]:[632, 927]
[441, 632]:[577, 632]
[441, 632]:[632, 884]
[441, 632]:[632, 927]
[577, 632]:[632, 884]
[577, 632]:[632, 927]
[632, 884]:[632, 927]
[112, 501]:[397, 501]
[112, 501]:[501, 510]
[112, 501]:[501, 549]
[112, 501]:[501, 963]
[112, 501]:[501, 971]
[397, 501]:[501, 510]
[397, 501]:[501, 549]
[397, 501]:[501, 963]
[397, 501]:[501, 971]
[501, 510]:[501, 549]
[501, 510]:[501, 963]
[501, 510]:[501, 971]
[501, 549]:[501, 963]
[501, 549]:[501, 971]
[501, 963]:[501, 971]
[112, 612]:[127, 612]
[112, 612]:[172, 612]
[112, 612]:[316, 612]
[112, 612]:[380, 612]
[112, 612]:[395, 612]
[112, 612]:[558, 612]
[112, 612]:[612, 876]
[112, 612]:[612, 886]
[112, 612]:[612, 983]
[127, 612]:[172, 612]
[127, 612]:[316, 612]
[127, 612]:[380, 612]
[127, 612]:[395, 612]
[127, 612]:[558, 612]
[127, 612]:[612, 876]
[127, 612]:[612, 886]
[127, 612]:[612, 983]
[172, 612]:[316, 612]
[172, 612]:[380, 612]
[172, 612]:[395, 612]
[172, 612]:[558, 612]
[172, 612]:[612, 876]
[172, 612]:[612, 886]
[172, 612]:[612, 983]
[316, 612]:[380, 612]
[316, 612]:[395, 612]
[316, 612]:[558, 612]
[316, 612]:[612, 876]
[316, 612]:[612, 886]
[316, 612]:[612, 983]
[380, 612]:[395, 612]
[380, 612]:[558, 612]
[380, 612]:[612, 876]
[380, 612]:[612, 886]
[380, 612]:[612, 983]
[395, 612]:[558, 612]
[395, 612]:[612, 876]
[395, 612]:[612, 886]
[395, 612]:[612, 983]
[558, 612]:[612, 876]
[558, 612]:[612, 886]
[558, 612]:[612, 983]
[612, 876]:[612, 886]
[612, 876]:[612, 983]
[612, 886]:[612, 983]
[112, 652]:[124, 652]
[112, 652]:[391, 652]
[112, 652]:[466, 652]
[112, 652]:[541, 652]
[112, 652]:[607, 652]
[112, 652]:[652, 694]
[112, 652]:[652, 795]
[112, 652]:[652, 962]
[124, 652]:[391, 652]
[124, 652]:[466, 652]
[124, 652]:[541, 652]
[124, 652]:[607, 652]
[124, 652]:[652, 694]
[124, 652]:[652, 795]
[124, 652]:[652, 962]
[391, 652]:[466, 652]
[391, 652]:[541, 652]
[391, 652]:[607, 652]
[391, 652]:[652, 694]
[391, 652]:[652, 795]
[391, 652]:[652, 962]
[466, 652]:[541, 652]
[466, 652]:[607, 652]
[466, 652]:[652, 694]
[466, 652]:[652, 795]
[466, 652]:[652, 962]
[541, 652]:[607, 652]
[541, 652]:[652, 694]
[541, 652]:[652, 795]
[541, 652]:[652, 962]
[607, 652]:[652, 694]
[607, 652]:[652, 795]
[607, 652]:[652, 962]
[652, 694]:[652, 795]
[652, 694]:[652, 962]
[652, 795]:[652, 962]
[112, 776]:[138, 776]
[112, 776]:[140, 776]
[112, 776]:[357, 776]
[112, 776]:[700, 776]
[138, 776]:[140, 776]
[138, 776]:[357, 776]
[138, 776]:[700, 776]
[140, 776]:[357, 776]
[140, 776]:[700, 776]
[357, 776]:[700, 776]
[113, 183]:[183, 218]
[113, 183]:[183, 417]
[113, 183]:[183, 465]
[113, 183]:[183, 768]
[113, 183]:[183, 938]
[113, 183]:[183, 966]
[183, 218]:[183, 417]
[183, 218]:[183, 465]
[183, 218]:[183, 768]
[183, 218]:[183, 938]
[183, 218]:[183, 966]
[183, 417]:[183, 465]
[183, 417]:[183, 768]
[183, 417]:[183, 938]
[183, 417]:[183, 966]
[183, 465]:[183, 768]
[183, 465]:[183, 938]
[183, 465]:[183, 966]
[183, 768]:[183, 938]
[183, 768]:[183, 966]
[183, 938]:[183, 966]
[113, 348]:[253, 348]
[113, 348]:[348, 354]
[113, 348]:[348, 363]
[113, 348]:[348, 449]
[113, 348]:[348, 512]
[113, 348]:[348, 649]
[113, 348]:[348, 767]
[113, 348]:[348, 770]
[113, 348]:[348, 916]
[113, 348]:[348, 918]
[253, 348]:[348, 354]
[253, 348]:[348, 363]
[253, 348]:[348, 449]
[253, 348]:[348, 512]
[253, 348]:[348, 649]
[253, 348]:[348, 767]
[253, 348]:[348, 770]
[253, 348]:[348, 916]
[253, 348]:[348, 918]
[348, 354]:[348, 363]
[348, 354]:[348, 449]
[348, 354]:[348, 512]
[348, 354]:[348, 649]
[348, 354]:[348, 767]
[348, 354]:[348, 770]
[348, 354]:[348, 916]
[348, 354]:[348, 918]
[348, 363]:[348, 449]
[348, 363]:[348, 512]
[348, 363]:[348, 649]
[348, 363]:[348, 767]
[348, 363]:[348, 770]
[348, 363]:[348, 916]
[348, 363]:[348, 918]
[348, 449]:[348, 512]
[348, 449]:[348, 649]
[348, 449]:[348, 767]
[348, 449]:[348, 770]
[348, 449]:[348, 916]
[348, 449]:[348, 918]
[348, 512]:[348, 649]
[348, 512]:[348, 767]
[348, 512]:[348, 770]
[348, 512]:[348, 916]
[348, 512]:[348, 918]
[348, 649]:[348, 767]
[348, 649]:[348, 770]
[348, 649]:[348, 916]
[348, 649]:[348, 918]
[348, 767]:[348, 770]
[348, 767]:[348, 916]
[348, 767]:[348, 918]
[348, 770]:[348, 916]
[348, 770]:[348, 918]
[348, 916]:[348, 918]
[113, 705]:[166, 705]
[113, 705]:[191, 705]
[113, 705]:[284, 705]
[113, 705]:[425, 705]
[113, 705]:[532, 705]
[113, 705]:[705, 751]
[113, 705]:[705, 867]
[166, 705]:[191, 705]
[166, 705]:[284, 705]
[166, 705]:[425, 705]
[166, 705]:[532, 705]
[166, 705]:[705, 751]
[166, 705]:[705, 867]
[191, 705]:[284, 705]
[191, 705]:[425, 705]
[191, 705]:[532, 705]
[191, 705]:[705, 751]
[191, 705]:[705, 867]
[284, 705]:[425, 705]
[284, 705]:[532, 705]
[284, 705]:[705, 751]
[284, 705]:[705, 867]
[425, 705]:[532, 705]
[425, 705]:[705, 751]
[425, 705]:[705, 867]
[532, 705]:[705, 751]
[532, 705]:[705, 867]
[705, 751]:[705, 867]
[113, 851]:[235, 851]
[113, 851]:[262, 851]
[113, 851]:[438, 851]
[113, 851]:[835, 851]
[235, 851]:[262, 851]
[235, 851]:[438, 851]
[235, 851]:[835, 851]
[262, 851]:[438, 851]
[262, 851]:[835, 851]
[438, 851]:[835, 851]
[114, 157]:[114, 387]
[114, 157]:[114, 753]
[114, 157]:[114, 891]
[114, 157]:[114, 927]
[114, 387]:[114, 753]
[114, 387]:[114, 891]
[114, 387]:[114, 927]
[114, 753]:[114, 891]
[114, 753]:[114, 927]
[114, 891]:[114, 927]
[114, 387]:[137, 387]
[114, 387]:[180, 387]
[114, 387]:[203, 387]
[114, 387]:[327, 387]
[114, 387]:[372, 387]
[114, 387]:[387, 405]
[114, 387]:[387, 560]
[114, 387]:[387, 863]
[114, 387]:[387, 894]
[114, 387]:[387, 904]
[137, 387]:[180, 387]
[137, 387]:[203, 387]
[137, 387]:[327, 387]
[137, 387]:[372, 387]
[137, 387]:[387, 405]
[137, 387]:[387, 560]
[137, 387]:[387, 863]
[137, 387]:[387, 894]
[137, 387]:[387, 904]
[180, 387]:[203, 387]
[180, 387]:[327, 387]
[180, 387]:[372, 387]
[180, 387]:[387, 405]
[180, 387]:[387, 560]
[180, 387]:[387, 863]
[180, 387]:[387, 894]
[180, 387]:[387, 904]
[203, 387]:[327, 387]
[203, 387]:[372, 387]
[203, 387]:[387, 405]
[203, 387]:[387, 560]
[203, 387]:[387, 863]
[203, 387]:[387, 894]
[203, 387]:[387, 904]
[327, 387]:[372, 387]
[327, 387]:[387, 405]
[327, 387]:[387, 560]
[327, 387]:[387, 863]
[327, 387]:[387, 894]
[327, 387]:[387, 904]
[372, 387]:[387, 405]
[372, 387]:[387, 560]
[372, 387]:[387, 863]
[372, 387]:[387, 894]
[372, 387]:[387, 904]
[387, 405]:[387, 560]
[387, 405]:[387, 863]
[387, 405]:[387, 894]
[387, 405]:[387, 904]
[387, 560]:[387, 863]
[387, 560]:[387, 894]
[387, 560]:[387, 904]
[387, 863]:[387, 894]
[387, 863]:[387, 904]
[387, 894]:[387, 904]
[114, 891]:[154, 891]
[114, 891]:[159, 891]
[114, 891]:[218, 891]
[114, 891]:[244, 891]
[114, 891]:[650, 891]
[114, 891]:[715, 891]
[114, 891]:[805, 891]
[114, 891]:[839, 891]
[114, 891]:[868, 891]
[154, 891]:[159, 891]
[154, 891]:[218, 891]
[154, 891]:[244, 891]
[154, 891]:[650, 891]
[154, 891]:[715, 891]
[154, 891]:[805, 891]
[154, 891]:[839, 891]
[154, 891]:[868, 891]
[159, 891]:[218, 891]
[159, 891]:[244, 891]
[159, 891]:[650, 891]
[159, 891]:[715, 891]
[159, 891]:[805, 891]
[159, 891]:[839, 891]
[159, 891]:[868, 891]
[218, 891]:[244, 891]
[218, 891]:[650, 891]
[218, 891]:[715, 891]
[218, 891]:[805, 891]
[218, 891]:[839, 891]
[218, 891]:[868, 891]
[244, 891]:[650, 891]
[244, 891]:[715, 891]
[244, 891]:[805, 891]
[244, 891]:[839, 891]
[244, 891]:[868, 891]
[650, 891]:[715, 891]
[650, 891]:[805, 891]
[650, 891]:[839, 891]
[650, 891]:[868, 891]
[715, 891]:[805, 891]
[715, 891]:[839, 891]
[715, 891]:[868, 891]
[805, 891]:[839, 891]
[805, 891]:[868, 891]
[839, 891]:[868, 891]
[114, 927]:[276, 927]
[114, 927]:[303, 927]
[114, 927]:[418, 927]
[114, 927]:[632, 927]
[114, 927]:[780, 927]
[114, 927]:[821, 927]
[114, 927]:[852, 927]
[276, 927]:[303, 927]
[276, 927]:[418, 927]
[276, 927]:[632, 927]
[276, 927]:[780, 927]
[276, 927]:[821, 927]
[276, 927]:[852, 927]
[303, 927]:[418, 927]
[303, 927]:[632, 927]
[303, 927]:[780, 927]
[303, 927]:[821, 927]
[303, 927]:[852, 927]
[418, 927]:[632, 927]
[418, 927]:[780, 927]
[418, 927]:[821, 927]
[418, 927]:[852, 927]
[632, 927]:[780, 927]
[632, 927]:[821, 927]
[632, 927]:[852, 927]
[780, 927]:[821, 927]
[780, 927]:[852, 927]
[821, 927]:[852, 927]
[115, 284]:[124, 284]
[115, 284]:[186, 284]
[115, 284]:[213, 284]
[115, 284]:[220, 284]
[115, 284]:[258, 284]
[115, 284]:[284, 333]
[115, 284]:[284, 467]
[115, 284]:[284, 540]
[115, 284]:[284, 550]
[115, 284]:[284, 579]
[115, 284]:[284, 673]
[115, 284]:[284, 689]
[115, 284]:[284, 705]
[115, 284]:[284, 749]
[124, 284]:[186, 284]
[124, 284]:[213, 284]
[124, 284]:[220, 284]
[124, 284]:[258, 284]
[124, 284]:[284, 333]
[124, 284]:[284, 467]
[124, 284]:[284, 540]
[124, 284]:[284, 550]
[124, 284]:[284, 579]
[124, 284]:[284, 673]
[124, 284]:[284, 689]
[124, 284]:[284, 705]
[124, 284]:[284, 749]
[186, 284]:[213, 284]
[186, 284]:[220, 284]
[186, 284]:[258, 284]
[186, 284]:[284, 333]
[186, 284]:[284, 467]
[186, 284]:[284, 540]
[186, 284]:[284, 550]
[186, 284]:[284, 579]
[186, 284]:[284, 673]
[186, 284]:[284, 689]
[186, 284]:[284, 705]
[186, 284]:[284, 749]
[213, 284]:[220, 284]
[213, 284]:[258, 284]
[213, 284]:[284, 333]
[213, 284]:[284, 467]
[213, 284]:[284, 540]
[213, 284]:[284, 550]
[213, 284]:[284, 579]
[213, 284]:[284, 673]
[213, 284]:[284, 689]
[213, 284]:[284, 705]
[213, 284]:[284, 749]
[220, 284]:[258, 284]
[220, 284]:[284, 333]
[220, 284]:[284, 467]
[220, 284]:[284, 540]
[220, 284]:[284, 550]
[220, 284]:[284, 579]
[220, 284]:[284, 673]
[220, 284]:[284, 689]
[220, 284]:[284, 705]
[220, 284]:[284, 749]
[258, 284]:[284, 333]
[258, 284]:[284, 467]
[258, 284]:[284, 540]
[258, 284]:[284, 550]
[258, 284]:[284, 579]
[258, 284]:[284, 673]
[258, 284]:[284, 689]
[258, 284]:[284, 705]
[258, 284]:[284, 749]
[284, 333]:[284, 467]
[284, 333]:[284, 540]
[284, 333]:[284, 550]
[284, 333]:[284, 579]
[284, 333]:[284, 673]
[284, 333]:[284, 689]
[284, 333]:[284, 705]
[284, 333]:[284, 749]
[284, 467]:[284, 540]
[284, 467]:[284, 550]
[284, 467]:[284, 579]
[284, 467]:[284, 673]
[284, 467]:[284, 689]
[284, 467]:[284, 705]
[284, 467]:[284, 749]
[284, 540]:[284, 550]
[284, 540]:[284, 579]
[284, 540]:[284, 673]
[284, 540]:[284, 689]
[284, 540]:[284, 705]
[284, 540]:[284, 749]
[284, 550]:[284, 579]
[284, 550]:[284, 673]
[284, 550]:[284, 689]
[284, 550]:[284, 705]
[284, 550]:[284, 749]
[284, 579]:[284, 673]
[284, 579]:[284, 689]
[284, 579]:[284, 705]
[284, 579]:[284, 749]
[284, 673]:[284, 689]
[284, 673]:[284, 705]
[284, 673]:[284, 749]
[284, 689]:[284, 705]
[284, 689]:[284, 749]
[284, 705]:[284, 749]
[115, 636]:[147, 636]
[115, 636]:[479, 636]
[115, 636]:[636, 818]
[147, 636]:[479, 636]
[147, 636]:[636, 818]
[479, 636]:[636, 818]
[115, 759]:[234, 759]
[115, 759]:[240, 759]
[115, 759]:[684, 759]
[115, 759]:[720, 759]
[115, 759]:[734, 759]
[115, 759]:[759, 855]
[115, 759]:[759, 963]
[234, 759]:[240, 759]
[234, 759]:[684, 759]
[234, 759]:[720, 759]
[234, 759]:[734, 759]
[234, 759]:[759, 855]
[234, 759]:[759, 963]
[240, 759]:[684, 759]
[240, 759]:[720, 759]
[240, 759]:[734, 759]
[240, 759]:[759, 855]
[240, 759]:[759, 963]
[684, 759]:[720, 759]
[684, 759]:[734, 759]
[684, 759]:[759, 855]
[684, 759]:[759, 963]
[720, 759]:[734, 759]
[720, 759]:[759, 855]
[720, 759]:[759, 963]
[734, 759]:[759, 855]
[734, 759]:[759, 963]
[759, 855]:[759, 963]
[116, 178]:[116, 211]
[116, 178]:[116, 254]
[116, 178]:[116, 489]
[116, 178]:[116, 692]
[116, 178]:[116, 700]
[116, 178]:[116, 869]
[116, 211]:[116, 254]
[116, 211]:[116, 489]
[116, 211]:[116, 692]
[116, 211]:[116, 700]
[116, 211]:[116, 869]
[116, 254]:[116, 489]
[116, 254]:[116, 692]
[116, 254]:[116, 700]
[116, 254]:[116, 869]
[116, 489]:[116, 692]
[116, 489]:[116, 700]
[116, 489]:[116, 869]
[116, 692]:[116, 700]
[116, 692]:[116, 869]
[116, 700]:[116, 869]
[116, 254]:[144, 254]
[116, 254]:[181, 254]
[116, 254]:[254, 507]
[116, 254]:[254, 747]
[144, 254]:[181, 254]
[144, 254]:[254, 507]
[144, 254]:[254, 747]
[181, 254]:[254, 507]
[181, 254]:[254, 747]
[254, 507]:[254, 747]
[116, 489]:[203, 489]
[116, 489]:[379, 489]
[116, 489]:[489, 864]
[203, 489]:[379, 489]
[203, 489]:[489, 864]
[379, 489]:[489, 864]
[116, 692]:[412, 692]
[116, 692]:[559, 692]
[116, 692]:[566, 692]
[116, 692]:[642, 692]
[116, 692]:[692, 722]
[116, 692]:[692, 865]
[116, 692]:[692, 976]
[412, 692]:[559, 692]
[412, 692]:[566, 692]
[412, 692]:[642, 692]
[412, 692]:[692, 722]
[412, 692]:[692, 865]
[412, 692]:[692, 976]
[559, 692]:[566, 692]
[559, 692]:[642, 692]
[559, 692]:[692, 722]
[559, 692]:[692, 865]
[559, 692]:[692, 976]
[566, 692]:[642, 692]
[566, 692]:[692, 722]
[566, 692]:[692, 865]
[566, 692]:[692, 976]
[642, 692]:[692, 722]
[642, 692]:[692, 865]
[642, 692]:[692, 976]
[692, 722]:[692, 865]
[692, 722]:[692, 976]
[692, 865]:[692, 976]
[117, 194]:[117, 249]
[117, 194]:[117, 585]
[117, 194]:[117, 706]
[117, 194]:[117, 877]
[117, 194]:[117, 979]
[117, 249]:[117, 585]
[117, 249]:[117, 706]
[117, 249]:[117, 877]
[117, 249]:[117, 979]
[117, 585]:[117, 706]
[117, 585]:[117, 877]
[117, 585]:[117, 979]
[117, 706]:[117, 877]
[117, 706]:[117, 979]
[117, 877]:[117, 979]
[117, 585]:[187, 585]
[117, 585]:[276, 585]
[117, 585]:[339, 585]
[117, 585]:[364, 585]
[117, 585]:[520, 585]
[117, 585]:[585, 682]
[117, 585]:[585, 819]
[117, 585]:[585, 859]
[187, 585]:[276, 585]
[187, 585]:[339, 585]
[187, 585]:[364, 585]
[187, 585]:[520, 585]
[187, 585]:[585, 682]
[187, 585]:[585, 819]
[187, 585]:[585, 859]
[276, 585]:[339, 585]
[276, 585]:[364, 585]
[276, 585]:[520, 585]
[276, 585]:[585, 682]
[276, 585]:[585, 819]
[276, 585]:[585, 859]
[339, 585]:[364, 585]
[339, 585]:[520, 585]
[339, 585]:[585, 682]
[339, 585]:[585, 819]
[339, 585]:[585, 859]
[364, 585]:[520, 585]
[364, 585]:[585, 682]
[364, 585]:[585, 819]
[364, 585]:[585, 859]
[520, 585]:[585, 682]
[520, 585]:[585, 819]
[520, 585]:[585, 859]
[585, 682]:[585, 819]
[585, 682]:[585, 859]
[585, 819]:[585, 859]
[117, 877]:[156, 877]
[117, 877]:[269, 877]
[117, 877]:[877, 878]
[117, 877]:[877, 975]
[156, 877]:[269, 877]
[156, 877]:[877, 878]
[156, 877]:[877, 975]
[269, 877]:[877, 878]
[269, 877]:[877, 975]
[877, 878]:[877, 975]
[118, 182]:[182, 323]
[118, 182]:[182, 341]
[182, 323]:[182, 341]
[118, 257]:[171, 257]
[118, 257]:[257, 583]
[118, 257]:[257, 847]
[118, 257]:[257, 933]
[171, 257]:[257, 583]
[171, 257]:[257, 847]
[171, 257]:[257, 933]
[257, 583]:[257, 847]
[257, 583]:[257, 933]
[257, 847]:[257, 933]
[118, 417]:[183, 417]
[118, 417]:[238, 417]
[118, 417]:[417, 562]
[118, 417]:[417, 882]
[183, 417]:[238, 417]
[183, 417]:[417, 562]
[183, 417]:[417, 882]
[238, 417]:[417, 562]
[238, 417]:[417, 882]
[417, 562]:[417, 882]
[119, 120]:[120, 261]
[119, 120]:[120, 286]
[119, 120]:[120, 426]
[119, 120]:[120, 642]
[119, 120]:[120, 820]
[119, 120]:[120, 822]
[119, 120]:[120, 830]
[120, 261]:[120, 286]
[120, 261]:[120, 426]
[120, 261]:[120, 642]
[120, 261]:[120, 820]
[120, 261]:[120, 822]
[120, 261]:[120, 830]
[120, 286]:[120, 426]
[120, 286]:[120, 642]
[120, 286]:[120, 820]
[120, 286]:[120, 822]
[120, 286]:[120, 830]
[120, 426]:[120, 642]
[120, 426]:[120, 820]
[120, 426]:[120, 822]
[120, 426]:[120, 830]
[120, 642]:[120, 820]
[120, 642]:[120, 822]
[120, 642]:[120, 830]
[120, 820]:[120, 822]
[120, 820]:[120, 830]
[120, 822]:[120, 830]
[119, 192]:[192, 402]
[119, 192]:[192, 601]
[119, 192]:[192, 730]
[119, 192]:[192, 768]
[119, 192]:[192, 839]
[192, 402]:[192, 601]
[192, 402]:[192, 730]
[192, 402]:[192, 768]
[192, 402]:[192, 839]
[192, 601]:[192, 730]
[192, 601]:[192, 768]
[192, 601]:[192, 839]
[192, 730]:[192, 768]
[192, 730]:[192, 839]
[192, 768]:[192, 839]
[119, 239]:[239, 267]
[119, 239]:[239, 646]
[119, 239]:[239, 817]
[239, 267]:[239, 646]
[239, 267]:[239, 817]
[239, 646]:[239, 817]
[119, 448]:[295, 448]
[119, 448]:[419, 448]
[119, 448]:[426, 448]
[119, 448]:[448, 830]
[119, 448]:[448, 959]
[295, 448]:[419, 448]
[295, 448]:[426, 448]
[295, 448]:[448, 830]
[295, 448]:[448, 959]
[419, 448]:[426, 448]
[419, 448]:[448, 830]
[419, 448]:[448, 959]
[426, 448]:[448, 830]
[426, 448]:[448, 959]
[448, 830]:[448, 959]
[119, 738]:[207, 738]
[119, 738]:[419, 738]
[119, 738]:[658, 738]
[119, 738]:[738, 797]
[119, 738]:[738, 853]
[119, 738]:[738, 952]
[207, 738]:[419, 738]
[207, 738]:[658, 738]
[207, 738]:[738, 797]
[207, 738]:[738, 853]
[207, 738]:[738, 952]
[419, 738]:[658, 738]
[419, 738]:[738, 797]
[419, 738]:[738, 853]
[419, 738]:[738, 952]
[658, 738]:[738, 797]
[658, 738]:[738, 853]
[658, 738]:[738, 952]
[738, 797]:[738, 853]
[738, 797]:[738, 952]
[738, 853]:[738, 952]
[120, 261]:[261, 608]
[120, 261]:[261, 764]
[120, 261]:[261, 855]
[261, 608]:[261, 764]
[261, 608]:[261, 855]
[261, 764]:[261, 855]
[120, 642]:[162, 642]
[120, 642]:[642, 692]
[120, 642]:[642, 859]
[120, 642]:[642, 896]
[120, 642]:[642, 921]
[162, 642]:[642, 692]
[162, 642]:[642, 859]
[162, 642]:[642, 896]
[162, 642]:[642, 921]
[642, 692]:[642, 859]
[642, 692]:[642, 896]
[642, 692]:[642, 921]
[642, 859]:[642, 896]
[642, 859]:[642, 921]
[642, 896]:[642, 921]
[120, 820]:[345, 820]
[120, 820]:[384, 820]
[120, 820]:[820, 922]
[345, 820]:[384, 820]
[345, 820]:[820, 922]
[384, 820]:[820, 922]
[120, 822]:[174, 822]
[120, 822]:[181, 822]
[120, 822]:[199, 822]
[120, 822]:[241, 822]
[120, 822]:[405, 822]
[120, 822]:[578, 822]
[120, 822]:[693, 822]
[120, 822]:[748, 822]
[120, 822]:[822, 976]
[120, 822]:[822, 979]
[174, 822]:[181, 822]
[174, 822]:[199, 822]
[174, 822]:[241, 822]
[174, 822]:[405, 822]
[174, 822]:[578, 822]
[174, 822]:[693, 822]
[174, 822]:[748, 822]
[174, 822]:[822, 976]
[174, 822]:[822, 979]
[181, 822]:[199, 822]
[181, 822]:[241, 822]
[181, 822]:[405, 822]
[181, 822]:[578, 822]
[181, 822]:[693, 822]
[181, 822]:[748, 822]
[181, 822]:[822, 976]
[181, 822]:[822, 979]
[199, 822]:[241, 822]
[199, 822]:[405, 822]
[199, 822]:[578, 822]
[199, 822]:[693, 822]
[199, 822]:[748, 822]
[199, 822]:[822, 976]
[199, 822]:[822, 979]
[241, 822]:[405, 822]
[241, 822]:[578, 822]
[241, 822]:[693, 822]
[241, 822]:[748, 822]
[241, 822]:[822, 976]
[241, 822]:[822, 979]
[405, 822]:[578, 822]
[405, 822]:[693, 822]
[405, 822]:[748, 822]
[405, 822]:[822, 976]
[405, 822]:[822, 979]
[578, 822]:[693, 822]
[578, 822]:[748, 822]
[578, 822]:[822, 976]
[578, 822]:[822, 979]
[693, 822]:[748, 822]
[693, 822]:[822, 976]
[693, 822]:[822, 979]
[748, 822]:[822, 976]
[748, 822]:[822, 979]
[822, 976]:[822, 979]
[120, 830]:[272, 830]
[120, 830]:[302, 830]
[120, 830]:[351, 830]
[120, 830]:[442, 830]
[120, 830]:[448, 830]
[120, 830]:[529, 830]
[120, 830]:[551, 830]
[120, 830]:[687, 830]
[120, 830]:[798, 830]
[120, 830]:[830, 905]
[272, 830]:[302, 830]
[272, 830]:[351, 830]
[272, 830]:[442, 830]
[272, 830]:[448, 830]
[272, 830]:[529, 830]
[272, 830]:[551, 830]
[272, 830]:[687, 830]
[272, 830]:[798, 830]
[272, 830]:[830, 905]
[302, 830]:[351, 830]
[302, 830]:[442, 830]
[302, 830]:[448, 830]
[302, 830]:[529, 830]
[302, 830]:[551, 830]
[302, 830]:[687, 830]
[302, 830]:[798, 830]
[302, 830]:[830, 905]
[351, 830]:[442, 830]
[351, 830]:[448, 830]
[351, 830]:[529, 830]
[351, 830]:[551, 830]
[351, 830]:[687, 830]
[351, 830]:[798, 830]
[351, 830]:[830, 905]
[442, 830]:[448, 830]
[442, 830]:[529, 830]
[442, 830]:[551, 830]
[442, 830]:[687, 830]
[442, 830]:[798, 830]
[442, 830]:[830, 905]
[448, 830]:[529, 830]
[448, 830]:[551, 830]
[448, 830]:[687, 830]
[448, 830]:[798, 830]
[448, 830]:[830, 905]
[529, 830]:[551, 830]
[529, 830]:[687, 830]
[529, 830]:[798, 830]
[529, 830]:[830, 905]
[551, 830]:[687, 830]
[551, 830]:[798, 830]
[551, 830]:[830, 905]
[687, 830]:[798, 830]
[687, 830]:[830, 905]
[798, 830]:[830, 905]
[121, 364]:[138, 364]
[121, 364]:[141, 364]
[121, 364]:[364, 399]
[121, 364]:[364, 541]
[121, 364]:[364, 585]
[121, 364]:[364, 586]
[121, 364]:[364, 697]
[138, 364]:[141, 364]
[138, 364]:[364, 399]
[138, 364]:[364, 541]
[138, 364]:[364, 585]
[138, 364]:[364, 586]
[138, 364]:[364, 697]
[141, 364]:[364, 399]
[141, 364]:[364, 541]
[141, 364]:[364, 585]
[141, 364]:[364, 586]
[141, 364]:[364, 697]
[364, 399]:[364, 541]
[364, 399]:[364, 585]
[364, 399]:[364, 586]
[364, 399]:[364, 697]
[364, 541]:[364, 585]
[364, 541]:[364, 586]
[364, 541]:[364, 697]
[364, 585]:[364, 586]
[364, 585]:[364, 697]
[364, 586]:[364, 697]
[121, 556]:[281, 556]
[121, 556]:[474, 556]
[121, 556]:[556, 604]
[121, 556]:[556, 803]
[121, 556]:[556, 937]
[121, 556]:[556, 950]
[281, 556]:[474, 556]
[281, 556]:[556, 604]
[281, 556]:[556, 803]
[281, 556]:[556, 937]
[281, 556]:[556, 950]
[474, 556]:[556, 604]
[474, 556]:[556, 803]
[474, 556]:[556, 937]
[474, 556]:[556, 950]
[556, 604]:[556, 803]
[556, 604]:[556, 937]
[556, 604]:[556, 950]
[556, 803]:[556, 937]
[556, 803]:[556, 950]
[556, 937]:[556, 950]
[123, 689]:[159, 689]
[123, 689]:[284, 689]
[123, 689]:[415, 689]
[123, 689]:[568, 689]
[159, 689]:[284, 689]
[159, 689]:[415, 689]
[159, 689]:[568, 689]
[284, 689]:[415, 689]
[284, 689]:[568, 689]
[415, 689]:[568, 689]
[124, 233]:[125, 233]
[124, 233]:[233, 272]
[124, 233]:[233, 461]
[124, 233]:[233, 590]
[124, 233]:[233, 764]
[124, 233]:[233, 812]
[124, 233]:[233, 854]
[125, 233]:[233, 272]
[125, 233]:[233, 461]
[125, 233]:[233, 590]
[125, 233]:[233, 764]
[125, 233]:[233, 812]
[125, 233]:[233, 854]
[233, 272]:[233, 461]
[233, 272]:[233, 590]
[233, 272]:[233, 764]
[233, 272]:[233, 812]
[233, 272]:[233, 854]
[233, 461]:[233, 590]
[233, 461]:[233, 764]
[233, 461]:[233, 812]
[233, 461]:[233, 854]
[233, 590]:[233, 764]
[233, 590]:[233, 812]
[233, 590]:[233, 854]
[233, 764]:[233, 812]
[233, 764]:[233, 854]
[233, 812]:[233, 854]
[124, 810]:[247, 810]
[124, 810]:[416, 810]
[124, 810]:[485, 810]
[124, 810]:[791, 810]
[124, 810]:[810, 959]
[124, 810]:[810, 980]
[247, 810]:[416, 810]
[247, 810]:[485, 810]
[247, 810]:[791, 810]
[247, 810]:[810, 959]
[247, 810]:[810, 980]
[416, 810]:[485, 810]
[416, 810]:[791, 810]
[416, 810]:[810, 959]
[416, 810]:[810, 980]
[485, 810]:[791, 810]
[485, 810]:[810, 959]
[485, 810]:[810, 980]
[791, 810]:[810, 959]
[791, 810]:[810, 980]
[810, 959]:[810, 980]
[125, 686]:[193, 686]
[125, 686]:[386, 686]
[125, 686]:[686, 768]
[125, 686]:[686, 900]
[193, 686]:[386, 686]
[193, 686]:[686, 768]
[193, 686]:[686, 900]
[386, 686]:[686, 768]
[386, 686]:[686, 900]
[686, 768]:[686, 900]
[125, 839]:[186, 839]
[125, 839]:[192, 839]
[125, 839]:[355, 839]
[125, 839]:[409, 839]
[125, 839]:[553, 839]
[125, 839]:[562, 839]
[125, 839]:[666, 839]
[125, 839]:[799, 839]
[125, 839]:[839, 891]
[125, 839]:[839, 992]
[186, 839]:[192, 839]
[186, 839]:[355, 839]
[186, 839]:[409, 839]
[186, 839]:[553, 839]
[186, 839]:[562, 839]
[186, 839]:[666, 839]
[186, 839]:[799, 839]
[186, 839]:[839, 891]
[186, 839]:[839, 992]
[192, 839]:[355, 839]
[192, 839]:[409, 839]
[192, 839]:[553, 839]
[192, 839]:[562, 839]
[192, 839]:[666, 839]
[192, 839]:[799, 839]
[192, 839]:[839, 891]
[192, 839]:[839, 992]
[355, 839]:[409, 839]
[355, 839]:[553, 839]
[355, 839]:[562, 839]
[355, 839]:[666, 839]
[355, 839]:[799, 839]
[355, 839]:[839, 891]
[355, 839]:[839, 992]
[409, 839]:[553, 839]
[409, 839]:[562, 839]
[409, 839]:[666, 839]
[409, 839]:[799, 839]
[409, 839]:[839, 891]
[409, 839]:[839, 992]
[553, 839]:[562, 839]
[553, 839]:[666, 839]
[553, 839]:[799, 839]
[553, 839]:[839, 891]
[553, 839]:[839, 992]
[562, 839]:[666, 839]
[562, 839]:[799, 839]
[562, 839]:[839, 891]
[562, 839]:[839, 992]
[666, 839]:[799, 839]
[666, 839]:[839, 891]
[666, 839]:[839, 992]
[799, 839]:[839, 891]
[799, 839]:[839, 992]
[839, 891]:[839, 992]
[125, 901]:[181, 901]
[125, 901]:[258, 901]
[125, 901]:[292, 901]
[125, 901]:[419, 901]
[125, 901]:[624, 901]
[125, 901]:[654, 901]
[125, 901]:[694, 901]
[125, 901]:[850, 901]
[181, 901]:[258, 901]
[181, 901]:[292, 901]
[181, 901]:[419, 901]
[181, 901]:[624, 901]
[181, 901]:[654, 901]
[181, 901]:[694, 901]
[181, 901]:[850, 901]
[258, 901]:[292, 901]
[258, 901]:[419, 901]
[258, 901]:[624, 901]
[258, 901]:[654, 901]
[258, 901]:[694, 901]
[258, 901]:[850, 901]
[292, 901]:[419, 901]
[292, 901]:[624, 901]
[292, 901]:[654, 901]
[292, 901]:[694, 901]
[292, 901]:[850, 901]
[419, 901]:[624, 901]
[419, 901]:[654, 901]
[419, 901]:[694, 901]
[419, 901]:[850, 901]
[624, 901]:[654, 901]
[624, 901]:[694, 901]
[624, 901]:[850, 901]
[654, 901]:[694, 901]
[654, 901]:[850, 901]
[694, 901]:[850, 901]
[126, 209]:[194, 209]
[126, 209]:[209, 255]
[126, 209]:[209, 319]
[126, 209]:[209, 333]
[126, 209]:[209, 372]
[194, 209]:[209, 255]
[194, 209]:[209, 319]
[194, 209]:[209, 333]
[194, 209]:[209, 372]
[209, 255]:[209, 319]
[209, 255]:[209, 333]
[209, 255]:[209, 372]
[209, 319]:[209, 333]
[209, 319]:[209, 372]
[209, 333]:[209, 372]
[126, 266]:[266, 340]
[126, 266]:[266, 413]
[126, 266]:[266, 468]
[126, 266]:[266, 917]
[266, 340]:[266, 413]
[266, 340]:[266, 468]
[266, 340]:[266, 917]
[266, 413]:[266, 468]
[266, 413]:[266, 917]
[266, 468]:[266, 917]
[126, 313]:[217, 313]
[126, 313]:[313, 597]
[126, 313]:[313, 745]
[126, 313]:[313, 879]
[126, 313]:[313, 911]
[217, 313]:[313, 597]
[217, 313]:[313, 745]
[217, 313]:[313, 879]
[217, 313]:[313, 911]
[313, 597]:[313, 745]
[313, 597]:[313, 879]
[313, 597]:[313, 911]
[313, 745]:[313, 879]
[313, 745]:[313, 911]
[313, 879]:[313, 911]
[126, 737]:[384, 737]
[126, 737]:[671, 737]
[126, 737]:[737, 827]
[384, 737]:[671, 737]
[384, 737]:[737, 827]
[671, 737]:[737, 827]
[127, 194]:[127, 242]
[127, 194]:[127, 300]
[127, 194]:[127, 580]
[127, 194]:[127, 612]
[127, 194]:[127, 649]
[127, 194]:[127, 832]
[127, 242]:[127, 300]
[127, 242]:[127, 580]
[127, 242]:[127, 612]
[127, 242]:[127, 649]
[127, 242]:[127, 832]
[127, 300]:[127, 580]
[127, 300]:[127, 612]
[127, 300]:[127, 649]
[127, 300]:[127, 832]
[127, 580]:[127, 612]
[127, 580]:[127, 649]
[127, 580]:[127, 832]
[127, 612]:[127, 649]
[127, 612]:[127, 832]
[127, 649]:[127, 832]
[127, 242]:[242, 358]
[127, 242]:[242, 475]
[127, 242]:[242, 544]
[127, 242]:[242, 633]
[127, 242]:[242, 684]
[127, 242]:[242, 866]
[242, 358]:[242, 475]
[242, 358]:[242, 544]
[242, 358]:[242, 633]
[242, 358]:[242, 684]
[242, 358]:[242, 866]
[242, 475]:[242, 544]
[242, 475]:[242, 633]
[242, 475]:[242, 684]
[242, 475]:[242, 866]
[242, 544]:[242, 633]
[242, 544]:[242, 684]
[242, 544]:[242, 866]
[242, 633]:[242, 684]
[242, 633]:[242, 866]
[242, 684]:[242, 866]
[127, 300]:[211, 300]
[127, 300]:[227, 300]
[127, 300]:[300, 564]
[127, 300]:[300, 649]
[127, 300]:[300, 897]
[211, 300]:[227, 300]
[211, 300]:[300, 564]
[211, 300]:[300, 649]
[211, 300]:[300, 897]
[227, 300]:[300, 564]
[227, 300]:[300, 649]
[227, 300]:[300, 897]
[300, 564]:[300, 649]
[300, 564]:[300, 897]
[300, 649]:[300, 897]
[127, 580]:[413, 580]
[127, 580]:[419, 580]
[127, 580]:[473, 580]
[127, 580]:[580, 894]
[127, 580]:[580, 987]
[413, 580]:[419, 580]
[413, 580]:[473, 580]
[413, 580]:[580, 894]
[413, 580]:[580, 987]
[419, 580]:[473, 580]
[419, 580]:[580, 894]
[419, 580]:[580, 987]
[473, 580]:[580, 894]
[473, 580]:[580, 987]
[580, 894]:[580, 987]
[127, 649]:[259, 649]
[127, 649]:[295, 649]
[127, 649]:[300, 649]
[127, 649]:[348, 649]
[127, 649]:[363, 649]
[127, 649]:[621, 649]
[127, 649]:[649, 711]
[127, 649]:[649, 825]
[259, 649]:[295, 649]
[259, 649]:[300, 649]
[259, 649]:[348, 649]
[259, 649]:[363, 649]
[259, 649]:[621, 649]
[259, 649]:[649, 711]
[259, 649]:[649, 825]
[295, 649]:[300, 649]
[295, 649]:[348, 649]
[295, 649]:[363, 649]
[295, 649]:[621, 649]
[295, 649]:[649, 711]
[295, 649]:[649, 825]
[300, 649]:[348, 649]
[300, 649]:[363, 649]
[300, 649]:[621, 649]
[300, 649]:[649, 711]
[300, 649]:[649, 825]
[348, 649]:[363, 649]
[348, 649]:[621, 649]
[348, 649]:[649, 711]
[348, 649]:[649, 825]
[363, 649]:[621, 649]
[363, 649]:[649, 711]
[363, 649]:[649, 825]
[621, 649]:[649, 711]
[621, 649]:[649, 825]
[649, 711]:[649, 825]
[127, 832]:[832, 838]
[127, 832]:[832, 998]
[832, 838]:[832, 998]
[128, 140]:[128, 506]
[128, 140]:[128, 641]
[128, 506]:[128, 641]
[129, 319]:[209, 319]
[129, 319]:[299, 319]
[129, 319]:[319, 479]
[129, 319]:[319, 749]
[209, 319]:[299, 319]
[209, 319]:[319, 479]
[209, 319]:[319, 749]
[299, 319]:[319, 479]
[299, 319]:[319, 749]
[319, 479]:[319, 749]
[129, 974]:[216, 974]
[129, 974]:[237, 974]
[129, 974]:[340, 974]
[129, 974]:[833, 974]
[129, 974]:[847, 974]
[216, 974]:[237, 974]
[216, 974]:[340, 974]
[216, 974]:[833, 974]
[216, 974]:[847, 974]
[237, 974]:[340, 974]
[237, 974]:[833, 974]
[237, 974]:[847, 974]
[340, 974]:[833, 974]
[340, 974]:[847, 974]
[833, 974]:[847, 974]
[130, 551]:[302, 551]
[130, 551]:[447, 551]
[130, 551]:[547, 551]
[130, 551]:[551, 591]
[130, 551]:[551, 633]
[130, 551]:[551, 830]
[130, 551]:[551, 863]
[130, 551]:[551, 982]
[302, 551]:[447, 551]
[302, 551]:[547, 551]
[302, 551]:[551, 591]
[302, 551]:[551, 633]
[302, 551]:[551, 830]
[302, 551]:[551, 863]
[302, 551]:[551, 982]
[447, 551]:[547, 551]
[447, 551]:[551, 591]
[447, 551]:[551, 633]
[447, 551]:[551, 830]
[447, 551]:[551, 863]
[447, 551]:[551, 982]
[547, 551]:[551, 591]
[547, 551]:[551, 633]
[547, 551]:[551, 830]
[547, 551]:[551, 863]
[547, 551]:[551, 982]
[551, 591]:[551, 633]
[551, 591]:[551, 830]
[551, 591]:[551, 863]
[551, 591]:[551, 982]
[551, 633]:[551, 830]
[551, 633]:[551, 863]
[551, 633]:[551, 982]
[551, 830]:[551, 863]
[551, 830]:[551, 982]
[551, 863]:[551, 982]
[130, 845]:[845, 929]
[130, 902]:[315, 902]
[130, 902]:[329, 902]
[130, 902]:[540, 902]
[130, 902]:[893, 902]
[130, 902]:[902, 940]
[315, 902]:[329, 902]
[315, 902]:[540, 902]
[315, 902]:[893, 902]
[315, 902]:[902, 940]
[329, 902]:[540, 902]
[329, 902]:[893, 902]
[329, 902]:[902, 940]
[540, 902]:[893, 902]
[540, 902]:[902, 940]
[893, 902]:[902, 940]
[131, 274]:[131, 342]
[131, 274]:[131, 355]
[131, 274]:[131, 871]
[131, 274]:[131, 904]
[131, 342]:[131, 355]
[131, 342]:[131, 871]
[131, 342]:[131, 904]
[131, 355]:[131, 871]
[131, 355]:[131, 904]
[131, 871]:[131, 904]
[132, 277]:[277, 373]
[132, 277]:[277, 395]
[132, 277]:[277, 701]
[277, 373]:[277, 395]
[277, 373]:[277, 701]
[277, 395]:[277, 701]
[132, 425]:[168, 425]
[132, 425]:[425, 436]
[132, 425]:[425, 553]
[132, 425]:[425, 666]
[132, 425]:[425, 705]
[132, 425]:[425, 718]
[168, 425]:[425, 436]
[168, 425]:[425, 553]
[168, 425]:[425, 666]
[168, 425]:[425, 705]
[168, 425]:[425, 718]
[425, 436]:[425, 553]
[425, 436]:[425, 666]
[425, 436]:[425, 705]
[425, 436]:[425, 718]
[425, 553]:[425, 666]
[425, 553]:[425, 705]
[425, 553]:[425, 718]
[425, 666]:[425, 705]
[425, 666]:[425, 718]
[425, 705]:[425, 718]
[132, 577]:[155, 577]
[132, 577]:[216, 577]
[132, 577]:[307, 577]
[132, 577]:[577, 632]
[132, 577]:[577, 748]
[132, 577]:[577, 909]
[132, 577]:[577, 936]
[155, 577]:[216, 577]
[155, 577]:[307, 577]
[155, 577]:[577, 632]
[155, 577]:[577, 748]
[155, 577]:[577, 909]
[155, 577]:[577, 936]
[216, 577]:[307, 577]
[216, 577]:[577, 632]
[216, 577]:[577, 748]
[216, 577]:[577, 909]
[216, 577]:[577, 936]
[307, 577]:[577, 632]
[307, 577]:[577, 748]
[307, 577]:[577, 909]
[307, 577]:[577, 936]
[577, 632]:[577, 748]
[577, 632]:[577, 909]
[577, 632]:[577, 936]
[577, 748]:[577, 909]
[577, 748]:[577, 936]
[577, 909]:[577, 936]
[133, 297]:[133, 606]
[133, 297]:[133, 611]
[133, 297]:[133, 627]
[133, 297]:[133, 946]
[133, 297]:[133, 951]
[133, 606]:[133, 611]
[133, 606]:[133, 627]
[133, 606]:[133, 946]
[133, 606]:[133, 951]
[133, 611]:[133, 627]
[133, 611]:[133, 946]
[133, 611]:[133, 951]
[133, 627]:[133, 946]
[133, 627]:[133, 951]
[133, 946]:[133, 951]
[133, 297]:[297, 324]
[133, 297]:[297, 341]
[133, 297]:[297, 541]
[133, 297]:[297, 718]
[133, 297]:[297, 784]
[297, 324]:[297, 341]
[297, 324]:[297, 541]
[297, 324]:[297, 718]
[297, 324]:[297, 784]
[297, 341]:[297, 541]
[297, 341]:[297, 718]
[297, 341]:[297, 784]
[297, 541]:[297, 718]
[297, 541]:[297, 784]
[297, 718]:[297, 784]
[133, 627]:[217, 627]
[133, 627]:[569, 627]
[133, 627]:[599, 627]
[133, 627]:[627, 643]
[133, 627]:[627, 920]
[217, 627]:[569, 627]
[217, 627]:[599, 627]
[217, 627]:[627, 643]
[217, 627]:[627, 920]
[569, 627]:[599, 627]
[569, 627]:[627, 643]
[569, 627]:[627, 920]
[599, 627]:[627, 643]
[599, 627]:[627, 920]
[627, 643]:[627, 920]
[133, 946]:[162, 946]
[133, 946]:[323, 946]
[162, 946]:[323, 946]
[133, 951]:[894, 951]
[134, 307]:[134, 326]
[134, 307]:[134, 343]
[134, 307]:[134, 964]
[134, 326]:[134, 343]
[134, 326]:[134, 964]
[134, 343]:[134, 964]
[134, 326]:[326, 694]
[134, 326]:[326, 716]
[134, 326]:[326, 720]
[134, 326]:[326, 801]
[326, 694]:[326, 716]
[326, 694]:[326, 720]
[326, 694]:[326, 801]
[326, 716]:[326, 720]
[326, 716]:[326, 801]
[326, 720]:[326, 801]
[134, 964]:[210, 964]
[134, 964]:[400, 964]
[134, 964]:[633, 964]
[134, 964]:[708, 964]
[134, 964]:[781, 964]
[134, 964]:[789, 964]
[210, 964]:[400, 964]
[210, 964]:[633, 964]
[210, 964]:[708, 964]
[210, 964]:[781, 964]
[210, 964]:[789, 964]
[400, 964]:[633, 964]
[400, 964]:[708, 964]
[400, 964]:[781, 964]
[400, 964]:[789, 964]
[633, 964]:[708, 964]
[633, 964]:[781, 964]
[633, 964]:[789, 964]
[708, 964]:[781, 964]
[708, 964]:[789, 964]
[781, 964]:[789, 964]
[136, 193]:[136, 205]
[136, 193]:[136, 244]
[136, 193]:[136, 402]
[136, 193]:[136, 428]
[136, 193]:[136, 624]
[136, 193]:[136, 800]
[136, 205]:[136, 244]
[136, 205]:[136, 402]
[136, 205]:[136, 428]
[136, 205]:[136, 624]
[136, 205]:[136, 800]
[136, 244]:[136, 402]
[136, 244]:[136, 428]
[136, 244]:[136, 624]
[136, 244]:[136, 800]
[136, 402]:[136, 428]
[136, 402]:[136, 624]
[136, 402]:[136, 800]
[136, 428]:[136, 624]
[136, 428]:[136, 800]
[136, 624]:[136, 800]
[136, 205]:[172, 205]
[136, 205]:[205, 293]
[136, 205]:[205, 441]
[136, 205]:[205, 550]
[136, 205]:[205, 713]
[136, 205]:[205, 834]
[136, 205]:[205, 900]
[136, 205]:[205, 939]
[172, 205]:[205, 293]
[172, 205]:[205, 441]
[172, 205]:[205, 550]
[172, 205]:[205, 713]
[172, 205]:[205, 834]
[172, 205]:[205, 900]
[172, 205]:[205, 939]
[205, 293]:[205, 441]
[205, 293]:[205, 550]
[205, 293]:[205, 713]
[205, 293]:[205, 834]
[205, 293]:[205, 900]
[205, 293]:[205, 939]
[205, 441]:[205, 550]
[205, 441]:[205, 713]
[205, 441]:[205, 834]
[205, 441]:[205, 900]
[205, 441]:[205, 939]
[205, 550]:[205, 713]
[205, 550]:[205, 834]
[205, 550]:[205, 900]
[205, 550]:[205, 939]
[205, 713]:[205, 834]
[205, 713]:[205, 900]
[205, 713]:[205, 939]
[205, 834]:[205, 900]
[205, 834]:[205, 939]
[205, 900]:[205, 939]
[136, 244]:[150, 244]
[136, 244]:[244, 891]
[150, 244]:[244, 891]
[136, 402]:[192, 402]
[136, 402]:[402, 488]
[136, 402]:[402, 906]
[136, 402]:[402, 998]
[192, 402]:[402, 488]
[192, 402]:[402, 906]
[192, 402]:[402, 998]
[402, 488]:[402, 906]
[402, 488]:[402, 998]
[402, 906]:[402, 998]
[136, 428]:[140, 428]
[136, 428]:[189, 428]
[136, 428]:[428, 597]
[136, 428]:[428, 625]
[136, 428]:[428, 773]
[140, 428]:[189, 428]
[140, 428]:[428, 597]
[140, 428]:[428, 625]
[140, 428]:[428, 773]
[189, 428]:[428, 597]
[189, 428]:[428, 625]
[189, 428]:[428, 773]
[428, 597]:[428, 625]
[428, 597]:[428, 773]
[428, 625]:[428, 773]
[137, 214]:[137, 221]
[137, 214]:[137, 258]
[137, 214]:[137, 387]
[137, 214]:[137, 608]
[137, 214]:[137, 614]
[137, 214]:[137, 768]
[137, 221]:[137, 258]
[137, 221]:[137, 387]
[137, 221]:[137, 608]
[137, 221]:[137, 614]
[137, 221]:[137, 768]
[137, 258]:[137, 387]
[137, 258]:[137, 608]
[137, 258]:[137, 614]
[137, 258]:[137, 768]
[137, 387]:[137, 608]
[137, 387]:[137, 614]
[137, 387]:[137, 768]
[137, 608]:[137, 614]
[137, 608]:[137, 768]
[137, 614]:[137, 768]
[137, 214]:[172, 214]
[137, 214]:[214, 527]
[137, 214]:[214, 554]
[137, 214]:[214, 637]
[137, 214]:[214, 641]
[137, 214]:[214, 779]
[172, 214]:[214, 527]
[172, 214]:[214, 554]
[172, 214]:[214, 637]
[172, 214]:[214, 641]
[172, 214]:[214, 779]
[214, 527]:[214, 554]
[214, 527]:[214, 637]
[214, 527]:[214, 641]
[214, 527]:[214, 779]
[214, 554]:[214, 637]
[214, 554]:[214, 641]
[214, 554]:[214, 779]
[214, 637]:[214, 641]
[214, 637]:[214, 779]
[214, 641]:[214, 779]
[137, 221]:[210, 221]
[137, 221]:[221, 323]
[137, 221]:[221, 334]
[137, 221]:[221, 429]
[137, 221]:[221, 447]
[137, 221]:[221, 461]
[137, 221]:[221, 479]
[137, 221]:[221, 595]
[137, 221]:[221, 685]
[137, 221]:[221, 790]
[210, 221]:[221, 323]
[210, 221]:[221, 334]
[210, 221]:[221, 429]
[210, 221]:[221, 447]
[210, 221]:[221, 461]
[210, 221]:[221, 479]
[210, 221]:[221, 595]
[210, 221]:[221, 685]
[210, 221]:[221, 790]
[221, 323]:[221, 334]
[221, 323]:[221, 429]
[221, 323]:[221, 447]
[221, 323]:[221, 461]
[221, 323]:[221, 479]
[221, 323]:[221, 595]
[221, 323]:[221, 685]
[221, 323]:[221, 790]
[221, 334]:[221, 429]
[221, 334]:[221, 447]
[221, 334]:[221, 461]
[221, 334]:[221, 479]
[221, 334]:[221, 595]
[221, 334]:[221, 685]
[221, 334]:[221, 790]
[221, 429]:[221, 447]
[221, 429]:[221, 461]
[221, 429]:[221, 479]
[221, 429]:[221, 595]
[221, 429]:[221, 685]
[221, 429]:[221, 790]
[221, 447]:[221, 461]
[221, 447]:[221, 479]
[221, 447]:[221, 595]
[221, 447]:[221, 685]
[221, 447]:[221, 790]
[221, 461]:[221, 479]
[221, 461]:[221, 595]
[221, 461]:[221, 685]
[221, 461]:[221, 790]
[221, 479]:[221, 595]
[221, 479]:[221, 685]
[221, 479]:[221, 790]
[221, 595]:[221, 685]
[221, 595]:[221, 790]
[221, 685]:[221, 790]
[137, 258]:[258, 284]
[137, 258]:[258, 317]
[137, 258]:[258, 736]
[137, 258]:[258, 901]
[258, 284]:[258, 317]
[258, 284]:[258, 736]
[258, 284]:[258, 901]
[258, 317]:[258, 736]
[258, 317]:[258, 901]
[258, 736]:[258, 901]
[137, 608]:[151, 608]
[137, 608]:[236, 608]
[137, 608]:[261, 608]
[137, 608]:[510, 608]
[137, 608]:[553, 608]
[137, 608]:[608, 732]
[137, 608]:[608, 758]
[137, 608]:[608, 926]
[151, 608]:[236, 608]
[151, 608]:[261, 608]
[151, 608]:[510, 608]
[151, 608]:[553, 608]
[151, 608]:[608, 732]
[151, 608]:[608, 758]
[151, 608]:[608, 926]
[236, 608]:[261, 608]
[236, 608]:[510, 608]
[236, 608]:[553, 608]
[236, 608]:[608, 732]
[236, 608]:[608, 758]
[236, 608]:[608, 926]
[261, 608]:[510, 608]
[261, 608]:[553, 608]
[261, 608]:[608, 732]
[261, 608]:[608, 758]
[261, 608]:[608, 926]
[510, 608]:[553, 608]
[510, 608]:[608, 732]
[510, 608]:[608, 758]
[510, 608]:[608, 926]
[553, 608]:[608, 732]
[553, 608]:[608, 758]
[553, 608]:[608, 926]
[608, 732]:[608, 758]
[608, 732]:[608, 926]
[608, 758]:[608, 926]
[137, 768]:[183, 768]
[137, 768]:[192, 768]
[137, 768]:[314, 768]
[137, 768]:[316, 768]
[137, 768]:[384, 768]
[137, 768]:[561, 768]
[137, 768]:[686, 768]
[137, 768]:[751, 768]
[137, 768]:[768, 924]
[183, 768]:[192, 768]
[183, 768]:[314, 768]
[183, 768]:[316, 768]
[183, 768]:[384, 768]
[183, 768]:[561, 768]
[183, 768]:[686, 768]
[183, 768]:[751, 768]
[183, 768]:[768, 924]
[192, 768]:[314, 768]
[192, 768]:[316, 768]
[192, 768]:[384, 768]
[192, 768]:[561, 768]
[192, 768]:[686, 768]
[192, 768]:[751, 768]
[192, 768]:[768, 924]
[314, 768]:[316, 768]
[314, 768]:[384, 768]
[314, 768]:[561, 768]
[314, 768]:[686, 768]
[314, 768]:[751, 768]
[314, 768]:[768, 924]
[316, 768]:[384, 768]
[316, 768]:[561, 768]
[316, 768]:[686, 768]
[316, 768]:[751, 768]
[316, 768]:[768, 924]
[384, 768]:[561, 768]
[384, 768]:[686, 768]
[384, 768]:[751, 768]
[384, 768]:[768, 924]
[561, 768]:[686, 768]
[561, 768]:[751, 768]
[561, 768]:[768, 924]
[686, 768]:[751, 768]
[686, 768]:[768, 924]
[751, 768]:[768, 924]
[138, 166]:[166, 232]
[138, 166]:[166, 571]
[138, 166]:[166, 702]
[138, 166]:[166, 705]
[138, 166]:[166, 792]
[138, 166]:[166, 884]
[138, 166]:[166, 886]
[138, 166]:[166, 907]
[138, 166]:[166, 908]
[138, 166]:[166, 916]
[138, 166]:[166, 984]
[166, 232]:[166, 571]
[166, 232]:[166, 702]
[166, 232]:[166, 705]
[166, 232]:[166, 792]
[166, 232]:[166, 884]
[166, 232]:[166, 886]
[166, 232]:[166, 907]
[166, 232]:[166, 908]
[166, 232]:[166, 916]
[166, 232]:[166, 984]
[166, 571]:[166, 702]
[166, 571]:[166, 705]
[166, 571]:[166, 792]
[166, 571]:[166, 884]
[166, 571]:[166, 886]
[166, 571]:[166, 907]
[166, 571]:[166, 908]
[166, 571]:[166, 916]
[166, 571]:[166, 984]
[166, 702]:[166, 705]
[166, 702]:[166, 792]
[166, 702]:[166, 884]
[166, 702]:[166, 886]
[166, 702]:[166, 907]
[166, 702]:[166, 908]
[166, 702]:[166, 916]
[166, 702]:[166, 984]
[166, 705]:[166, 792]
[166, 705]:[166, 884]
[166, 705]:[166, 886]
[166, 705]:[166, 907]
[166, 705]:[166, 908]
[166, 705]:[166, 916]
[166, 705]:[166, 984]
[166, 792]:[166, 884]
[166, 792]:[166, 886]
[166, 792]:[166, 907]
[166, 792]:[166, 908]
[166, 792]:[166, 916]
[166, 792]:[166, 984]
[166, 884]:[166, 886]
[166, 884]:[166, 907]
[166, 884]:[166, 908]
[166, 884]:[166, 916]
[166, 884]:[166, 984]
[166, 886]:[166, 907]
[166, 886]:[166, 908]
[166, 886]:[166, 916]
[166, 886]:[166, 984]
[166, 907]:[166, 908]
[166, 907]:[166, 916]
[166, 907]:[166, 984]
[166, 908]:[166, 916]
[166, 908]:[166, 984]
[166, 916]:[166, 984]
[138, 408]:[377, 408]
[138, 408]:[384, 408]
[138, 408]:[391, 408]
[138, 408]:[408, 603]
[138, 408]:[408, 956]
[377, 408]:[384, 408]
[377, 408]:[391, 408]
[377, 408]:[408, 603]
[377, 408]:[408, 956]
[384, 408]:[391, 408]
[384, 408]:[408, 603]
[384, 408]:[408, 956]
[391, 408]:[408, 603]
[391, 408]:[408, 956]
[408, 603]:[408, 956]
[139, 453]:[139, 483]
[139, 453]:[139, 488]
[139, 453]:[139, 518]
[139, 483]:[139, 488]
[139, 483]:[139, 518]
[139, 488]:[139, 518]
[141, 343]:[141, 355]
[141, 343]:[141, 364]
[141, 343]:[141, 484]
[141, 343]:[141, 971]
[141, 355]:[141, 364]
[141, 355]:[141, 484]
[141, 355]:[141, 971]
[141, 364]:[141, 484]
[141, 364]:[141, 971]
[141, 484]:[141, 971]
[141, 971]:[362, 971]
[141, 971]:[409, 971]
[141, 971]:[501, 971]
[141, 971]:[660, 971]
[141, 971]:[685, 971]
[141, 971]:[885, 971]
[362, 971]:[409, 971]
[362, 971]:[501, 971]
[362, 971]:[660, 971]
[362, 971]:[685, 971]
[362, 971]:[885, 971]
[409, 971]:[501, 971]
[409, 971]:[660, 971]
[409, 971]:[685, 971]
[409, 971]:[885, 971]
[501, 971]:[660, 971]
[501, 971]:[685, 971]
[501, 971]:[885, 971]
[660, 971]:[685, 971]
[660, 971]:[885, 971]
[685, 971]:[885, 971]
[142, 144]:[142, 194]
[142, 144]:[142, 199]
[142, 194]:[142, 199]
[142, 144]:[144, 254]
[142, 144]:[144, 793]
[144, 254]:[144, 793]
[143, 160]:[160, 223]
[143, 160]:[160, 288]
[143, 160]:[160, 478]
[143, 160]:[160, 503]
[143, 160]:[160, 653]
[143, 160]:[160, 970]
[160, 223]:[160, 288]
[160, 223]:[160, 478]
[160, 223]:[160, 503]
[160, 223]:[160, 653]
[160, 223]:[160, 970]
[160, 288]:[160, 478]
[160, 288]:[160, 503]
[160, 288]:[160, 653]
[160, 288]:[160, 970]
[160, 478]:[160, 503]
[160, 478]:[160, 653]
[160, 478]:[160, 970]
[160, 503]:[160, 653]
[160, 503]:[160, 970]
[160, 653]:[160, 970]
[143, 298]:[235, 298]
[143, 298]:[298, 343]
[143, 298]:[298, 455]
[143, 298]:[298, 645]
[143, 298]:[298, 724]
[143, 298]:[298, 815]
[143, 298]:[298, 878]
[235, 298]:[298, 343]
[235, 298]:[298, 455]
[235, 298]:[298, 645]
[235, 298]:[298, 724]
[235, 298]:[298, 815]
[235, 298]:[298, 878]
[298, 343]:[298, 455]
[298, 343]:[298, 645]
[298, 343]:[298, 724]
[298, 343]:[298, 815]
[298, 343]:[298, 878]
[298, 455]:[298, 645]
[298, 455]:[298, 724]
[298, 455]:[298, 815]
[298, 455]:[298, 878]
[298, 645]:[298, 724]
[298, 645]:[298, 815]
[298, 645]:[298, 878]
[298, 724]:[298, 815]
[298, 724]:[298, 878]
[298, 815]:[298, 878]
[143, 878]:[226, 878]
[143, 878]:[298, 878]
[143, 878]:[332, 878]
[143, 878]:[476, 878]
[143, 878]:[877, 878]
[226, 878]:[298, 878]
[226, 878]:[332, 878]
[226, 878]:[476, 878]
[226, 878]:[877, 878]
[298, 878]:[332, 878]
[298, 878]:[476, 878]
[298, 878]:[877, 878]
[332, 878]:[476, 878]
[332, 878]:[877, 878]
[476, 878]:[877, 878]
[143, 930]:[201, 930]
[143, 930]:[681, 930]
[143, 930]:[777, 930]
[143, 930]:[842, 930]
[201, 930]:[681, 930]
[201, 930]:[777, 930]
[201, 930]:[842, 930]
[681, 930]:[777, 930]
[681, 930]:[842, 930]
[777, 930]:[842, 930]
[144, 793]:[185, 793]
[144, 793]:[312, 793]
[185, 793]:[312, 793]
[145, 274]:[145, 310]
[145, 274]:[145, 394]
[145, 274]:[145, 650]
[145, 274]:[145, 711]
[145, 310]:[145, 394]
[145, 310]:[145, 650]
[145, 310]:[145, 711]
[145, 394]:[145, 650]
[145, 394]:[145, 711]
[145, 650]:[145, 711]
[145, 310]:[269, 310]
[145, 310]:[310, 486]
[145, 310]:[310, 491]
[145, 310]:[310, 583]
[145, 310]:[310, 935]
[269, 310]:[310, 486]
[269, 310]:[310, 491]
[269, 310]:[310, 583]
[269, 310]:[310, 935]
[310, 486]:[310, 491]
[310, 486]:[310, 583]
[310, 486]:[310, 935]
[310, 491]:[310, 583]
[310, 491]:[310, 935]
[310, 583]:[310, 935]
[145, 650]:[289, 650]
[145, 650]:[650, 813]
[145, 650]:[650, 891]
[145, 650]:[650, 989]
[289, 650]:[650, 813]
[289, 650]:[650, 891]
[289, 650]:[650, 989]
[650, 813]:[650, 891]
[650, 813]:[650, 989]
[650, 891]:[650, 989]
[145, 711]:[543, 711]
[145, 711]:[649, 711]
[543, 711]:[649, 711]
[146, 197]:[197, 230]
[146, 197]:[197, 314]
[146, 197]:[197, 684]
[146, 197]:[197, 986]
[197, 230]:[197, 314]
[197, 230]:[197, 684]
[197, 230]:[197, 986]
[197, 314]:[197, 684]
[197, 314]:[197, 986]
[197, 684]:[197, 986]
[146, 263]:[173, 263]
[146, 263]:[253, 263]
[146, 263]:[263, 696]
[146, 263]:[263, 739]
[146, 263]:[263, 794]
[146, 263]:[263, 996]
[173, 263]:[253, 263]
[173, 263]:[263, 696]
[173, 263]:[263, 739]
[173, 263]:[263, 794]
[173, 263]:[263, 996]
[253, 263]:[263, 696]
[253, 263]:[263, 739]
[253, 263]:[263, 794]
[253, 263]:[263, 996]
[263, 696]:[263, 739]
[263, 696]:[263, 794]
[263, 696]:[263, 996]
[263, 739]:[263, 794]
[263, 739]:[263, 996]
[263, 794]:[263, 996]
[146, 334]:[221, 334]
[146, 334]:[334, 724]
[221, 334]:[334, 724]
[147, 345]:[189, 345]
[147, 345]:[241, 345]
[147, 345]:[345, 484]
[147, 345]:[345, 519]
[147, 345]:[345, 690]
[147, 345]:[345, 820]
[189, 345]:[241, 345]
[189, 345]:[345, 484]
[189, 345]:[345, 519]
[189, 345]:[345, 690]
[189, 345]:[345, 820]
[241, 345]:[345, 484]
[241, 345]:[345, 519]
[241, 345]:[345, 690]
[241, 345]:[345, 820]
[345, 484]:[345, 519]
[345, 484]:[345, 690]
[345, 484]:[345, 820]
[345, 519]:[345, 690]
[345, 519]:[345, 820]
[345, 690]:[345, 820]
[147, 511]:[272, 511]
[147, 511]:[374, 511]
[147, 511]:[406, 511]
[147, 511]:[507, 511]
[147, 511]:[511, 620]
[147, 511]:[511, 862]
[272, 511]:[374, 511]
[272, 511]:[406, 511]
[272, 511]:[507, 511]
[272, 511]:[511, 620]
[272, 511]:[511, 862]
[374, 511]:[406, 511]
[374, 511]:[507, 511]
[374, 511]:[511, 620]
[374, 511]:[511, 862]
[406, 511]:[507, 511]
[406, 511]:[511, 620]
[406, 511]:[511, 862]
[507, 511]:[511, 620]
[507, 511]:[511, 862]
[511, 620]:[511, 862]
[147, 697]:[364, 697]
[147, 697]:[488, 697]
[147, 697]:[587, 697]
[364, 697]:[488, 697]
[364, 697]:[587, 697]
[488, 697]:[587, 697]
[147, 844]:[159, 844]
[147, 844]:[433, 844]
[147, 844]:[674, 844]
[159, 844]:[433, 844]
[159, 844]:[674, 844]
[433, 844]:[674, 844]
[148, 554]:[148, 838]
[149, 195]:[149, 723]
[149, 195]:[195, 410]
[149, 195]:[195, 504]
[149, 195]:[195, 605]
[149, 195]:[195, 769]
[149, 195]:[195, 817]
[195, 410]:[195, 504]
[195, 410]:[195, 605]
[195, 410]:[195, 769]
[195, 410]:[195, 817]
[195, 504]:[195, 605]
[195, 504]:[195, 769]
[195, 504]:[195, 817]
[195, 605]:[195, 769]
[195, 605]:[195, 817]
[195, 769]:[195, 817]
[150, 244]:[150, 353]
[150, 244]:[150, 582]
[150, 244]:[150, 791]
[150, 244]:[150, 841]
[150, 244]:[150, 868]
[150, 244]:[150, 893]
[150, 353]:[150, 582]
[150, 353]:[150, 791]
[150, 353]:[150, 841]
[150, 353]:[150, 868]
[150, 353]:[150, 893]
[150, 582]:[150, 791]
[150, 582]:[150, 841]
[150, 582]:[150, 868]
[150, 582]:[150, 893]
[150, 791]:[150, 841]
[150, 791]:[150, 868]
[150, 791]:[150, 893]
[150, 841]:[150, 868]
[150, 841]:[150, 893]
[150, 868]:[150, 893]
[150, 353]:[169, 353]
[150, 353]:[309, 353]
[150, 353]:[353, 524]
[150, 353]:[353, 544]
[150, 353]:[353, 641]
[150, 353]:[353, 729]
[169, 353]:[309, 353]
[169, 353]:[353, 524]
[169, 353]:[353, 544]
[169, 353]:[353, 641]
[169, 353]:[353, 729]
[309, 353]:[353, 524]
[309, 353]:[353, 544]
[309, 353]:[353, 641]
[309, 353]:[353, 729]
[353, 524]:[353, 544]
[353, 524]:[353, 641]
[353, 524]:[353, 729]
[353, 544]:[353, 641]
[353, 544]:[353, 729]
[353, 641]:[353, 729]
[150, 841]:[276, 841]
[150, 841]:[346, 841]
[150, 841]:[509, 841]
[276, 841]:[346, 841]
[276, 841]:[509, 841]
[346, 841]:[509, 841]
[150, 893]:[676, 893]
[150, 893]:[893, 902]
[676, 893]:[893, 902]
[151, 210]:[151, 267]
[151, 210]:[151, 294]
[151, 210]:[151, 608]
[151, 210]:[151, 875]
[151, 210]:[151, 948]
[151, 267]:[151, 294]
[151, 267]:[151, 608]
[151, 267]:[151, 875]
[151, 267]:[151, 948]
[151, 294]:[151, 608]
[151, 294]:[151, 875]
[151, 294]:[151, 948]
[151, 608]:[151, 875]
[151, 608]:[151, 948]
[151, 875]:[151, 948]
[151, 267]:[239, 267]
[151, 267]:[267, 270]
[151, 267]:[267, 403]
[151, 267]:[267, 583]
[151, 267]:[267, 588]
[151, 267]:[267, 961]
[239, 267]:[267, 270]
[239, 267]:[267, 403]
[239, 267]:[267, 583]
[239, 267]:[267, 588]
[239, 267]:[267, 961]
[267, 270]:[267, 403]
[267, 270]:[267, 583]
[267, 270]:[267, 588]
[267, 270]:[267, 961]
[267, 403]:[267, 583]
[267, 403]:[267, 588]
[267, 403]:[267, 961]
[267, 583]:[267, 588]
[267, 583]:[267, 961]
[267, 588]:[267, 961]
[151, 294]:[168, 294]
[151, 294]:[294, 500]
[151, 294]:[294, 590]
[151, 294]:[294, 669]
[151, 294]:[294, 758]
[151, 294]:[294, 760]
[151, 294]:[294, 842]
[168, 294]:[294, 500]
[168, 294]:[294, 590]
[168, 294]:[294, 669]
[168, 294]:[294, 758]
[168, 294]:[294, 760]
[168, 294]:[294, 842]
[294, 500]:[294, 590]
[294, 500]:[294, 669]
[294, 500]:[294, 758]
[294, 500]:[294, 760]
[294, 500]:[294, 842]
[294, 590]:[294, 669]
[294, 590]:[294, 758]
[294, 590]:[294, 760]
[294, 590]:[294, 842]
[294, 669]:[294, 758]
[294, 669]:[294, 760]
[294, 669]:[294, 842]
[294, 758]:[294, 760]
[294, 758]:[294, 842]
[294, 760]:[294, 842]
[151, 948]:[290, 948]
[151, 948]:[458, 948]
[151, 948]:[464, 948]
[151, 948]:[699, 948]
[151, 948]:[831, 948]
[151, 948]:[932, 948]
[290, 948]:[458, 948]
[290, 948]:[464, 948]
[290, 948]:[699, 948]
[290, 948]:[831, 948]
[290, 948]:[932, 948]
[458, 948]:[464, 948]
[458, 948]:[699, 948]
[458, 948]:[831, 948]
[458, 948]:[932, 948]
[464, 948]:[699, 948]
[464, 948]:[831, 948]
[464, 948]:[932, 948]
[699, 948]:[831, 948]
[699, 948]:[932, 948]
[831, 948]:[932, 948]
[152, 322]:[152, 596]
[152, 322]:[152, 763]
[152, 596]:[152, 763]
[152, 322]:[280, 322]
[152, 322]:[283, 322]
[152, 322]:[322, 327]
[152, 322]:[322, 532]
[152, 322]:[322, 840]
[152, 322]:[322, 952]
[280, 322]:[283, 322]
[280, 322]:[322, 327]
[280, 322]:[322, 532]
[280, 322]:[322, 840]
[280, 322]:[322, 952]
[283, 322]:[322, 327]
[283, 322]:[322, 532]
[283, 322]:[322, 840]
[283, 322]:[322, 952]
[322, 327]:[322, 532]
[322, 327]:[322, 840]
[322, 327]:[322, 952]
[322, 532]:[322, 840]
[322, 532]:[322, 952]
[322, 840]:[322, 952]
[152, 596]:[464, 596]
[152, 596]:[514, 596]
[152, 596]:[596, 713]
[152, 596]:[596, 783]
[152, 596]:[596, 794]
[464, 596]:[514, 596]
[464, 596]:[596, 713]
[464, 596]:[596, 783]
[464, 596]:[596, 794]
[514, 596]:[596, 713]
[514, 596]:[596, 783]
[514, 596]:[596, 794]
[596, 713]:[596, 783]
[596, 713]:[596, 794]
[596, 783]:[596, 794]
[153, 604]:[153, 741]
[153, 741]:[201, 741]
[153, 741]:[314, 741]
[153, 741]:[581, 741]
[153, 741]:[664, 741]
[153, 741]:[741, 835]
[201, 741]:[314, 741]
[201, 741]:[581, 741]
[201, 741]:[664, 741]
[201, 741]:[741, 835]
[314, 741]:[581, 741]
[314, 741]:[664, 741]
[314, 741]:[741, 835]
[581, 741]:[664, 741]
[581, 741]:[741, 835]
[664, 741]:[741, 835]
[154, 403]:[154, 637]
[154, 403]:[154, 891]
[154, 637]:[154, 891]
[154, 637]:[214, 637]
[154, 637]:[296, 637]
[154, 637]:[637, 683]
[154, 637]:[637, 769]
[154, 637]:[637, 950]
[154, 637]:[637, 952]
[214, 637]:[296, 637]
[214, 637]:[637, 683]
[214, 637]:[637, 769]
[214, 637]:[637, 950]
[214, 637]:[637, 952]
[296, 637]:[637, 683]
[296, 637]:[637, 769]
[296, 637]:[637, 950]
[296, 637]:[637, 952]
[637, 683]:[637, 769]
[637, 683]:[637, 950]
[637, 683]:[637, 952]
[637, 769]:[637, 950]
[637, 769]:[637, 952]
[637, 950]:[637, 952]
[155, 232]:[155, 577]
[155, 232]:[155, 702]
[155, 232]:[155, 765]
[155, 232]:[155, 945]
[155, 232]:[155, 958]
[155, 232]:[155, 984]
[155, 577]:[155, 702]
[155, 577]:[155, 765]
[155, 577]:[155, 945]
[155, 577]:[155, 958]
[155, 577]:[155, 984]
[155, 702]:[155, 765]
[155, 702]:[155, 945]
[155, 702]:[155, 958]
[155, 702]:[155, 984]
[155, 765]:[155, 945]
[155, 765]:[155, 958]
[155, 765]:[155, 984]
[155, 945]:[155, 958]
[155, 945]:[155, 984]
[155, 958]:[155, 984]
[155, 232]:[166, 232]
[155, 232]:[232, 315]
[155, 232]:[232, 517]
[155, 232]:[232, 698]
[155, 232]:[232, 836]
[166, 232]:[232, 315]
[166, 232]:[232, 517]
[166, 232]:[232, 698]
[166, 232]:[232, 836]
[232, 315]:[232, 517]
[232, 315]:[232, 698]
[232, 315]:[232, 836]
[232, 517]:[232, 698]
[232, 517]:[232, 836]
[232, 698]:[232, 836]
[156, 338]:[156, 877]
[156, 338]:[156, 921]
[156, 877]:[156, 921]
[157, 316]:[316, 357]
[157, 316]:[316, 612]
[157, 316]:[316, 735]
[157, 316]:[316, 768]
[157, 316]:[316, 789]
[316, 357]:[316, 612]
[316, 357]:[316, 735]
[316, 357]:[316, 768]
[316, 357]:[316, 789]
[316, 612]:[316, 735]
[316, 612]:[316, 768]
[316, 612]:[316, 789]
[316, 735]:[316, 768]
[316, 735]:[316, 789]
[316, 768]:[316, 789]
[157, 499]:[332, 499]
[157, 499]:[380, 499]
[157, 499]:[396, 499]
[157, 499]:[499, 719]
[157, 499]:[499, 914]
[157, 499]:[499, 940]
[332, 499]:[380, 499]
[332, 499]:[396, 499]
[332, 499]:[499, 719]
[332, 499]:[499, 914]
[332, 499]:[499, 940]
[380, 499]:[396, 499]
[380, 499]:[499, 719]
[380, 499]:[499, 914]
[380, 499]:[499, 940]
[396, 499]:[499, 719]
[396, 499]:[499, 914]
[396, 499]:[499, 940]
[499, 719]:[499, 914]
[499, 719]:[499, 940]
[499, 914]:[499, 940]
[157, 590]:[233, 590]
[157, 590]:[285, 590]
[157, 590]:[294, 590]
[157, 590]:[307, 590]
[157, 590]:[314, 590]
[157, 590]:[321, 590]
[157, 590]:[332, 590]
[157, 590]:[339, 590]
[157, 590]:[590, 603]
[233, 590]:[285, 590]
[233, 590]:[294, 590]
[233, 590]:[307, 590]
[233, 590]:[314, 590]
[233, 590]:[321, 590]
[233, 590]:[332, 590]
[233, 590]:[339, 590]
[233, 590]:[590, 603]
[285, 590]:[294, 590]
[285, 590]:[307, 590]
[285, 590]:[314, 590]
[285, 590]:[321, 590]
[285, 590]:[332, 590]
[285, 590]:[339, 590]
[285, 590]:[590, 603]
[294, 590]:[307, 590]
[294, 590]:[314, 590]
[294, 590]:[321, 590]
[294, 590]:[332, 590]
[294, 590]:[339, 590]
[294, 590]:[590, 603]
[307, 590]:[314, 590]
[307, 590]:[321, 590]
[307, 590]:[332, 590]
[307, 590]:[339, 590]
[307, 590]:[590, 603]
[314, 590]:[321, 590]
[314, 590]:[332, 590]
[314, 590]:[339, 590]
[314, 590]:[590, 603]
[321, 590]:[332, 590]
[321, 590]:[339, 590]
[321, 590]:[590, 603]
[332, 590]:[339, 590]
[332, 590]:[590, 603]
[339, 590]:[590, 603]
[157, 792]:[166, 792]
[157, 792]:[470, 792]
[157, 792]:[714, 792]
[157, 792]:[792, 889]
[166, 792]:[470, 792]
[166, 792]:[714, 792]
[166, 792]:[792, 889]
[470, 792]:[714, 792]
[470, 792]:[792, 889]
[714, 792]:[792, 889]
[157, 996]:[263, 996]
[157, 996]:[578, 996]
[157, 996]:[660, 996]
[157, 996]:[970, 996]
[263, 996]:[578, 996]
[263, 996]:[660, 996]
[263, 996]:[970, 996]
[578, 996]:[660, 996]
[578, 996]:[970, 996]
[660, 996]:[970, 996]
[158, 666]:[176, 666]
[158, 666]:[320, 666]
[158, 666]:[383, 666]
[158, 666]:[425, 666]
[158, 666]:[666, 839]
[158, 666]:[666, 918]
[158, 666]:[666, 950]
[176, 666]:[320, 666]
[176, 666]:[383, 666]
[176, 666]:[425, 666]
[176, 666]:[666, 839]
[176, 666]:[666, 918]
[176, 666]:[666, 950]
[320, 666]:[383, 666]
[320, 666]:[425, 666]
[320, 666]:[666, 839]
[320, 666]:[666, 918]
[320, 666]:[666, 950]
[383, 666]:[425, 666]
[383, 666]:[666, 839]
[383, 666]:[666, 918]
[383, 666]:[666, 950]
[425, 666]:[666, 839]
[425, 666]:[666, 918]
[425, 666]:[666, 950]
[666, 839]:[666, 918]
[666, 839]:[666, 950]
[666, 918]:[666, 950]
[159, 605]:[195, 605]
[159, 605]:[378, 605]
[159, 605]:[470, 605]
[159, 605]:[605, 864]
[195, 605]:[378, 605]
[195, 605]:[470, 605]
[195, 605]:[605, 864]
[378, 605]:[470, 605]
[378, 605]:[605, 864]
[470, 605]:[605, 864]
[159, 638]:[167, 638]
[159, 638]:[479, 638]
[159, 638]:[487, 638]
[159, 638]:[532, 638]
[159, 638]:[638, 690]
[159, 638]:[638, 784]
[159, 638]:[638, 834]
[159, 638]:[638, 945]
[167, 638]:[479, 638]
[167, 638]:[487, 638]
[167, 638]:[532, 638]
[167, 638]:[638, 690]
[167, 638]:[638, 784]
[167, 638]:[638, 834]
[167, 638]:[638, 945]
[479, 638]:[487, 638]
[479, 638]:[532, 638]
[479, 638]:[638, 690]
[479, 638]:[638, 784]
[479, 638]:[638, 834]
[479, 638]:[638, 945]
[487, 638]:[532, 638]
[487, 638]:[638, 690]
[487, 638]:[638, 784]
[487, 638]:[638, 834]
[487, 638]:[638, 945]
[532, 638]:[638, 690]
[532, 638]:[638, 784]
[532, 638]:[638, 834]
[532, 638]:[638, 945]
[638, 690]:[638, 784]
[638, 690]:[638, 834]
[638, 690]:[638, 945]
[638, 784]:[638, 834]
[638, 784]:[638, 945]
[638, 834]:[638, 945]
[159, 670]:[413, 670]
[159, 670]:[565, 670]
[159, 670]:[670, 706]
[159, 670]:[670, 746]
[159, 670]:[670, 970]
[413, 670]:[565, 670]
[413, 670]:[670, 706]
[413, 670]:[670, 746]
[413, 670]:[670, 970]
[565, 670]:[670, 706]
[565, 670]:[670, 746]
[565, 670]:[670, 970]
[670, 706]:[670, 746]
[670, 706]:[670, 970]
[670, 746]:[670, 970]
[159, 682]:[280, 682]
[159, 682]:[305, 682]
[159, 682]:[333, 682]
[159, 682]:[397, 682]
[159, 682]:[570, 682]
[159, 682]:[585, 682]
[159, 682]:[589, 682]
[159, 682]:[682, 777]
[280, 682]:[305, 682]
[280, 682]:[333, 682]
[280, 682]:[397, 682]
[280, 682]:[570, 682]
[280, 682]:[585, 682]
[280, 682]:[589, 682]
[280, 682]:[682, 777]
[305, 682]:[333, 682]
[305, 682]:[397, 682]
[305, 682]:[570, 682]
[305, 682]:[585, 682]
[305, 682]:[589, 682]
[305, 682]:[682, 777]
[333, 682]:[397, 682]
[333, 682]:[570, 682]
[333, 682]:[585, 682]
[333, 682]:[589, 682]
[333, 682]:[682, 777]
[397, 682]:[570, 682]
[397, 682]:[585, 682]
[397, 682]:[589, 682]
[397, 682]:[682, 777]
[570, 682]:[585, 682]
[570, 682]:[589, 682]
[570, 682]:[682, 777]
[585, 682]:[589, 682]
[585, 682]:[682, 777]
[589, 682]:[682, 777]
[159, 965]:[360, 965]
[159, 965]:[406, 965]
[159, 965]:[806, 965]
[159, 965]:[965, 992]
[360, 965]:[406, 965]
[360, 965]:[806, 965]
[360, 965]:[965, 992]
[406, 965]:[806, 965]
[406, 965]:[965, 992]
[806, 965]:[965, 992]
[160, 223]:[223, 308]
[160, 223]:[223, 372]
[160, 223]:[223, 412]
[160, 223]:[223, 514]
[160, 223]:[223, 589]
[160, 223]:[223, 621]
[160, 223]:[223, 695]
[160, 223]:[223, 763]
[160, 223]:[223, 790]
[223, 308]:[223, 372]
[223, 308]:[223, 412]
[223, 308]:[223, 514]
[223, 308]:[223, 589]
[223, 308]:[223, 621]
[223, 308]:[223, 695]
[223, 308]:[223, 763]
[223, 308]:[223, 790]
[223, 372]:[223, 412]
[223, 372]:[223, 514]
[223, 372]:[223, 589]
[223, 372]:[223, 621]
[223, 372]:[223, 695]
[223, 372]:[223, 763]
[223, 372]:[223, 790]
[223, 412]:[223, 514]
[223, 412]:[223, 589]
[223, 412]:[223, 621]
[223, 412]:[223, 695]
[223, 412]:[223, 763]
[223, 412]:[223, 790]
[223, 514]:[223, 589]
[223, 514]:[223, 621]
[223, 514]:[223, 695]
[223, 514]:[223, 763]
[223, 514]:[223, 790]
[223, 589]:[223, 621]
[223, 589]:[223, 695]
[223, 589]:[223, 763]
[223, 589]:[223, 790]
[223, 621]:[223, 695]
[223, 621]:[223, 763]
[223, 621]:[223, 790]
[223, 695]:[223, 763]
[223, 695]:[223, 790]
[223, 763]:[223, 790]
[160, 653]:[524, 653]
[161, 881]:[240, 881]
[161, 881]:[413, 881]
[161, 881]:[804, 881]
[161, 881]:[881, 980]
[240, 881]:[413, 881]
[240, 881]:[804, 881]
[240, 881]:[881, 980]
[413, 881]:[804, 881]
[413, 881]:[881, 980]
[804, 881]:[881, 980]
[161, 956]:[408, 956]
[161, 956]:[599, 956]
[161, 956]:[733, 956]
[161, 956]:[882, 956]
[161, 956]:[956, 981]
[408, 956]:[599, 956]
[408, 956]:[733, 956]
[408, 956]:[882, 956]
[408, 956]:[956, 981]
[599, 956]:[733, 956]
[599, 956]:[882, 956]
[599, 956]:[956, 981]
[733, 956]:[882, 956]
[733, 956]:[956, 981]
[882, 956]:[956, 981]
[162, 362]:[162, 370]
[162, 362]:[162, 642]
[162, 362]:[162, 834]
[162, 362]:[162, 837]
[162, 362]:[162, 946]
[162, 362]:[162, 960]
[162, 370]:[162, 642]
[162, 370]:[162, 834]
[162, 370]:[162, 837]
[162, 370]:[162, 946]
[162, 370]:[162, 960]
[162, 642]:[162, 834]
[162, 642]:[162, 837]
[162, 642]:[162, 946]
[162, 642]:[162, 960]
[162, 834]:[162, 837]
[162, 834]:[162, 946]
[162, 834]:[162, 960]
[162, 837]:[162, 946]
[162, 837]:[162, 960]
[162, 946]:[162, 960]
[162, 837]:[388, 837]
[162, 837]:[625, 837]
[162, 837]:[767, 837]
[388, 837]:[625, 837]
[388, 837]:[767, 837]
[625, 837]:[767, 837]
[163, 932]:[331, 932]
[163, 932]:[365, 932]
[163, 932]:[597, 932]
[163, 932]:[613, 932]
[163, 932]:[757, 932]
[163, 932]:[932, 948]
[331, 932]:[365, 932]
[331, 932]:[597, 932]
[331, 932]:[613, 932]
[331, 932]:[757, 932]
[331, 932]:[932, 948]
[365, 932]:[597, 932]
[365, 932]:[613, 932]
[365, 932]:[757, 932]
[365, 932]:[932, 948]
[597, 932]:[613, 932]
[597, 932]:[757, 932]
[597, 932]:[932, 948]
[613, 932]:[757, 932]
[613, 932]:[932, 948]
[757, 932]:[932, 948]
[163, 954]:[311, 954]
[163, 954]:[773, 954]
[311, 954]:[773, 954]
[164, 302]:[211, 302]
[164, 302]:[302, 388]
[164, 302]:[302, 551]
[164, 302]:[302, 766]
[164, 302]:[302, 830]
[211, 302]:[302, 388]
[211, 302]:[302, 551]
[211, 302]:[302, 766]
[211, 302]:[302, 830]
[302, 388]:[302, 551]
[302, 388]:[302, 766]
[302, 388]:[302, 830]
[302, 551]:[302, 766]
[302, 551]:[302, 830]
[302, 766]:[302, 830]
[164, 739]:[263, 739]
[164, 739]:[317, 739]
[164, 739]:[625, 739]
[164, 739]:[739, 989]
[164, 739]:[739, 999]
[263, 739]:[317, 739]
[263, 739]:[625, 739]
[263, 739]:[739, 989]
[263, 739]:[739, 999]
[317, 739]:[625, 739]
[317, 739]:[739, 989]
[317, 739]:[739, 999]
[625, 739]:[739, 989]
[625, 739]:[739, 999]
[739, 989]:[739, 999]
[165, 427]:[167, 427]
[165, 427]:[343, 427]
[167, 427]:[343, 427]
[165, 674]:[169, 674]
[165, 674]:[321, 674]
[165, 674]:[366, 674]
[165, 674]:[674, 797]
[165, 674]:[674, 844]
[165, 674]:[674, 863]
[169, 674]:[321, 674]
[169, 674]:[366, 674]
[169, 674]:[674, 797]
[169, 674]:[674, 844]
[169, 674]:[674, 863]
[321, 674]:[366, 674]
[321, 674]:[674, 797]
[321, 674]:[674, 844]
[321, 674]:[674, 863]
[366, 674]:[674, 797]
[366, 674]:[674, 844]
[366, 674]:[674, 863]
[674, 797]:[674, 844]
[674, 797]:[674, 863]
[674, 844]:[674, 863]
[165, 899]:[812, 899]
[165, 899]:[899, 911]
[165, 899]:[899, 978]
[812, 899]:[899, 911]
[812, 899]:[899, 978]
[899, 911]:[899, 978]
[166, 884]:[370, 884]
[166, 884]:[582, 884]
[166, 884]:[632, 884]
[370, 884]:[582, 884]
[370, 884]:[632, 884]
[582, 884]:[632, 884]
[166, 907]:[212, 907]
[166, 907]:[534, 907]
[166, 907]:[613, 907]
[166, 907]:[626, 907]
[166, 907]:[734, 907]
[212, 907]:[534, 907]
[212, 907]:[613, 907]
[212, 907]:[626, 907]
[212, 907]:[734, 907]
[534, 907]:[613, 907]
[534, 907]:[626, 907]
[534, 907]:[734, 907]
[613, 907]:[626, 907]
[613, 907]:[734, 907]
[626, 907]:[734, 907]
[166, 908]:[445, 908]
[166, 908]:[559, 908]
[166, 908]:[594, 908]
[166, 908]:[816, 908]
[166, 908]:[860, 908]
[445, 908]:[559, 908]
[445, 908]:[594, 908]
[445, 908]:[816, 908]
[445, 908]:[860, 908]
[559, 908]:[594, 908]
[559, 908]:[816, 908]
[559, 908]:[860, 908]
[594, 908]:[816, 908]
[594, 908]:[860, 908]
[816, 908]:[860, 908]
[167, 349]:[167, 427]
[167, 349]:[167, 603]
[167, 349]:[167, 638]
[167, 349]:[167, 968]
[167, 427]:[167, 603]
[167, 427]:[167, 638]
[167, 427]:[167, 968]
[167, 603]:[167, 638]
[167, 603]:[167, 968]
[167, 638]:[167, 968]
[167, 349]:[291, 349]
[167, 349]:[304, 349]
[167, 349]:[309, 349]
[167, 349]:[349, 351]
[167, 349]:[349, 366]
[167, 349]:[349, 458]
[167, 349]:[349, 491]
[167, 349]:[349, 524]
[167, 349]:[349, 683]
[167, 349]:[349, 868]
[167, 349]:[349, 879]
[291, 349]:[304, 349]
[291, 349]:[309, 349]
[291, 349]:[349, 351]
[291, 349]:[349, 366]
[291, 349]:[349, 458]
[291, 349]:[349, 491]
[291, 349]:[349, 524]
[291, 349]:[349, 683]
[291, 349]:[349, 868]
[291, 349]:[349, 879]
[304, 349]:[309, 349]
[304, 349]:[349, 351]
[304, 349]:[349, 366]
[304, 349]:[349, 458]
[304, 349]:[349, 491]
[304, 349]:[349, 524]
[304, 349]:[349, 683]
[304, 349]:[349, 868]
[304, 349]:[349, 879]
[309, 349]:[349, 351]
[309, 349]:[349, 366]
[309, 349]:[349, 458]
[309, 349]:[349, 491]
[309, 349]:[349, 524]
[309, 349]:[349, 683]
[309, 349]:[349, 868]
[309, 349]:[349, 879]
[349, 351]:[349, 366]
[349, 351]:[349, 458]
[349, 351]:[349, 491]
[349, 351]:[349, 524]
[349, 351]:[349, 683]
[349, 351]:[349, 868]
[349, 351]:[349, 879]
[349, 366]:[349, 458]
[349, 366]:[349, 491]
[349, 366]:[349, 524]
[349, 366]:[349, 683]
[349, 366]:[349, 868]
[349, 366]:[349, 879]
[349, 458]:[349, 491]
[349, 458]:[349, 524]
[349, 458]:[349, 683]
[349, 458]:[349, 868]
[349, 458]:[349, 879]
[349, 491]:[349, 524]
[349, 491]:[349, 683]
[349, 491]:[349, 868]
[349, 491]:[349, 879]
[349, 524]:[349, 683]
[349, 524]:[349, 868]
[349, 524]:[349, 879]
[349, 683]:[349, 868]
[349, 683]:[349, 879]
[349, 868]:[349, 879]
[167, 603]:[283, 603]
[167, 603]:[380, 603]
[167, 603]:[408, 603]
[167, 603]:[539, 603]
[167, 603]:[590, 603]
[283, 603]:[380, 603]
[283, 603]:[408, 603]
[283, 603]:[539, 603]
[283, 603]:[590, 603]
[380, 603]:[408, 603]
[380, 603]:[539, 603]
[380, 603]:[590, 603]
[408, 603]:[539, 603]
[408, 603]:[590, 603]
[539, 603]:[590, 603]
[168, 265]:[168, 294]
[168, 265]:[168, 425]
[168, 265]:[168, 510]
[168, 265]:[168, 896]
[168, 294]:[168, 425]
[168, 294]:[168, 510]
[168, 294]:[168, 896]
[168, 425]:[168, 510]
[168, 425]:[168, 896]
[168, 510]:[168, 896]
[169, 275]:[275, 534]
[169, 275]:[275, 552]
[275, 534]:[275, 552]
[169, 521]:[271, 521]
[169, 521]:[323, 521]
[169, 521]:[449, 521]
[169, 521]:[521, 687]
[169, 521]:[521, 895]
[271, 521]:[323, 521]
[271, 521]:[449, 521]
[271, 521]:[521, 687]
[271, 521]:[521, 895]
[323, 521]:[449, 521]
[323, 521]:[521, 687]
[323, 521]:[521, 895]
[449, 521]:[521, 687]
[449, 521]:[521, 895]
[521, 687]:[521, 895]
[169, 746]:[670, 746]
[169, 746]:[746, 905]
[670, 746]:[746, 905]
[169, 952]:[322, 952]
[169, 952]:[637, 952]
[169, 952]:[677, 952]
[169, 952]:[738, 952]
[169, 952]:[802, 952]
[169, 952]:[829, 952]
[322, 952]:[637, 952]
[322, 952]:[677, 952]
[322, 952]:[738, 952]
[322, 952]:[802, 952]
[322, 952]:[829, 952]
[637, 952]:[677, 952]
[637, 952]:[738, 952]
[637, 952]:[802, 952]
[637, 952]:[829, 952]
[677, 952]:[738, 952]
[677, 952]:[802, 952]
[677, 952]:[829, 952]
[738, 952]:[802, 952]
[738, 952]:[829, 952]
[802, 952]:[829, 952]
[170, 362]:[170, 437]
[170, 362]:[170, 544]
[170, 362]:[170, 639]
[170, 362]:[170, 895]
[170, 437]:[170, 544]
[170, 437]:[170, 639]
[170, 437]:[170, 895]
[170, 544]:[170, 639]
[170, 544]:[170, 895]
[170, 639]:[170, 895]
[170, 437]:[264, 437]
[170, 437]:[412, 437]
[170, 437]:[437, 452]
[170, 437]:[437, 557]
[170, 437]:[437, 840]
[264, 437]:[412, 437]
[264, 437]:[437, 452]
[264, 437]:[437, 557]
[264, 437]:[437, 840]
[412, 437]:[437, 452]
[412, 437]:[437, 557]
[412, 437]:[437, 840]
[437, 452]:[437, 557]
[437, 452]:[437, 840]
[437, 557]:[437, 840]
[171, 257]:[171, 305]
[171, 257]:[171, 476]
[171, 257]:[171, 523]
[171, 305]:[171, 476]
[171, 305]:[171, 523]
[171, 476]:[171, 523]
[171, 305]:[179, 305]
[171, 305]:[305, 321]
[171, 305]:[305, 682]
[171, 305]:[305, 777]
[171, 305]:[305, 831]
[171, 305]:[305, 894]
[179, 305]:[305, 321]
[179, 305]:[305, 682]
[179, 305]:[305, 777]
[179, 305]:[305, 831]
[179, 305]:[305, 894]
[305, 321]:[305, 682]
[305, 321]:[305, 777]
[305, 321]:[305, 831]
[305, 321]:[305, 894]
[305, 682]:[305, 777]
[305, 682]:[305, 831]
[305, 682]:[305, 894]
[305, 777]:[305, 831]
[305, 777]:[305, 894]
[305, 831]:[305, 894]
[172, 475]:[242, 475]
[172, 475]:[475, 477]
[172, 475]:[475, 802]
[242, 475]:[475, 477]
[242, 475]:[475, 802]
[475, 477]:[475, 802]
[172, 598]:[418, 598]
[172, 598]:[503, 598]
[418, 598]:[503, 598]
[173, 260]:[173, 263]
[173, 260]:[173, 280]
[173, 260]:[173, 385]
[173, 260]:[173, 850]
[173, 260]:[173, 934]
[173, 263]:[173, 280]
[173, 263]:[173, 385]
[173, 263]:[173, 850]
[173, 263]:[173, 934]
[173, 280]:[173, 385]
[173, 280]:[173, 850]
[173, 280]:[173, 934]
[173, 385]:[173, 850]
[173, 385]:[173, 934]
[173, 850]:[173, 934]
[173, 280]:[253, 280]
[173, 280]:[280, 322]
[173, 280]:[280, 658]
[173, 280]:[280, 682]
[173, 280]:[280, 863]
[173, 280]:[280, 936]
[253, 280]:[280, 322]
[253, 280]:[280, 658]
[253, 280]:[280, 682]
[253, 280]:[280, 863]
[253, 280]:[280, 936]
[280, 322]:[280, 658]
[280, 322]:[280, 682]
[280, 322]:[280, 863]
[280, 322]:[280, 936]
[280, 658]:[280, 682]
[280, 658]:[280, 863]
[280, 658]:[280, 936]
[280, 682]:[280, 863]
[280, 682]:[280, 936]
[280, 863]:[280, 936]
[173, 385]:[385, 462]
[173, 385]:[385, 563]
[173, 385]:[385, 733]
[385, 462]:[385, 563]
[385, 462]:[385, 733]
[385, 563]:[385, 733]
[173, 850]:[248, 850]
[173, 850]:[398, 850]
[173, 850]:[535, 850]
[173, 850]:[681, 850]
[173, 850]:[850, 901]
[248, 850]:[398, 850]
[248, 850]:[535, 850]
[248, 850]:[681, 850]
[248, 850]:[850, 901]
[398, 850]:[535, 850]
[398, 850]:[681, 850]
[398, 850]:[850, 901]
[535, 850]:[681, 850]
[535, 850]:[850, 901]
[681, 850]:[850, 901]
[174, 339]:[339, 344]
[174, 339]:[339, 585]
[174, 339]:[339, 590]
[174, 339]:[339, 780]
[339, 344]:[339, 585]
[339, 344]:[339, 590]
[339, 344]:[339, 780]
[339, 585]:[339, 590]
[339, 585]:[339, 780]
[339, 590]:[339, 780]
[174, 595]:[221, 595]
[174, 595]:[304, 595]
[174, 595]:[459, 595]
[174, 595]:[498, 595]
[174, 595]:[595, 938]
[221, 595]:[304, 595]
[221, 595]:[459, 595]
[221, 595]:[498, 595]
[221, 595]:[595, 938]
[304, 595]:[459, 595]
[304, 595]:[498, 595]
[304, 595]:[595, 938]
[459, 595]:[498, 595]
[459, 595]:[595, 938]
[498, 595]:[595, 938]
[174, 607]:[376, 607]
[174, 607]:[418, 607]
[174, 607]:[430, 607]
[174, 607]:[607, 652]
[376, 607]:[418, 607]
[376, 607]:[430, 607]
[376, 607]:[607, 652]
[418, 607]:[430, 607]
[418, 607]:[607, 652]
[430, 607]:[607, 652]
[175, 458]:[175, 623]
[175, 458]:[175, 648]
[175, 458]:[175, 847]
[175, 623]:[175, 648]
[175, 623]:[175, 847]
[175, 648]:[175, 847]
[175, 623]:[303, 623]
[175, 623]:[561, 623]
[175, 623]:[623, 779]
[175, 623]:[623, 800]
[303, 623]:[561, 623]
[303, 623]:[623, 779]
[303, 623]:[623, 800]
[561, 623]:[623, 779]
[561, 623]:[623, 800]
[623, 779]:[623, 800]
[175, 648]:[293, 648]
[175, 648]:[508, 648]
[175, 648]:[589, 648]
[175, 648]:[648, 788]
[293, 648]:[508, 648]
[293, 648]:[589, 648]
[293, 648]:[648, 788]
[508, 648]:[589, 648]
[508, 648]:[648, 788]
[589, 648]:[648, 788]
[176, 999]:[212, 999]
[176, 999]:[419, 999]
[176, 999]:[430, 999]
[176, 999]:[550, 999]
[176, 999]:[557, 999]
[176, 999]:[661, 999]
[176, 999]:[739, 999]
[176, 999]:[789, 999]
[212, 999]:[419, 999]
[212, 999]:[430, 999]
[212, 999]:[550, 999]
[212, 999]:[557, 999]
[212, 999]:[661, 999]
[212, 999]:[739, 999]
[212, 999]:[789, 999]
[419, 999]:[430, 999]
[419, 999]:[550, 999]
[419, 999]:[557, 999]
[419, 999]:[661, 999]
[419, 999]:[739, 999]
[419, 999]:[789, 999]
[430, 999]:[550, 999]
[430, 999]:[557, 999]
[430, 999]:[661, 999]
[430, 999]:[739, 999]
[430, 999]:[789, 999]
[550, 999]:[557, 999]
[550, 999]:[661, 999]
[550, 999]:[739, 999]
[550, 999]:[789, 999]
[557, 999]:[661, 999]
[557, 999]:[739, 999]
[557, 999]:[789, 999]
[661, 999]:[739, 999]
[661, 999]:[789, 999]
[739, 999]:[789, 999]
[177, 269]:[177, 438]
[177, 269]:[177, 687]
[177, 438]:[177, 687]
[177, 269]:[269, 310]
[177, 269]:[269, 415]
[177, 269]:[269, 440]
[177, 269]:[269, 877]
[177, 269]:[269, 947]
[269, 310]:[269, 415]
[269, 310]:[269, 440]
[269, 310]:[269, 877]
[269, 310]:[269, 947]
[269, 415]:[269, 440]
[269, 415]:[269, 877]
[269, 415]:[269, 947]
[269, 440]:[269, 877]
[269, 440]:[269, 947]
[269, 877]:[269, 947]
[178, 226]:[226, 520]
[178, 226]:[226, 544]
[178, 226]:[226, 729]
[178, 226]:[226, 838]
[178, 226]:[226, 878]
[178, 226]:[226, 940]
[178, 226]:[226, 953]
[226, 520]:[226, 544]
[226, 520]:[226, 729]
[226, 520]:[226, 838]
[226, 520]:[226, 878]
[226, 520]:[226, 940]
[226, 520]:[226, 953]
[226, 544]:[226, 729]
[226, 544]:[226, 838]
[226, 544]:[226, 878]
[226, 544]:[226, 940]
[226, 544]:[226, 953]
[226, 729]:[226, 838]
[226, 729]:[226, 878]
[226, 729]:[226, 940]
[226, 729]:[226, 953]
[226, 838]:[226, 878]
[226, 838]:[226, 940]
[226, 838]:[226, 953]
[226, 878]:[226, 940]
[226, 878]:[226, 953]
[226, 940]:[226, 953]
[178, 321]:[304, 321]
[178, 321]:[305, 321]
[178, 321]:[321, 512]
[178, 321]:[321, 561]
[178, 321]:[321, 590]
[178, 321]:[321, 674]
[178, 321]:[321, 729]
[178, 321]:[321, 806]
[178, 321]:[321, 818]
[178, 321]:[321, 860]
[304, 321]:[305, 321]
[304, 321]:[321, 512]
[304, 321]:[321, 561]
[304, 321]:[321, 590]
[304, 321]:[321, 674]
[304, 321]:[321, 729]
[304, 321]:[321, 806]
[304, 321]:[321, 818]
[304, 321]:[321, 860]
[305, 321]:[321, 512]
[305, 321]:[321, 561]
[305, 321]:[321, 590]
[305, 321]:[321, 674]
[305, 321]:[321, 729]
[305, 321]:[321, 806]
[305, 321]:[321, 818]
[305, 321]:[321, 860]
[321, 512]:[321, 561]
[321, 512]:[321, 590]
[321, 512]:[321, 674]
[321, 512]:[321, 729]
[321, 512]:[321, 806]
[321, 512]:[321, 818]
[321, 512]:[321, 860]
[321, 561]:[321, 590]
[321, 561]:[321, 674]
[321, 561]:[321, 729]
[321, 561]:[321, 806]
[321, 561]:[321, 818]
[321, 561]:[321, 860]
[321, 590]:[321, 674]
[321, 590]:[321, 729]
[321, 590]:[321, 806]
[321, 590]:[321, 818]
[321, 590]:[321, 860]
[321, 674]:[321, 729]
[321, 674]:[321, 806]
[321, 674]:[321, 818]
[321, 674]:[321, 860]
[321, 729]:[321, 806]
[321, 729]:[321, 818]
[321, 729]:[321, 860]
[321, 806]:[321, 818]
[321, 806]:[321, 860]
[321, 818]:[321, 860]
[178, 332]:[307, 332]
[178, 332]:[332, 467]
[178, 332]:[332, 499]
[178, 332]:[332, 590]
[178, 332]:[332, 774]
[178, 332]:[332, 878]
[307, 332]:[332, 467]
[307, 332]:[332, 499]
[307, 332]:[332, 590]
[307, 332]:[332, 774]
[307, 332]:[332, 878]
[332, 467]:[332, 499]
[332, 467]:[332, 590]
[332, 467]:[332, 774]
[332, 467]:[332, 878]
[332, 499]:[332, 590]
[332, 499]:[332, 774]
[332, 499]:[332, 878]
[332, 590]:[332, 774]
[332, 590]:[332, 878]
[332, 774]:[332, 878]
[179, 196]:[179, 203]
[179, 196]:[179, 305]
[179, 196]:[179, 311]
[179, 196]:[179, 370]
[179, 196]:[179, 471]
[179, 196]:[179, 599]
[179, 196]:[179, 726]
[179, 196]:[179, 790]
[179, 203]:[179, 305]
[179, 203]:[179, 311]
[179, 203]:[179, 370]
[179, 203]:[179, 471]
[179, 203]:[179, 599]
[179, 203]:[179, 726]
[179, 203]:[179, 790]
[179, 305]:[179, 311]
[179, 305]:[179, 370]
[179, 305]:[179, 471]
[179, 305]:[179, 599]
[179, 305]:[179, 726]
[179, 305]:[179, 790]
[179, 311]:[179, 370]
[179, 311]:[179, 471]
[179, 311]:[179, 599]
[179, 311]:[179, 726]
[179, 311]:[179, 790]
[179, 370]:[179, 471]
[179, 370]:[179, 599]
[179, 370]:[179, 726]
[179, 370]:[179, 790]
[179, 471]:[179, 599]
[179, 471]:[179, 726]
[179, 471]:[179, 790]
[179, 599]:[179, 726]
[179, 599]:[179, 790]
[179, 726]:[179, 790]
[179, 311]:[311, 869]
[179, 311]:[311, 954]
[311, 869]:[311, 954]
[179, 471]:[248, 471]
[179, 471]:[346, 471]
[179, 471]:[471, 536]
[179, 471]:[471, 931]
[248, 471]:[346, 471]
[248, 471]:[471, 536]
[248, 471]:[471, 931]
[346, 471]:[471, 536]
[346, 471]:[471, 931]
[471, 536]:[471, 931]
[179, 599]:[432, 599]
[179, 599]:[543, 599]
[179, 599]:[555, 599]
[179, 599]:[599, 627]
[179, 599]:[599, 758]
[179, 599]:[599, 807]
[179, 599]:[599, 929]
[179, 599]:[599, 956]
[432, 599]:[543, 599]
[432, 599]:[555, 599]
[432, 599]:[599, 627]
[432, 599]:[599, 758]
[432, 599]:[599, 807]
[432, 599]:[599, 929]
[432, 599]:[599, 956]
[543, 599]:[555, 599]
[543, 599]:[599, 627]
[543, 599]:[599, 758]
[543, 599]:[599, 807]
[543, 599]:[599, 929]
[543, 599]:[599, 956]
[555, 599]:[599, 627]
[555, 599]:[599, 758]
[555, 599]:[599, 807]
[555, 599]:[599, 929]
[555, 599]:[599, 956]
[599, 627]:[599, 758]
[599, 627]:[599, 807]
[599, 627]:[599, 929]
[599, 627]:[599, 956]
[599, 758]:[599, 807]
[599, 758]:[599, 929]
[599, 758]:[599, 956]
[599, 807]:[599, 929]
[599, 807]:[599, 956]
[599, 929]:[599, 956]
[179, 726]:[198, 726]
[179, 726]:[279, 726]
[198, 726]:[279, 726]
[180, 268]:[268, 288]
[180, 268]:[268, 552]
[180, 268]:[268, 561]
[180, 268]:[268, 676]
[180, 268]:[268, 808]
[268, 288]:[268, 552]
[268, 288]:[268, 561]
[268, 288]:[268, 676]
[268, 288]:[268, 808]
[268, 552]:[268, 561]
[268, 552]:[268, 676]
[268, 552]:[268, 808]
[268, 561]:[268, 676]
[268, 561]:[268, 808]
[268, 676]:[268, 808]
[180, 857]:[395, 857]
[180, 857]:[615, 857]
[180, 857]:[693, 857]
[395, 857]:[615, 857]
[395, 857]:[693, 857]
[615, 857]:[693, 857]
[181, 254]:[181, 743]
[181, 254]:[181, 822]
[181, 254]:[181, 900]
[181, 254]:[181, 901]
[181, 254]:[181, 986]
[181, 743]:[181, 822]
[181, 743]:[181, 900]
[181, 743]:[181, 901]
[181, 743]:[181, 986]
[181, 822]:[181, 900]
[181, 822]:[181, 901]
[181, 822]:[181, 986]
[181, 900]:[181, 901]
[181, 900]:[181, 986]
[181, 901]:[181, 986]
[181, 743]:[289, 743]
[181, 743]:[455, 743]
[181, 743]:[672, 743]
[181, 743]:[743, 821]
[181, 743]:[743, 868]
[289, 743]:[455, 743]
[289, 743]:[672, 743]
[289, 743]:[743, 821]
[289, 743]:[743, 868]
[455, 743]:[672, 743]
[455, 743]:[743, 821]
[455, 743]:[743, 868]
[672, 743]:[743, 821]
[672, 743]:[743, 868]
[743, 821]:[743, 868]
[182, 323]:[221, 323]
[182, 323]:[323, 521]
[182, 323]:[323, 762]
[182, 323]:[323, 783]
[182, 323]:[323, 843]
[182, 323]:[323, 946]
[182, 323]:[323, 975]
[221, 323]:[323, 521]
[221, 323]:[323, 762]
[221, 323]:[323, 783]
[221, 323]:[323, 843]
[221, 323]:[323, 946]
[221, 323]:[323, 975]
[323, 521]:[323, 762]
[323, 521]:[323, 783]
[323, 521]:[323, 843]
[323, 521]:[323, 946]
[323, 521]:[323, 975]
[323, 762]:[323, 783]
[323, 762]:[323, 843]
[323, 762]:[323, 946]
[323, 762]:[323, 975]
[323, 783]:[323, 843]
[323, 783]:[323, 946]
[323, 783]:[323, 975]
[323, 843]:[323, 946]
[323, 843]:[323, 975]
[323, 946]:[323, 975]
[183, 938]:[249, 938]
[183, 938]:[492, 938]
[183, 938]:[595, 938]
[183, 938]:[725, 938]
[183, 938]:[799, 938]
[183, 938]:[808, 938]
[249, 938]:[492, 938]
[249, 938]:[595, 938]
[249, 938]:[725, 938]
[249, 938]:[799, 938]
[249, 938]:[808, 938]
[492, 938]:[595, 938]
[492, 938]:[725, 938]
[492, 938]:[799, 938]
[492, 938]:[808, 938]
[595, 938]:[725, 938]
[595, 938]:[799, 938]
[595, 938]:[808, 938]
[725, 938]:[799, 938]
[725, 938]:[808, 938]
[799, 938]:[808, 938]
[184, 328]:[184, 563]
[184, 328]:[184, 583]
[184, 563]:[184, 583]
[185, 194]:[185, 220]
[185, 194]:[185, 412]
[185, 194]:[185, 673]
[185, 194]:[185, 793]
[185, 194]:[185, 914]
[185, 194]:[185, 920]
[185, 194]:[185, 968]
[185, 220]:[185, 412]
[185, 220]:[185, 673]
[185, 220]:[185, 793]
[185, 220]:[185, 914]
[185, 220]:[185, 920]
[185, 220]:[185, 968]
[185, 412]:[185, 673]
[185, 412]:[185, 793]
[185, 412]:[185, 914]
[185, 412]:[185, 920]
[185, 412]:[185, 968]
[185, 673]:[185, 793]
[185, 673]:[185, 914]
[185, 673]:[185, 920]
[185, 673]:[185, 968]
[185, 793]:[185, 914]
[185, 793]:[185, 920]
[185, 793]:[185, 968]
[185, 914]:[185, 920]
[185, 914]:[185, 968]
[185, 920]:[185, 968]
[185, 412]:[223, 412]
[185, 412]:[368, 412]
[185, 412]:[412, 437]
[185, 412]:[412, 586]
[185, 412]:[412, 629]
[185, 412]:[412, 692]
[185, 412]:[412, 796]
[185, 412]:[412, 958]
[223, 412]:[368, 412]
[223, 412]:[412, 437]
[223, 412]:[412, 586]
[223, 412]:[412, 629]
[223, 412]:[412, 692]
[223, 412]:[412, 796]
[223, 412]:[412, 958]
[368, 412]:[412, 437]
[368, 412]:[412, 586]
[368, 412]:[412, 629]
[368, 412]:[412, 692]
[368, 412]:[412, 796]
[368, 412]:[412, 958]
[412, 437]:[412, 586]
[412, 437]:[412, 629]
[412, 437]:[412, 692]
[412, 437]:[412, 796]
[412, 437]:[412, 958]
[412, 586]:[412, 629]
[412, 586]:[412, 692]
[412, 586]:[412, 796]
[412, 586]:[412, 958]
[412, 629]:[412, 692]
[412, 629]:[412, 796]
[412, 629]:[412, 958]
[412, 692]:[412, 796]
[412, 692]:[412, 958]
[412, 796]:[412, 958]
[185, 914]:[282, 914]
[185, 914]:[499, 914]
[185, 914]:[532, 914]
[185, 914]:[629, 914]
[185, 914]:[687, 914]
[282, 914]:[499, 914]
[282, 914]:[532, 914]
[282, 914]:[629, 914]
[282, 914]:[687, 914]
[499, 914]:[532, 914]
[499, 914]:[629, 914]
[499, 914]:[687, 914]
[532, 914]:[629, 914]
[532, 914]:[687, 914]
[629, 914]:[687, 914]
[186, 284]:[186, 381]
[186, 284]:[186, 571]
[186, 284]:[186, 574]
[186, 284]:[186, 733]
[186, 284]:[186, 754]
[186, 284]:[186, 824]
[186, 284]:[186, 839]
[186, 381]:[186, 571]
[186, 381]:[186, 574]
[186, 381]:[186, 733]
[186, 381]:[186, 754]
[186, 381]:[186, 824]
[186, 381]:[186, 839]
[186, 571]:[186, 574]
[186, 571]:[186, 733]
[186, 571]:[186, 754]
[186, 571]:[186, 824]
[186, 571]:[186, 839]
[186, 574]:[186, 733]
[186, 574]:[186, 754]
[186, 574]:[186, 824]
[186, 574]:[186, 839]
[186, 733]:[186, 754]
[186, 733]:[186, 824]
[186, 733]:[186, 839]
[186, 754]:[186, 824]
[186, 754]:[186, 839]
[186, 824]:[186, 839]
[186, 381]:[381, 780]
[186, 381]:[381, 858]
[381, 780]:[381, 858]
[186, 733]:[385, 733]
[186, 733]:[494, 733]
[186, 733]:[733, 956]
[385, 733]:[494, 733]
[385, 733]:[733, 956]
[494, 733]:[733, 956]
[186, 754]:[227, 754]
[186, 754]:[237, 754]
[186, 754]:[708, 754]
[186, 754]:[754, 982]
[227, 754]:[237, 754]
[227, 754]:[708, 754]
[227, 754]:[754, 982]
[237, 754]:[708, 754]
[237, 754]:[754, 982]
[708, 754]:[754, 982]
[187, 200]:[187, 346]
[187, 200]:[187, 512]
[187, 200]:[187, 544]
[187, 200]:[187, 552]
[187, 200]:[187, 585]
[187, 200]:[187, 718]
[187, 200]:[187, 750]
[187, 200]:[187, 803]
[187, 200]:[187, 912]
[187, 346]:[187, 512]
[187, 346]:[187, 544]
[187, 346]:[187, 552]
[187, 346]:[187, 585]
[187, 346]:[187, 718]
[187, 346]:[187, 750]
[187, 346]:[187, 803]
[187, 346]:[187, 912]
[187, 512]:[187, 544]
[187, 512]:[187, 552]
[187, 512]:[187, 585]
[187, 512]:[187, 718]
[187, 512]:[187, 750]
[187, 512]:[187, 803]
[187, 512]:[187, 912]
[187, 544]:[187, 552]
[187, 544]:[187, 585]
[187, 544]:[187, 718]
[187, 544]:[187, 750]
[187, 544]:[187, 803]
[187, 544]:[187, 912]
[187, 552]:[187, 585]
[187, 552]:[187, 718]
[187, 552]:[187, 750]
[187, 552]:[187, 803]
[187, 552]:[187, 912]
[187, 585]:[187, 718]
[187, 585]:[187, 750]
[187, 585]:[187, 803]
[187, 585]:[187, 912]
[187, 718]:[187, 750]
[187, 718]:[187, 803]
[187, 718]:[187, 912]
[187, 750]:[187, 803]
[187, 750]:[187, 912]
[187, 803]:[187, 912]
[187, 200]:[200, 204]
[187, 200]:[200, 325]
[187, 200]:[200, 592]
[187, 200]:[200, 814]
[187, 200]:[200, 835]
[187, 200]:[200, 847]
[200, 204]:[200, 325]
[200, 204]:[200, 592]
[200, 204]:[200, 814]
[200, 204]:[200, 835]
[200, 204]:[200, 847]
[200, 325]:[200, 592]
[200, 325]:[200, 814]
[200, 325]:[200, 835]
[200, 325]:[200, 847]
[200, 592]:[200, 814]
[200, 592]:[200, 835]
[200, 592]:[200, 847]
[200, 814]:[200, 835]
[200, 814]:[200, 847]
[200, 835]:[200, 847]
[187, 346]:[346, 471]
[187, 346]:[346, 624]
[187, 346]:[346, 756]
[187, 346]:[346, 841]
[346, 471]:[346, 624]
[346, 471]:[346, 756]
[346, 471]:[346, 841]
[346, 624]:[346, 756]
[346, 624]:[346, 841]
[346, 756]:[346, 841]
[187, 512]:[321, 512]
[187, 512]:[348, 512]
[187, 512]:[368, 512]
[187, 512]:[504, 512]
[187, 512]:[512, 767]
[187, 512]:[512, 827]
[321, 512]:[348, 512]
[321, 512]:[368, 512]
[321, 512]:[504, 512]
[321, 512]:[512, 767]
[321, 512]:[512, 827]
[348, 512]:[368, 512]
[348, 512]:[504, 512]
[348, 512]:[512, 767]
[348, 512]:[512, 827]
[368, 512]:[504, 512]
[368, 512]:[512, 767]
[368, 512]:[512, 827]
[504, 512]:[512, 767]
[504, 512]:[512, 827]
[512, 767]:[512, 827]
[187, 718]:[293, 718]
[187, 718]:[297, 718]
[187, 718]:[425, 718]
[187, 718]:[634, 718]
[293, 718]:[297, 718]
[293, 718]:[425, 718]
[293, 718]:[634, 718]
[297, 718]:[425, 718]
[297, 718]:[634, 718]
[425, 718]:[634, 718]
[187, 750]:[331, 750]
[187, 750]:[407, 750]
[187, 750]:[535, 750]
[187, 750]:[609, 750]
[187, 750]:[750, 825]
[331, 750]:[407, 750]
[331, 750]:[535, 750]
[331, 750]:[609, 750]
[331, 750]:[750, 825]
[407, 750]:[535, 750]
[407, 750]:[609, 750]
[407, 750]:[750, 825]
[535, 750]:[609, 750]
[535, 750]:[750, 825]
[609, 750]:[750, 825]
[187, 912]:[444, 912]
[187, 912]:[734, 912]
[187, 912]:[861, 912]
[187, 912]:[890, 912]
[444, 912]:[734, 912]
[444, 912]:[861, 912]
[444, 912]:[890, 912]
[734, 912]:[861, 912]
[734, 912]:[890, 912]
[861, 912]:[890, 912]
[188, 383]:[188, 622]
[188, 383]:[188, 681]
[188, 383]:[188, 950]
[188, 622]:[188, 681]
[188, 622]:[188, 950]
[188, 681]:[188, 950]
[188, 383]:[227, 383]
[188, 383]:[282, 383]
[188, 383]:[383, 554]
[188, 383]:[383, 666]
[188, 383]:[383, 710]
[188, 383]:[383, 729]
[188, 383]:[383, 915]
[227, 383]:[282, 383]
[227, 383]:[383, 554]
[227, 383]:[383, 666]
[227, 383]:[383, 710]
[227, 383]:[383, 729]
[227, 383]:[383, 915]
[282, 383]:[383, 554]
[282, 383]:[383, 666]
[282, 383]:[383, 710]
[282, 383]:[383, 729]
[282, 383]:[383, 915]
[383, 554]:[383, 666]
[383, 554]:[383, 710]
[383, 554]:[383, 729]
[383, 554]:[383, 915]
[383, 666]:[383, 710]
[383, 666]:[383, 729]
[383, 666]:[383, 915]
[383, 710]:[383, 729]
[383, 710]:[383, 915]
[383, 729]:[383, 915]
[188, 681]:[198, 681]
[188, 681]:[681, 774]
[188, 681]:[681, 850]
[188, 681]:[681, 858]
[188, 681]:[681, 867]
[188, 681]:[681, 930]
[198, 681]:[681, 774]
[198, 681]:[681, 850]
[198, 681]:[681, 858]
[198, 681]:[681, 867]
[198, 681]:[681, 930]
[681, 774]:[681, 850]
[681, 774]:[681, 858]
[681, 774]:[681, 867]
[681, 774]:[681, 930]
[681, 850]:[681, 858]
[681, 850]:[681, 867]
[681, 850]:[681, 930]
[681, 858]:[681, 867]
[681, 858]:[681, 930]
[681, 867]:[681, 930]
[189, 237]:[189, 274]
[189, 237]:[189, 345]
[189, 237]:[189, 428]
[189, 237]:[189, 654]
[189, 274]:[189, 345]
[189, 274]:[189, 428]
[189, 274]:[189, 654]
[189, 345]:[189, 428]
[189, 345]:[189, 654]
[189, 428]:[189, 654]
[189, 654]:[360, 654]
[189, 654]:[654, 801]
[189, 654]:[654, 901]
[189, 654]:[654, 906]
[360, 654]:[654, 801]
[360, 654]:[654, 901]
[360, 654]:[654, 906]
[654, 801]:[654, 901]
[654, 801]:[654, 906]
[654, 901]:[654, 906]
[190, 760]:[210, 760]
[190, 760]:[282, 760]
[190, 760]:[294, 760]
[190, 760]:[330, 760]
[190, 760]:[370, 760]
[190, 760]:[713, 760]
[190, 760]:[760, 771]
[190, 760]:[760, 897]
[190, 760]:[760, 950]
[210, 760]:[282, 760]
[210, 760]:[294, 760]
[210, 760]:[330, 760]
[210, 760]:[370, 760]
[210, 760]:[713, 760]
[210, 760]:[760, 771]
[210, 760]:[760, 897]
[210, 760]:[760, 950]
[282, 760]:[294, 760]
[282, 760]:[330, 760]
[282, 760]:[370, 760]
[282, 760]:[713, 760]
[282, 760]:[760, 771]
[282, 760]:[760, 897]
[282, 760]:[760, 950]
[294, 760]:[330, 760]
[294, 760]:[370, 760]
[294, 760]:[713, 760]
[294, 760]:[760, 771]
[294, 760]:[760, 897]
[294, 760]:[760, 950]
[330, 760]:[370, 760]
[330, 760]:[713, 760]
[330, 760]:[760, 771]
[330, 760]:[760, 897]
[330, 760]:[760, 950]
[370, 760]:[713, 760]
[370, 760]:[760, 771]
[370, 760]:[760, 897]
[370, 760]:[760, 950]
[713, 760]:[760, 771]
[713, 760]:[760, 897]
[713, 760]:[760, 950]
[760, 771]:[760, 897]
[760, 771]:[760, 950]
[760, 897]:[760, 950]
[191, 802]:[474, 802]
[191, 802]:[475, 802]
[191, 802]:[500, 802]
[191, 802]:[510, 802]
[191, 802]:[560, 802]
[191, 802]:[802, 952]
[191, 802]:[802, 966]
[474, 802]:[475, 802]
[474, 802]:[500, 802]
[474, 802]:[510, 802]
[474, 802]:[560, 802]
[474, 802]:[802, 952]
[474, 802]:[802, 966]
[475, 802]:[500, 802]
[475, 802]:[510, 802]
[475, 802]:[560, 802]
[475, 802]:[802, 952]
[475, 802]:[802, 966]
[500, 802]:[510, 802]
[500, 802]:[560, 802]
[500, 802]:[802, 952]
[500, 802]:[802, 966]
[510, 802]:[560, 802]
[510, 802]:[802, 952]
[510, 802]:[802, 966]
[560, 802]:[802, 952]
[560, 802]:[802, 966]
[802, 952]:[802, 966]
[192, 601]:[458, 601]
[192, 601]:[564, 601]
[458, 601]:[564, 601]
[192, 730]:[422, 730]
[192, 730]:[431, 730]
[192, 730]:[465, 730]
[192, 730]:[503, 730]
[192, 730]:[548, 730]
[192, 730]:[611, 730]
[192, 730]:[617, 730]
[192, 730]:[730, 924]
[422, 730]:[431, 730]
[422, 730]:[465, 730]
[422, 730]:[503, 730]
[422, 730]:[548, 730]
[422, 730]:[611, 730]
[422, 730]:[617, 730]
[422, 730]:[730, 924]
[431, 730]:[465, 730]
[431, 730]:[503, 730]
[431, 730]:[548, 730]
[431, 730]:[611, 730]
[431, 730]:[617, 730]
[431, 730]:[730, 924]
[465, 730]:[503, 730]
[465, 730]:[548, 730]
[465, 730]:[611, 730]
[465, 730]:[617, 730]
[465, 730]:[730, 924]
[503, 730]:[548, 730]
[503, 730]:[611, 730]
[503, 730]:[617, 730]
[503, 730]:[730, 924]
[548, 730]:[611, 730]
[548, 730]:[617, 730]
[548, 730]:[730, 924]
[611, 730]:[617, 730]
[611, 730]:[730, 924]
[617, 730]:[730, 924]
[193, 993]:[416, 993]
[193, 993]:[502, 993]
[193, 993]:[713, 993]
[193, 993]:[835, 993]
[416, 993]:[502, 993]
[416, 993]:[713, 993]
[416, 993]:[835, 993]
[502, 993]:[713, 993]
[502, 993]:[835, 993]
[713, 993]:[835, 993]
[194, 358]:[242, 358]
[194, 358]:[358, 484]
[194, 358]:[358, 520]
[194, 358]:[358, 794]
[194, 358]:[358, 936]
[242, 358]:[358, 484]
[242, 358]:[358, 520]
[242, 358]:[358, 794]
[242, 358]:[358, 936]
[358, 484]:[358, 520]
[358, 484]:[358, 794]
[358, 484]:[358, 936]
[358, 520]:[358, 794]
[358, 520]:[358, 936]
[358, 794]:[358, 936]
[194, 421]:[421, 745]
[194, 421]:[421, 853]
[194, 421]:[421, 942]
[421, 745]:[421, 853]
[421, 745]:[421, 942]
[421, 853]:[421, 942]
[194, 962]:[397, 962]
[194, 962]:[401, 962]
[194, 962]:[626, 962]
[194, 962]:[652, 962]
[397, 962]:[401, 962]
[397, 962]:[626, 962]
[397, 962]:[652, 962]
[401, 962]:[626, 962]
[401, 962]:[652, 962]
[626, 962]:[652, 962]
[195, 769]:[407, 769]
[195, 769]:[616, 769]
[195, 769]:[637, 769]
[195, 769]:[709, 769]
[407, 769]:[616, 769]
[407, 769]:[637, 769]
[407, 769]:[709, 769]
[616, 769]:[637, 769]
[616, 769]:[709, 769]
[637, 769]:[709, 769]
[196, 656]:[229, 656]
[196, 656]:[462, 656]
[196, 656]:[485, 656]
[196, 656]:[651, 656]
[229, 656]:[462, 656]
[229, 656]:[485, 656]
[229, 656]:[651, 656]
[462, 656]:[485, 656]
[462, 656]:[651, 656]
[485, 656]:[651, 656]
[196, 664]:[664, 741]
[196, 664]:[664, 788]
[664, 741]:[664, 788]
[196, 727]:[479, 727]
[196, 727]:[592, 727]
[479, 727]:[592, 727]
[196, 784]:[297, 784]
[196, 784]:[638, 784]
[196, 784]:[640, 784]
[196, 784]:[695, 784]
[297, 784]:[638, 784]
[297, 784]:[640, 784]
[297, 784]:[695, 784]
[638, 784]:[640, 784]
[638, 784]:[695, 784]
[640, 784]:[695, 784]
[197, 684]:[242, 684]
[197, 684]:[493, 684]
[197, 684]:[684, 688]
[197, 684]:[684, 759]
[197, 684]:[684, 813]
[197, 684]:[684, 882]
[197, 684]:[684, 922]
[242, 684]:[493, 684]
[242, 684]:[684, 688]
[242, 684]:[684, 759]
[242, 684]:[684, 813]
[242, 684]:[684, 882]
[242, 684]:[684, 922]
[493, 684]:[684, 688]
[493, 684]:[684, 759]
[493, 684]:[684, 813]
[493, 684]:[684, 882]
[493, 684]:[684, 922]
[684, 688]:[684, 759]
[684, 688]:[684, 813]
[684, 688]:[684, 882]
[684, 688]:[684, 922]
[684, 759]:[684, 813]
[684, 759]:[684, 882]
[684, 759]:[684, 922]
[684, 813]:[684, 882]
[684, 813]:[684, 922]
[684, 882]:[684, 922]
[198, 492]:[492, 541]
[198, 492]:[492, 680]
[198, 492]:[492, 751]
[198, 492]:[492, 938]
[492, 541]:[492, 680]
[492, 541]:[492, 751]
[492, 541]:[492, 938]
[492, 680]:[492, 751]
[492, 680]:[492, 938]
[492, 751]:[492, 938]
[198, 505]:[352, 505]
[198, 505]:[414, 505]
[352, 505]:[414, 505]
[198, 541]:[279, 541]
[198, 541]:[297, 541]
[198, 541]:[364, 541]
[198, 541]:[492, 541]
[198, 541]:[541, 652]
[279, 541]:[297, 541]
[279, 541]:[364, 541]
[279, 541]:[492, 541]
[279, 541]:[541, 652]
[297, 541]:[364, 541]
[297, 541]:[492, 541]
[297, 541]:[541, 652]
[364, 541]:[492, 541]
[364, 541]:[541, 652]
[492, 541]:[541, 652]
[200, 204]:[204, 367]
[200, 204]:[204, 481]
[200, 204]:[204, 493]
[200, 204]:[204, 757]
[204, 367]:[204, 481]
[204, 367]:[204, 493]
[204, 367]:[204, 757]
[204, 481]:[204, 493]
[204, 481]:[204, 757]
[204, 493]:[204, 757]
[200, 592]:[213, 592]
[200, 592]:[386, 592]
[200, 592]:[592, 709]
[200, 592]:[592, 727]
[200, 592]:[592, 744]
[200, 592]:[592, 795]
[200, 592]:[592, 798]
[200, 592]:[592, 995]
[213, 592]:[386, 592]
[213, 592]:[592, 709]
[213, 592]:[592, 727]
[213, 592]:[592, 744]
[213, 592]:[592, 795]
[213, 592]:[592, 798]
[213, 592]:[592, 995]
[386, 592]:[592, 709]
[386, 592]:[592, 727]
[386, 592]:[592, 744]
[386, 592]:[592, 795]
[386, 592]:[592, 798]
[386, 592]:[592, 995]
[592, 709]:[592, 727]
[592, 709]:[592, 744]
[592, 709]:[592, 795]
[592, 709]:[592, 798]
[592, 709]:[592, 995]
[592, 727]:[592, 744]
[592, 727]:[592, 795]
[592, 727]:[592, 798]
[592, 727]:[592, 995]
[592, 744]:[592, 795]
[592, 744]:[592, 798]
[592, 744]:[592, 995]
[592, 795]:[592, 798]
[592, 795]:[592, 995]
[592, 798]:[592, 995]
[201, 359]:[227, 359]
[201, 359]:[341, 359]
[201, 359]:[359, 450]
[201, 359]:[359, 543]
[201, 359]:[359, 619]
[227, 359]:[341, 359]
[227, 359]:[359, 450]
[227, 359]:[359, 543]
[227, 359]:[359, 619]
[341, 359]:[359, 450]
[341, 359]:[359, 543]
[341, 359]:[359, 619]
[359, 450]:[359, 543]
[359, 450]:[359, 619]
[359, 543]:[359, 619]
[201, 640]:[404, 640]
[201, 640]:[568, 640]
[201, 640]:[640, 784]
[201, 640]:[640, 916]
[404, 640]:[568, 640]
[404, 640]:[640, 784]
[404, 640]:[640, 916]
[568, 640]:[640, 784]
[568, 640]:[640, 916]
[640, 784]:[640, 916]
[201, 672]:[484, 672]
[201, 672]:[672, 698]
[201, 672]:[672, 743]
[201, 672]:[672, 755]
[201, 672]:[672, 871]
[201, 672]:[672, 981]
[484, 672]:[672, 698]
[484, 672]:[672, 743]
[484, 672]:[672, 755]
[484, 672]:[672, 871]
[484, 672]:[672, 981]
[672, 698]:[672, 743]
[672, 698]:[672, 755]
[672, 698]:[672, 871]
[672, 698]:[672, 981]
[672, 743]:[672, 755]
[672, 743]:[672, 871]
[672, 743]:[672, 981]
[672, 755]:[672, 871]
[672, 755]:[672, 981]
[672, 871]:[672, 981]
[202, 217]:[217, 313]
[202, 217]:[217, 361]
[202, 217]:[217, 627]
[217, 313]:[217, 361]
[217, 313]:[217, 627]
[217, 361]:[217, 627]
[202, 643]:[514, 643]
[202, 643]:[627, 643]
[202, 643]:[628, 643]
[202, 643]:[643, 787]
[514, 643]:[627, 643]
[514, 643]:[628, 643]
[514, 643]:[643, 787]
[627, 643]:[628, 643]
[627, 643]:[643, 787]
[628, 643]:[643, 787]
[202, 731]:[212, 731]
[202, 731]:[308, 731]
[202, 731]:[563, 731]
[212, 731]:[308, 731]
[212, 731]:[563, 731]
[308, 731]:[563, 731]
[203, 296]:[296, 637]
[203, 296]:[296, 804]
[203, 296]:[296, 940]
[296, 637]:[296, 804]
[296, 637]:[296, 940]
[296, 804]:[296, 940]
[203, 634]:[308, 634]
[203, 634]:[422, 634]
[203, 634]:[634, 718]
[203, 634]:[634, 728]
[203, 634]:[634, 770]
[203, 634]:[634, 870]
[203, 634]:[634, 906]
[308, 634]:[422, 634]
[308, 634]:[634, 718]
[308, 634]:[634, 728]
[308, 634]:[634, 770]
[308, 634]:[634, 870]
[308, 634]:[634, 906]
[422, 634]:[634, 718]
[422, 634]:[634, 728]
[422, 634]:[634, 770]
[422, 634]:[634, 870]
[422, 634]:[634, 906]
[634, 718]:[634, 728]
[634, 718]:[634, 770]
[634, 718]:[634, 870]
[634, 718]:[634, 906]
[634, 728]:[634, 770]
[634, 728]:[634, 870]
[634, 728]:[634, 906]
[634, 770]:[634, 870]
[634, 770]:[634, 906]
[634, 870]:[634, 906]
[204, 481]:[255, 481]
[204, 481]:[438, 481]
[204, 481]:[481, 905]
[204, 481]:[481, 958]
[255, 481]:[438, 481]
[255, 481]:[481, 905]
[255, 481]:[481, 958]
[438, 481]:[481, 905]
[438, 481]:[481, 958]
[481, 905]:[481, 958]
[204, 757]:[586, 757]
[204, 757]:[757, 862]
[204, 757]:[757, 932]
[586, 757]:[757, 862]
[586, 757]:[757, 932]
[757, 862]:[757, 932]
[205, 441]:[256, 441]
[205, 441]:[374, 441]
[205, 441]:[441, 544]
[205, 441]:[441, 632]
[205, 441]:[441, 859]
[205, 441]:[441, 880]
[256, 441]:[374, 441]
[256, 441]:[441, 544]
[256, 441]:[441, 632]
[256, 441]:[441, 859]
[256, 441]:[441, 880]
[374, 441]:[441, 544]
[374, 441]:[441, 632]
[374, 441]:[441, 859]
[374, 441]:[441, 880]
[441, 544]:[441, 632]
[441, 544]:[441, 859]
[441, 544]:[441, 880]
[441, 632]:[441, 859]
[441, 632]:[441, 880]
[441, 859]:[441, 880]
[205, 550]:[284, 550]
[205, 550]:[531, 550]
[205, 550]:[550, 613]
[205, 550]:[550, 816]
[205, 550]:[550, 821]
[205, 550]:[550, 941]
[205, 550]:[550, 960]
[205, 550]:[550, 999]
[284, 550]:[531, 550]
[284, 550]:[550, 613]
[284, 550]:[550, 816]
[284, 550]:[550, 821]
[284, 550]:[550, 941]
[284, 550]:[550, 960]
[284, 550]:[550, 999]
[531, 550]:[550, 613]
[531, 550]:[550, 816]
[531, 550]:[550, 821]
[531, 550]:[550, 941]
[531, 550]:[550, 960]
[531, 550]:[550, 999]
[550, 613]:[550, 816]
[550, 613]:[550, 821]
[550, 613]:[550, 941]
[550, 613]:[550, 960]
[550, 613]:[550, 999]
[550, 816]:[550, 821]
[550, 816]:[550, 941]
[550, 816]:[550, 960]
[550, 816]:[550, 999]
[550, 821]:[550, 941]
[550, 821]:[550, 960]
[550, 821]:[550, 999]
[550, 941]:[550, 960]
[550, 941]:[550, 999]
[550, 960]:[550, 999]
[206, 639]:[206, 799]
[206, 639]:[206, 879]
[206, 799]:[206, 879]
[206, 799]:[219, 799]
[206, 799]:[799, 839]
[206, 799]:[799, 916]
[206, 799]:[799, 938]
[219, 799]:[799, 839]
[219, 799]:[799, 916]
[219, 799]:[799, 938]
[799, 839]:[799, 916]
[799, 839]:[799, 938]
[799, 916]:[799, 938]
[207, 729]:[207, 738]
[207, 729]:[207, 812]
[207, 729]:[207, 933]
[207, 738]:[207, 812]
[207, 738]:[207, 933]
[207, 812]:[207, 933]
[207, 812]:[233, 812]
[207, 812]:[237, 812]
[207, 812]:[270, 812]
[207, 812]:[610, 812]
[207, 812]:[812, 835]
[207, 812]:[812, 899]
[207, 812]:[812, 929]
[233, 812]:[237, 812]
[233, 812]:[270, 812]
[233, 812]:[610, 812]
[233, 812]:[812, 835]
[233, 812]:[812, 899]
[233, 812]:[812, 929]
[237, 812]:[270, 812]
[237, 812]:[610, 812]
[237, 812]:[812, 835]
[237, 812]:[812, 899]
[237, 812]:[812, 929]
[270, 812]:[610, 812]
[270, 812]:[812, 835]
[270, 812]:[812, 899]
[270, 812]:[812, 929]
[610, 812]:[812, 835]
[610, 812]:[812, 899]
[610, 812]:[812, 929]
[812, 835]:[812, 899]
[812, 835]:[812, 929]
[812, 899]:[812, 929]
[208, 276]:[208, 594]
[209, 255]:[255, 476]
[209, 255]:[255, 481]
[209, 255]:[255, 721]
[209, 255]:[255, 879]
[255, 476]:[255, 481]
[255, 476]:[255, 721]
[255, 476]:[255, 879]
[255, 481]:[255, 721]
[255, 481]:[255, 879]
[255, 721]:[255, 879]
[209, 333]:[284, 333]
[209, 333]:[304, 333]
[209, 333]:[333, 341]
[209, 333]:[333, 443]
[209, 333]:[333, 682]
[209, 333]:[333, 846]
[209, 333]:[333, 976]
[284, 333]:[304, 333]
[284, 333]:[333, 341]
[284, 333]:[333, 443]
[284, 333]:[333, 682]
[284, 333]:[333, 846]
[284, 333]:[333, 976]
[304, 333]:[333, 341]
[304, 333]:[333, 443]
[304, 333]:[333, 682]
[304, 333]:[333, 846]
[304, 333]:[333, 976]
[333, 341]:[333, 443]
[333, 341]:[333, 682]
[333, 341]:[333, 846]
[333, 341]:[333, 976]
[333, 443]:[333, 682]
[333, 443]:[333, 846]
[333, 443]:[333, 976]
[333, 682]:[333, 846]
[333, 682]:[333, 976]
[333, 846]:[333, 976]
[209, 372]:[223, 372]
[209, 372]:[372, 387]
[209, 372]:[372, 435]
[209, 372]:[372, 708]
[223, 372]:[372, 387]
[223, 372]:[372, 435]
[223, 372]:[372, 708]
[372, 387]:[372, 435]
[372, 387]:[372, 708]
[372, 435]:[372, 708]
[211, 485]:[285, 485]
[211, 485]:[325, 485]
[211, 485]:[485, 656]
[211, 485]:[485, 707]
[211, 485]:[485, 766]
[211, 485]:[485, 810]
[285, 485]:[325, 485]
[285, 485]:[485, 656]
[285, 485]:[485, 707]
[285, 485]:[485, 766]
[285, 485]:[485, 810]
[325, 485]:[485, 656]
[325, 485]:[485, 707]
[325, 485]:[485, 766]
[325, 485]:[485, 810]
[485, 656]:[485, 707]
[485, 656]:[485, 766]
[485, 656]:[485, 810]
[485, 707]:[485, 766]
[485, 707]:[485, 810]
[485, 766]:[485, 810]
[211, 613]:[503, 613]
[211, 613]:[550, 613]
[211, 613]:[594, 613]
[211, 613]:[613, 630]
[211, 613]:[613, 907]
[211, 613]:[613, 932]
[503, 613]:[550, 613]
[503, 613]:[594, 613]
[503, 613]:[613, 630]
[503, 613]:[613, 907]
[503, 613]:[613, 932]
[550, 613]:[594, 613]
[550, 613]:[613, 630]
[550, 613]:[613, 907]
[550, 613]:[613, 932]
[594, 613]:[613, 630]
[594, 613]:[613, 907]
[594, 613]:[613, 932]
[613, 630]:[613, 907]
[613, 630]:[613, 932]
[613, 907]:[613, 932]
[212, 361]:[217, 361]
[212, 361]:[236, 361]
[212, 361]:[361, 462]
[212, 361]:[361, 470]
[212, 361]:[361, 546]
[212, 361]:[361, 659]
[212, 361]:[361, 785]
[212, 361]:[361, 800]
[217, 361]:[236, 361]
[217, 361]:[361, 462]
[217, 361]:[361, 470]
[217, 361]:[361, 546]
[217, 361]:[361, 659]
[217, 361]:[361, 785]
[217, 361]:[361, 800]
[236, 361]:[361, 462]
[236, 361]:[361, 470]
[236, 361]:[361, 546]
[236, 361]:[361, 659]
[236, 361]:[361, 785]
[236, 361]:[361, 800]
[361, 462]:[361, 470]
[361, 462]:[361, 546]
[361, 462]:[361, 659]
[361, 462]:[361, 785]
[361, 462]:[361, 800]
[361, 470]:[361, 546]
[361, 470]:[361, 659]
[361, 470]:[361, 785]
[361, 470]:[361, 800]
[361, 546]:[361, 659]
[361, 546]:[361, 785]
[361, 546]:[361, 800]
[361, 659]:[361, 785]
[361, 659]:[361, 800]
[361, 785]:[361, 800]
[212, 377]:[304, 377]
[212, 377]:[351, 377]
[212, 377]:[377, 380]
[212, 377]:[377, 408]
[212, 377]:[377, 588]
[212, 377]:[377, 625]
[212, 377]:[377, 895]
[212, 377]:[377, 900]
[304, 377]:[351, 377]
[304, 377]:[377, 380]
[304, 377]:[377, 408]
[304, 377]:[377, 588]
[304, 377]:[377, 625]
[304, 377]:[377, 895]
[304, 377]:[377, 900]
[351, 377]:[377, 380]
[351, 377]:[377, 408]
[351, 377]:[377, 588]
[351, 377]:[377, 625]
[351, 377]:[377, 895]
[351, 377]:[377, 900]
[377, 380]:[377, 408]
[377, 380]:[377, 588]
[377, 380]:[377, 625]
[377, 380]:[377, 895]
[377, 380]:[377, 900]
[377, 408]:[377, 588]
[377, 408]:[377, 625]
[377, 408]:[377, 895]
[377, 408]:[377, 900]
[377, 588]:[377, 625]
[377, 588]:[377, 895]
[377, 588]:[377, 900]
[377, 625]:[377, 895]
[377, 625]:[377, 900]
[377, 895]:[377, 900]
[213, 284]:[213, 432]
[213, 284]:[213, 482]
[213, 284]:[213, 587]
[213, 284]:[213, 592]
[213, 284]:[213, 619]
[213, 284]:[213, 934]
[213, 432]:[213, 482]
[213, 432]:[213, 587]
[213, 432]:[213, 592]
[213, 432]:[213, 619]
[213, 432]:[213, 934]
[213, 482]:[213, 587]
[213, 482]:[213, 592]
[213, 482]:[213, 619]
[213, 482]:[213, 934]
[213, 587]:[213, 592]
[213, 587]:[213, 619]
[213, 587]:[213, 934]
[213, 592]:[213, 619]
[213, 592]:[213, 934]
[213, 619]:[213, 934]
[213, 587]:[392, 587]
[213, 587]:[587, 639]
[213, 587]:[587, 683]
[213, 587]:[587, 697]
[213, 587]:[587, 997]
[392, 587]:[587, 639]
[392, 587]:[587, 683]
[392, 587]:[587, 697]
[392, 587]:[587, 997]
[587, 639]:[587, 683]
[587, 639]:[587, 697]
[587, 639]:[587, 997]
[587, 683]:[587, 697]
[587, 683]:[587, 997]
[587, 697]:[587, 997]
[214, 527]:[307, 527]
[214, 527]:[434, 527]
[214, 527]:[493, 527]
[214, 527]:[527, 615]
[214, 527]:[527, 838]
[307, 527]:[434, 527]
[307, 527]:[493, 527]
[307, 527]:[527, 615]
[307, 527]:[527, 838]
[434, 527]:[493, 527]
[434, 527]:[527, 615]
[434, 527]:[527, 838]
[493, 527]:[527, 615]
[493, 527]:[527, 838]
[527, 615]:[527, 838]
[215, 281]:[215, 829]
[215, 281]:[215, 873]
[215, 829]:[215, 873]
[216, 503]:[216, 577]
[216, 503]:[216, 673]
[216, 503]:[216, 724]
[216, 503]:[216, 734]
[216, 503]:[216, 974]
[216, 577]:[216, 673]
[216, 577]:[216, 724]
[216, 577]:[216, 734]
[216, 577]:[216, 974]
[216, 673]:[216, 724]
[216, 673]:[216, 734]
[216, 673]:[216, 974]
[216, 724]:[216, 734]
[216, 724]:[216, 974]
[216, 734]:[216, 974]
[216, 734]:[374, 734]
[216, 734]:[520, 734]
[216, 734]:[620, 734]
[216, 734]:[701, 734]
[216, 734]:[734, 759]
[216, 734]:[734, 763]
[216, 734]:[734, 874]
[216, 734]:[734, 907]
[216, 734]:[734, 912]
[374, 734]:[520, 734]
[374, 734]:[620, 734]
[374, 734]:[701, 734]
[374, 734]:[734, 759]
[374, 734]:[734, 763]
[374, 734]:[734, 874]
[374, 734]:[734, 907]
[374, 734]:[734, 912]
[520, 734]:[620, 734]
[520, 734]:[701, 734]
[520, 734]:[734, 759]
[520, 734]:[734, 763]
[520, 734]:[734, 874]
[520, 734]:[734, 907]
[520, 734]:[734, 912]
[620, 734]:[701, 734]
[620, 734]:[734, 759]
[620, 734]:[734, 763]
[620, 734]:[734, 874]
[620, 734]:[734, 907]
[620, 734]:[734, 912]
[701, 734]:[734, 759]
[701, 734]:[734, 763]
[701, 734]:[734, 874]
[701, 734]:[734, 907]
[701, 734]:[734, 912]
[734, 759]:[734, 763]
[734, 759]:[734, 874]
[734, 759]:[734, 907]
[734, 759]:[734, 912]
[734, 763]:[734, 874]
[734, 763]:[734, 907]
[734, 763]:[734, 912]
[734, 874]:[734, 907]
[734, 874]:[734, 912]
[734, 907]:[734, 912]
[218, 584]:[338, 584]
[218, 584]:[393, 584]
[218, 584]:[523, 584]
[218, 584]:[584, 710]
[218, 584]:[584, 875]
[218, 584]:[584, 942]
[338, 584]:[393, 584]
[338, 584]:[523, 584]
[338, 584]:[584, 710]
[338, 584]:[584, 875]
[338, 584]:[584, 942]
[393, 584]:[523, 584]
[393, 584]:[584, 710]
[393, 584]:[584, 875]
[393, 584]:[584, 942]
[523, 584]:[584, 710]
[523, 584]:[584, 875]
[523, 584]:[584, 942]
[584, 710]:[584, 875]
[584, 710]:[584, 942]
[584, 875]:[584, 942]
[221, 429]:[429, 457]
[221, 429]:[429, 467]
[221, 429]:[429, 875]
[429, 457]:[429, 467]
[429, 457]:[429, 875]
[429, 467]:[429, 875]
[221, 685]:[685, 971]
[223, 589]:[457, 589]
[223, 589]:[589, 648]
[223, 589]:[589, 682]
[223, 589]:[589, 777]
[457, 589]:[589, 648]
[457, 589]:[589, 682]
[457, 589]:[589, 777]
[589, 648]:[589, 682]
[589, 648]:[589, 777]
[589, 682]:[589, 777]
[224, 449]:[224, 559]
[226, 520]:[358, 520]
[226, 520]:[378, 520]
[226, 520]:[520, 585]
[226, 520]:[520, 734]
[226, 520]:[520, 997]
[358, 520]:[378, 520]
[358, 520]:[520, 585]
[358, 520]:[520, 734]
[358, 520]:[520, 997]
[378, 520]:[520, 585]
[378, 520]:[520, 734]
[378, 520]:[520, 997]
[520, 585]:[520, 734]
[520, 585]:[520, 997]
[520, 734]:[520, 997]
[227, 300]:[227, 359]
[227, 300]:[227, 383]
[227, 300]:[227, 754]
[227, 300]:[227, 880]
[227, 359]:[227, 383]
[227, 359]:[227, 754]
[227, 359]:[227, 880]
[227, 383]:[227, 754]
[227, 383]:[227, 880]
[227, 754]:[227, 880]
[227, 880]:[309, 880]
[227, 880]:[441, 880]
[227, 880]:[879, 880]
[309, 880]:[441, 880]
[309, 880]:[879, 880]
[441, 880]:[879, 880]
[228, 513]:[228, 611]
[228, 513]:[228, 804]
[228, 513]:[228, 833]
[228, 513]:[228, 959]
[228, 611]:[228, 804]
[228, 611]:[228, 833]
[228, 611]:[228, 959]
[228, 804]:[228, 833]
[228, 804]:[228, 959]
[228, 833]:[228, 959]
[228, 513]:[317, 513]
[228, 513]:[355, 513]
[228, 513]:[360, 513]
[317, 513]:[355, 513]
[317, 513]:[360, 513]
[355, 513]:[360, 513]
[228, 833]:[833, 974]
[229, 491]:[310, 491]
[229, 491]:[340, 491]
[229, 491]:[349, 491]
[229, 491]:[473, 491]
[229, 491]:[491, 514]
[310, 491]:[340, 491]
[310, 491]:[349, 491]
[310, 491]:[473, 491]
[310, 491]:[491, 514]
[340, 491]:[349, 491]
[340, 491]:[473, 491]
[340, 491]:[491, 514]
[349, 491]:[473, 491]
[349, 491]:[491, 514]
[473, 491]:[491, 514]
[230, 539]:[539, 600]
[230, 539]:[539, 603]
[230, 539]:[539, 694]
[230, 539]:[539, 736]
[230, 539]:[539, 895]
[539, 600]:[539, 603]
[539, 600]:[539, 694]
[539, 600]:[539, 736]
[539, 600]:[539, 895]
[539, 603]:[539, 694]
[539, 603]:[539, 736]
[539, 603]:[539, 895]
[539, 694]:[539, 736]
[539, 694]:[539, 895]
[539, 736]:[539, 895]
[231, 755]:[629, 755]
[231, 755]:[672, 755]
[231, 755]:[744, 755]
[231, 755]:[755, 773]
[231, 755]:[755, 853]
[231, 755]:[755, 933]
[629, 755]:[672, 755]
[629, 755]:[744, 755]
[629, 755]:[755, 773]
[629, 755]:[755, 853]
[629, 755]:[755, 933]
[672, 755]:[744, 755]
[672, 755]:[755, 773]
[672, 755]:[755, 853]
[672, 755]:[755, 933]
[744, 755]:[755, 773]
[744, 755]:[755, 853]
[744, 755]:[755, 933]
[755, 773]:[755, 853]
[755, 773]:[755, 933]
[755, 853]:[755, 933]
[232, 315]:[315, 398]
[232, 315]:[315, 902]
[315, 398]:[315, 902]
[232, 698]:[410, 698]
[232, 698]:[615, 698]
[232, 698]:[672, 698]
[232, 698]:[698, 761]
[232, 698]:[698, 796]
[232, 698]:[698, 852]
[410, 698]:[615, 698]
[410, 698]:[672, 698]
[410, 698]:[698, 761]
[410, 698]:[698, 796]
[410, 698]:[698, 852]
[615, 698]:[672, 698]
[615, 698]:[698, 761]
[615, 698]:[698, 796]
[615, 698]:[698, 852]
[672, 698]:[698, 761]
[672, 698]:[698, 796]
[672, 698]:[698, 852]
[698, 761]:[698, 796]
[698, 761]:[698, 852]
[698, 796]:[698, 852]
[232, 836]:[351, 836]
[232, 836]:[553, 836]
[232, 836]:[836, 862]
[232, 836]:[836, 926]
[232, 836]:[836, 983]
[351, 836]:[553, 836]
[351, 836]:[836, 862]
[351, 836]:[836, 926]
[351, 836]:[836, 983]
[553, 836]:[836, 862]
[553, 836]:[836, 926]
[553, 836]:[836, 983]
[836, 862]:[836, 926]
[836, 862]:[836, 983]
[836, 926]:[836, 983]
[233, 272]:[272, 320]
[233, 272]:[272, 432]
[233, 272]:[272, 511]
[233, 272]:[272, 830]
[233, 272]:[272, 867]
[272, 320]:[272, 432]
[272, 320]:[272, 511]
[272, 320]:[272, 830]
[272, 320]:[272, 867]
[272, 432]:[272, 511]
[272, 432]:[272, 830]
[272, 432]:[272, 867]
[272, 511]:[272, 830]
[272, 511]:[272, 867]
[272, 830]:[272, 867]
[233, 764]:[237, 764]
[233, 764]:[261, 764]
[233, 764]:[337, 764]
[233, 764]:[752, 764]
[237, 764]:[261, 764]
[237, 764]:[337, 764]
[237, 764]:[752, 764]
[261, 764]:[337, 764]
[261, 764]:[752, 764]
[337, 764]:[752, 764]
[235, 298]:[235, 678]
[235, 298]:[235, 851]
[235, 678]:[235, 851]
[235, 678]:[454, 678]
[235, 678]:[678, 775]
[235, 678]:[678, 970]
[454, 678]:[678, 775]
[454, 678]:[678, 970]
[678, 775]:[678, 970]
[236, 382]:[250, 382]
[236, 382]:[382, 436]
[236, 382]:[382, 536]
[236, 382]:[382, 763]
[236, 382]:[382, 825]
[250, 382]:[382, 436]
[250, 382]:[382, 536]
[250, 382]:[382, 763]
[250, 382]:[382, 825]
[382, 436]:[382, 536]
[382, 436]:[382, 763]
[382, 436]:[382, 825]
[382, 536]:[382, 763]
[382, 536]:[382, 825]
[382, 763]:[382, 825]
[236, 533]:[279, 533]
[236, 533]:[342, 533]
[236, 533]:[469, 533]
[236, 533]:[533, 786]
[279, 533]:[342, 533]
[279, 533]:[469, 533]
[279, 533]:[533, 786]
[342, 533]:[469, 533]
[342, 533]:[533, 786]
[469, 533]:[533, 786]
[236, 534]:[275, 534]
[236, 534]:[309, 534]
[236, 534]:[388, 534]
[236, 534]:[455, 534]
[236, 534]:[479, 534]
[236, 534]:[534, 753]
[236, 534]:[534, 907]
[275, 534]:[309, 534]
[275, 534]:[388, 534]
[275, 534]:[455, 534]
[275, 534]:[479, 534]
[275, 534]:[534, 753]
[275, 534]:[534, 907]
[309, 534]:[388, 534]
[309, 534]:[455, 534]
[309, 534]:[479, 534]
[309, 534]:[534, 753]
[309, 534]:[534, 907]
[388, 534]:[455, 534]
[388, 534]:[479, 534]
[388, 534]:[534, 753]
[388, 534]:[534, 907]
[455, 534]:[479, 534]
[455, 534]:[534, 753]
[455, 534]:[534, 907]
[479, 534]:[534, 753]
[479, 534]:[534, 907]
[534, 753]:[534, 907]
[236, 963]:[479, 963]
[236, 963]:[501, 963]
[236, 963]:[540, 963]
[236, 963]:[759, 963]
[236, 963]:[788, 963]
[479, 963]:[501, 963]
[479, 963]:[540, 963]
[479, 963]:[759, 963]
[479, 963]:[788, 963]
[501, 963]:[540, 963]
[501, 963]:[759, 963]
[501, 963]:[788, 963]
[540, 963]:[759, 963]
[540, 963]:[788, 963]
[759, 963]:[788, 963]
[237, 997]:[520, 997]
[237, 997]:[587, 997]
[237, 997]:[972, 997]
[520, 997]:[587, 997]
[520, 997]:[972, 997]
[587, 997]:[972, 997]
[238, 281]:[238, 409]
[238, 281]:[238, 417]
[238, 281]:[238, 436]
[238, 281]:[238, 571]
[238, 281]:[238, 713]
[238, 409]:[238, 417]
[238, 409]:[238, 436]
[238, 409]:[238, 571]
[238, 409]:[238, 713]
[238, 417]:[238, 436]
[238, 417]:[238, 571]
[238, 417]:[238, 713]
[238, 436]:[238, 571]
[238, 436]:[238, 713]
[238, 571]:[238, 713]
[238, 436]:[295, 436]
[238, 436]:[376, 436]
[238, 436]:[382, 436]
[238, 436]:[425, 436]
[238, 436]:[436, 683]
[238, 436]:[436, 876]
[238, 436]:[436, 934]
[295, 436]:[376, 436]
[295, 436]:[382, 436]
[295, 436]:[425, 436]
[295, 436]:[436, 683]
[295, 436]:[436, 876]
[295, 436]:[436, 934]
[376, 436]:[382, 436]
[376, 436]:[425, 436]
[376, 436]:[436, 683]
[376, 436]:[436, 876]
[376, 436]:[436, 934]
[382, 436]:[425, 436]
[382, 436]:[436, 683]
[382, 436]:[436, 876]
[382, 436]:[436, 934]
[425, 436]:[436, 683]
[425, 436]:[436, 876]
[425, 436]:[436, 934]
[436, 683]:[436, 876]
[436, 683]:[436, 934]
[436, 876]:[436, 934]
[240, 818]:[321, 818]
[240, 818]:[507, 818]
[240, 818]:[636, 818]
[240, 818]:[818, 868]
[321, 818]:[507, 818]
[321, 818]:[636, 818]
[321, 818]:[818, 868]
[507, 818]:[636, 818]
[507, 818]:[818, 868]
[636, 818]:[818, 868]
[240, 898]:[247, 898]
[240, 898]:[474, 898]
[247, 898]:[474, 898]
[240, 995]:[486, 995]
[240, 995]:[592, 995]
[240, 995]:[611, 995]
[486, 995]:[592, 995]
[486, 995]:[611, 995]
[592, 995]:[611, 995]
[241, 345]:[241, 516]
[241, 345]:[241, 633]
[241, 345]:[241, 822]
[241, 516]:[241, 633]
[241, 516]:[241, 822]
[241, 633]:[241, 822]
[241, 633]:[242, 633]
[241, 633]:[551, 633]
[241, 633]:[633, 814]
[241, 633]:[633, 964]
[242, 633]:[551, 633]
[242, 633]:[633, 814]
[242, 633]:[633, 964]
[551, 633]:[633, 814]
[551, 633]:[633, 964]
[633, 814]:[633, 964]
[242, 866]:[440, 866]
[242, 866]:[455, 866]
[242, 866]:[665, 866]
[242, 866]:[866, 976]
[440, 866]:[455, 866]
[440, 866]:[665, 866]
[440, 866]:[866, 976]
[455, 866]:[665, 866]
[455, 866]:[866, 976]
[665, 866]:[866, 976]
[245, 699]:[667, 699]
[245, 699]:[699, 859]
[245, 699]:[699, 948]
[245, 699]:[699, 967]
[667, 699]:[699, 859]
[667, 699]:[699, 948]
[667, 699]:[699, 967]
[699, 859]:[699, 948]
[699, 859]:[699, 967]
[699, 948]:[699, 967]
[245, 856]:[616, 856]
[245, 856]:[856, 973]
[616, 856]:[856, 973]
[247, 947]:[269, 947]
[247, 947]:[500, 947]
[247, 947]:[892, 947]
[269, 947]:[500, 947]
[269, 947]:[892, 947]
[500, 947]:[892, 947]
[248, 467]:[284, 467]
[248, 467]:[332, 467]
[248, 467]:[411, 467]
[248, 467]:[429, 467]
[248, 467]:[467, 555]
[248, 467]:[467, 888]
[284, 467]:[332, 467]
[284, 467]:[411, 467]
[284, 467]:[429, 467]
[284, 467]:[467, 555]
[284, 467]:[467, 888]
[332, 467]:[411, 467]
[332, 467]:[429, 467]
[332, 467]:[467, 555]
[332, 467]:[467, 888]
[411, 467]:[429, 467]
[411, 467]:[467, 555]
[411, 467]:[467, 888]
[429, 467]:[467, 555]
[429, 467]:[467, 888]
[467, 555]:[467, 888]
[249, 498]:[371, 498]
[249, 498]:[472, 498]
[249, 498]:[498, 514]
[249, 498]:[498, 568]
[249, 498]:[498, 595]
[249, 498]:[498, 819]
[249, 498]:[498, 838]
[371, 498]:[472, 498]
[371, 498]:[498, 514]
[371, 498]:[498, 568]
[371, 498]:[498, 595]
[371, 498]:[498, 819]
[371, 498]:[498, 838]
[472, 498]:[498, 514]
[472, 498]:[498, 568]
[472, 498]:[498, 595]
[472, 498]:[498, 819]
[472, 498]:[498, 838]
[498, 514]:[498, 568]
[498, 514]:[498, 595]
[498, 514]:[498, 819]
[498, 514]:[498, 838]
[498, 568]:[498, 595]
[498, 568]:[498, 819]
[498, 568]:[498, 838]
[498, 595]:[498, 819]
[498, 595]:[498, 838]
[498, 819]:[498, 838]
[250, 264]:[250, 342]
[250, 264]:[250, 382]
[250, 264]:[250, 452]
[250, 264]:[250, 561]
[250, 264]:[250, 863]
[250, 264]:[250, 915]
[250, 342]:[250, 382]
[250, 342]:[250, 452]
[250, 342]:[250, 561]
[250, 342]:[250, 863]
[250, 342]:[250, 915]
[250, 382]:[250, 452]
[250, 382]:[250, 561]
[250, 382]:[250, 863]
[250, 382]:[250, 915]
[250, 452]:[250, 561]
[250, 452]:[250, 863]
[250, 452]:[250, 915]
[250, 561]:[250, 863]
[250, 561]:[250, 915]
[250, 863]:[250, 915]
[250, 264]:[264, 386]
[250, 264]:[264, 437]
[250, 264]:[264, 468]
[250, 264]:[264, 700]
[250, 264]:[264, 744]
[250, 264]:[264, 887]
[250, 264]:[264, 895]
[250, 264]:[264, 917]
[264, 386]:[264, 437]
[264, 386]:[264, 468]
[264, 386]:[264, 700]
[264, 386]:[264, 744]
[264, 386]:[264, 887]
[264, 386]:[264, 895]
[264, 386]:[264, 917]
[264, 437]:[264, 468]
[264, 437]:[264, 700]
[264, 437]:[264, 744]
[264, 437]:[264, 887]
[264, 437]:[264, 895]
[264, 437]:[264, 917]
[264, 468]:[264, 700]
[264, 468]:[264, 744]
[264, 468]:[264, 887]
[264, 468]:[264, 895]
[264, 468]:[264, 917]
[264, 700]:[264, 744]
[264, 700]:[264, 887]
[264, 700]:[264, 895]
[264, 700]:[264, 917]
[264, 744]:[264, 887]
[264, 744]:[264, 895]
[264, 744]:[264, 917]
[264, 887]:[264, 895]
[264, 887]:[264, 917]
[264, 895]:[264, 917]
[250, 561]:[268, 561]
[250, 561]:[299, 561]
[250, 561]:[321, 561]
[250, 561]:[561, 623]
[250, 561]:[561, 694]
[250, 561]:[561, 768]
[268, 561]:[299, 561]
[268, 561]:[321, 561]
[268, 561]:[561, 623]
[268, 561]:[561, 694]
[268, 561]:[561, 768]
[299, 561]:[321, 561]
[299, 561]:[561, 623]
[299, 561]:[561, 694]
[299, 561]:[561, 768]
[321, 561]:[561, 623]
[321, 561]:[561, 694]
[321, 561]:[561, 768]
[561, 623]:[561, 694]
[561, 623]:[561, 768]
[561, 694]:[561, 768]
[253, 593]:[466, 593]
[253, 593]:[593, 944]
[466, 593]:[593, 944]
[254, 507]:[490, 507]
[254, 507]:[507, 511]
[254, 507]:[507, 777]
[254, 507]:[507, 782]
[254, 507]:[507, 818]
[490, 507]:[507, 511]
[490, 507]:[507, 777]
[490, 507]:[507, 782]
[490, 507]:[507, 818]
[507, 511]:[507, 777]
[507, 511]:[507, 782]
[507, 511]:[507, 818]
[507, 777]:[507, 782]
[507, 777]:[507, 818]
[507, 782]:[507, 818]
[256, 537]:[270, 537]
[256, 537]:[286, 537]
[256, 537]:[537, 688]
[256, 537]:[537, 923]
[270, 537]:[286, 537]
[270, 537]:[537, 688]
[270, 537]:[537, 923]
[286, 537]:[537, 688]
[286, 537]:[537, 923]
[537, 688]:[537, 923]
[258, 317]:[317, 513]
[258, 317]:[317, 739]
[258, 317]:[317, 937]
[317, 513]:[317, 739]
[317, 513]:[317, 937]
[317, 739]:[317, 937]
[259, 312]:[259, 423]
[259, 312]:[259, 597]
[259, 312]:[259, 649]
[259, 423]:[259, 597]
[259, 423]:[259, 649]
[259, 597]:[259, 649]
[259, 423]:[327, 423]
[259, 423]:[423, 493]
[259, 423]:[423, 695]
[259, 423]:[423, 772]
[259, 423]:[423, 861]
[259, 423]:[423, 919]
[259, 423]:[423, 924]
[327, 423]:[423, 493]
[327, 423]:[423, 695]
[327, 423]:[423, 772]
[327, 423]:[423, 861]
[327, 423]:[423, 919]
[327, 423]:[423, 924]
[423, 493]:[423, 695]
[423, 493]:[423, 772]
[423, 493]:[423, 861]
[423, 493]:[423, 919]
[423, 493]:[423, 924]
[423, 695]:[423, 772]
[423, 695]:[423, 861]
[423, 695]:[423, 919]
[423, 695]:[423, 924]
[423, 772]:[423, 861]
[423, 772]:[423, 919]
[423, 772]:[423, 924]
[423, 861]:[423, 919]
[423, 861]:[423, 924]
[423, 919]:[423, 924]
[262, 529]:[529, 586]
[262, 529]:[529, 736]
[262, 529]:[529, 800]
[262, 529]:[529, 830]
[262, 529]:[529, 940]
[262, 529]:[529, 949]
[529, 586]:[529, 736]
[529, 586]:[529, 800]
[529, 586]:[529, 830]
[529, 586]:[529, 940]
[529, 586]:[529, 949]
[529, 736]:[529, 800]
[529, 736]:[529, 830]
[529, 736]:[529, 940]
[529, 736]:[529, 949]
[529, 800]:[529, 830]
[529, 800]:[529, 940]
[529, 800]:[529, 949]
[529, 830]:[529, 940]
[529, 830]:[529, 949]
[529, 940]:[529, 949]
[263, 696]:[445, 696]
[263, 696]:[696, 960]
[445, 696]:[696, 960]
[264, 386]:[354, 386]
[264, 386]:[386, 592]
[264, 386]:[386, 686]
[264, 386]:[386, 843]
[264, 386]:[386, 957]
[354, 386]:[386, 592]
[354, 386]:[386, 686]
[354, 386]:[386, 843]
[354, 386]:[386, 957]
[386, 592]:[386, 686]
[386, 592]:[386, 843]
[386, 592]:[386, 957]
[386, 686]:[386, 843]
[386, 686]:[386, 957]
[386, 843]:[386, 957]
[264, 468]:[266, 468]
[264, 468]:[468, 677]
[266, 468]:[468, 677]
[264, 744]:[347, 744]
[264, 744]:[350, 744]
[264, 744]:[374, 744]
[264, 744]:[592, 744]
[264, 744]:[618, 744]
[264, 744]:[744, 755]
[264, 744]:[744, 826]
[347, 744]:[350, 744]
[347, 744]:[374, 744]
[347, 744]:[592, 744]
[347, 744]:[618, 744]
[347, 744]:[744, 755]
[347, 744]:[744, 826]
[350, 744]:[374, 744]
[350, 744]:[592, 744]
[350, 744]:[618, 744]
[350, 744]:[744, 755]
[350, 744]:[744, 826]
[374, 744]:[592, 744]
[374, 744]:[618, 744]
[374, 744]:[744, 755]
[374, 744]:[744, 826]
[592, 744]:[618, 744]
[592, 744]:[744, 755]
[592, 744]:[744, 826]
[618, 744]:[744, 755]
[618, 744]:[744, 826]
[744, 755]:[744, 826]
[265, 973]:[362, 973]
[265, 973]:[497, 973]
[265, 973]:[774, 973]
[265, 973]:[782, 973]
[265, 973]:[791, 973]
[265, 973]:[856, 973]
[362, 973]:[497, 973]
[362, 973]:[774, 973]
[362, 973]:[782, 973]
[362, 973]:[791, 973]
[362, 973]:[856, 973]
[497, 973]:[774, 973]
[497, 973]:[782, 973]
[497, 973]:[791, 973]
[497, 973]:[856, 973]
[774, 973]:[782, 973]
[774, 973]:[791, 973]
[774, 973]:[856, 973]
[782, 973]:[791, 973]
[782, 973]:[856, 973]
[791, 973]:[856, 973]
[266, 340]:[340, 476]
[266, 340]:[340, 491]
[266, 340]:[340, 797]
[266, 340]:[340, 848]
[266, 340]:[340, 918]
[266, 340]:[340, 974]
[340, 476]:[340, 491]
[340, 476]:[340, 797]
[340, 476]:[340, 848]
[340, 476]:[340, 918]
[340, 476]:[340, 974]
[340, 491]:[340, 797]
[340, 491]:[340, 848]
[340, 491]:[340, 918]
[340, 491]:[340, 974]
[340, 797]:[340, 848]
[340, 797]:[340, 918]
[340, 797]:[340, 974]
[340, 848]:[340, 918]
[340, 848]:[340, 974]
[340, 918]:[340, 974]
[266, 413]:[413, 580]
[266, 413]:[413, 670]
[266, 413]:[413, 707]
[266, 413]:[413, 881]
[413, 580]:[413, 670]
[413, 580]:[413, 707]
[413, 580]:[413, 881]
[413, 670]:[413, 707]
[413, 670]:[413, 881]
[413, 707]:[413, 881]
[267, 270]:[270, 537]
[267, 270]:[270, 785]
[267, 270]:[270, 812]
[270, 537]:[270, 785]
[270, 537]:[270, 812]
[270, 785]:[270, 812]
[269, 415]:[279, 415]
[269, 415]:[350, 415]
[269, 415]:[357, 415]
[269, 415]:[415, 689]
[279, 415]:[350, 415]
[279, 415]:[357, 415]
[279, 415]:[415, 689]
[350, 415]:[357, 415]
[350, 415]:[415, 689]
[357, 415]:[415, 689]
[269, 440]:[338, 440]
[269, 440]:[440, 687]
[269, 440]:[440, 701]
[269, 440]:[440, 847]
[269, 440]:[440, 866]
[338, 440]:[440, 687]
[338, 440]:[440, 701]
[338, 440]:[440, 847]
[338, 440]:[440, 866]
[440, 687]:[440, 701]
[440, 687]:[440, 847]
[440, 687]:[440, 866]
[440, 701]:[440, 847]
[440, 701]:[440, 866]
[440, 847]:[440, 866]
[271, 521]:[271, 573]
[272, 867]:[626, 867]
[272, 867]:[681, 867]
[272, 867]:[705, 867]
[272, 867]:[720, 867]
[272, 867]:[867, 929]
[272, 867]:[867, 966]
[626, 867]:[681, 867]
[626, 867]:[705, 867]
[626, 867]:[720, 867]
[626, 867]:[867, 929]
[626, 867]:[867, 966]
[681, 867]:[705, 867]
[681, 867]:[720, 867]
[681, 867]:[867, 929]
[681, 867]:[867, 966]
[705, 867]:[720, 867]
[705, 867]:[867, 929]
[705, 867]:[867, 966]
[720, 867]:[867, 929]
[720, 867]:[867, 966]
[867, 929]:[867, 966]
[273, 392]:[328, 392]
[273, 392]:[343, 392]
[273, 392]:[392, 587]
[273, 392]:[392, 719]
[328, 392]:[343, 392]
[328, 392]:[392, 587]
[328, 392]:[392, 719]
[343, 392]:[392, 587]
[343, 392]:[392, 719]
[392, 587]:[392, 719]
[274, 303]:[287, 303]
[274, 303]:[303, 336]
[274, 303]:[303, 503]
[274, 303]:[303, 557]
[274, 303]:[303, 623]
[274, 303]:[303, 927]
[287, 303]:[303, 336]
[287, 303]:[303, 503]
[287, 303]:[303, 557]
[287, 303]:[303, 623]
[287, 303]:[303, 927]
[303, 336]:[303, 503]
[303, 336]:[303, 557]
[303, 336]:[303, 623]
[303, 336]:[303, 927]
[303, 503]:[303, 557]
[303, 503]:[303, 623]
[303, 503]:[303, 927]
[303, 557]:[303, 623]
[303, 557]:[303, 927]
[303, 623]:[303, 927]
[277, 373]:[373, 458]
[277, 373]:[373, 998]
[373, 458]:[373, 998]
[279, 693]:[291, 693]
[279, 693]:[567, 693]
[279, 693]:[571, 693]
[279, 693]:[693, 822]
[279, 693]:[693, 857]
[279, 693]:[693, 892]
[291, 693]:[567, 693]
[291, 693]:[571, 693]
[291, 693]:[693, 822]
[291, 693]:[693, 857]
[291, 693]:[693, 892]
[567, 693]:[571, 693]
[567, 693]:[693, 822]
[567, 693]:[693, 857]
[567, 693]:[693, 892]
[571, 693]:[693, 822]
[571, 693]:[693, 857]
[571, 693]:[693, 892]
[693, 822]:[693, 857]
[693, 822]:[693, 892]
[693, 857]:[693, 892]
[279, 876]:[406, 876]
[279, 876]:[436, 876]
[279, 876]:[508, 876]
[279, 876]:[524, 876]
[279, 876]:[612, 876]
[279, 876]:[639, 876]
[406, 876]:[436, 876]
[406, 876]:[508, 876]
[406, 876]:[524, 876]
[406, 876]:[612, 876]
[406, 876]:[639, 876]
[436, 876]:[508, 876]
[436, 876]:[524, 876]
[436, 876]:[612, 876]
[436, 876]:[639, 876]
[508, 876]:[524, 876]
[508, 876]:[612, 876]
[508, 876]:[639, 876]
[524, 876]:[612, 876]
[524, 876]:[639, 876]
[612, 876]:[639, 876]
[280, 936]:[358, 936]
[280, 936]:[577, 936]
[358, 936]:[577, 936]
[281, 329]:[307, 329]
[281, 329]:[329, 624]
[281, 329]:[329, 665]
[281, 329]:[329, 708]
[281, 329]:[329, 902]
[307, 329]:[329, 624]
[307, 329]:[329, 665]
[307, 329]:[329, 708]
[307, 329]:[329, 902]
[329, 624]:[329, 665]
[329, 624]:[329, 708]
[329, 624]:[329, 902]
[329, 665]:[329, 708]
[329, 665]:[329, 902]
[329, 708]:[329, 902]
[282, 766]:[302, 766]
[282, 766]:[485, 766]
[302, 766]:[485, 766]
[283, 363]:[348, 363]
[283, 363]:[363, 463]
[283, 363]:[363, 496]
[283, 363]:[363, 617]
[283, 363]:[363, 649]
[348, 363]:[363, 463]
[348, 363]:[363, 496]
[348, 363]:[363, 617]
[348, 363]:[363, 649]
[363, 463]:[363, 496]
[363, 463]:[363, 617]
[363, 463]:[363, 649]
[363, 496]:[363, 617]
[363, 496]:[363, 649]
[363, 617]:[363, 649]
[285, 389]:[285, 485]
[285, 389]:[285, 568]
[285, 389]:[285, 590]
[285, 389]:[285, 700]
[285, 389]:[285, 782]
[285, 389]:[285, 838]
[285, 485]:[285, 568]
[285, 485]:[285, 590]
[285, 485]:[285, 700]
[285, 485]:[285, 782]
[285, 485]:[285, 838]
[285, 568]:[285, 590]
[285, 568]:[285, 700]
[285, 568]:[285, 782]
[285, 568]:[285, 838]
[285, 590]:[285, 700]
[285, 590]:[285, 782]
[285, 590]:[285, 838]
[285, 700]:[285, 782]
[285, 700]:[285, 838]
[285, 782]:[285, 838]
[285, 568]:[498, 568]
[285, 568]:[515, 568]
[285, 568]:[568, 639]
[285, 568]:[568, 640]
[285, 568]:[568, 662]
[285, 568]:[568, 689]
[498, 568]:[515, 568]
[498, 568]:[568, 639]
[498, 568]:[568, 640]
[498, 568]:[568, 662]
[498, 568]:[568, 689]
[515, 568]:[568, 639]
[515, 568]:[568, 640]
[515, 568]:[568, 662]
[515, 568]:[568, 689]
[568, 639]:[568, 640]
[568, 639]:[568, 662]
[568, 639]:[568, 689]
[568, 640]:[568, 662]
[568, 640]:[568, 689]
[568, 662]:[568, 689]
[285, 782]:[404, 782]
[285, 782]:[507, 782]
[285, 782]:[630, 782]
[285, 782]:[782, 888]
[285, 782]:[782, 904]
[285, 782]:[782, 941]
[285, 782]:[782, 973]
[285, 782]:[782, 986]
[404, 782]:[507, 782]
[404, 782]:[630, 782]
[404, 782]:[782, 888]
[404, 782]:[782, 904]
[404, 782]:[782, 941]
[404, 782]:[782, 973]
[404, 782]:[782, 986]
[507, 782]:[630, 782]
[507, 782]:[782, 888]
[507, 782]:[782, 904]
[507, 782]:[782, 941]
[507, 782]:[782, 973]
[507, 782]:[782, 986]
[630, 782]:[782, 888]
[630, 782]:[782, 904]
[630, 782]:[782, 941]
[630, 782]:[782, 973]
[630, 782]:[782, 986]
[782, 888]:[782, 904]
[782, 888]:[782, 941]
[782, 888]:[782, 973]
[782, 888]:[782, 986]
[782, 904]:[782, 941]
[782, 904]:[782, 973]
[782, 904]:[782, 986]
[782, 941]:[782, 973]
[782, 941]:[782, 986]
[782, 973]:[782, 986]
[287, 303]:[287, 883]
[287, 883]:[476, 883]
[287, 883]:[655, 883]
[476, 883]:[655, 883]
[295, 892]:[522, 892]
[295, 892]:[532, 892]
[295, 892]:[693, 892]
[295, 892]:[892, 911]
[295, 892]:[892, 947]
[295, 892]:[892, 955]
[522, 892]:[532, 892]
[522, 892]:[693, 892]
[522, 892]:[892, 911]
[522, 892]:[892, 947]
[522, 892]:[892, 955]
[532, 892]:[693, 892]
[532, 892]:[892, 911]
[532, 892]:[892, 947]
[532, 892]:[892, 955]
[693, 892]:[892, 911]
[693, 892]:[892, 947]
[693, 892]:[892, 955]
[892, 911]:[892, 947]
[892, 911]:[892, 955]
[892, 947]:[892, 955]
[297, 324]:[324, 407]
[297, 324]:[324, 562]
[297, 324]:[324, 625]
[297, 324]:[324, 708]
[297, 324]:[324, 969]
[324, 407]:[324, 562]
[324, 407]:[324, 625]
[324, 407]:[324, 708]
[324, 407]:[324, 969]
[324, 562]:[324, 625]
[324, 562]:[324, 708]
[324, 562]:[324, 969]
[324, 625]:[324, 708]
[324, 625]:[324, 969]
[324, 708]:[324, 969]
[303, 336]:[336, 451]
[303, 336]:[336, 488]
[336, 451]:[336, 488]
[304, 321]:[304, 333]
[304, 321]:[304, 349]
[304, 321]:[304, 377]
[304, 321]:[304, 588]
[304, 321]:[304, 595]
[304, 321]:[304, 863]
[304, 333]:[304, 349]
[304, 333]:[304, 377]
[304, 333]:[304, 588]
[304, 333]:[304, 595]
[304, 333]:[304, 863]
[304, 349]:[304, 377]
[304, 349]:[304, 588]
[304, 349]:[304, 595]
[304, 349]:[304, 863]
[304, 377]:[304, 588]
[304, 377]:[304, 595]
[304, 377]:[304, 863]
[304, 588]:[304, 595]
[304, 588]:[304, 863]
[304, 595]:[304, 863]
[305, 894]:[387, 894]
[305, 894]:[580, 894]
[305, 894]:[894, 941]
[305, 894]:[894, 951]
[387, 894]:[580, 894]
[387, 894]:[894, 941]
[387, 894]:[894, 951]
[580, 894]:[894, 941]
[580, 894]:[894, 951]
[894, 941]:[894, 951]
[307, 843]:[323, 843]
[307, 843]:[386, 843]
[307, 843]:[626, 843]
[307, 843]:[834, 843]
[307, 843]:[843, 860]
[323, 843]:[386, 843]
[323, 843]:[626, 843]
[323, 843]:[834, 843]
[323, 843]:[843, 860]
[386, 843]:[626, 843]
[386, 843]:[834, 843]
[386, 843]:[843, 860]
[626, 843]:[834, 843]
[626, 843]:[843, 860]
[834, 843]:[843, 860]
[308, 474]:[474, 495]
[308, 474]:[474, 556]
[308, 474]:[474, 762]
[308, 474]:[474, 802]
[308, 474]:[474, 898]
[474, 495]:[474, 556]
[474, 495]:[474, 762]
[474, 495]:[474, 802]
[474, 495]:[474, 898]
[474, 556]:[474, 762]
[474, 556]:[474, 802]
[474, 556]:[474, 898]
[474, 762]:[474, 802]
[474, 762]:[474, 898]
[474, 802]:[474, 898]
[308, 667]:[659, 667]
[308, 667]:[667, 699]
[308, 667]:[667, 700]
[308, 667]:[667, 703]
[659, 667]:[667, 699]
[659, 667]:[667, 700]
[659, 667]:[667, 703]
[667, 699]:[667, 700]
[667, 699]:[667, 703]
[667, 700]:[667, 703]
[317, 937]:[556, 937]
[317, 937]:[716, 937]
[317, 937]:[937, 959]
[556, 937]:[716, 937]
[556, 937]:[937, 959]
[716, 937]:[937, 959]
[320, 998]:[373, 998]
[320, 998]:[379, 998]
[320, 998]:[402, 998]
[320, 998]:[442, 998]
[320, 998]:[458, 998]
[320, 998]:[497, 998]
[320, 998]:[553, 998]
[320, 998]:[832, 998]
[373, 998]:[379, 998]
[373, 998]:[402, 998]
[373, 998]:[442, 998]
[373, 998]:[458, 998]
[373, 998]:[497, 998]
[373, 998]:[553, 998]
[373, 998]:[832, 998]
[379, 998]:[402, 998]
[379, 998]:[442, 998]
[379, 998]:[458, 998]
[379, 998]:[497, 998]
[379, 998]:[553, 998]
[379, 998]:[832, 998]
[402, 998]:[442, 998]
[402, 998]:[458, 998]
[402, 998]:[497, 998]
[402, 998]:[553, 998]
[402, 998]:[832, 998]
[442, 998]:[458, 998]
[442, 998]:[497, 998]
[442, 998]:[553, 998]
[442, 998]:[832, 998]
[458, 998]:[497, 998]
[458, 998]:[553, 998]
[458, 998]:[832, 998]
[497, 998]:[553, 998]
[497, 998]:[832, 998]
[553, 998]:[832, 998]
[321, 860]:[480, 860]
[321, 860]:[843, 860]
[321, 860]:[860, 908]
[480, 860]:[843, 860]
[480, 860]:[860, 908]
[843, 860]:[860, 908]
[323, 975]:[688, 975]
[323, 975]:[789, 975]
[323, 975]:[825, 975]
[323, 975]:[877, 975]
[688, 975]:[789, 975]
[688, 975]:[825, 975]
[688, 975]:[877, 975]
[789, 975]:[825, 975]
[789, 975]:[877, 975]
[825, 975]:[877, 975]
[324, 407]:[393, 407]
[324, 407]:[407, 624]
[324, 407]:[407, 750]
[324, 407]:[407, 762]
[324, 407]:[407, 769]
[393, 407]:[407, 624]
[393, 407]:[407, 750]
[393, 407]:[407, 762]
[393, 407]:[407, 769]
[407, 624]:[407, 750]
[407, 624]:[407, 762]
[407, 624]:[407, 769]
[407, 750]:[407, 762]
[407, 750]:[407, 769]
[407, 762]:[407, 769]
[324, 562]:[417, 562]
[324, 562]:[433, 562]
[324, 562]:[466, 562]
[324, 562]:[546, 562]
[324, 562]:[562, 839]
[324, 562]:[562, 924]
[324, 562]:[562, 934]
[417, 562]:[433, 562]
[417, 562]:[466, 562]
[417, 562]:[546, 562]
[417, 562]:[562, 839]
[417, 562]:[562, 924]
[417, 562]:[562, 934]
[433, 562]:[466, 562]
[433, 562]:[546, 562]
[433, 562]:[562, 839]
[433, 562]:[562, 924]
[433, 562]:[562, 934]
[466, 562]:[546, 562]
[466, 562]:[562, 839]
[466, 562]:[562, 924]
[466, 562]:[562, 934]
[546, 562]:[562, 839]
[546, 562]:[562, 924]
[546, 562]:[562, 934]
[562, 839]:[562, 924]
[562, 839]:[562, 934]
[562, 924]:[562, 934]
[324, 625]:[377, 625]
[324, 625]:[428, 625]
[324, 625]:[625, 703]
[324, 625]:[625, 739]
[324, 625]:[625, 791]
[324, 625]:[625, 837]
[324, 625]:[625, 959]
[377, 625]:[428, 625]
[377, 625]:[625, 703]
[377, 625]:[625, 739]
[377, 625]:[625, 791]
[377, 625]:[625, 837]
[377, 625]:[625, 959]
[428, 625]:[625, 703]
[428, 625]:[625, 739]
[428, 625]:[625, 791]
[428, 625]:[625, 837]
[428, 625]:[625, 959]
[625, 703]:[625, 739]
[625, 703]:[625, 791]
[625, 703]:[625, 837]
[625, 703]:[625, 959]
[625, 739]:[625, 791]
[625, 739]:[625, 837]
[625, 739]:[625, 959]
[625, 791]:[625, 837]
[625, 791]:[625, 959]
[625, 837]:[625, 959]
[324, 708]:[329, 708]
[324, 708]:[372, 708]
[324, 708]:[600, 708]
[324, 708]:[708, 717]
[324, 708]:[708, 754]
[324, 708]:[708, 868]
[324, 708]:[708, 955]
[324, 708]:[708, 964]
[324, 708]:[708, 986]
[329, 708]:[372, 708]
[329, 708]:[600, 708]
[329, 708]:[708, 717]
[329, 708]:[708, 754]
[329, 708]:[708, 868]
[329, 708]:[708, 955]
[329, 708]:[708, 964]
[329, 708]:[708, 986]
[372, 708]:[600, 708]
[372, 708]:[708, 717]
[372, 708]:[708, 754]
[372, 708]:[708, 868]
[372, 708]:[708, 955]
[372, 708]:[708, 964]
[372, 708]:[708, 986]
[600, 708]:[708, 717]
[600, 708]:[708, 754]
[600, 708]:[708, 868]
[600, 708]:[708, 955]
[600, 708]:[708, 964]
[600, 708]:[708, 986]
[708, 717]:[708, 754]
[708, 717]:[708, 868]
[708, 717]:[708, 955]
[708, 717]:[708, 964]
[708, 717]:[708, 986]
[708, 754]:[708, 868]
[708, 754]:[708, 955]
[708, 754]:[708, 964]
[708, 754]:[708, 986]
[708, 868]:[708, 955]
[708, 868]:[708, 964]
[708, 868]:[708, 986]
[708, 955]:[708, 964]
[708, 955]:[708, 986]
[708, 964]:[708, 986]
[326, 720]:[540, 720]
[326, 720]:[602, 720]
[326, 720]:[720, 721]
[326, 720]:[720, 759]
[326, 720]:[720, 808]
[326, 720]:[720, 867]
[540, 720]:[602, 720]
[540, 720]:[720, 721]
[540, 720]:[720, 759]
[540, 720]:[720, 808]
[540, 720]:[720, 867]
[602, 720]:[720, 721]
[602, 720]:[720, 759]
[602, 720]:[720, 808]
[602, 720]:[720, 867]
[720, 721]:[720, 759]
[720, 721]:[720, 808]
[720, 721]:[720, 867]
[720, 759]:[720, 808]
[720, 759]:[720, 867]
[720, 808]:[720, 867]
[328, 384]:[352, 384]
[328, 384]:[384, 400]
[328, 384]:[384, 408]
[328, 384]:[384, 737]
[328, 384]:[384, 768]
[328, 384]:[384, 820]
[328, 384]:[384, 826]
[328, 384]:[384, 945]
[352, 384]:[384, 400]
[352, 384]:[384, 408]
[352, 384]:[384, 737]
[352, 384]:[384, 768]
[352, 384]:[384, 820]
[352, 384]:[384, 826]
[352, 384]:[384, 945]
[384, 400]:[384, 408]
[384, 400]:[384, 737]
[384, 400]:[384, 768]
[384, 400]:[384, 820]
[384, 400]:[384, 826]
[384, 400]:[384, 945]
[384, 408]:[384, 737]
[384, 408]:[384, 768]
[384, 408]:[384, 820]
[384, 408]:[384, 826]
[384, 408]:[384, 945]
[384, 737]:[384, 768]
[384, 737]:[384, 820]
[384, 737]:[384, 826]
[384, 737]:[384, 945]
[384, 768]:[384, 820]
[384, 768]:[384, 826]
[384, 768]:[384, 945]
[384, 820]:[384, 826]
[384, 820]:[384, 945]
[384, 826]:[384, 945]
[329, 665]:[506, 665]
[329, 665]:[665, 866]
[506, 665]:[665, 866]
[330, 460]:[431, 460]
[330, 460]:[460, 496]
[330, 460]:[460, 858]
[431, 460]:[460, 496]
[431, 460]:[460, 858]
[460, 496]:[460, 858]
[330, 545]:[545, 610]
[330, 545]:[545, 780]
[330, 545]:[545, 987]
[545, 610]:[545, 780]
[545, 610]:[545, 987]
[545, 780]:[545, 987]
[330, 617]:[363, 617]
[330, 617]:[434, 617]
[330, 617]:[617, 730]
[363, 617]:[434, 617]
[363, 617]:[617, 730]
[434, 617]:[617, 730]
[331, 487]:[462, 487]
[331, 487]:[487, 638]
[331, 487]:[487, 994]
[462, 487]:[487, 638]
[462, 487]:[487, 994]
[487, 638]:[487, 994]
[337, 438]:[337, 687]
[337, 438]:[337, 764]
[337, 687]:[337, 764]
[340, 797]:[616, 797]
[340, 797]:[674, 797]
[340, 797]:[715, 797]
[340, 797]:[738, 797]
[340, 797]:[763, 797]
[616, 797]:[674, 797]
[616, 797]:[715, 797]
[616, 797]:[738, 797]
[616, 797]:[763, 797]
[674, 797]:[715, 797]
[674, 797]:[738, 797]
[674, 797]:[763, 797]
[715, 797]:[738, 797]
[715, 797]:[763, 797]
[738, 797]:[763, 797]
[340, 848]:[519, 848]
[340, 848]:[712, 848]
[340, 848]:[715, 848]
[519, 848]:[712, 848]
[519, 848]:[715, 848]
[712, 848]:[715, 848]
[343, 795]:[592, 795]
[343, 795]:[652, 795]
[592, 795]:[652, 795]
[345, 690]:[497, 690]
[345, 690]:[620, 690]
[345, 690]:[638, 690]
[345, 690]:[660, 690]
[497, 690]:[620, 690]
[497, 690]:[638, 690]
[497, 690]:[660, 690]
[620, 690]:[638, 690]
[620, 690]:[660, 690]
[638, 690]:[660, 690]
[347, 744]:[347, 886]
[350, 456]:[356, 456]
[350, 456]:[391, 456]
[350, 456]:[456, 559]
[350, 456]:[456, 662]
[350, 456]:[456, 676]
[350, 456]:[456, 789]
[350, 456]:[456, 933]
[356, 456]:[391, 456]
[356, 456]:[456, 559]
[356, 456]:[456, 662]
[356, 456]:[456, 676]
[356, 456]:[456, 789]
[356, 456]:[456, 933]
[391, 456]:[456, 559]
[391, 456]:[456, 662]
[391, 456]:[456, 676]
[391, 456]:[456, 789]
[391, 456]:[456, 933]
[456, 559]:[456, 662]
[456, 559]:[456, 676]
[456, 559]:[456, 789]
[456, 559]:[456, 933]
[456, 662]:[456, 676]
[456, 662]:[456, 789]
[456, 662]:[456, 933]
[456, 676]:[456, 789]
[456, 676]:[456, 933]
[456, 789]:[456, 933]
[352, 384]:[352, 477]
[352, 384]:[352, 505]
[352, 384]:[352, 570]
[352, 384]:[352, 911]
[352, 477]:[352, 505]
[352, 477]:[352, 570]
[352, 477]:[352, 911]
[352, 505]:[352, 570]
[352, 505]:[352, 911]
[352, 570]:[352, 911]
[355, 610]:[545, 610]
[355, 610]:[610, 752]
[355, 610]:[610, 812]
[355, 610]:[610, 831]
[545, 610]:[610, 752]
[545, 610]:[610, 812]
[545, 610]:[610, 831]
[610, 752]:[610, 812]
[610, 752]:[610, 831]
[610, 812]:[610, 831]
[357, 751]:[389, 751]
[357, 751]:[492, 751]
[357, 751]:[582, 751]
[357, 751]:[631, 751]
[357, 751]:[660, 751]
[357, 751]:[705, 751]
[357, 751]:[751, 768]
[389, 751]:[492, 751]
[389, 751]:[582, 751]
[389, 751]:[631, 751]
[389, 751]:[660, 751]
[389, 751]:[705, 751]
[389, 751]:[751, 768]
[492, 751]:[582, 751]
[492, 751]:[631, 751]
[492, 751]:[660, 751]
[492, 751]:[705, 751]
[492, 751]:[751, 768]
[582, 751]:[631, 751]
[582, 751]:[660, 751]
[582, 751]:[705, 751]
[582, 751]:[751, 768]
[631, 751]:[660, 751]
[631, 751]:[705, 751]
[631, 751]:[751, 768]
[660, 751]:[705, 751]
[660, 751]:[751, 768]
[705, 751]:[751, 768]
[360, 547]:[547, 551]
[360, 547]:[547, 677]
[547, 551]:[547, 677]
[361, 659]:[659, 667]
[361, 659]:[659, 808]
[659, 667]:[659, 808]
[363, 463]:[463, 780]
[363, 496]:[460, 496]
[363, 496]:[496, 931]
[460, 496]:[496, 931]
[364, 399]:[399, 886]
[364, 399]:[399, 906]
[364, 399]:[399, 939]
[399, 886]:[399, 906]
[399, 886]:[399, 939]
[399, 906]:[399, 939]
[364, 586]:[412, 586]
[364, 586]:[529, 586]
[364, 586]:[586, 757]
[412, 586]:[529, 586]
[412, 586]:[586, 757]
[529, 586]:[586, 757]
[366, 972]:[451, 972]
[366, 972]:[647, 972]
[366, 972]:[662, 972]
[366, 972]:[972, 997]
[451, 972]:[647, 972]
[451, 972]:[662, 972]
[451, 972]:[972, 997]
[647, 972]:[662, 972]
[647, 972]:[972, 997]
[662, 972]:[972, 997]
[366, 989]:[535, 989]
[366, 989]:[650, 989]
[366, 989]:[739, 989]
[366, 989]:[890, 989]
[535, 989]:[650, 989]
[535, 989]:[739, 989]
[535, 989]:[890, 989]
[650, 989]:[739, 989]
[650, 989]:[890, 989]
[739, 989]:[890, 989]
[367, 434]:[434, 527]
[367, 434]:[434, 557]
[367, 434]:[434, 617]
[367, 434]:[434, 957]
[434, 527]:[434, 557]
[434, 527]:[434, 617]
[434, 527]:[434, 957]
[434, 557]:[434, 617]
[434, 557]:[434, 957]
[434, 617]:[434, 957]
[369, 772]:[423, 772]
[369, 772]:[772, 904]
[423, 772]:[772, 904]
[371, 788]:[648, 788]
[371, 788]:[664, 788]
[371, 788]:[788, 963]
[648, 788]:[664, 788]
[648, 788]:[788, 963]
[664, 788]:[788, 963]
[374, 578]:[578, 641]
[374, 578]:[578, 671]
[374, 578]:[578, 822]
[374, 578]:[578, 996]
[578, 641]:[578, 671]
[578, 641]:[578, 822]
[578, 641]:[578, 996]
[578, 671]:[578, 822]
[578, 671]:[578, 996]
[578, 822]:[578, 996]
[375, 828]:[403, 828]
[375, 828]:[430, 828]
[375, 828]:[431, 828]
[375, 828]:[614, 828]
[375, 828]:[828, 846]
[375, 828]:[828, 944]
[403, 828]:[430, 828]
[403, 828]:[431, 828]
[403, 828]:[614, 828]
[403, 828]:[828, 846]
[403, 828]:[828, 944]
[430, 828]:[431, 828]
[430, 828]:[614, 828]
[430, 828]:[828, 846]
[430, 828]:[828, 944]
[431, 828]:[614, 828]
[431, 828]:[828, 846]
[431, 828]:[828, 944]
[614, 828]:[828, 846]
[614, 828]:[828, 944]
[828, 846]:[828, 944]
[376, 436]:[376, 607]
[376, 436]:[376, 745]
[376, 436]:[376, 949]
[376, 607]:[376, 745]
[376, 607]:[376, 949]
[376, 745]:[376, 949]
[379, 400]:[379, 489]
[379, 400]:[379, 998]
[379, 489]:[379, 998]
[382, 825]:[517, 825]
[382, 825]:[552, 825]
[382, 825]:[649, 825]
[382, 825]:[750, 825]
[382, 825]:[825, 959]
[382, 825]:[825, 975]
[517, 825]:[552, 825]
[517, 825]:[649, 825]
[517, 825]:[750, 825]
[517, 825]:[825, 959]
[517, 825]:[825, 975]
[552, 825]:[649, 825]
[552, 825]:[750, 825]
[552, 825]:[825, 959]
[552, 825]:[825, 975]
[649, 825]:[750, 825]
[649, 825]:[825, 959]
[649, 825]:[825, 975]
[750, 825]:[825, 959]
[750, 825]:[825, 975]
[825, 959]:[825, 975]
[384, 826]:[406, 826]
[384, 826]:[411, 826]
[384, 826]:[449, 826]
[384, 826]:[493, 826]
[384, 826]:[573, 826]
[384, 826]:[744, 826]
[406, 826]:[411, 826]
[406, 826]:[449, 826]
[406, 826]:[493, 826]
[406, 826]:[573, 826]
[406, 826]:[744, 826]
[411, 826]:[449, 826]
[411, 826]:[493, 826]
[411, 826]:[573, 826]
[411, 826]:[744, 826]
[449, 826]:[493, 826]
[449, 826]:[573, 826]
[449, 826]:[744, 826]
[493, 826]:[573, 826]
[493, 826]:[744, 826]
[573, 826]:[744, 826]
[387, 560]:[560, 564]
[387, 560]:[560, 606]
[387, 560]:[560, 631]
[387, 560]:[560, 802]
[560, 564]:[560, 606]
[560, 564]:[560, 631]
[560, 564]:[560, 802]
[560, 606]:[560, 631]
[560, 606]:[560, 802]
[560, 631]:[560, 802]
[390, 470]:[390, 544]
[390, 470]:[390, 728]
[390, 470]:[390, 988]
[390, 544]:[390, 728]
[390, 544]:[390, 988]
[390, 728]:[390, 988]
[390, 728]:[493, 728]
[390, 728]:[634, 728]
[390, 728]:[728, 864]
[493, 728]:[634, 728]
[493, 728]:[728, 864]
[634, 728]:[728, 864]
[390, 988]:[910, 988]
[391, 408]:[391, 456]
[391, 408]:[391, 548]
[391, 408]:[391, 628]
[391, 408]:[391, 652]
[391, 408]:[391, 831]
[391, 408]:[391, 949]
[391, 456]:[391, 548]
[391, 456]:[391, 628]
[391, 456]:[391, 652]
[391, 456]:[391, 831]
[391, 456]:[391, 949]
[391, 548]:[391, 628]
[391, 548]:[391, 652]
[391, 548]:[391, 831]
[391, 548]:[391, 949]
[391, 628]:[391, 652]
[391, 628]:[391, 831]
[391, 628]:[391, 949]
[391, 652]:[391, 831]
[391, 652]:[391, 949]
[391, 831]:[391, 949]
[391, 548]:[443, 548]
[391, 548]:[451, 548]
[391, 548]:[486, 548]
[391, 548]:[548, 730]
[443, 548]:[451, 548]
[443, 548]:[486, 548]
[443, 548]:[548, 730]
[451, 548]:[486, 548]
[451, 548]:[548, 730]
[486, 548]:[548, 730]
[393, 872]:[723, 872]
[393, 872]:[872, 895]
[393, 872]:[872, 922]
[723, 872]:[872, 895]
[723, 872]:[872, 922]
[872, 895]:[872, 922]
[395, 567]:[406, 567]
[395, 567]:[567, 693]
[395, 567]:[567, 853]
[406, 567]:[567, 693]
[406, 567]:[567, 853]
[567, 693]:[567, 853]
[399, 906]:[402, 906]
[399, 906]:[472, 906]
[399, 906]:[634, 906]
[399, 906]:[654, 906]
[402, 906]:[472, 906]
[402, 906]:[634, 906]
[402, 906]:[654, 906]
[472, 906]:[634, 906]
[472, 906]:[654, 906]
[634, 906]:[654, 906]
[406, 418]:[406, 464]
[406, 418]:[406, 511]
[406, 418]:[406, 567]
[406, 418]:[406, 713]
[406, 418]:[406, 826]
[406, 418]:[406, 876]
[406, 418]:[406, 965]
[406, 464]:[406, 511]
[406, 464]:[406, 567]
[406, 464]:[406, 713]
[406, 464]:[406, 826]
[406, 464]:[406, 876]
[406, 464]:[406, 965]
[406, 511]:[406, 567]
[406, 511]:[406, 713]
[406, 511]:[406, 826]
[406, 511]:[406, 876]
[406, 511]:[406, 965]
[406, 567]:[406, 713]
[406, 567]:[406, 826]
[406, 567]:[406, 876]
[406, 567]:[406, 965]
[406, 713]:[406, 826]
[406, 713]:[406, 876]
[406, 713]:[406, 965]
[406, 826]:[406, 876]
[406, 826]:[406, 965]
[406, 876]:[406, 965]
[406, 418]:[418, 598]
[406, 418]:[418, 607]
[406, 418]:[418, 687]
[406, 418]:[418, 889]
[406, 418]:[418, 918]
[406, 418]:[418, 927]
[418, 598]:[418, 607]
[418, 598]:[418, 687]
[418, 598]:[418, 889]
[418, 598]:[418, 918]
[418, 598]:[418, 927]
[418, 607]:[418, 687]
[418, 607]:[418, 889]
[418, 607]:[418, 918]
[418, 607]:[418, 927]
[418, 687]:[418, 889]
[418, 687]:[418, 918]
[418, 687]:[418, 927]
[418, 889]:[418, 918]
[418, 889]:[418, 927]
[418, 918]:[418, 927]
[416, 472]:[472, 498]
[416, 472]:[472, 540]
[416, 472]:[472, 630]
[416, 472]:[472, 869]
[416, 472]:[472, 906]
[472, 498]:[472, 540]
[472, 498]:[472, 630]
[472, 498]:[472, 869]
[472, 498]:[472, 906]
[472, 540]:[472, 630]
[472, 540]:[472, 869]
[472, 540]:[472, 906]
[472, 630]:[472, 869]
[472, 630]:[472, 906]
[472, 869]:[472, 906]
[417, 882]:[684, 882]
[417, 882]:[882, 956]
[684, 882]:[882, 956]
[419, 448]:[419, 580]
[419, 448]:[419, 738]
[419, 448]:[419, 901]
[419, 448]:[419, 926]
[419, 448]:[419, 983]
[419, 448]:[419, 999]
[419, 580]:[419, 738]
[419, 580]:[419, 901]
[419, 580]:[419, 926]
[419, 580]:[419, 983]
[419, 580]:[419, 999]
[419, 738]:[419, 901]
[419, 738]:[419, 926]
[419, 738]:[419, 983]
[419, 738]:[419, 999]
[419, 901]:[419, 926]
[419, 901]:[419, 983]
[419, 901]:[419, 999]
[419, 926]:[419, 983]
[419, 926]:[419, 999]
[419, 983]:[419, 999]
[423, 861]:[700, 861]
[423, 861]:[861, 868]
[423, 861]:[861, 912]
[700, 861]:[861, 868]
[700, 861]:[861, 912]
[861, 868]:[861, 912]
[426, 761]:[479, 761]
[426, 761]:[698, 761]
[426, 761]:[761, 780]
[479, 761]:[698, 761]
[479, 761]:[761, 780]
[698, 761]:[761, 780]
[430, 480]:[480, 502]
[430, 480]:[480, 615]
[430, 480]:[480, 619]
[430, 480]:[480, 707]
[430, 480]:[480, 860]
[480, 502]:[480, 615]
[480, 502]:[480, 619]
[480, 502]:[480, 707]
[480, 502]:[480, 860]
[480, 615]:[480, 619]
[480, 615]:[480, 707]
[480, 615]:[480, 860]
[480, 619]:[480, 707]
[480, 619]:[480, 860]
[480, 707]:[480, 860]
[431, 460]:[431, 730]
[431, 460]:[431, 828]
[431, 730]:[431, 828]
[433, 455]:[433, 562]
[433, 455]:[433, 791]
[433, 455]:[433, 844]
[433, 562]:[433, 791]
[433, 562]:[433, 844]
[433, 791]:[433, 844]
[441, 859]:[494, 859]
[441, 859]:[585, 859]
[441, 859]:[629, 859]
[441, 859]:[642, 859]
[441, 859]:[699, 859]
[441, 859]:[704, 859]
[441, 859]:[771, 859]
[441, 859]:[859, 885]
[441, 859]:[859, 960]
[494, 859]:[585, 859]
[494, 859]:[629, 859]
[494, 859]:[642, 859]
[494, 859]:[699, 859]
[494, 859]:[704, 859]
[494, 859]:[771, 859]
[494, 859]:[859, 885]
[494, 859]:[859, 960]
[585, 859]:[629, 859]
[585, 859]:[642, 859]
[585, 859]:[699, 859]
[585, 859]:[704, 859]
[585, 859]:[771, 859]
[585, 859]:[859, 885]
[585, 859]:[859, 960]
[629, 859]:[642, 859]
[629, 859]:[699, 859]
[629, 859]:[704, 859]
[629, 859]:[771, 859]
[629, 859]:[859, 885]
[629, 859]:[859, 960]
[642, 859]:[699, 859]
[642, 859]:[704, 859]
[642, 859]:[771, 859]
[642, 859]:[859, 885]
[642, 859]:[859, 960]
[699, 859]:[704, 859]
[699, 859]:[771, 859]
[699, 859]:[859, 885]
[699, 859]:[859, 960]
[704, 859]:[771, 859]
[704, 859]:[859, 885]
[704, 859]:[859, 960]
[771, 859]:[859, 885]
[771, 859]:[859, 960]
[859, 885]:[859, 960]
[442, 572]:[442, 673]
[442, 572]:[442, 679]
[442, 572]:[442, 732]
[442, 572]:[442, 830]
[442, 572]:[442, 998]
[442, 673]:[442, 679]
[442, 673]:[442, 732]
[442, 673]:[442, 830]
[442, 673]:[442, 998]
[442, 679]:[442, 732]
[442, 679]:[442, 830]
[442, 679]:[442, 998]
[442, 732]:[442, 830]
[442, 732]:[442, 998]
[442, 830]:[442, 998]
[442, 679]:[514, 679]
[442, 679]:[679, 721]
[442, 679]:[679, 732]
[442, 679]:[679, 735]
[442, 679]:[679, 895]
[514, 679]:[679, 721]
[514, 679]:[679, 732]
[514, 679]:[679, 735]
[514, 679]:[679, 895]
[679, 721]:[679, 732]
[679, 721]:[679, 735]
[679, 721]:[679, 895]
[679, 732]:[679, 735]
[679, 732]:[679, 895]
[679, 735]:[679, 895]
[442, 732]:[608, 732]
[442, 732]:[679, 732]
[608, 732]:[679, 732]
[449, 473]:[473, 491]
[449, 473]:[473, 580]
[449, 473]:[473, 597]
[449, 473]:[473, 663]
[473, 491]:[473, 580]
[473, 491]:[473, 597]
[473, 491]:[473, 663]
[473, 580]:[473, 597]
[473, 580]:[473, 663]
[473, 597]:[473, 663]
[452, 955]:[708, 955]
[452, 955]:[892, 955]
[708, 955]:[892, 955]
[455, 662]:[456, 662]
[455, 662]:[559, 662]
[455, 662]:[568, 662]
[455, 662]:[662, 972]
[455, 662]:[662, 978]
[456, 662]:[559, 662]
[456, 662]:[568, 662]
[456, 662]:[662, 972]
[456, 662]:[662, 978]
[559, 662]:[568, 662]
[559, 662]:[662, 972]
[559, 662]:[662, 978]
[568, 662]:[662, 972]
[568, 662]:[662, 978]
[662, 972]:[662, 978]
[457, 980]:[694, 980]
[457, 980]:[810, 980]
[457, 980]:[881, 980]
[694, 980]:[810, 980]
[694, 980]:[881, 980]
[810, 980]:[881, 980]
[467, 888]:[782, 888]
[468, 677]:[490, 677]
[468, 677]:[547, 677]
[468, 677]:[549, 677]
[468, 677]:[677, 701]
[468, 677]:[677, 794]
[468, 677]:[677, 952]
[490, 677]:[547, 677]
[490, 677]:[549, 677]
[490, 677]:[677, 701]
[490, 677]:[677, 794]
[490, 677]:[677, 952]
[547, 677]:[549, 677]
[547, 677]:[677, 701]
[547, 677]:[677, 794]
[547, 677]:[677, 952]
[549, 677]:[677, 701]
[549, 677]:[677, 794]
[549, 677]:[677, 952]
[677, 701]:[677, 794]
[677, 701]:[677, 952]
[677, 794]:[677, 952]
[471, 931]:[496, 931]
[471, 931]:[618, 931]
[471, 931]:[931, 950]
[471, 931]:[931, 994]
[496, 931]:[618, 931]
[496, 931]:[931, 950]
[496, 931]:[931, 994]
[618, 931]:[931, 950]
[618, 931]:[931, 994]
[931, 950]:[931, 994]
[472, 630]:[549, 630]
[472, 630]:[613, 630]
[472, 630]:[630, 716]
[472, 630]:[630, 782]
[549, 630]:[613, 630]
[549, 630]:[630, 716]
[549, 630]:[630, 782]
[613, 630]:[630, 716]
[613, 630]:[630, 782]
[630, 716]:[630, 782]
[481, 905]:[600, 905]
[481, 905]:[746, 905]
[481, 905]:[830, 905]
[600, 905]:[746, 905]
[600, 905]:[830, 905]
[746, 905]:[830, 905]
[483, 944]:[593, 944]
[483, 944]:[828, 944]
[593, 944]:[828, 944]
[484, 497]:[497, 690]
[484, 497]:[497, 973]
[484, 497]:[497, 998]
[497, 690]:[497, 973]
[497, 690]:[497, 998]
[497, 973]:[497, 998]
[487, 994]:[931, 994]
[494, 733]:[494, 859]
[500, 515]:[508, 515]
[500, 515]:[515, 568]
[500, 515]:[515, 775]
[508, 515]:[515, 568]
[508, 515]:[515, 775]
[515, 568]:[515, 775]
[502, 885]:[722, 885]
[502, 885]:[859, 885]
[502, 885]:[885, 971]
[722, 885]:[859, 885]
[722, 885]:[885, 971]
[859, 885]:[885, 971]
[508, 525]:[525, 800]
[512, 827]:[737, 827]
[517, 709]:[592, 709]
[517, 709]:[709, 769]
[592, 709]:[709, 769]
[522, 787]:[522, 809]
[522, 787]:[522, 892]
[522, 787]:[522, 895]
[522, 787]:[522, 979]
[522, 809]:[522, 892]
[522, 809]:[522, 895]
[522, 809]:[522, 979]
[522, 892]:[522, 895]
[522, 892]:[522, 979]
[522, 895]:[522, 979]
[524, 602]:[602, 720]
[524, 602]:[602, 838]
[524, 602]:[602, 842]
[524, 602]:[602, 858]
[602, 720]:[602, 838]
[602, 720]:[602, 842]
[602, 720]:[602, 858]
[602, 838]:[602, 842]
[602, 838]:[602, 858]
[602, 842]:[602, 858]
[524, 722]:[692, 722]
[524, 722]:[722, 875]
[524, 722]:[722, 885]
[692, 722]:[722, 875]
[692, 722]:[722, 885]
[722, 875]:[722, 885]
[528, 555]:[528, 655]
[535, 750]:[535, 850]
[535, 750]:[535, 989]
[535, 850]:[535, 989]
[550, 816]:[816, 908]
[550, 941]:[558, 941]
[550, 941]:[668, 941]
[550, 941]:[691, 941]
[550, 941]:[782, 941]
[550, 941]:[894, 941]
[558, 941]:[668, 941]
[558, 941]:[691, 941]
[558, 941]:[782, 941]
[558, 941]:[894, 941]
[668, 941]:[691, 941]
[668, 941]:[782, 941]
[668, 941]:[894, 941]
[691, 941]:[782, 941]
[691, 941]:[894, 941]
[782, 941]:[894, 941]
[565, 670]:[565, 874]
[569, 627]:[569, 787]
[569, 627]:[569, 923]
[569, 787]:[569, 923]
[575, 615]:[575, 806]
[575, 615]:[575, 824]
[575, 806]:[575, 824]
[609, 750]:[609, 800]
[609, 750]:[609, 981]
[609, 800]:[609, 981]
[629, 717]:[708, 717]
[629, 717]:[717, 968]
[629, 717]:[717, 981]
[708, 717]:[717, 968]
[708, 717]:[717, 981]
[717, 968]:[717, 981]
[660, 690]:[660, 751]
[660, 690]:[660, 971]
[660, 690]:[660, 996]
[660, 751]:[660, 971]
[660, 751]:[660, 996]
[660, 971]:[660, 996]
[715, 797]:[715, 848]
[715, 797]:[715, 891]
[715, 848]:[715, 891]
[749, 781]:[781, 964]
[762, 910]:[910, 988]
