0	3936	5727
0	6547	2736
0	7621	1717
0	6126	7853
0	620	5930
0	3104	4424
0	6476	5964
0	6476	5851
0	6126	5851
0	6476	5683
0	620	334
0	6547	334
0	6126	1189
0	2824	6355
0	3104	5683
0	620	779
0	6511	2736
0	3556	6258
0	7621	6258
0	4103	3367
0	1179	779
0	5451	4168
0	5012	3367
0	1932	4887
0	6476	779
0	7621	7853
0	5451	4424
0	1932	1189
0	2489	5964
0	1932	5930
0	6476	4168
0	6476	5727
0	6547	4887
1	5191	4125
1	5911	5595
1	6635	2214
1	5191	4100
1	606	6822
1	6635	5777
1	1417	785
1	5911	5725
1	2851	2214
1	1417	1285
1	6635	785
1	3221	6549
1	5191	5725
1	711	4100
1	2886	771
1	1417	6822
1	1417	3530
1	6599	5777
1	6635	4125
1	4997	837
1	1417	5595
1	3594	6549
1	606	837
2	7998	7477
2	4958	7477
2	511	5987
2	1334	5987
2	511	7677
2	6760	4735
2	5973	1466
2	5721	4735
2	6169	7976
2	655	3944
2	6387	7482
2	2967	4870
2	655	7769
2	655	7482
2	511	3944
2	3316	7976
2	6760	1466
2	7827	7769
2	2166	2241
2	7827	7677
3	1201	7769
3	1201	6994
3	1201	5847
3	7631	4775
3	3282	5681
3	770	895
3	1201	7250
3	6491	3859
3	3021	7595
3	3021	6994
3	8027	2572
3	1993	4712
3	4357	3769
3	4327	5684
3	1271	4569
3	1263	7185
3	7524	4577
3	1201	6834
3	3860	7191
3	1201	6843
3	2480	6675
3	882	1031
3	1271	3424
3	7827	7769
3	1201	2242
3	1271	6203
3	2480	1125
3	4983	5847
3	4327	4712
3	1271	1074
3	3860	7321
3	1201	7083
3	5952	7185
3	3282	4885
3	4327	5633
3	770	5139
3	1071	7385
3	3021	4038
3	2480	2213
3	3007	1977
3	1271	6043
3	1993	3553
3	1201	2838
3	7490	3972
3	3021	7677
3	3282	2199
3	4713	2189
3	6491	6601
3	1271	2189
3	7379	6035
3	2234	5137
3	1993	5004
3	1201	909
3	1993	6035
3	1993	4613
3	4762	2242
3	8027	7595
3	7827	7677
3	3651	4038
3	1271	7734
3	924	5368
3	1271	909
3	8027	7734
3	4742	3544
3	7082	3964
3	5952	2199
3	3021	5139
3	770	373
3	3282	2788
3	4713	3553
3	1201	5907
3	6430	5517
3	4357	2490
3	2625	6834
3	7916	4613
3	1263	6843
3	4713	5633
3	2109	7656
3	8027	6543
3	3651	3331
3	4288	7250
3	924	3859
3	1263	2788
3	7379	7337
3	4713	5907
3	7082	1772
3	1271	2490
3	3282	895
3	6491	4577
3	3651	4874
3	3651	2604
3	7379	7083
3	7490	3964
3	7675	4775
3	1201	2604
3	5118	1031
3	3651	373
3	7490	7191
3	1201	2213
3	7490	2572
3	3651	4885
3	6334	5681
3	3021	3424
3	3007	1125
3	1201	5004
3	2625	6868
3	669	6675
3	1993	5517
3	1271	4874
3	1937	1772
3	1071	1923
3	1263	5684
3	7675	7385
3	7490	3758
3	4327	7337
3	7082	1074
3	1993	6203
3	770	3972
3	1993	6868
3	4327	6043
3	7490	4569
3	7675	7714
3	2625	5137
3	1201	3758
3	3282	1923
3	1263	6543
3	1071	3331
4	7596	1373
4	7596	1019
4	3880	3049
4	5160	2342
4	7596	5760
4	5160	4807
4	5597	7927
4	7280	3049
4	6219	6707
4	4753	3693
4	5923	1180
4	4451	7492
4	5160	3693
4	4513	6707
4	2880	6536
4	7596	2342
4	7596	6607
4	5160	7927
4	7723	7492
4	4509	7798
4	5597	1180
4	5160	1425
4	6219	7798
4	6219	1019
4	7596	6536
4	4513	5760
4	5923	3555
4	7280	5134
4	6784	1373
4	3479	5134
4	4509	4807
4	5923	1425
4	4509	6607
5	4109	8132
5	4273	7804
5	1192	1326
5	1781	5452
5	1192	7751
5	3378	3818
5	7176	6617
5	4903	7705
5	1192	7705
5	1781	8048
5	7638	6321
5	3378	3186
5	4903	3818
5	1192	4297
5	5330	5560
5	1192	5560
5	6590	2431
5	1781	1305
5	3907	5665
5	1192	3186
5	4028	2431
5	1192	2960
5	7176	7751
5	4903	3436
5	4109	7804
5	1781	4563
5	1386	6761
5	4109	3786
5	4018	2960
5	3378	3786
5	4008	417
5	3378	552
5	3907	417
5	2499	4297
5	4903	6761
5	3422	552
5	3422	8048
5	5330	5452
5	1781	1356
5	1781	7842
5	4109	3639
5	4273	3436
5	4903	3612
5	4661	6617
5	1192	6321
5	1192	5665
5	4018	3612
5	4109	1326
5	4109	4563
5	1386	1305
5	4903	3639
6	2178	2357
6	5505	2524
6	5505	7303
6	5458	5462
6	340	7279
6	408	7279
6	1055	2524
6	4243	5462
6	4057	6119
6	5505	6119
6	4243	7303
7	3691	3957
7	7247	2683
7	7247	5035
7	5239	8013
7	707	5594
7	4516	4402
7	3324	4623
7	7525	2668
7	7525	5066
7	7755	6849
7	3274	4402
7	3408	3051
7	4516	2955
7	707	3957
7	5486	557
7	3324	3468
7	3691	4036
7	5827	1829
7	5486	3421
7	4516	1709
7	5486	7231
7	7755	5971
7	707	1545
7	4156	7964
7	7479	4465
7	4988	2454
7	3408	7231
7	5239	5971
7	7755	2154
7	7755	6300
7	2652	4380
7	4321	1709
7	3274	6852
7	7247	1409
7	707	983
7	2652	1829
7	2652	2668
7	4321	6852
7	3274	2360
7	4516	2454
7	3408	4401
7	3408	2360
7	3408	5066
7	3408	4465
7	7755	5932
7	4156	4862
7	4321	8013
7	4988	4401
7	707	2683
7	3408	8122
7	707	3421
7	3691	6808
7	2358	3051
7	3408	2154
7	7525	5035
7	707	461
7	4321	7578
7	3691	1724
7	7525	461
7	4516	5932
7	4772	7578
7	3408	4380
7	2358	6079
7	5239	2955
7	3408	5594
7	1238	2421
7	3408	3388
7	4516	1724
7	707	6079
7	3691	3468
7	2652	4036
7	4321	1777
7	1238	7964
7	707	1777
7	3274	6300
7	707	4623
7	707	1151
7	2652	557
7	7247	1058
7	4516	4862
7	707	6849
7	4516	1545
7	2652	1151
8	4327	6043
8	5397	1323
8	1126	1471
8	5397	1564
8	6833	879
8	3129	7380
8	586	965
8	1578	7339
8	1126	3249
8	4820	1466
8	4327	4712
8	5074	3301
8	1684	965
8	5074	7380
8	5074	3249
8	4594	1471
8	6360	1323
8	6760	4735
8	6360	1628
8	4327	5633
8	4594	879
8	7218	3700
8	586	4735
8	3695	7339
8	7990	7380
8	5856	6985
8	586	5708
8	4594	4454
8	4594	4759
8	2538	3301
8	556	2723
8	1385	4454
8	5074	1628
8	6833	7180
8	4327	5684
8	2538	7337
8	5074	2723
8	5399	5708
8	5074	4712
8	586	1564
8	1578	4759
8	556	5633
8	5074	7180
8	1684	6043
8	6760	1466
8	4327	7337
8	2538	7843
8	1578	3700
8	3849	5684
8	1578	7843
9	2898	6940
9	3228	997
9	2898	4752
9	3016	2029
9	735	2149
9	7424	5138
9	1553	4157
9	339	1038
9	3459	4752
9	3228	1582
9	6460	1510
9	1553	1188
9	5656	3997
9	1553	3997
9	6972	3048
9	1553	5327
9	1553	2029
9	3016	1905
9	2248	2744
9	2248	7704
9	2470	1499
9	3517	1042
9	3459	4774
9	1804	2333
9	735	5938
9	2772	4774
9	3517	1499
9	1396	6034
9	6972	1038
9	3656	6739
9	1804	3311
9	4218	3742
9	1396	8038
9	4538	3048
9	2248	1509
9	339	1510
9	7424	3770
9	1804	7048
9	3538	7293
9	3517	2333
9	1553	5482
9	339	4157
9	2898	3471
9	7695	7704
9	3538	5327
9	3420	1042
9	3640	3742
9	1804	1509
9	1682	2084
9	3517	7293
9	3517	2744
9	3640	1310
9	6972	1310
9	6972	4208
9	1682	8038
9	3517	5482
9	7695	8010
9	2772	5477
9	735	3471
9	3517	2986
9	2248	4208
9	5640	6996
9	7424	2149
9	7336	3311
9	4538	3742
9	3218	7689
9	3517	8010
9	3517	1905
9	3656	6996
9	1804	1582
9	4501	2084
9	2749	7048
9	6972	1188
9	2248	6034
9	2787	997
9	6545	5938
9	1396	6940
9	2787	3770
9	1553	7689
9	2898	7173
9	3228	5477
9	1804	5138
9	735	6739
9	3228	7173
10	2433	6354
10	5989	1971
10	920	1971
10	2433	6627
10	7867	6354
10	7653	1838
10	5312	3973
10	1907	3547
10	4986	522
10	7867	3547
10	2433	3973
10	920	6627
10	7653	4299
10	898	4299
10	4986	1838
10	898	522
11	1422	5814
11	1571	6276
11	1658	3797
11	348	2074
11	7557	6276
11	3328	5814
11	1658	2784
11	1658	7650
11	2982	5830
11	1422	2784
11	7313	2041
11	427	722
11	563	5186
11	3328	5670
11	348	4041
11	3275	722
11	4540	2074
11	2519	5830
11	2150	5286
11	1571	1683
11	4253	2041
11	4587	562
11	1658	7133
11	1227	2013
11	2519	7431
11	6016	2013
11	4540	5670
11	4540	7650
11	1744	7431
11	2519	5286
11	348	458
11	1658	5186
11	1658	3084
11	2519	5243
11	1744	3797
11	4858	3084
11	1227	5243
11	7178	4041
11	3844	4190
11	7313	562
11	2519	4190
12	2932	4785
12	1480	3756
12	2742	4963
12	7652	686
12	2190	6857
12	7411	6716
12	1361	6096
12	2522	6857
12	4211	1035
12	7411	2228
12	7411	1035
12	2190	4053
12	2190	999
12	6594	2228
12	6594	7561
12	717	5695
12	8040	1694
12	2190	7561
12	697	865
12	7411	3756
12	2742	865
12	7969	4785
12	2742	6814
12	7663	4123
12	2190	1694
12	7411	3472
12	1313	999
12	7652	7561
12	2190	3472
12	2190	6184
12	637	6814
12	2190	4963
12	2190	5695
12	2190	5213
12	697	686
12	2932	4123
13	5090	7818
13	2251	5843
13	2251	2198
13	784	800
13	784	1655
13	784	5843
13	7663	4123
13	736	2198
13	6437	800
13	784	1400
13	3459	4752
13	736	1400
13	3459	4774
13	736	4123
13	2251	7445
13	736	4752
13	736	7818
13	2251	5484
14	5933	5226
14	7776	7699
14	2102	7699
14	3734	5226
14	3734	1163
14	3734	1507
14	3929	6337
14	3734	6736
14	2098	2875
14	6120	1163
14	2102	6736
14	1350	3727
14	6120	3727
15	6240	7405
15	2231	6128
15	2060	5331
15	3296	1000
15	3487	5555
15	2519	7431
15	3320	7431
15	7435	1312
15	7686	1260
15	2231	2259
15	7686	8051
15	2519	5286
15	344	7059
15	7686	5055
15	6240	5055
15	3320	6128
15	3320	6848
15	3487	6848
15	2519	5243
15	7686	5555
15	7686	1000
15	344	3614
15	2231	5895
15	2519	4190
15	3632	6851
15	4072	6851
15	5056	5286
15	7686	5475
15	7686	3614
15	4153	6946
15	4177	5475
15	344	4190
15	2757	5995
15	2757	1260
15	344	4797
15	4072	5331
15	3487	7405
15	1685	8051
15	602	5830
15	3632	3793
15	3487	1312
15	3487	5995
15	5056	4797
15	4153	2259
15	7686	3793
15	1685	7059
15	2519	5830
15	6765	6946
15	418	5243
15	7686	5895
15	3487	5586
15	1590	5586
16	2948	6351
16	2276	5196
16	7771	6112
16	555	3630
16	2948	5908
16	6411	3616
16	5690	6351
16	4194	5908
16	2654	4543
16	3984	1592
16	5690	1741
16	5690	7565
16	555	1741
16	3984	7565
16	1295	6112
16	6411	1592
16	7771	3630
16	555	3247
16	5690	3616
16	3984	3247
16	366	4543
18	1571	1683
18	1014	5396
18	4421	2327
18	4087	7143
18	340	7279
18	6722	6276
18	4087	6490
18	7063	6490
18	6498	4286
18	4087	3686
18	6236	3429
18	4087	1593
18	4087	6689
18	7063	7118
18	6722	4286
18	4413	4268
18	4087	7859
18	3816	3686
18	4087	4268
18	6291	5872
18	7812	2671
18	4421	7143
18	3238	6391
18	7812	572
18	1571	6276
18	5479	572
18	7812	5145
18	4179	2868
18	6498	5145
18	3238	2327
18	7812	5642
18	1217	3429
18	4087	5872
18	3816	7279
18	1014	7859
18	7063	5396
18	6274	1593
18	4087	4624
18	7812	7118
18	4087	2671
18	7812	2868
18	6291	5642
19	1185	1610
19	7802	1111
19	7003	5980
19	5546	5980
19	960	783
19	7160	1381
19	3702	1610
19	7802	3209
19	5306	4637
19	1185	4403
19	960	1496
19	5183	6872
19	960	7256
19	5994	4491
19	5183	1496
19	5183	2335
19	1497	6804
19	7003	1646
19	995	3677
19	5306	4102
19	7003	2930
19	3702	8076
19	3303	4074
19	7175	4146
19	5994	6363
19	960	7898
19	7003	4491
19	5183	497
19	960	4883
19	1185	6725
19	5183	2833
19	995	6518
19	3702	1646
19	7667	3209
19	7175	2930
19	5183	938
19	4819	3145
19	7802	5725
19	7175	370
19	5994	3313
19	960	8076
19	3303	5365
19	3094	3391
19	8084	4403
19	8084	2133
19	8084	6691
19	1497	3313
19	7175	4100
19	6194	2833
19	5183	3011
19	7667	5858
19	5191	4125
19	7160	7839
19	7175	3391
19	7175	7839
19	5994	6691
19	7003	783
19	7175	7256
19	5191	4100
19	7802	938
19	1497	2133
19	960	1111
19	3702	370
19	5191	5725
19	5183	4146
19	1185	4102
19	4047	5858
19	3493	7898
19	7003	3011
19	1185	2335
19	7160	4883
19	1497	5365
19	5183	6363
19	3303	3145
19	7802	1381
19	7667	497
19	7160	4074
19	7175	6725
19	5183	3677
19	960	4125
19	4047	6518
19	5183	6804
20	1248	4780
20	2828	4454
20	933	2071
20	2828	5058
20	5652	2882
20	404	5120
20	2417	6820
20	1488	4910
20	2859	444
20	6673	1210
20	7978	1686
20	6332	670
20	1488	1627
20	5652	1627
20	6265	622
20	5652	5120
20	2417	6245
20	2828	4910
20	2859	5364
20	1385	4454
20	1488	5232
20	2057	444
20	2417	6022
20	5652	6245
20	2565	7910
20	5652	5058
20	2417	4780
20	2565	2882
20	5652	622
20	4898	1210
20	2565	1686
20	2417	7910
20	2565	670
20	6265	6820
20	2859	6022
20	2859	2071
21	6237	7319
21	6899	867
21	7268	7543
21	7738	3600
21	3984	7565
21	3984	1592
21	2779	1022
21	4345	7543
21	2165	2066
21	2779	3081
21	1307	1592
21	6237	1363
21	1721	4529
21	3882	6998
21	4345	6359
21	4345	5410
21	2779	5253
21	7268	7594
21	2779	6998
21	3882	7565
21	7564	1338
21	2779	1363
21	8116	7239
21	3984	3247
21	3882	3730
21	434	7155
21	6237	4529
21	7268	1022
21	2806	5667
21	3882	5667
21	4345	3600
21	2165	6689
21	3882	2988
21	4901	6710
21	434	7319
21	1307	2988
21	2779	6710
21	3882	5410
21	2779	6179
21	7564	2066
21	4901	3140
21	4345	1424
21	2779	3247
21	1561	7239
21	2165	6179
21	2165	6359
21	7738	7155
21	1721	3081
21	2806	3140
21	434	5253
21	2806	7594
21	4345	1131
21	6040	1338
21	2779	867
21	434	1131
22	6551	3086
22	6440	4216
22	4080	4216
22	7156	7594
22	7740	3453
22	7156	3344
22	6551	3344
22	8144	3140
22	7740	4902
22	7156	3539
22	2605	7767
22	7156	1202
22	7740	6119
22	2806	5667
22	7740	1997
22	6364	3453
22	8144	1202
22	7740	3086
22	4080	1997
22	1253	7767
22	2806	3140
22	1253	4902
22	5738	3344
22	2806	7594
22	4057	6119
23	8081	2707
23	2615	1360
23	1999	1360
23	2047	7526
23	3792	2825
23	8081	562
23	1857	6624
23	3632	6851
23	1217	3429
23	8081	6624
23	2540	3743
23	8081	3576
23	8081	5434
23	8081	2917
23	8081	3823
23	7601	3576
23	6155	2917
23	7215	1881
23	3792	6656
23	5864	2707
23	8081	3429
23	8081	6620
23	1640	680
23	1541	3174
23	8081	3743
23	8081	6623
23	7215	3174
23	3632	3793
23	3792	1881
23	1640	2951
23	2540	3793
23	6815	6620
23	2540	2951
23	1640	4220
23	1999	5434
23	1640	7100
23	8081	6656
23	1999	7170
23	2623	2860
23	4587	562
23	1640	7170
23	1857	3022
23	8081	6851
23	1640	3823
23	3792	592
23	2540	592
23	3792	4220
23	2615	2825
23	8081	2860
23	2615	680
23	1541	6623
23	2615	7526
24	6380	991
24	7301	7356
24	8027	7595
24	4820	1466
24	6652	7734
24	5973	1466
24	576	6107
24	6380	6543
24	7762	1506
24	6473	5581
24	5687	7787
24	6366	1168
24	6652	1168
24	7301	991
24	6652	1491
24	576	6347
24	2148	7356
24	6313	6107
24	8027	2572
24	7301	1491
24	1284	1506
24	8027	7734
24	2148	2572
24	6366	7787
24	7301	7595
24	1284	5581
24	7825	6347
24	8027	6543
25	3783	985
25	1660	7714
25	4270	5533
25	4270	4343
25	5194	4551
25	4270	6643
25	5194	2226
25	1660	3970
25	2946	3252
25	3748	3937
25	6655	4060
25	5194	4404
25	4397	5533
25	4270	3970
25	4270	818
25	2703	5641
25	1660	787
25	1568	3050
25	1568	2226
25	6655	3769
25	4270	5641
25	2946	4404
25	2946	4343
25	2946	3937
25	7611	1708
25	2892	6486
25	1737	6162
25	1660	4060
25	4270	985
25	3748	6681
25	4270	6162
25	6655	818
25	4270	4551
25	3373	2838
25	4270	3050
25	6785	3252
25	3783	787
25	3783	6486
25	1660	3501
25	6785	6681
25	1103	6643
26	1787	5842
26	4469	4717
26	6548	664
26	2926	4061
26	6614	4639
26	6049	3216
26	1705	2202
26	4469	5470
26	2618	5470
26	4469	1580
26	729	4717
26	928	3013
26	4469	3953
26	6049	1580
26	4469	3831
26	1787	1304
26	1787	3412
26	5080	4061
26	4469	664
26	2926	3953
26	6049	2202
26	4469	3013
26	1705	3412
26	4469	4639
26	729	5842
26	4469	1432
26	2876	3216
26	6796	4445
26	5496	3831
26	6049	1304
27	968	5995
27	3196	1260
27	2757	5995
27	2757	1260
28	7537	6091
28	7537	4919
28	7816	4919
28	767	5076
28	2177	3392
28	7816	1029
28	5926	3392
28	2177	6091
28	2177	1029
29	3366	3580
29	1219	2944
29	6813	5744
29	6813	2944
29	2102	6736
29	6813	6736
29	3366	7699
29	2102	7699
29	4601	3580
30	1946	7456
30	6511	2736
30	4962	2736
30	4962	7456
31	7505	7378
31	2364	4729
31	367	2686
31	2239	7770
31	367	4455
31	526	454
31	7605	2491
31	684	4265
31	6706	6046
31	2859	444
31	2239	4455
31	2318	2686
31	2239	5248
31	5529	7378
31	7505	2287
31	7869	7115
31	2933	7361
31	7505	2070
31	2239	4265
31	7605	2413
31	2364	7661
31	2823	8056
31	2305	1177
31	7505	4049
31	367	4470
31	2859	2071
31	821	6864
31	7294	2071
31	367	7661
31	4602	454
31	2364	4049
31	2933	4151
31	821	7115
31	4602	4641
31	7505	4931
31	872	6864
31	4473	866
31	765	2070
31	5567	853
31	5155	5198
31	367	4641
31	526	7148
31	872	2937
31	7505	6892
31	4602	7770
31	872	2491
31	2933	4729
31	526	780
31	2364	444
31	7505	4151
31	5567	6892
31	3785	7361
31	872	6084
31	3077	3537
31	872	2429
31	2859	5364
31	4602	4931
31	4473	2413
31	7505	5248
31	2859	6022
31	526	866
31	3077	1061
31	7505	775
31	2823	5364
31	367	775
31	2933	4470
31	3077	780
31	2239	3537
31	3785	4750
31	7294	8056
31	2239	6307
31	7505	2937
31	367	1061
31	367	6046
31	367	853
31	8053	6307
31	2239	7148
32	4141	3525
32	5503	5661
32	2439	6177
32	3717	5778
32	5813	5661
32	1228	2669
32	4141	3610
32	3717	3511
32	6114	3410
32	3717	2669
32	4929	2188
32	6114	2934
32	4141	2188
32	481	6883
32	8042	7153
32	4929	4964
32	3717	6177
32	6114	2662
32	7469	4964
32	4929	7984
32	5231	5778
32	3717	3202
32	6114	7996
32	5689	1329
32	6114	7683
32	5534	7996
32	5813	3234
32	5813	6239
32	4929	3410
32	3717	3610
32	3980	4417
32	481	1329
32	2439	6239
32	6114	6883
32	5813	4417
32	5503	2934
32	481	3525
32	3717	3234
32	3980	3202
32	3717	7984
32	824	2662
33	5566	4782
33	4805	954
33	4805	3789
33	5118	1031
33	3003	4782
33	812	3789
33	2737	954
33	1737	6162
33	4805	6162
34	2549	4309
34	2574	5205
34	2574	4683
34	1583	5205
34	1583	7789
34	5722	1576
34	1650	3654
34	5722	1170
34	3226	2473
34	5722	8074
34	1583	2044
34	7176	6617
34	2549	5147
34	7050	7789
34	4409	3090
34	1688	4833
34	2549	6617
34	2182	1576
34	7176	7751
34	2549	3090
34	2249	4833
34	3226	4833
34	2549	3654
34	4640	7751
34	2549	2473
34	4409	1170
34	2249	4683
34	2249	2044
34	2549	8074
34	7114	4309
35	3796	5874
35	5152	6398
35	3042	2687
35	1616	2089
35	1616	6229
35	2475	5087
35	5773	3160
35	8020	808
35	2475	7756
35	5059	5559
35	5059	6105
35	8020	2687
35	7408	3197
35	6390	5087
35	1043	475
35	3018	889
35	2475	6105
35	5152	4368
35	8020	963
35	5773	459
35	7006	1560
35	6148	5712
35	3881	7109
35	6148	4696
35	1616	5712
35	7980	4368
35	1043	1704
35	514	3664
35	5773	1560
35	5059	808
35	1043	2970
35	6390	7109
35	1043	459
35	5152	2970
35	3018	6105
35	3018	5559
35	2475	808
35	514	6919
35	2475	6995
35	6390	6398
35	5773	2539
35	5763	6919
35	5152	4696
35	5763	3197
35	2475	3947
35	2475	3160
35	7797	2089
35	2475	6229
35	514	3947
35	2475	475
35	6148	3609
35	1616	3664
35	3026	889
35	7006	3609
35	7408	5874
35	5152	2539
35	8020	5559
35	5152	7756
35	3881	5811
35	5763	963
36	5324	7861
36	4101	407
36	5424	2847
36	2507	4255
36	4101	1615
36	3336	6013
36	4006	407
36	5324	432
36	6219	7798
36	6219	1019
36	7671	3680
36	7671	4037
36	7671	3088
36	7671	7039
36	5424	6886
36	7367	4278
36	4006	5157
36	717	5695
36	6986	6707
36	7367	6447
36	3000	1530
36	5424	3850
36	5424	2407
36	5424	2413
36	5424	6013
36	7671	4192
36	4006	4037
36	7671	6886
36	506	1530
36	3336	3309
36	7367	6178
36	4101	7798
36	5324	7039
36	4006	2151
36	4101	3850
36	3000	2896
36	3000	3680
36	3000	4281
36	7671	7343
36	7310	3032
36	7671	3032
36	4473	2413
36	3000	6447
36	5424	7861
36	4006	2407
36	7367	7296
36	4473	866
36	4101	7343
36	4006	677
36	4101	3755
36	3336	5157
36	5672	6178
36	3336	1615
36	506	2847
36	3000	2151
36	5424	3809
36	4101	5335
36	4101	3355
36	3336	4278
36	4494	1019
36	3336	2896
36	7367	5335
36	5507	3355
36	5424	7296
36	6986	866
36	6986	3755
36	5324	677
36	4101	432
36	5507	423
36	7671	2839
36	5424	4281
36	6219	6707
36	5507	3309
36	5507	3809
36	3336	4192
37	3830	1332
37	5179	7815
37	3347	445
37	3830	337
37	7154	3948
37	3010	1095
37	908	7062
37	6388	3481
37	827	3190
37	4191	3481
37	8109	7328
37	3402	337
37	3402	1603
37	3010	7815
37	1243	5874
37	830	1095
37	3830	7328
37	2749	7048
37	3796	5874
37	827	6008
37	5165	7027
37	3830	445
37	3830	7062
37	3402	3948
37	595	1603
37	908	7048
37	1243	6837
37	3402	6837
37	3830	3190
38	770	5139
38	5385	4645
38	650	5958
38	770	895
38	5385	1060
38	5726	5316
38	5385	5316
38	770	373
38	1284	1506
38	6438	5958
38	1504	4645
38	2168	7309
38	7429	373
38	770	3972
38	6438	7309
38	2474	1506
38	1284	5581
38	5385	3972
38	1926	5139
38	6438	1060
38	6438	895
39	7667	3209
39	2501	1135
39	2052	687
39	3241	1998
39	6092	1637
39	4034	1005
39	3718	952
39	479	1076
39	3729	1135
39	4034	788
39	6742	2630
39	2052	7203
39	1376	6483
39	4034	7823
39	3255	922
39	6092	4089
39	2052	4698
39	3255	4827
39	6092	7335
39	1376	4689
39	1121	4698
39	3565	4614
39	1264	497
39	2371	1229
39	6092	922
39	3878	687
39	6023	6048
39	3988	1391
39	2212	1391
39	6466	2630
39	4502	4614
39	3255	4689
39	2371	1076
39	6092	952
39	1376	6891
39	744	1229
39	7667	497
39	6023	4089
39	3988	1348
39	6092	7203
39	2371	1515
39	6092	6483
39	1121	1637
39	613	2509
39	3317	1348
39	6778	7823
39	6023	4827
39	1376	1515
39	7667	5858
39	6092	3209
39	613	7335
39	2501	788
39	4718	5858
39	3565	1998
39	2052	2509
39	2052	6048
39	1376	1005
39	3269	425
39	3269	5398
39	2307	5398
39	3878	6891
40	7868	4697
40	6014	7462
40	4112	6422
40	1700	2947
40	7120	6249
40	7199	4803
40	6579	1459
40	7199	2887
40	7199	5645
40	1700	4213
40	1700	4527
40	4112	4527
40	6357	4213
40	1700	5680
40	6014	3025
40	489	5680
40	7199	1864
40	1700	4697
40	6014	7372
40	967	2546
40	1700	3025
40	7868	1864
40	6653	6422
40	6653	2947
40	6014	1459
40	7120	2275
40	967	5929
40	967	7372
40	1700	4803
40	1700	6249
40	6579	2546
40	489	2887
40	7868	2275
41	1812	362
41	942	362
41	7664	4624
41	4764	1424
41	6284	362
42	1700	5680
42	675	3025
42	1700	4697
42	7459	7093
42	1700	3025
42	2758	5680
42	7270	4697
42	1083	2925
42	7270	5481
42	1700	4803
42	1700	6249
42	2758	6878
42	550	5481
42	6802	2947
42	550	6878
42	7270	6337
42	1700	2947
42	550	4803
42	7459	6249
42	1700	4213
42	5523	4213
42	1700	4527
43	7120	2275
43	6502	2841
43	2175	2841
43	7459	7093
43	6502	7093
43	2175	2473
43	7459	6249
43	7120	6249
43	3226	4833
43	7925	2275
43	3226	2473
43	3902	8039
43	4293	6493
44	6669	1346
44	3176	1120
44	4666	6209
44	6059	1172
44	4877	1172
44	2810	5172
44	4815	3122
44	2810	388
44	4815	428
44	4815	5172
44	7283	8063
44	2810	1120
44	6371	388
44	3838	772
44	6059	6916
44	4815	6209
44	877	428
44	6669	3227
44	6059	7779
44	3111	1346
44	3603	3782
44	7283	3782
44	6371	915
44	5698	4466
44	4815	8063
44	519	7779
44	877	772
44	3089	6916
44	4485	3227
44	3089	4466
44	6669	7207
44	7283	7207
45	5438	712
45	448	6732
45	1115	4386
45	1115	712
45	6930	4386
45	6930	6732
46	3941	4140
46	4480	754
46	6913	6250
46	7350	1550
46	5403	6250
46	3941	2294
46	5403	5948
46	1935	2005
46	6226	6427
46	4911	754
46	3941	2443
46	6265	622
46	4480	622
46	2688	4140
46	2493	5948
46	3941	6427
46	1473	3795
46	1935	2294
46	6913	2911
46	4483	8000
46	1369	5565
46	2493	7113
46	2171	7495
46	1369	4793
46	2171	7193
46	2493	2268
46	3941	2268
46	5984	8000
46	6226	2005
46	1473	7495
46	5403	4793
46	6265	6820
46	7781	7113
46	2493	6487
46	3294	6487
46	4480	3638
46	1369	875
46	2688	7589
46	2688	6820
46	2688	3638
46	6913	875
46	2493	2911
46	4911	7589
46	3294	5321
46	3294	1550
46	3941	5321
46	3294	5565
46	2493	4790
46	5403	2443
47	2493	2268
47	2673	4993
47	7234	2722
47	2015	3675
47	6342	4993
47	5630	3426
47	7234	2911
47	7107	5964
47	2493	6487
47	2015	4227
47	7271	779
47	5630	378
47	3607	6596
47	6606	779
47	7234	6596
47	4046	2268
47	2493	2911
47	6476	779
47	7234	7084
47	7271	2722
47	4046	5209
47	7271	4227
47	2493	4790
47	4046	2408
47	2015	2408
47	2015	6487
47	3607	7608
47	3763	3426
47	6476	4168
47	6476	5727
47	4557	4168
47	7783	7113
47	4090	7616
47	3607	1317
47	2015	4839
47	3607	7388
47	7604	3675
47	3763	7608
47	4090	5727
47	7304	7349
47	7004	4839
47	6476	5964
47	4975	4790
47	3763	5948
47	6476	5851
47	2493	5948
47	6476	5683
47	7234	462
47	583	5209
47	7254	7616
47	7475	378
47	2015	5683
47	7004	5851
47	3763	462
47	2015	1317
47	2493	7113
48	1516	3149
48	6460	1510
48	7833	3149
48	648	1510
49	4032	823
49	869	387
49	2363	2816
49	1719	1503
49	1959	2076
49	7890	5030
49	6496	4110
49	2363	6495
49	2363	387
49	2562	2076
49	2363	1503
49	6117	4110
49	2363	365
49	4845	6495
49	2562	2816
49	4845	5030
49	2311	3118
49	3625	823
49	7890	3118
49	6117	365
50	3480	6231
50	1591	4543
50	366	4543
51	3724	2232
51	2822	6167
51	7978	1686
51	5566	4782
51	3724	2024
51	2822	8079
51	3469	8079
51	3094	3391
51	5298	5464
51	3724	3335
51	5732	1686
51	5618	6167
51	5732	6497
51	4068	3224
51	2699	2232
51	4886	5464
51	6945	4364
51	859	4782
51	3724	3224
51	859	4364
51	3469	3391
51	4068	3400
51	3777	3400
51	5732	3335
51	882	1031
52	5781	7321
52	2346	5657
52	1382	5657
52	6566	5158
52	2281	7191
52	2138	5158
52	1444	6102
52	3860	7321
52	2281	4609
52	5856	6985
52	5346	6102
52	5781	6985
52	930	7321
52	3285	2020
52	5781	4609
52	3860	7191
53	4006	4037
53	863	1242
53	4006	2151
53	5108	5285
53	863	677
53	4006	2407
53	3801	8045
53	3077	1061
53	4596	423
53	3077	780
53	937	4866
53	5108	2407
53	8067	7927
53	2717	5632
53	4893	6612
53	8067	7710
53	6241	4063
53	2857	6612
53	8052	4866
53	863	5285
53	614	4037
53	5597	7927
53	6288	7149
53	8052	2672
53	3418	1242
53	3418	3893
53	8067	1604
53	6590	2431
53	8052	4633
53	8067	4633
53	863	5625
53	6288	2431
53	937	7316
53	2857	4740
53	4596	5728
53	8067	1490
53	2598	4354
53	6241	1061
53	1595	2672
53	863	1490
53	653	5048
53	863	6697
53	2857	2694
53	3418	2151
53	4893	4881
53	614	5632
53	5108	852
53	2598	1460
53	8052	1460
53	2857	5283
53	5108	4881
53	4436	6630
53	7202	925
53	937	780
53	5745	7097
53	5108	5048
53	3418	852
53	863	7149
53	3418	516
53	614	925
53	3195	4581
53	4436	1976
53	614	516
53	3801	7710
53	614	2694
53	8052	1976
53	4893	1180
53	4006	677
53	5745	4740
53	1595	6630
53	5597	1180
53	6241	7316
53	2598	3537
53	6241	8045
53	2857	407
53	4893	5157
53	4893	7097
53	3077	3537
53	4006	407
53	5108	5283
53	1595	4063
53	3195	5625
53	4006	5157
53	3095	4354
53	937	5728
53	2857	6697
54	2571	3289
54	5793	7121
54	7967	4895
54	5330	5560
54	1494	8068
54	1494	6826
54	7726	3319
54	5465	8030
54	7897	8030
54	7897	5452
54	7897	8039
54	7897	5226
54	7897	1693
54	7726	664
54	2479	7513
54	6299	7486
54	2571	2290
54	1494	7121
54	5330	5452
54	2523	4309
54	1032	7462
54	2571	7513
54	4189	2290
54	361	5820
54	7897	7486
54	7726	5557
54	2553	1793
54	7897	5820
54	1758	1693
54	2915	2643
54	6548	664
54	2571	5560
54	2571	6826
54	5933	5226
54	7114	4309
54	5465	4895
54	7897	8068
54	7897	5557
54	5465	5929
54	6993	3289
54	4579	3319
54	5465	2643
54	1494	6793
54	7897	7375
55	2260	2247
55	5116	1171
55	5116	7413
55	4064	2074
55	4198	7859
55	2260	8092
55	4198	7413
55	3890	6275
55	4540	7650
55	4540	5670
55	4198	6275
55	4198	6037
55	4414	5396
55	3890	1909
55	4198	906
55	4892	2445
55	6329	2445
55	2035	8092
55	3205	6037
55	4716	7341
55	5116	7650
55	4198	2247
55	5116	7418
55	3205	5670
55	3205	7418
55	1014	7859
55	2035	906
55	2260	1171
55	5864	2707
55	4716	1909
55	3128	5331
55	4540	2074
55	3128	2707
55	1014	5396
55	2060	5331
56	6303	906
56	2035	8092
56	2336	545
56	4396	6869
56	4766	4185
56	4801	545
56	5902	8092
56	2494	6869
56	2035	906
56	4177	5475
56	5902	4185
57	1376	6891
57	1461	7054
57	7437	2718
57	1461	6160
57	1937	1772
57	7190	6160
57	1376	1515
57	6405	7449
57	3581	1015
57	7452	1772
57	1461	6660
57	7437	6586
57	5806	7449
57	5806	1515
57	2324	6891
57	1476	6483
57	1376	1005
57	7190	2718
57	5954	1005
57	1461	3157
57	4675	4306
57	6405	840
57	6405	5886
57	1461	1015
57	7452	453
57	3029	7054
57	4505	453
57	3899	3157
57	3899	5628
57	7533	6586
57	7942	5628
57	1376	6483
57	930	7321
57	1376	4689
57	1476	4306
57	1461	5886
57	7437	3225
57	4675	4689
57	4195	6660
57	7190	840
59	7082	1772
59	385	4609
59	732	1394
59	7452	453
59	385	7754
59	385	4645
59	7883	7754
59	385	453
59	5781	4609
59	5781	7321
59	753	1074
59	385	3964
59	5781	6985
59	7082	3964
59	1504	4645
59	7082	1074
59	7452	1772
59	3904	616
59	385	1394
60	4949	4558
60	2139	3361
60	1492	2953
60	4085	4558
60	3583	6879
60	4085	7386
60	4949	388
60	2544	692
60	3332	6879
60	6371	915
60	2862	2953
60	5199	3361
60	5510	6339
60	6371	388
60	2544	6339
60	4949	692
60	2544	7386
61	6557	2351
61	6190	7152
61	8041	5877
61	3498	3754
61	4556	3688
61	6727	3906
61	6557	2116
61	6557	3260
61	6190	5379
61	2536	2381
61	5629	4696
61	2310	3097
61	6557	4303
61	3130	3260
61	6557	886
61	5152	4368
61	2536	2774
61	6557	3906
61	6557	7756
61	3396	5182
61	2536	7945
61	2045	7945
61	3130	5877
61	4093	1537
61	6557	6987
61	6557	446
61	5152	2970
61	3130	2774
61	3569	4368
61	2045	6398
61	7822	3040
61	6557	3097
61	8041	1537
61	4522	3001
61	3569	6955
61	6557	1611
61	2819	886
61	5629	7547
61	3164	2351
61	4522	2116
61	6458	1266
61	1096	446
61	6557	5467
61	6557	1266
61	3396	7152
61	5152	7756
61	5152	4696
61	3396	2539
61	2536	1345
61	5152	2539
61	6557	1345
61	7822	2780
61	4556	5379
61	6557	3688
61	8041	5182
61	7822	6987
61	4556	705
61	8041	2970
61	7721	5467
61	5152	6398
61	6171	705
61	2045	591
61	6557	4130
61	3396	1611
61	8041	3040
61	6557	7547
61	8041	2381
61	8041	4303
61	4218	3742
61	6557	6955
61	4093	2780
62	7828	6089
62	2704	1373
62	2706	4070
62	2820	5111
62	2704	2517
62	2706	7862
62	8054	5928
62	7630	1070
62	7596	1373
62	7596	5760
62	7596	1019
62	6195	4737
62	6195	4740
62	6195	7989
62	6195	6607
62	2820	5760
62	4229	1070
62	2592	7378
62	4229	4737
62	4229	2650
62	7630	468
62	2706	7989
62	2235	2650
62	4648	2472
62	7630	953
62	8054	2342
62	6195	468
62	7596	2342
62	7596	6607
62	5745	4740
62	4494	1019
62	6195	2472
62	6195	5111
62	2704	953
62	4229	6536
62	4648	7862
62	6195	4769
62	7596	6536
62	2706	980
62	6195	5928
62	2706	7097
62	6195	2517
62	4648	6089
62	7068	980
62	5529	7378
62	7068	4769
62	4950	328
62	5745	7097
63	1495	4635
63	5103	7526
63	3538	5327
63	517	4529
63	7198	1025
63	391	1552
63	738	1025
63	3275	722
63	6237	4529
63	411	7293
63	2799	1552
63	738	1995
63	1575	7303
63	2628	7930
63	7267	5908
63	2184	1388
63	1136	3622
63	7435	1312
63	738	7480
63	2184	4405
63	6116	4635
63	4243	5462
63	738	1363
63	5103	1823
63	7422	5327
63	7198	6897
63	7267	5462
63	2948	6351
63	391	6954
63	6534	6063
63	1575	3086
63	7267	6063
63	2628	4027
63	3587	3622
63	1495	7480
63	4221	1349
63	6551	3086
63	1495	6351
63	738	1823
63	1136	1995
63	4221	3344
63	7267	1349
63	2047	7526
63	2948	5908
63	6237	7319
63	3538	7293
63	391	2734
63	1575	7274
63	7198	6954
63	7267	1312
63	7267	7319
63	4511	3570
63	7267	1388
63	1136	6897
63	1575	3570
63	7267	4625
63	7422	6726
63	1575	2734
63	7198	7274
63	6237	1363
63	942	362
63	738	5544
63	5796	5544
63	8043	5767
63	5103	4625
63	4243	7303
63	6551	3344
63	7348	4405
63	7198	3344
63	411	6726
63	4221	722
64	7500	4809
64	5639	3389
64	7500	3847
64	5639	3847
65	4549	703
65	4579	3319
65	3915	703
65	4600	3634
65	5080	4061
65	4754	4659
65	2760	4659
65	4754	647
65	6213	4647
65	3833	6094
65	5132	4647
65	4549	3634
65	4873	3319
65	6213	2224
65	4936	4061
65	1219	2944
65	3915	647
65	2659	6452
65	4549	2944
65	6641	2503
65	4873	536
65	6213	6452
65	1364	2224
65	2659	1442
65	4754	7037
65	6213	6650
65	3915	6650
65	4936	536
65	3915	7507
65	4936	6073
65	1364	1442
65	6213	6094
65	2427	7507
65	2427	7037
65	1364	6073
66	4701	6520
66	7655	7434
66	4747	6520
66	4492	5641
66	6821	7436
66	1133	5919
66	4492	7434
66	2703	5641
66	4744	7742
66	4492	7742
66	4744	5922
67	6059	6916
67	3595	3123
67	3720	2068
67	4915	2400
67	2544	7386
67	7890	3118
67	899	2140
67	7232	6916
67	6059	7779
67	5150	4533
67	7232	4149
67	8006	1172
67	7232	2068
67	2544	6339
67	2544	692
67	7232	820
67	7232	6339
67	481	6883
67	1431	7049
67	7890	5030
67	3869	7779
67	1207	3811
67	8006	4149
67	8006	6855
67	8006	5299
67	7232	3123
67	7232	1329
67	6730	6397
67	7232	7461
67	1431	6795
67	6414	2807
67	8006	5030
67	1207	6855
67	2653	692
67	4915	3118
67	6059	1172
67	1822	2701
67	7232	2701
67	481	1329
67	5520	974
67	3655	2140
67	7232	6795
67	8006	7049
67	1822	974
67	4915	5299
67	5150	6883
67	6414	6397
67	5520	2905
67	1207	2400
67	7232	2905
67	3720	7386
67	7232	3811
67	8006	3525
67	2395	4533
67	481	3525
68	7560	2189
68	6473	5581
68	4784	3974
68	5748	3553
68	5748	2723
68	8083	3544
68	5748	6082
68	2570	2451
68	3251	424
68	556	2723
68	4713	3553
68	944	5907
68	2570	6810
68	1996	6764
68	4713	2189
68	556	5633
68	5748	6810
68	2570	6764
68	5054	6183
68	5748	4711
68	5054	6082
68	4713	5633
68	7560	5292
68	3251	3974
68	6018	2451
68	5748	424
68	4713	5907
68	8044	6183
68	944	5292
68	5748	1961
69	6913	2911
69	6072	2722
69	7234	2722
69	7234	2911
69	3107	6847
69	341	5812
69	341	7084
69	7234	6596
69	781	6895
69	8075	7456
69	7234	7084
69	4443	6596
69	4443	6895
69	781	4887
69	781	3804
69	6913	875
69	3044	2909
69	2032	6701
69	6547	4887
69	781	4127
69	6547	2736
69	4443	875
69	1639	5296
69	6913	6250
69	3474	5812
69	781	6250
69	4962	7456
69	781	2909
69	2090	3804
69	6208	4127
69	6072	334
69	4962	2736
69	781	462
69	6547	334
69	6072	6701
69	7234	462
69	8075	791
69	781	6847
69	781	791
70	741	4297
70	1970	1815
70	4339	4395
70	850	8090
70	7081	4395
70	741	8110
70	507	1576
70	893	641
70	2499	4297
70	3055	1854
70	7081	8074
70	2053	1815
70	1970	4264
70	5588	8090
70	2725	1170
70	7081	379
70	2053	1854
70	1056	4264
70	7081	641
70	5722	1576
70	1970	8110
70	5588	2994
70	741	1854
70	5722	1170
70	5722	8074
70	893	2994
71	5313	5515
71	493	1689
71	5313	1689
71	5184	6008
71	7980	4368
71	7204	5456
71	827	3190
71	5313	1118
71	452	7850
71	452	3179
71	1143	5489
71	452	7136
71	1143	5428
71	7747	1118
71	7747	3516
71	7204	5489
71	668	6955
71	8124	7850
71	6057	327
71	7747	6838
71	7747	5456
71	3569	4368
71	715	4980
71	3569	6955
71	1143	3179
71	6964	7136
71	4933	6574
71	5313	4906
71	827	6008
71	5552	3815
71	493	6428
71	6057	6428
71	5904	3190
71	7599	6838
71	5904	5484
71	7747	7136
71	1143	5631
71	5904	3516
71	493	6574
71	7359	327
71	493	5631
72	4699	3090
72	7081	4395
72	624	2942
72	656	3654
72	4781	4395
72	2549	3654
72	1824	6297
72	7081	8074
72	2175	2473
72	4661	6617
72	2523	4309
72	8037	641
72	2549	2473
72	2549	8074
72	624	6297
72	7081	379
72	2549	4309
72	1525	3867
72	6616	5203
72	3398	3867
72	7081	641
72	2175	2841
72	5949	2942
72	6616	2841
72	2549	5147
72	1824	4132
72	2549	6617
72	2549	3090
73	560	1289
73	2301	6887
73	7895	7846
73	7587	3925
73	5831	3867
73	5305	987
73	5855	3925
73	5826	3889
73	5855	758
73	5831	758
73	1228	2669
73	7587	6887
73	5308	6010
73	6959	7230
73	6186	4900
73	5308	3075
73	1364	2224
73	3111	1346
73	6186	476
73	8134	5320
73	7521	3699
73	2664	6990
73	5483	5694
73	7587	6615
73	7587	2655
73	5855	3192
73	6959	4923
73	6959	1442
73	5826	3699
73	3398	3867
73	8134	4923
73	5831	7716
73	5831	2316
73	6186	7230
73	5826	1075
73	6186	3215
73	5831	4900
73	6186	5320
73	5483	6932
73	1364	1442
73	6186	3889
73	7587	476
73	8134	987
73	5826	6615
73	7521	7716
73	1364	6073
73	7895	6932
73	7895	4787
73	6959	5694
73	5826	2316
73	5855	3740
73	5855	3923
73	2664	7846
73	2557	7067
73	7895	2224
73	8134	2655
73	4226	3075
73	5855	3215
73	2221	6010
73	4026	2669
73	7521	3923
73	6959	6990
73	8134	1346
73	5308	3192
73	560	6073
73	5826	3740
73	6959	4787
74	5696	3278
74	2453	5025
74	7258	3278
74	7258	5025
75	3479	5134
75	3423	800
75	4985	4935
75	3423	1962
75	5702	5838
75	7077	5134
75	3423	8112
75	4344	8112
75	4349	1962
75	7077	4456
75	3423	5576
75	3423	4456
75	3423	4935
75	6437	800
75	6874	5432
75	595	1603
75	3423	7052
75	3423	5432
75	2375	5576
75	7450	4627
75	6350	5838
75	3423	1603
75	3423	4248
75	4349	4627
76	5044	3908
76	1723	6516
76	3460	6701
76	5044	6516
76	620	5930
76	3180	3489
76	3460	779
76	6072	334
76	5072	3908
76	6072	6701
76	5044	3489
76	5044	4227
76	7271	4227
76	620	334
76	6072	2722
76	620	779
76	7271	779
76	7271	2722
76	1301	5930
77	5573	4171
77	3105	6445
77	2271	6445
77	5573	4186
77	3105	7683
77	7768	3828
77	5573	854
77	6130	6748
77	6598	1401
77	2395	4533
77	3721	1401
77	3041	4336
77	3105	4616
77	5697	874
77	5697	5853
77	7768	7058
77	5211	4186
77	4175	4472
77	6393	1193
77	6130	874
77	7894	854
77	3177	4336
77	3105	6748
77	3721	4616
77	3105	4533
77	3105	4472
77	4175	3828
77	3041	1193
77	5211	3825
77	6130	4171
77	3721	3825
78	1358	4641
78	367	853
78	5802	7661
78	6743	6808
78	7433	8045
78	5261	1836
78	6743	7586
78	989	3557
78	5802	4921
78	2913	1924
78	1358	5824
78	367	2686
78	4451	7492
78	6743	2341
78	6743	4574
78	6798	4455
78	1358	4838
78	367	4641
78	989	1924
78	367	4455
78	1246	1732
78	367	4470
78	367	7661
78	5355	1732
78	5041	1749
78	989	2601
78	989	7586
78	2300	4063
78	6798	3115
78	5261	1862
78	5970	1749
78	367	775
78	5802	2601
78	6241	7316
78	7433	6698
78	5261	6609
78	5737	3115
78	5737	7316
78	7433	2686
78	6798	3557
78	7433	5264
78	2186	1618
78	5802	6698
78	2903	853
78	6241	8045
78	5429	6046
78	5261	983
78	2913	775
78	7567	2341
78	6798	1836
78	2913	5824
78	5802	1618
78	5802	3125
78	367	1061
78	6798	4838
78	5802	1862
78	2903	5264
78	989	4470
78	1358	3125
78	6743	7492
78	367	6046
78	6241	1061
78	6241	4063
78	5802	4574
80	570	1562
80	519	7779
80	3869	7779
80	6598	1401
80	3452	1562
80	4430	1401
81	6502	7093
81	1653	3289
81	1511	4776
81	1511	1432
81	3257	6523
81	1386	6761
81	3257	5574
81	7395	1305
81	1511	1877
81	2907	5574
81	1511	6761
81	1653	3321
81	7395	3321
81	1511	2340
81	1386	1305
81	6616	5203
81	6502	2841
81	5412	5203
81	6993	3289
81	1653	1877
81	2153	2340
81	5412	6664
81	6616	2841
82	7968	1482
82	2555	1374
82	1744	7431
82	6581	6816
82	6291	5872
82	3320	6128
82	3320	6848
82	7968	6842
82	1744	3797
82	3587	3622
82	3334	6816
82	1134	7992
82	400	6944
82	7511	6944
82	2945	3797
82	7968	5642
82	5718	6058
82	6291	5642
82	6156	6128
82	5718	4331
82	6156	3022
82	7968	3622
82	7968	6688
82	1023	6842
82	3334	5872
82	8011	7696
82	400	1482
82	4183	7291
82	400	6058
82	6581	1374
82	2636	4636
82	400	7992
82	7511	6848
82	3320	7431
82	7968	7291
83	5249	2442
83	5094	5148
83	5249	4504
83	7008	7519
83	1048	3342
83	7008	3342
83	7008	5148
83	7008	5296
83	5094	2442
83	479	1076
83	5249	1076
83	7008	4504
83	3113	7519
84	2101	2129
84	7175	2930
84	7917	3784
84	7566	1665
84	3156	2805
84	7175	370
84	7563	1205
84	7917	3457
84	4219	5797
84	7563	5628
84	2101	5624
84	7175	4146
84	4375	3457
84	413	6054
84	7175	4100
84	3045	6988
84	3045	3333
84	7917	1665
84	6137	7104
84	1889	4733
84	4375	2830
84	4219	2805
84	3156	1673
84	1889	2383
84	7566	5939
84	7942	5628
84	2101	5939
84	1889	2621
84	7917	1114
84	6137	4637
84	4375	3070
84	7917	1132
84	3156	4400
84	1889	2312
84	711	4100
84	2101	6725
84	3156	4146
84	7566	3070
84	4219	2114
84	7917	6988
84	1505	8066
84	7175	3391
84	6254	8079
84	4219	3803
84	7175	7839
84	7917	7973
84	7175	7256
84	1889	513
84	1889	1132
84	2101	7104
84	1173	2621
84	4219	2621
84	7917	8066
84	919	7973
84	2101	4400
84	1889	2830
84	8127	6923
84	5236	881
84	1889	1692
84	2101	1547
84	7563	6054
84	4995	1114
84	7917	3931
84	2101	2114
84	5236	7839
84	7917	370
84	7175	6725
84	6137	1205
84	3469	8079
84	3156	3784
84	3045	881
84	1771	1057
84	4375	4296
84	7566	4733
84	3045	1057
84	1173	2129
84	6137	3333
84	919	6923
84	3045	7256
84	2101	4296
84	1173	4435
84	2101	2383
84	413	1547
84	3469	3391
84	3156	4435
84	5236	1692
84	1889	2930
84	7917	5624
84	1889	1673
86	3003	4782
86	859	4782
86	859	4364
86	4115	4364
86	4115	3097
87	4468	3266
87	8042	7153
87	748	6702
87	7907	1796
87	5000	3266
87	4073	6702
87	6631	6674
87	6787	6317
87	4468	1407
87	4468	6279
87	4073	4700
87	4468	3350
87	6787	4245
87	4073	7891
87	4468	4030
87	4468	2953
87	4073	4245
87	4226	3075
87	748	1407
87	2465	7517
87	2465	7346
87	1492	2953
87	5487	7346
87	4468	1918
87	7907	3350
87	4468	7440
87	4073	6279
87	5102	4700
87	5102	6317
88	2781	1186
88	2931	1483
88	2931	1518
88	2931	5957
88	2781	1483
88	2781	2396
88	6806	5572
88	7552	1186
88	5618	6167
88	6806	5957
88	6806	2396
88	4001	6167
88	7552	5572
89	4738	4328
89	4738	2412
89	7809	3847
89	5639	3389
89	546	4328
89	2283	7436
89	5639	3847
89	2283	5256
89	358	3389
90	5689	1329
90	6262	3811
90	7232	7461
90	5510	6339
90	7232	2701
90	5543	2068
90	7232	6795
90	7232	2905
90	6610	820
90	5287	4466
90	7232	3811
90	1707	2701
90	5543	7290
90	6302	7290
90	7232	4149
90	7232	6916
90	4148	2905
90	5885	4149
90	2486	6795
90	7232	2068
90	7232	820
90	7232	6339
90	7232	3123
90	3089	6916
90	3089	4466
90	7232	1329
91	3870	515
91	4260	6524
91	4924	1695
91	1798	7703
91	5029	6678
91	1798	686
91	1456	6307
91	7502	1697
91	2652	4380
91	4924	5770
91	1798	3913
91	5029	5887
91	5836	5235
91	3267	3027
91	5029	1695
91	2652	1829
91	2652	2668
91	1940	5220
91	2656	2839
91	8053	6307
91	3534	2729
91	6610	820
91	1940	2879
91	6947	5887
91	3534	7817
91	3201	6122
91	6947	3873
91	4260	663
91	3870	6939
91	1798	8029
91	5336	6941
91	3870	4681
91	3201	6142
91	5029	7089
91	5943	3027
91	3534	2879
91	3534	1469
91	3870	4036
91	6947	3038
91	1940	4380
91	7788	865
91	4260	6939
91	2652	4036
91	2827	4681
91	6947	727
91	4260	1181
91	1798	6122
91	3534	6678
91	1798	7089
91	2652	557
91	1798	3873
91	5898	3913
91	5029	1829
91	4260	8029
91	7502	3938
91	2652	1151
91	1798	4275
91	5029	663
91	697	865
91	4907	1268
91	5029	6142
91	6920	7703
91	3534	5770
91	3534	4275
91	5898	1181
91	5943	1268
91	3534	3027
91	6920	3038
91	6947	2729
91	7788	7326
91	5898	5220
91	4260	1151
91	4260	1697
91	5836	6941
91	3534	5235
91	1940	809
91	697	686
91	6827	6439
91	5898	557
91	3534	6439
91	5898	1469
91	6920	809
91	3015	7326
91	3534	2668
91	3015	7817
91	3534	6524
92	7248	2727
92	2370	3857
92	7248	750
92	6470	2918
92	7031	3339
92	1846	6087
92	2755	6996
92	7044	1722
92	3791	6576
92	6327	6087
92	3656	6739
92	3791	3058
92	5709	750
92	4846	3231
92	4155	6684
92	5267	5753
92	6099	3231
92	2370	750
92	1846	1644
92	4846	3618
92	5709	5753
92	3806	2918
92	7106	5735
92	4846	5735
92	4846	4667
92	6470	6684
92	1666	5508
92	4155	6140
92	5696	3278
92	1846	6140
92	1846	380
92	4155	6576
92	3791	1644
92	4846	380
92	2906	5168
92	2755	3278
92	5709	3058
92	2370	5508
92	4846	2320
92	4846	3339
92	6327	2320
92	3791	4667
92	3656	6996
92	7248	6739
92	4882	5168
92	4376	3618
94	1940	4380
94	1940	2879
94	6161	2535
94	5351	5448
94	3408	4380
94	3933	7231
94	3933	7362
94	7582	2154
94	3408	4401
94	3408	2360
94	3408	5594
94	3408	4465
94	5351	5594
94	5351	2660
94	7015	7852
94	3408	3388
94	3080	3388
94	3408	5066
94	6161	1500
94	3933	5220
94	6161	2464
94	3080	4709
94	3933	2422
94	3933	2660
94	5430	5448
94	7015	4709
94	6825	2422
94	1940	809
94	3185	2360
94	3408	8122
94	8121	515
94	5351	2535
94	3408	7231
94	2821	7852
94	6825	1500
94	7162	822
94	1940	5220
94	2821	2879
94	3408	3051
94	2821	2464
94	3408	2154
94	7015	7362
94	6825	4465
94	957	4401
94	2821	5066
94	6161	3051
94	6825	822
95	5920	786
95	3057	786
96	2382	2739
96	6514	4134
96	7867	6354
96	4855	2833
96	901	6354
96	7281	4134
96	6194	2833
96	6514	3547
96	7867	3547
96	5015	2596
96	5598	2596
96	901	2739
97	2096	1625
97	5690	6351
97	7512	5180
97	5690	1741
97	1495	7480
97	7512	5070
97	5690	7565
97	1495	6351
97	7512	7480
97	7512	6998
97	2789	6714
97	7568	7909
97	7568	3598
97	7512	1741
97	2096	2988
97	5302	6714
97	442	5180
97	442	1879
97	3882	6998
97	6613	2172
97	2096	4635
97	564	3598
97	3644	2172
97	2096	3616
97	3882	7565
97	5690	3616
97	3882	3730
97	7512	2445
97	7568	5635
97	6889	7909
97	564	1233
97	2789	5410
97	3882	5667
97	6613	1625
97	1495	4635
97	6613	7208
97	7568	1879
97	3882	2988
97	7512	1233
97	6747	3730
97	3882	5410
97	7512	5635
97	7568	7208
97	2789	5070
97	4892	2445
98	3559	545
98	7348	4405
98	5750	4405
98	4801	545
99	7720	531
99	4940	8024
99	4067	2531
99	612	5774
99	5317	5753
99	7144	3037
99	2588	7238
99	2588	3037
99	7572	6919
99	7572	6199
99	1383	4225
99	3520	6592
99	8087	2901
99	1383	963
99	1383	2531
99	612	4674
99	7464	1198
99	8087	3696
99	5337	1198
99	1383	5379
99	612	3922
99	5337	3696
99	1383	1605
99	7144	4129
99	3520	4619
99	5337	8046
99	1383	2901
99	1383	5845
99	3943	7373
99	5763	963
99	5337	6752
99	8087	7401
99	3943	1487
99	5317	705
99	5267	5753
99	1383	2094
99	5317	4225
99	7144	3242
99	612	5039
99	4940	1605
99	1383	327
99	1383	6752
99	7572	8024
99	7720	4356
99	5763	6919
99	1383	3481
99	4361	6199
99	1383	7392
99	7572	5009
99	4556	705
99	4191	3481
99	1383	6592
99	6057	6428
99	7523	3688
99	1383	3922
99	7144	5845
99	4556	3688
99	3520	4129
99	7508	2094
99	5317	3166
99	7720	3197
99	5763	3197
99	7572	6428
99	8087	531
99	6057	327
99	1383	4356
99	1052	4674
99	4556	5379
99	5317	8046
99	3520	3788
99	1052	7392
99	1052	7401
99	2588	4619
99	7523	3166
99	8087	3242
99	8087	3788
99	1383	7238
99	5337	5009
99	1383	1487
100	3441	7584
100	7708	5526
100	5019	6846
100	714	854
100	3441	3273
100	7708	1148
100	5281	5659
100	659	3740
100	659	5659
100	5281	5122
100	714	5122
100	2532	5671
100	5573	4171
100	7021	5099
100	5281	7471
100	5855	3740
100	5573	4186
100	5855	3923
100	4267	1765
100	5010	6330
100	5855	3215
100	5010	3273
100	7708	4366
100	5281	1729
100	659	844
100	714	844
100	4385	1796
100	5010	8090
100	5573	854
100	659	3254
100	3595	3123
100	5281	6375
100	5010	1869
100	5281	3434
100	714	1765
100	5019	6375
100	5281	3925
100	714	1158
100	659	5792
100	714	7229
100	714	6686
100	5010	3254
100	5019	7229
100	599	1729
100	3790	6330
100	5855	3925
100	714	758
100	7021	3923
100	7708	3215
100	5010	6686
100	5855	758
100	659	2994
100	659	5099
100	5588	8090
100	5010	2222
100	5281	5526
100	5010	1148
100	2724	7584
100	5010	3192
100	5855	3192
100	5281	931
100	659	1779
100	5010	931
100	7708	5792
100	714	4366
100	7021	1158
100	4385	4171
100	5019	4186
100	4899	1332
100	4385	1779
100	5588	2994
100	659	6846
100	3208	3154
101	2993	6373
101	2992	4013
101	3945	4013
101	7267	7319
101	7267	1312
101	7267	4625
101	4325	1625
101	7267	1388
101	3287	6063
101	968	5995
101	3287	7503
101	2852	2617
101	949	6683
101	2494	6869
101	6613	2172
101	2418	5400
101	2418	7746
101	3487	7405
101	7712	1881
101	7172	1858
101	2992	1349
101	3792	6656
101	2418	6373
101	7188	1131
101	2993	7208
101	3945	940
101	1370	1657
101	7172	4216
101	2992	6944
101	8012	5785
101	3792	1881
101	2992	592
101	3945	1858
101	3945	5400
101	3487	1312
101	2418	5253
101	7511	6848
101	3487	5995
101	3487	5586
101	949	7155
101	6613	1625
101	434	7155
101	7511	6944
101	2992	2172
101	6613	7208
101	1370	7746
101	7267	5908
101	949	5785
101	949	1657
101	2992	5555
101	7188	7503
101	7712	940
101	3487	5555
101	3792	4220
101	3945	6656
101	5458	5462
101	7267	6063
101	7267	5462
101	434	7319
101	2993	2825
101	4194	5908
101	7267	1349
101	3487	6848
101	3792	592
101	7324	7405
101	6440	4216
101	434	5253
101	949	2617
101	6284	362
101	3792	2825
101	3287	6869
101	2993	5586
101	2993	4625
101	2418	4220
101	434	1131
101	2852	1388
102	4409	3090
102	5187	2875
102	4699	3090
102	4409	1170
102	2725	1170
102	2098	2875
103	5183	1496
103	5183	2335
103	3772	2359
103	3156	4400
103	3772	6804
103	5288	2335
103	5183	3677
103	5497	1673
103	5497	6478
103	7064	938
103	5183	6804
103	5497	5105
103	5288	7390
103	6890	2805
103	5288	4400
103	3156	4146
103	3156	3784
103	4662	6363
103	6890	7390
103	5183	4146
103	1696	6549
103	5183	3011
103	2376	5105
103	6890	3677
103	3365	4475
103	4999	6872
103	5183	497
103	3156	4435
103	2589	2359
103	5497	3011
103	5288	3981
103	4855	2833
103	1837	3981
103	752	4637
103	1387	1496
103	5183	6363
103	1387	4739
103	5183	2833
103	752	4475
103	3156	2805
103	5183	6872
103	5183	938
103	3156	1673
103	1264	497
103	3365	6478
103	3365	3784
103	3221	6549
104	5765	6574
104	1573	5078
104	4383	6086
104	4802	2320
104	4933	6574
104	5765	2083
104	7882	4567
104	6972	1310
104	5765	4667
104	5765	5866
104	1573	3650
104	6972	1188
104	7882	2959
104	1616	2089
104	1616	6229
104	3035	1038
104	5104	7679
104	6803	7932
104	6788	5735
104	1390	5252
104	6972	4208
104	5104	3618
104	4802	5712
104	5765	6677
104	6972	1038
104	7882	2083
104	7225	4217
104	4991	4217
104	5765	6738
104	4488	631
104	1573	3561
104	6788	6229
104	4846	3231
104	2607	1258
104	5765	5252
104	6972	3048
104	1573	3048
104	5104	2089
104	6788	2116
104	2424	3339
104	4846	3618
104	2607	3387
104	4940	8024
104	5765	4208
104	1616	5712
104	4940	1605
104	4846	5735
104	7851	1188
104	5104	6677
104	1573	2959
104	4383	3561
104	5765	3387
104	2607	3231
104	4846	4667
104	6788	1310
104	2607	7679
104	1573	5311
104	3035	3001
104	6803	1258
104	6803	3650
104	5765	8024
104	1390	4567
104	4846	380
104	5765	3664
104	1616	3664
104	7860	1605
104	5765	7932
104	3035	5078
104	7929	631
104	4846	2320
104	4846	3339
104	1573	380
104	4522	3001
104	5765	6086
104	5765	5311
104	4522	2116
105	5488	4749
105	4654	5717
105	4389	3994
105	4025	5957
105	6138	6181
105	4025	1521
105	4389	1483
105	2931	1483
105	2931	1518
105	2931	5957
105	4025	336
105	4389	1521
105	5488	5717
105	4654	6181
105	6138	4749
105	5488	336
105	672	1518
105	5488	3994
106	5015	2596
106	3916	2596
107	6207	2284
107	2236	5857
107	8028	5715
107	6207	5838
107	2236	6659
107	7943	5857
107	8028	7420
107	2236	8010
107	5059	808
107	3163	2094
107	6525	3764
107	2605	7767
107	2236	4730
107	7747	3516
107	3992	3211
107	2478	5456
107	8028	7815
107	7641	5688
107	7943	5715
107	2299	3211
107	6525	7704
107	1162	7767
107	7943	7715
107	7127	5688
107	8028	5040
107	3010	1095
107	8028	5168
107	7695	7704
107	7943	1118
107	7369	7399
107	5300	7420
107	7747	1118
107	2236	2777
107	5647	831
107	7747	5456
107	3010	7815
107	2236	6105
107	8028	1524
107	7369	7136
107	5736	808
107	6207	7181
107	6207	3764
107	2236	1095
107	8028	3604
107	7747	7136
107	2236	5671
107	5300	6659
107	7641	7136
107	7695	8010
107	1319	871
107	5059	6105
107	5059	5559
107	1319	3522
107	6350	5838
107	6207	6463
107	2236	1524
107	1865	1608
107	8028	7181
107	2532	5671
107	2906	5168
107	7641	3458
107	7641	3522
107	5112	6463
107	6525	2777
107	2673	4993
107	3163	808
107	8028	6838
107	6207	4993
107	5736	871
107	7508	2094
107	2478	2867
107	2478	2284
107	3163	4730
107	2236	831
107	8028	2867
107	5736	6105
107	7127	5040
107	5112	3516
107	6525	3458
107	7747	6838
107	2236	1608
107	6525	3604
107	6207	7715
108	5743	6561
108	2570	6810
108	6001	1209
108	2570	6764
108	3462	7538
108	2504	6764
108	5743	7180
108	6833	879
108	8007	2803
108	5743	6182
108	4564	4878
108	4564	7538
108	3462	2241
108	576	6107
108	5743	6810
108	6001	4878
108	4762	2242
108	1736	6107
108	3701	2242
108	4564	3193
108	1736	6561
108	3462	1209
108	5743	1220
108	576	6347
108	7404	879
108	6001	5771
108	1736	2451
108	2570	2451
108	3034	3193
108	1690	6182
108	2504	6347
108	5743	2803
108	6833	7180
108	7404	1220
109	2227	6897
109	4181	4268
109	7156	7594
109	7198	3344
109	7156	3344
109	4440	1059
109	7156	3539
109	4111	7696
109	7198	1025
109	7156	1202
109	6240	7405
109	4440	5516
109	2611	3344
109	7268	7594
109	4111	7543
109	2611	5055
109	1354	1202
109	1354	421
109	7268	1022
109	905	1022
109	7198	6897
109	905	1025
109	4181	6619
109	2611	7590
109	4111	7274
109	4181	7174
109	6240	5055
109	4413	4268
109	905	7590
109	5091	5516
109	4111	1059
109	4440	4636
109	7324	7405
109	2611	6619
109	7198	6954
109	1733	7174
109	1584	421
109	7198	7274
109	4440	6954
109	7268	7543
110	7905	3555
110	6558	4750
110	2397	1013
110	3345	1013
111	7939	6140
111	2884	459
111	3567	1739
111	1429	5078
111	3663	1789
111	4224	1704
111	5184	6008
111	5225	740
111	1846	1644
111	1573	2959
111	6280	3006
111	1412	2959
111	3567	1537
111	6786	5825
111	1573	5311
111	4224	5877
111	1043	475
111	5578	1486
111	5578	2563
111	7450	4627
111	2884	2563
111	3663	1901
111	4224	3006
111	1429	4534
111	4538	3742
111	1865	1608
111	6365	2381
111	2941	4363
111	1043	1704
111	1846	380
111	1573	380
111	8041	1537
111	1043	2970
111	1846	6140
111	6786	1739
111	7939	1608
111	4224	1486
111	1043	459
111	5225	1901
111	1573	5078
111	7615	6087
111	5578	475
111	1573	3650
111	1573	3048
111	6786	5311
111	6786	1644
111	1412	1789
111	8041	5182
111	7615	4363
111	8041	5877
111	8041	2970
111	2884	1198
111	7464	1198
111	1573	3561
111	8041	4303
111	1846	6087
111	8041	2381
111	8041	3040
111	4538	3048
111	1139	3040
111	1324	3561
111	2884	5182
111	1139	3650
111	2941	4627
111	6365	2715
111	5578	4303
111	1412	4534
111	1139	5825
111	6786	740
112	1365	5953
112	7505	2070
112	6700	4931
112	634	5953
112	5601	5728
112	2913	1924
112	7505	7378
112	1365	6892
112	7505	4931
112	7505	4049
112	7505	5248
112	6700	5824
112	634	7020
112	5006	2070
112	5903	6901
112	2592	7378
112	578	5248
112	5507	3355
112	7505	6892
112	4596	423
112	7505	775
112	6187	3355
112	5507	423
112	5507	3309
112	5202	7265
112	6187	4154
112	5006	7265
112	6700	7855
112	5601	6901
112	5601	7020
112	1652	4049
112	7624	2937
112	1365	4154
112	5507	3809
112	4596	5728
112	5903	1924
112	7624	423
112	5903	3309
112	2913	775
112	6187	8138
112	5903	4151
112	2913	5824
112	7505	2937
112	7624	8138
112	7505	2287
112	7505	4151
112	5601	7855
112	2289	3809
113	5826	3699
113	659	6846
113	1630	3889
113	4704	1779
113	4704	4244
113	3731	4964
113	7465	844
113	4262	6846
113	2063	2026
113	5826	1075
113	659	3740
113	659	5659
113	6980	5491
113	4262	1888
113	7465	3690
113	5553	1746
113	5826	6615
113	1630	3690
113	5553	6615
113	6980	5085
113	1630	5792
113	7520	4605
113	5826	2316
113	893	2994
113	5553	5614
113	527	5527
113	659	844
113	6174	6080
113	659	3254
113	4262	5527
113	6980	3254
113	6980	7342
113	659	5792
113	4076	6712
113	7465	2316
113	7465	5614
113	6980	4605
113	5826	3740
113	1630	1169
113	7273	1075
113	4704	4172
113	5553	5659
113	8037	641
113	893	641
113	7465	2026
113	659	2994
113	463	7342
113	659	5099
113	5553	6507
113	527	1746
113	2063	3699
113	5553	4172
113	5826	3889
113	7273	1169
113	2063	5099
113	7465	6080
113	527	4110
113	7469	4964
113	6496	4110
113	7465	1888
113	7273	1190
113	659	1779
113	1630	6507
113	527	4244
113	1630	5491
113	527	6712
113	6095	1190
114	5238	7616
114	528	4272
114	782	4618
114	1663	4272
114	5548	4618
114	7254	7616
115	490	4039
115	5361	1406
115	7678	1675
115	4763	2564
115	5007	3760
115	5007	1551
115	4763	2036
115	7202	925
115	3778	1406
115	3866	7221
115	6311	1626
115	6743	7492
115	3020	629
115	3691	6808
115	5007	2341
115	7678	7221
115	1834	1544
115	3870	4036
115	7146	2036
115	6743	7586
115	4646	4681
115	4646	7921
115	4763	1724
115	6743	6808
115	3870	515
115	490	6939
115	3020	4039
115	7146	925
115	490	3760
115	5007	1675
115	1834	515
115	490	2564
115	6743	2341
115	3691	1724
115	6743	4574
115	4813	1544
115	490	1626
115	3866	1551
115	3691	3957
115	6942	4429
115	3691	4036
115	7678	7921
115	5007	4429
115	5007	3468
115	3778	4574
115	3020	7586
115	3870	6939
115	7678	7265
115	5202	7265
115	490	3957
115	7723	7492
115	3870	4681
115	3691	3468
115	6311	629
115	8121	515
116	3074	871
116	6875	7098
116	5740	3286
116	1143	5631
116	6875	3522
116	1833	1489
116	1833	7066
116	6202	7066
116	5740	2541
116	1833	3179
116	1319	871
116	1319	3522
116	5960	3975
116	5740	5631
116	948	3286
116	6202	2541
116	4317	5428
116	1143	5489
116	1143	5428
116	7244	5489
116	1833	7098
116	1143	3179
116	5001	1489
117	3288	1550
117	3294	5321
117	4150	5321
117	3875	5565
117	5044	3908
117	4150	3292
117	2015	2408
117	2015	6487
117	3294	5565
117	3294	1550
117	4238	4839
117	4238	3292
117	5044	6516
117	2015	4839
117	2349	3427
117	3060	3643
117	6432	3643
117	7336	3311
117	5044	3489
117	3875	1317
117	3288	3675
117	3104	4424
117	4554	3311
117	4238	6516
117	3875	3489
117	5571	4424
117	6071	3908
117	5044	4227
117	2015	5683
117	2015	1317
117	2015	3675
117	3875	3427
117	3104	5683
117	6314	6688
117	2015	4227
117	3294	6487
117	4150	2408
118	7574	4134
118	7497	1449
118	3264	7478
118	3585	4678
118	1696	6549
118	6514	3547
118	6882	4678
118	1907	3547
118	3878	687
118	3264	1449
118	5069	4176
118	3878	6891
118	6514	4134
118	3767	7954
118	2324	6891
118	5644	7478
118	3594	6549
118	1933	687
118	1933	7954
118	3585	7046
119	7258	5025
119	520	5025
119	5640	6996
119	2755	3278
119	7258	3278
119	2755	6996
120	529	7974
120	1682	8038
120	3885	7974
120	7063	5396
120	6415	7277
120	7215	1881
120	7076	7059
120	3821	6058
120	3821	5579
120	1721	3081
120	7095	7118
120	7880	3598
120	5718	6058
120	6415	7673
120	5718	4331
120	564	3598
120	7215	3174
120	7712	1881
120	7880	6618
120	529	6618
120	467	6490
120	1685	8051
120	7063	6490
120	517	4529
120	529	1233
120	564	1233
120	7880	458
120	1682	2084
120	1721	4529
120	1685	7059
120	4530	940
120	7063	7118
120	369	4331
120	766	7277
120	6415	8038
120	529	3081
120	467	7801
120	1987	3174
120	4414	5396
120	7712	940
120	2113	2084
120	3821	8051
121	3422	552
121	6589	3685
121	967	7372
121	6589	3831
121	5465	4895
121	3955	2546
121	3181	5867
121	7088	4427
121	624	6297
121	3181	2633
121	4382	3894
121	4382	2518
121	6067	4920
121	1021	3894
121	1583	7789
121	2753	2518
121	4382	4207
121	5132	4647
121	6067	2643
121	3349	7460
121	7088	4895
121	5496	3831
121	967	2546
121	6067	3338
121	897	7600
121	6067	2508
121	4382	4920
121	967	5929
121	1021	1793
121	4861	6175
121	6067	7923
121	6589	1314
121	3181	6175
121	5465	2643
121	5426	2999
121	1583	2044
121	3955	3338
121	5465	8030
121	2969	4427
121	4861	2942
121	4382	860
121	7088	2561
121	6067	4647
121	3422	8048
121	4861	5205
121	6067	2999
121	897	4207
121	5465	5929
121	7376	7789
121	3181	2044
121	4382	7372
121	2125	1314
121	4382	1392
121	3181	3685
121	1583	5205
121	3955	3918
121	1021	2158
121	3955	8030
121	6067	352
121	2753	7600
121	3181	1911
121	6589	7923
121	7088	1911
121	624	2942
121	3181	2158
121	2125	1410
121	6067	1410
121	6589	860
121	1021	2983
121	2753	2983
121	6067	1067
121	7376	552
121	3955	1392
121	7088	1067
121	4861	6628
121	4382	5867
121	2969	2508
121	6589	3918
121	3955	2633
121	3955	6297
121	2969	1379
121	3955	8048
121	3181	352
121	3346	6628
122	762	3666
122	6449	3666
123	8088	2468
123	845	7289
123	430	7289
123	4421	7143
123	6189	3211
123	845	6144
123	1272	7277
123	4421	2327
123	3992	3211
123	1023	6842
123	7150	7143
123	845	7349
123	7304	7349
123	845	5584
123	766	7277
123	1272	6144
123	6220	5584
123	3991	6842
124	3063	439
124	2571	6826
124	5018	3321
124	554	7126
124	3063	927
124	6802	2947
124	741	1854
124	1653	1877
124	1192	6321
124	3063	5250
124	3063	4234
124	1192	5665
124	833	6321
124	7791	1344
124	554	2290
124	6978	5250
124	1653	3289
124	3063	7513
124	554	5734
124	2571	3289
124	741	4297
124	1192	7751
124	1192	1326
124	3063	1344
124	3063	7705
124	3063	5734
124	4230	7966
124	7791	3186
124	1192	7705
124	1028	4234
124	1192	5560
124	741	8110
124	1192	4297
124	4640	7751
124	7791	7966
124	3063	8110
124	6653	6422
124	6653	2947
124	3063	1877
124	1028	1326
124	5018	439
124	1192	3186
124	1192	2960
124	1653	3321
124	2571	2290
124	3073	6826
124	6978	2960
124	2571	7513
124	2571	5560
124	7791	7126
124	833	6233
125	4270	6643
125	6434	5919
125	4652	954
125	4270	3970
125	7631	4775
125	4652	5533
125	7706	4967
125	1034	6643
125	4805	3789
125	6434	985
125	7706	3789
125	1643	6952
125	4270	818
125	2730	4551
125	4270	5641
125	962	4463
125	4805	6162
125	4492	5641
125	4805	954
125	4270	985
125	7706	6952
125	7957	7434
125	4270	6162
125	962	7742
125	4270	4551
125	1643	3970
125	1034	4463
125	1619	4967
125	4270	3050
125	7706	4343
125	4492	7434
125	1034	5256
125	4270	5533
125	4492	7742
125	7419	3050
125	1643	4775
125	4270	4343
126	4523	3031
126	5815	1762
126	2758	6878
126	6253	6628
126	1157	2144
126	6173	2202
126	489	2887
126	1705	2202
126	5815	3031
126	5815	6878
126	6173	7727
126	2099	1351
126	5940	4767
126	5815	2887
126	6173	4767
126	6173	694
126	4523	4119
126	1705	3412
126	1157	3412
126	2974	2144
126	2974	7727
126	6173	5291
126	1157	5291
126	489	5680
126	4523	1351
126	2758	5680
126	3346	6628
126	4523	661
127	7719	7049
127	3843	580
127	3843	6227
127	3843	7320
127	3709	7320
127	1431	6795
127	1431	7049
127	4410	4616
127	4430	1401
127	2486	6795
127	3721	4616
127	7719	6227
127	3721	3825
127	3721	1401
127	806	3825
128	6550	3839
128	375	8063
128	5861	7207
128	5861	974
128	4320	3476
128	719	2613
128	4393	2447
128	6646	6887
128	748	1407
128	7443	2881
128	6550	2447
128	6174	6080
128	7283	8063
128	6646	3839
128	570	1562
128	5861	1562
128	5861	3647
128	2301	6887
128	4148	2905
128	2640	2881
128	6550	6080
128	4394	3647
128	7283	3782
128	3332	6879
128	6550	6879
128	2640	1407
128	748	6702
128	6550	3782
128	7443	6702
128	7283	7207
128	5861	2613
128	491	3476
128	5520	974
128	5520	2905
129	7993	7854
129	1942	6793
129	1494	7121
129	1157	5291
129	7993	5291
129	4996	5842
129	7993	1163
129	3490	7121
129	1787	5842
129	4996	2144
129	4996	4978
129	7993	6419
129	3073	6826
129	1494	6793
129	7993	5744
129	1157	2144
129	4996	7854
129	1942	6779
129	1494	8068
129	1787	1304
129	1787	3412
129	1494	6826
129	4301	6419
129	4301	6779
129	7993	8068
129	3486	1163
129	4996	5196
129	5187	2875
129	7993	1304
129	1157	3412
130	3540	2705
130	3063	1877
130	7763	3639
130	1970	1815
130	1511	4776
130	4903	6761
130	1511	1432
130	2479	7513
130	4601	3580
130	7763	1991
130	7763	4264
130	1511	1877
130	4477	5734
130	469	1991
130	4477	2131
130	7509	2340
130	4903	3612
130	469	1344
130	1970	4264
130	3776	439
130	3063	439
130	469	2131
130	1511	6761
130	4903	3639
130	3540	3436
130	3063	927
130	469	3818
130	3063	5250
130	760	2705
130	3063	4234
130	469	5334
130	1511	2340
130	5128	4776
130	5128	3580
130	3865	1432
130	5128	5334
130	503	3612
130	3063	7513
130	5523	4213
130	1970	8110
130	4903	7705
130	6357	4213
130	503	5250
130	3063	7705
130	3063	1344
130	4903	3818
130	3063	5734
130	4477	2352
130	7763	2352
130	469	1815
130	4903	3436
130	3063	8110
130	7763	4234
131	344	3614
131	4863	4797
131	7076	7059
131	4517	3614
131	344	7059
131	3844	4190
131	344	4190
131	344	4797
132	1642	5867
132	4230	7966
132	4989	1911
132	6039	3634
132	2813	5470
132	4989	4022
132	2813	3685
132	6039	2633
132	2249	4833
132	4196	2402
132	4989	4833
132	3181	352
132	3181	2158
132	3181	1911
132	2813	3819
132	2308	6319
132	4106	6319
132	2249	2044
132	2249	4683
132	3055	1854
132	4196	3341
132	6039	6830
132	3181	5867
132	6829	3819
132	3181	6175
132	3181	2633
132	6829	6830
132	2618	5470
132	5514	6175
132	3181	2044
132	5514	4683
132	6039	694
132	1567	2402
132	1768	7966
132	3181	3685
132	7276	4022
132	6039	7375
132	6301	2158
132	4600	3634
132	6829	352
133	2946	3937
133	2946	3252
133	7706	6952
133	7706	3789
133	4972	588
133	3633	4404
133	4972	3937
133	4972	5113
133	812	3789
133	4972	4967
133	4371	6952
133	2946	4343
133	7706	4343
133	7706	4967
133	3896	588
133	2946	4404
133	4052	5113
133	4052	3252
134	2852	2617
134	6156	6128
134	7350	1550
134	6156	3022
134	4553	4286
134	7557	6276
134	7604	3675
134	4553	2617
134	3288	3675
134	5775	2259
134	8144	3140
134	5750	4405
134	5161	6231
134	2184	1388
134	3442	1493
134	1195	1493
134	3442	6710
134	6722	6276
134	1195	3133
134	2231	6128
134	1857	3022
134	2184	4405
134	8144	1202
134	1354	421
134	4901	6710
134	5161	2432
134	2231	2259
134	1354	1202
134	2511	2432
134	1812	362
134	8018	3133
134	4901	3140
134	3288	1550
134	3488	5895
134	5161	421
134	6722	4286
134	2231	5895
134	3545	6624
134	1857	6624
134	2852	1388
135	4979	5939
135	7566	3070
135	4068	3400
135	5875	8059
135	4718	5858
135	5875	6448
135	5875	7046
135	5741	3070
135	7183	4201
135	1726	7305
135	4979	3400
135	6405	7449
135	5875	8086
135	5875	4733
135	5875	539
135	4979	8086
135	5875	4980
135	1079	5886
135	3617	870
135	5741	2853
135	5875	1984
135	4979	840
135	4979	4678
135	5875	916
135	2078	7305
135	1079	2356
135	7183	1665
135	4979	2356
135	1079	870
135	7183	6894
135	5095	6518
135	4979	6865
135	6405	840
135	5875	2853
135	3585	7046
135	6405	5886
135	7566	1665
135	4047	6518
135	7566	5939
135	1634	1784
135	1634	3224
135	5095	1984
135	5741	5259
135	4979	4201
135	3585	4678
135	5875	6492
135	5095	6865
135	1215	6492
135	4068	3224
135	5741	7449
135	1806	6448
135	1079	1784
135	1726	1006
135	5706	8059
135	4979	5259
135	6052	916
135	5875	1006
135	7566	4733
135	5875	6894
135	4047	5858
136	3881	7109
136	5990	1345
136	2536	7945
136	4586	7722
136	7138	5370
136	4836	7945
136	4836	2844
136	4836	7109
136	5990	5808
136	5658	5762
136	4836	5370
136	6019	7458
136	6365	2381
136	1259	5477
136	2772	4774
136	4850	3678
136	345	2146
136	2536	1345
136	1259	7722
136	5658	2146
136	3881	5811
136	5699	1656
136	4836	7105
136	6007	579
136	4488	631
136	7138	524
136	4836	579
136	4836	3337
136	4836	1656
136	4850	2774
136	4836	5808
136	3153	2918
136	4836	5762
136	1259	631
136	1259	1655
136	3806	2918
136	4836	3678
136	6365	2715
136	2536	2381
136	4836	3815
136	4850	2715
136	3153	2844
136	2772	5477
136	5990	2715
136	345	7105
136	2536	2774
136	3942	7458
137	1783	831
137	5647	831
137	5798	1891
137	5972	1891
138	4347	6142
138	7606	5691
138	6679	822
138	4347	7414
138	5029	663
138	7606	663
138	6679	6884
138	5029	6142
138	5827	1829
138	7803	1695
138	5029	6678
138	7602	5887
138	4347	7623
138	4211	1035
138	4347	4514
138	7162	822
138	598	6678
138	3716	6642
138	1921	7623
138	2543	6642
138	5029	7089
138	5029	1695
138	1922	1035
138	4684	7103
138	7069	4514
138	5029	5887
138	4347	6884
138	4347	5691
138	7602	2042
138	6679	7089
138	4347	2042
138	3491	2429
138	5029	1829
138	1922	7414
138	4347	7103
139	7125	3220
139	5104	6677
139	7127	5688
139	2453	5025
139	4093	1537
139	3567	1537
139	2194	6644
139	7829	3220
139	4359	7679
139	2194	5823
139	7797	2089
139	6845	3671
139	5195	5040
139	7829	3671
139	520	5025
139	7125	1739
139	4359	6644
139	4376	3618
139	7127	5040
139	5104	7679
139	2194	2780
139	4093	2780
139	5104	3618
139	7125	5823
139	2194	7609
139	4876	5688
139	7125	6677
139	5104	2089
139	3567	1739
140	4274	6066
140	4274	1929
140	5599	5175
140	5288	2335
140	2101	5624
140	842	4367
140	1185	4102
140	1185	2335
140	525	6865
140	2101	4296
140	2101	2383
140	548	7104
140	7570	5916
140	2210	7381
140	2101	2129
140	5535	5624
140	4274	4367
140	4274	8086
140	2101	5939
140	5568	535
140	4979	4201
140	2210	5751
140	548	2676
140	7190	840
140	548	3753
140	7570	887
140	1185	1610
140	4274	2383
140	4979	5259
140	2210	2718
140	525	7390
140	2210	7504
140	5568	5259
140	5535	1610
140	548	4102
140	1185	4403
140	4979	2356
140	5535	7381
140	6882	4678
140	5646	3981
140	5435	917
140	5288	7390
140	5288	4400
140	2101	6725
140	2101	4400
140	2210	3364
140	7190	2718
140	5599	7242
140	5435	5175
140	4979	3400
140	7570	6066
140	1185	6725
140	4979	8086
140	3777	3400
140	5535	6064
140	5435	6160
140	4979	840
140	4979	4678
140	2101	2114
140	525	2114
140	4979	6865
140	5535	535
140	842	3364
140	5599	4403
140	2101	7104
140	5535	3753
140	5435	7504
140	5568	4296
140	5599	5751
140	5535	4201
140	7190	6160
140	4979	5939
140	5914	7242
140	5435	1929
140	5435	2356
140	2101	1547
140	1983	887
140	5435	2676
140	4274	6064
140	5288	3981
140	5435	1547
141	4348	5197
141	5705	5717
141	5488	4749
141	5705	2425
141	7552	1186
141	4052	5113
141	4052	3252
141	2685	3002
141	4576	6720
141	2206	6720
141	7524	4577
141	1145	4749
141	6785	3252
141	3407	1186
141	6785	6681
141	3588	3879
141	2206	3879
141	2206	5197
141	1087	2791
141	3407	1631
141	7552	5572
141	4348	7554
141	5488	3994
141	5488	336
141	5986	1223
141	3407	1478
141	1087	392
141	4544	2791
141	1087	1478
141	5488	5717
141	1087	5572
141	1535	2425
141	3588	7554
141	3407	4577
141	1145	3362
141	3862	6399
141	1145	5113
141	3407	3994
141	5705	3362
141	2547	4765
141	1145	6681
141	1087	336
142	3262	7853
142	6126	1189
142	5596	4127
142	5596	1189
142	6208	4127
142	7004	4839
142	6126	5851
142	1853	3292
142	1723	6516
142	7004	5851
142	4238	4839
142	6126	7853
142	4238	3292
142	4238	6516
143	2599	6115
143	3540	2705
143	1357	551
143	1776	2728
143	2417	6022
143	672	1518
143	6655	818
143	2075	5309
143	3927	1784
143	5889	5309
143	3540	3436
143	2075	3606
143	3927	2232
143	1357	4711
143	3936	5727
143	3303	3145
143	7563	6054
143	1837	3981
143	3169	6665
143	5889	7910
143	3927	7219
143	2417	6245
143	1634	1784
143	2075	2024
143	1634	3224
143	1357	368
143	3305	3064
143	2417	4780
143	1380	4655
143	3927	3157
143	1357	5865
143	2688	3638
143	2688	6820
143	3724	3224
143	3304	7251
143	4357	2490
143	3724	2232
143	4090	5727
143	5109	2490
143	4909	3606
143	2075	7251
143	3724	2024
143	3629	1570
143	1380	3329
143	7563	1205
143	5493	5365
143	2212	1391
143	1648	2728
143	3927	3145
143	7563	5628
143	2746	3329
143	5889	1221
143	2075	6245
143	3305	1205
143	6655	4060
143	4094	4074
143	2122	7219
143	2688	4140
143	2075	6665
143	3724	3335
143	5889	7589
143	3303	4074
143	4420	4060
143	4357	3769
143	2417	7910
143	2688	7589
143	1776	1391
143	5646	3981
143	4090	7616
143	5889	3335
143	5109	5865
143	2417	6820
143	4273	3436
143	3927	6054
143	3927	3064
143	2599	2705
143	2122	1221
143	3899	3157
143	4273	7804
143	3303	5365
143	5493	1570
143	5889	368
143	3899	5628
143	2075	3638
143	6655	3769
143	5238	7616
143	7400	4140
144	471	6038
144	6545	5938
144	1579	2687
144	471	6221
144	2079	4730
144	640	6221
144	3719	3146
144	1383	2094
144	6562	5938
144	5542	2385
144	6562	1947
144	8020	963
144	1383	327
144	1383	6752
144	1234	2901
144	4860	5389
144	6562	1428
144	3719	5845
144	6562	7499
144	7856	7383
144	3663	1901
144	1383	3481
144	6076	3496
144	1280	808
144	1383	7392
144	3719	6247
144	471	3146
144	1383	6592
144	8020	5559
144	3921	3541
144	1383	3922
144	471	6556
144	640	4378
144	5542	3404
144	471	3404
144	3663	1789
144	7856	1947
144	3719	7383
144	7187	4159
144	3942	7458
144	5542	508
144	6076	6556
144	6388	3481
144	6076	6592
144	1383	4356
144	6562	2385
144	4860	4378
144	6076	6247
144	7056	1428
144	1579	3230
144	7760	4159
144	1814	3541
144	3163	808
144	1579	3922
144	7856	1487
144	1383	7238
144	6076	7680
144	7359	327
144	1383	1487
144	7056	5677
144	1814	508
144	4860	5713
144	5542	3230
144	7856	6038
144	6190	5379
144	3163	4730
144	6562	5580
144	3719	7956
144	7856	3496
144	7860	1605
144	1383	4225
144	5542	7680
144	5001	1489
144	3729	1135
144	1383	963
144	7856	5713
144	1383	2531
144	6480	7956
144	6076	5389
144	8020	808
144	7056	4225
144	5542	4356
144	6562	7152
144	3719	1489
144	6190	7152
144	1234	5580
144	8020	2687
144	3719	1135
144	640	7392
144	6562	6752
144	1383	5379
144	1383	1605
144	5542	7458
144	6076	7499
144	471	7238
144	3163	2094
144	471	1789
144	1280	5677
144	1383	2901
144	1383	5845
145	4016	3752
145	5084	5129
145	2489	5964
145	7107	5964
145	5548	4618
145	4016	4618
145	2110	4082
145	5042	3752
146	7753	1892
146	6505	7383
146	2257	7874
146	7483	4157
146	7940	6632
146	6505	457
146	3667	7618
146	3943	7373
146	7834	7181
146	7834	1906
146	7834	3846
146	7753	6463
146	6207	7181
146	6207	3764
146	3943	1487
146	1553	7689
146	7753	977
146	7483	3496
146	3153	2844
146	1485	7618
146	7579	1892
146	7579	7289
146	6505	3997
146	6207	6463
146	6470	6684
146	7483	7373
146	4692	5713
146	7834	6038
146	7851	1188
146	430	7289
146	7483	3846
146	3864	1906
146	7829	3671
146	7422	5327
146	7856	7383
146	5702	5838
146	7834	6632
146	1553	4157
146	1699	7930
146	7834	7782
146	1699	2844
146	6207	7715
146	1553	1188
146	6207	2284
146	7422	6726
146	3864	1947
146	6207	4993
146	1553	3997
146	1553	5327
146	5216	7373
146	1553	2029
146	7856	1947
146	1485	7782
146	7483	2284
146	1175	886
146	7940	5314
146	1485	6726
146	2257	7715
146	7483	7253
146	7834	6885
146	7940	3220
146	7579	6762
146	7753	7689
146	6207	5838
146	7856	1487
146	1699	5314
146	1485	6684
146	1485	5482
146	7829	3220
146	7856	6038
146	1553	5482
146	1175	6762
146	7940	3764
146	7579	6885
146	7856	3496
146	2819	886
146	6470	2918
146	7834	457
146	6342	4993
146	1485	3671
146	3153	2918
146	7856	5713
146	1699	2029
146	6505	7253
147	2598	1460
147	6798	4455
147	1456	6307
147	7367	5335
147	3592	7770
147	578	5248
147	7911	5450
147	3592	4838
147	2598	3537
147	7317	1990
147	6798	3115
147	1951	4278
147	7367	7296
147	745	4131
147	5008	6127
147	2239	3537
147	3592	5600
147	3592	1460
147	2598	4354
147	2239	6307
147	7387	6447
147	6798	3557
147	745	4512
147	745	4265
147	2239	4455
147	3592	6814
147	6798	1836
147	7317	6178
147	7911	3115
147	6798	4838
147	7367	4278
147	2239	5248
147	7367	6447
147	3592	5450
147	1951	3557
147	7911	7148
147	7317	4512
147	745	1836
147	3592	6127
147	4731	7132
147	6968	4354
147	2239	7148
147	4088	7132
147	2239	4265
147	7367	6178
147	4088	5335
147	3592	4131
147	2239	7770
147	4731	7296
147	637	6814
147	1951	5600
148	6421	2396
148	2426	2457
148	4942	1221
148	3206	3447
148	2426	1441
148	1087	2791
148	1505	8066
148	2426	5175
148	3617	870
148	2052	687
148	2426	7219
148	2122	7219
148	1933	687
148	2426	870
148	4025	5957
148	2122	1221
148	1933	7954
148	3206	603
148	4025	1521
148	4460	6312
148	1087	392
148	5599	5175
148	2052	7203
148	5599	4403
148	7463	1441
148	1087	1478
148	1757	2791
148	4743	6691
148	8084	4403
148	2426	6312
148	4460	3447
148	4743	7954
148	2052	4698
148	8084	6691
148	1087	5572
148	4460	7242
148	3127	2457
148	4743	2322
148	8084	2133
148	3206	6048
148	2426	2794
148	5599	5751
148	4886	5464
148	6421	6159
148	2426	6159
148	4743	4698
148	6421	6601
148	6806	5957
148	5144	5768
148	2426	1015
148	2426	603
148	7463	7203
148	4025	336
148	4743	2794
148	7085	8066
148	3206	2133
148	1087	336
148	3206	2322
148	6421	1521
148	5599	7242
148	3807	3530
148	3206	5751
148	6806	5572
148	3581	1015
148	6806	2396
148	2426	5368
148	6421	1478
148	2426	392
148	541	5464
148	2052	2509
148	2052	6048
148	2426	2204
148	2426	2509
149	3253	5524
149	3253	3242
149	3719	5845
149	6148	5712
149	6148	4696
149	6228	4210
149	6505	7383
149	7824	1265
149	7144	3242
149	3719	7956
149	2501	788
149	1404	5524
149	5026	579
149	4040	457
149	6228	7956
149	1833	7098
149	452	7850
149	452	7136
149	2501	1135
149	3719	6247
149	6505	457
149	452	3179
149	1069	7850
149	7369	7399
149	2420	7547
149	7144	3037
149	5629	7547
149	6148	3609
149	7144	4129
149	7615	6087
149	4802	2320
149	4040	3037
149	3745	6247
149	7369	7136
149	7615	4363
149	5706	8059
149	6007	579
149	6327	2320
149	4802	5712
149	7994	2587
149	7438	1265
149	7994	2840
149	1833	7066
149	6505	7253
149	1833	1489
149	5656	3997
149	3719	3146
149	3253	3609
149	1833	3179
149	3745	4129
149	4040	3146
149	3745	7253
149	5629	4696
149	4040	3518
149	3719	1489
149	6327	6087
149	7423	4012
149	7016	4363
149	3719	1135
149	7144	5845
149	1069	7066
149	1069	4012
149	3719	7383
149	6505	3997
149	3745	3518
149	5026	2587
150	7572	5009
150	6782	6034
150	3791	4667
150	1124	3458
150	5765	6574
150	345	2146
150	6029	7932
150	6029	6199
150	5347	1265
150	817	5314
150	5765	6738
150	6786	740
150	493	6428
150	5347	3754
150	7913	4721
150	6029	1689
150	4332	508
150	493	6574
150	6029	679
150	5765	4208
150	5765	3387
150	514	6919
150	4332	1413
150	7572	6428
150	1124	4868
150	7125	1739
150	6786	5311
150	7913	5866
150	5765	4667
150	7913	6540
150	7913	1509
150	5347	6540
150	4138	5009
150	6525	2777
150	2248	1509
150	1814	3541
150	5347	6576
150	5765	5252
150	8088	2468
150	5347	5038
150	1814	508
150	7125	3220
150	6786	5825
150	5347	2777
150	2248	4208
150	514	3664
150	493	1689
150	4138	828
150	5765	8024
150	7934	679
150	6525	3764
150	3791	1644
150	6029	3149
150	514	3947
150	4760	6738
150	7934	2146
150	6029	3158
150	7940	5314
150	7940	3764
150	6029	3286
150	7572	6199
150	7572	6919
150	4583	2468
150	7934	3058
150	6786	1644
150	5765	6086
150	5765	5311
150	2248	6034
150	1124	4248
150	1516	3149
150	6525	3458
150	2978	1266
150	817	7105
150	5347	4868
150	5740	3286
150	7940	3220
150	6525	3604
150	5347	5252
150	7125	5823
150	3120	3604
150	6029	5823
150	5740	2541
150	493	5631
150	5740	5631
150	345	7105
150	6029	5825
150	3120	6632
150	7757	2541
150	5765	7932
150	6458	1266
150	7438	1265
150	5765	2083
150	5765	5866
150	7913	740
150	3791	6576
150	5765	6677
150	6029	3541
150	5347	6335
150	3791	3058
150	6525	7704
150	5347	2744
150	7125	6677
150	4583	6335
150	7934	6086
150	2978	3947
150	2248	2744
150	4332	4721
150	7757	5126
150	6029	828
150	5347	5126
150	7572	8024
150	817	5038
150	2248	7704
150	6786	1739
150	5765	3664
150	6029	1413
150	3120	2083
150	7940	6632
151	5284	5799
151	5673	5071
151	5490	5071
151	5056	4797
151	2010	7100
151	2150	5286
151	5284	7952
151	2374	4365
151	5284	5917
151	5673	2495
151	7799	2495
151	5673	4365
151	5490	5799
151	5284	2380
151	2010	7974
151	5673	2985
151	5673	5917
151	3885	7974
151	5056	5286
151	1405	7952
151	4863	4797
151	1405	2985
151	2374	2380
152	1559	4856
152	5630	3426
152	6002	6267
152	1946	7456
152	8075	7456
152	4670	791
152	5079	8000
152	5630	378
152	4670	3426
152	4483	8000
152	7212	5611
152	5079	378
152	4944	4856
152	2938	6267
152	4944	5611
152	8075	791
153	5131	5614
153	4548	7716
153	5831	4900
153	714	4366
153	4548	2026
153	1525	3867
153	3256	4030
153	6550	3839
153	5131	351
153	5131	2209
153	7465	3690
153	714	854
153	1100	6686
153	642	7229
153	714	5122
153	5131	5122
153	5131	988
153	6550	2447
153	642	7857
153	2873	351
153	4250	4900
153	4250	4366
153	4250	2209
153	714	844
153	5131	7556
153	7465	2316
153	6550	6080
153	7465	5614
153	714	1158
153	714	6686
153	7465	2026
153	714	1765
153	2296	7556
153	4548	1158
153	714	7229
153	5831	3867
153	6550	6879
153	714	758
153	5831	7716
153	5831	758
153	356	5077
153	5131	5981
153	7465	6080
153	3583	6879
153	6550	3782
153	7465	1888
153	3603	3782
153	5131	7857
153	642	1888
153	5131	3839
153	6687	5981
153	7894	854
153	3399	2447
153	5831	2316
153	4250	3690
153	7465	844
154	6787	4245
154	7189	509
154	4845	5030
154	8006	7049
154	3108	6855
154	7189	3828
154	4276	3756
154	7522	2054
154	2196	7460
154	4276	2145
154	5882	3098
154	8006	3525
154	3152	2644
154	7189	1753
154	4175	4472
154	4141	3525
154	7476	2145
154	5885	4149
154	5882	3476
154	7189	4236
154	4175	3828
154	2277	4043
154	7189	6152
154	7189	3098
154	7920	4043
154	4141	3610
154	7719	7049
154	3108	1753
154	4276	509
154	8006	1172
154	2196	7584
154	7476	6315
154	1480	3756
154	4141	2188
154	4276	1073
154	7522	4472
154	7189	2054
154	3108	4245
154	2196	1073
154	8006	4149
154	7920	5638
154	4276	2644
154	7189	2188
154	4276	1149
154	4035	2081
154	6113	3273
154	8006	6855
154	8006	5299
154	7189	3341
154	7189	2081
154	7920	6495
154	3108	3610
154	2196	2711
154	2196	6317
154	7522	1149
154	7189	6227
154	491	3476
154	3441	7584
154	3441	3273
154	7522	2711
154	1020	4164
154	7476	3803
154	6787	6317
154	7189	7914
154	7189	1379
154	7189	5638
154	7719	6227
154	8006	5030
154	4845	6495
154	2196	4236
154	4877	1172
154	7189	6315
154	7189	5299
154	7189	4164
155	5247	6940
155	2932	4123
155	612	5039
155	2932	4785
155	1606	2059
155	5731	3471
155	7544	4674
155	612	5774
155	612	3922
155	7544	2059
155	2898	6940
155	1606	5457
155	7598	7173
155	3030	3230
155	2898	3471
155	736	1400
155	7598	7722
155	369	4331
155	862	5774
155	5731	6362
155	1579	2687
155	2898	4752
155	3030	5774
155	1579	3230
155	5731	7027
155	7598	1400
155	1606	5221
155	736	4752
155	612	4674
155	862	5221
155	1579	3922
155	736	7818
155	7544	2198
155	7544	4785
155	5165	7027
155	3030	6362
155	7598	5039
155	7598	5457
155	736	2198
155	736	4123
155	3042	2687
155	2898	7173
155	6513	7818
155	4586	7722
156	2481	6239
156	3720	7386
156	2439	6239
156	1298	3122
156	3720	2068
156	1245	1240
156	4815	3122
156	4815	428
156	1298	3802
156	4815	5172
156	2793	4558
156	4085	4558
156	1298	5257
156	4085	7386
156	2619	3652
156	4815	6209
156	5543	7290
156	2439	6177
156	1245	6209
156	3177	4336
156	2481	1240
156	4815	8063
156	375	8063
156	2492	428
156	1298	6177
156	2793	7290
156	2481	5257
156	6198	3802
156	2793	5172
156	5543	2068
157	1115	4386
157	5833	4386
157	5833	1981
157	1115	712
157	3369	5437
157	5371	712
157	5371	5437
157	3369	1981
158	2540	3743
158	1463	626
158	3142	6658
158	2611	6619
158	3816	7279
158	6040	1338
158	7686	5475
158	7686	3614
158	3142	626
158	1809	1482
158	3821	6058
158	5896	7590
158	3821	5579
158	5896	2428
158	7794	6619
158	2992	4013
158	4231	7201
158	4231	6658
158	400	1482
158	427	722
158	4221	722
158	400	6058
158	3644	2172
158	1463	1000
158	2992	1349
158	5896	7992
158	7686	3793
158	2992	6944
158	3142	3743
158	400	7992
158	7686	5895
158	3142	2428
158	7794	3686
158	2992	592
158	2611	3344
158	2540	3793
158	1809	5816
158	408	7279
158	2992	2172
158	2540	2951
158	5896	5816
158	5738	3344
158	2611	5055
158	7686	1260
158	5896	2951
158	7686	8051
158	4221	1349
158	2992	5555
158	7686	5055
158	3816	3686
158	2611	7590
158	3196	1260
158	3488	5895
158	2540	592
158	4517	3614
158	1463	7201
158	4221	3344
158	7686	5555
158	6597	1338
158	7686	1000
158	3821	8051
158	400	6944
158	3142	4013
159	7424	2149
159	5317	3166
159	7934	679
159	5658	5762
159	4976	2149
159	1212	679
159	4383	6086
159	5709	5753
159	5709	3058
159	4976	3116
159	7934	2146
159	4292	5138
159	4976	8046
159	5317	8046
159	7424	5138
159	7934	3058
159	6201	1256
159	5658	2146
159	2299	3211
159	3210	5762
159	7056	1428
159	4322	3116
159	5317	705
159	4976	1428
159	1324	3561
159	1367	750
159	7056	4225
159	6171	705
159	4317	5428
159	7424	3770
159	5709	750
159	7056	5677
159	5317	4225
159	1367	3770
159	1367	1256
159	4875	5677
159	4976	750
159	4875	3166
159	6189	3211
159	4383	3561
159	7934	6086
159	5317	5753
160	3282	2788
160	6438	5958
160	3282	2199
160	7117	7793
160	1863	6924
160	3175	6692
160	4044	3666
160	6451	2788
160	7117	965
160	3672	2952
160	3385	5958
160	6438	7309
160	3697	4128
160	586	1564
160	6648	5605
160	3385	2678
160	6648	994
160	1863	1923
160	6449	3666
160	4720	5605
160	3697	7987
160	4044	7793
160	5701	7619
160	1090	1060
160	5386	7619
160	3175	4128
160	7612	5708
160	6451	6692
160	6438	1060
160	1088	4885
160	4720	3832
160	3282	895
160	6648	7987
160	3282	1923
160	1863	3707
160	6438	895
160	4373	2586
160	1863	3832
160	586	965
160	7971	2199
160	7612	2245
160	7117	1293
160	3282	4885
160	7612	994
160	3697	2586
160	3175	2245
160	3697	1564
160	6271	5681
160	5721	4735
160	8044	6183
160	5701	1971
160	4720	1293
160	3697	1512
160	3175	2678
160	7612	2092
160	4044	5525
160	7612	7309
160	7117	2940
160	7117	2092
160	3282	5681
160	6648	2940
160	7612	1512
160	586	4735
160	7612	7571
160	5989	1971
160	586	5708
160	3175	6183
160	6648	6924
160	7633	5525
160	3385	3707
160	1863	7571
161	7825	6347
161	2625	6834
161	2768	6834
161	4905	7944
161	2625	5137
161	4071	7754
161	7218	3700
161	4584	7519
161	4071	5316
161	2088	4541
161	7883	7754
161	5726	5316
161	4461	6868
161	1996	6764
161	2504	6347
161	2768	4541
161	5342	5137
161	3113	7519
161	2661	3700
161	2625	6868
161	2504	6764
162	862	5774
162	7358	4217
162	7358	5480
162	8087	2901
162	8087	7401
162	7006	3609
162	7358	2331
162	7358	5580
162	862	5221
162	4322	3116
162	8087	3242
162	5323	2726
162	7924	5524
162	8087	3788
162	6060	3788
162	1155	3158
162	3253	3609
162	7358	524
162	8087	3696
162	6060	2726
162	7225	4217
162	6850	7665
162	6060	7665
162	7358	856
162	6060	5221
162	1234	5580
162	3253	3242
162	7220	5480
162	4575	7401
162	7006	1560
162	3253	5524
162	7358	3696
162	5216	7373
162	1234	2901
162	7358	3116
162	7358	1560
162	8087	531
162	6850	531
163	1280	808
163	2475	808
163	668	6955
163	2475	3160
163	3640	1310
163	8141	1486
163	1792	5808
163	6788	2116
163	2475	7756
163	6328	6762
163	3593	1611
163	6557	3906
163	5578	1486
163	7106	5735
163	6557	3097
163	7960	2351
163	2475	6995
163	6557	1611
163	2475	6229
163	5711	3754
163	6557	5467
163	6557	1266
163	5578	475
163	4519	4130
163	6557	7547
163	484	3097
163	6557	4130
163	6557	6955
163	6557	2116
163	3593	5480
163	7523	3166
163	7493	6987
163	1792	5087
163	4875	3166
163	5736	871
163	6557	886
163	2475	6105
163	5990	1345
163	1175	886
163	6557	6987
163	6383	446
163	3593	3160
163	2475	3947
163	2475	475
163	5736	6105
163	6557	3688
163	1792	591
163	5578	4303
163	5711	6105
163	6557	2351
163	4628	5467
163	2435	3906
163	8141	2495
163	3593	2563
163	6557	4303
163	7220	5480
163	5990	5808
163	1175	6762
163	1280	5677
163	7799	2495
163	3074	871
163	2420	7547
163	6557	1345
163	5736	808
163	6788	5735
163	2978	1266
163	2475	5087
163	6788	6229
163	7523	3688
163	2978	3947
163	6557	3260
163	8141	6995
163	4875	5677
163	5990	2715
163	6788	1310
163	8141	3260
163	5578	2563
163	6557	7756
163	6557	446
163	3640	3742
164	1263	6543
164	1488	4910
164	6380	6543
164	540	7185
164	1488	1627
164	737	3568
164	1098	4541
164	1098	1127
164	1801	3139
164	737	4910
164	540	3139
164	3853	6692
164	2088	4541
164	540	7251
164	1488	5232
164	7931	581
164	1263	7185
164	1263	5684
164	6451	2788
164	3304	7251
164	1263	6843
164	1098	6843
164	540	3568
164	3849	5684
164	1801	581
164	1263	2788
164	540	1627
164	6380	991
164	3853	5232
164	6451	6692
165	6426	2204
165	6426	917
166	3771	1998
166	3771	3377
166	3043	4526
166	2171	7193
166	2171	7495
166	2254	3798
166	2254	3990
166	3771	7193
166	3043	553
166	5062	3990
166	3043	2365
166	3771	4526
166	3771	398
166	3043	6553
166	2936	1085
166	3043	3798
166	5455	3377
166	3241	1998
166	799	1331
166	3043	7495
166	799	2365
166	3043	1085
166	5062	1331
166	5062	553
166	696	6553
167	6269	2861
168	4396	6869
168	1733	7174
168	4941	7174
168	2173	834
168	5479	572
168	1012	834
168	1253	7767
168	2173	7503
168	3287	6063
168	3287	7503
168	1162	7767
168	2173	4902
168	2770	572
168	1253	4902
168	6534	6063
168	3287	6869
169	3170	7642
169	7129	7467
169	4433	7467
169	7129	7642
170	6986	866
170	526	7148
170	5601	6901
170	5601	7020
170	7911	5450
170	526	866
170	6986	3755
170	4513	6707
170	526	454
170	937	7316
170	596	4866
170	937	4866
170	526	780
170	7845	5111
170	5601	7855
170	5737	3115
170	2820	5111
170	596	454
170	5336	6941
170	7911	3115
170	5737	7316
170	3529	6941
170	5433	6230
170	6986	6707
170	596	7855
170	4513	5760
170	3529	6230
170	5601	5728
170	7911	7148
170	937	780
170	2820	5760
170	937	5728
170	596	5450
170	7845	3755
170	6068	6901
171	1776	1391
171	5976	7029
171	6499	7820
171	5976	2728
171	6477	887
171	3988	1348
171	6477	1057
171	3548	7029
171	7213	7820
171	1776	2728
171	2558	7820
171	6477	1348
171	1983	887
171	3988	1391
171	1771	1057
172	7991	3752
172	4975	4790
172	5042	3752
172	7692	6553
172	696	6553
173	1868	5900
173	3734	1163
173	6577	2332
173	1781	1356
173	8009	5820
173	1868	6830
173	3351	3203
173	6813	2944
173	2837	7842
173	4446	1356
173	6813	6736
173	7897	8068
173	4549	703
173	3351	1793
173	7897	7375
173	6813	5744
173	8009	2332
173	3263	978
173	1781	5452
173	7993	8068
173	3955	3338
173	6184	1395
173	1868	3216
173	1781	1305
173	7993	5291
173	5018	439
173	7993	1163
173	3152	2644
173	8009	5900
173	4897	7486
173	5018	3321
173	6039	6830
173	1377	1580
173	3734	1507
173	3734	5226
173	3776	439
173	2837	1459
173	1868	7961
173	8009	7854
173	4446	1163
173	1377	496
173	1498	496
173	1868	6905
173	1781	8048
173	7993	1304
173	1377	5557
173	3955	8030
173	7897	5452
173	2837	3203
173	6039	3634
173	3902	8039
173	6173	5291
173	6049	1304
173	7897	5226
173	6039	2633
173	1377	3918
173	1948	4563
173	7897	7486
173	7993	6419
173	7897	5820
173	1781	7842
173	6579	1459
173	5401	703
173	7897	5557
173	6049	1580
173	6039	694
173	1498	2644
173	3955	1392
173	6049	2202
173	3955	3918
173	6173	4767
173	6173	694
173	4549	3634
173	4446	3112
173	2811	4515
173	1377	7961
173	5401	3112
173	3955	2633
173	3955	6297
173	7897	8030
173	7897	8039
173	3955	8048
173	4549	2944
173	2837	1598
173	1824	6297
173	6049	3216
173	8009	7727
173	7395	1305
173	4897	4767
173	3955	2546
173	7395	3321
173	2837	6905
173	6173	2202
173	7993	5744
173	3734	6736
173	2837	1392
173	6173	7727
173	6039	7375
173	1824	4132
173	4897	6419
173	7993	7854
173	1868	3338
173	7897	1693
173	6579	2546
173	1781	4563
173	5401	1598
174	7924	5524
174	1096	446
174	6442	7688
174	1404	5524
174	6501	7688
174	4067	2531
174	6383	446
175	6344	6346
175	2789	5410
175	6394	2524
175	5505	2524
175	7740	1997
175	4111	7543
175	1575	7303
175	7740	3086
175	3737	834
175	8011	7696
175	4764	1424
175	4345	3600
175	5519	2339
175	7188	7503
175	7123	5070
175	4111	7274
175	7123	3453
175	1575	3086
175	4858	3084
175	1672	6359
175	3737	2734
175	3737	1059
175	7123	3416
175	4111	1059
175	6344	2339
175	2789	5070
175	2173	4902
175	1672	3570
175	4345	1424
175	7007	6841
175	4345	1131
175	1802	1187
175	7007	6789
175	2789	6714
175	5505	7303
175	1575	7274
175	1802	3600
175	6394	3416
175	5505	6119
175	1575	3570
175	1575	2734
175	1778	3084
175	7007	6346
175	4345	7543
175	7123	6789
175	7740	3453
175	7740	4902
175	7188	1131
175	4345	6359
175	2173	834
175	1802	6714
175	2173	7503
175	3737	1997
175	4345	5410
175	4111	7696
175	7740	6119
175	7123	1187
176	5290	6399
176	7901	4961
176	2670	7000
176	3862	6399
176	1146	6399
176	2792	4961
176	7901	7000
177	7750	828
177	6562	5580
177	2964	750
177	6562	7499
177	2884	2563
177	5773	459
177	1236	3975
177	7358	3116
177	5337	1198
177	4138	828
177	7358	1560
177	2964	2385
177	7138	5370
177	3864	1906
177	3593	3160
177	3396	7152
177	5773	1560
177	4976	2149
177	7358	4217
177	3396	2539
177	7365	7499
177	7358	5480
177	4976	3116
177	735	2149
177	6562	2385
177	5337	3696
177	5731	6362
177	5731	7027
177	5773	2539
177	7236	7748
177	4976	8046
177	735	5938
177	7358	2331
177	3396	1611
177	7358	5580
177	2884	1198
177	5337	8046
177	7365	1973
177	7236	6112
177	7138	524
177	7248	2727
177	2964	6362
177	7248	6739
177	4976	1428
177	7248	750
177	7365	7748
177	5337	6752
177	2884	5182
177	3864	1947
177	7358	524
177	6562	5938
177	4138	5009
177	2884	459
177	4991	4217
177	735	3471
177	3593	5480
177	6562	7152
177	6757	1906
177	735	6739
177	5773	3160
177	4976	750
177	1295	6112
177	3593	2563
177	6562	1947
177	5731	3471
177	6562	6752
177	646	5370
177	7358	856
177	3593	1611
177	3396	5182
177	5337	5009
177	6562	1428
177	7358	3696
178	799	2365
178	4595	7952
178	1632	6500
178	3107	6847
178	4392	2985
178	7887	6847
178	926	2365
178	4003	5046
178	1632	1331
178	1405	7952
178	926	6425
178	1405	2985
178	4595	6672
178	4595	1711
178	4392	6425
178	4392	6672
178	1632	1711
178	926	6500
178	799	1331
179	3534	6439
179	6078	6003
179	3534	2729
179	3534	2668
179	3534	1469
179	2500	5770
179	3808	4686
179	7525	461
179	3534	6524
179	5408	955
179	5975	7561
179	7562	7817
179	5408	3243
179	6587	6404
179	5975	4275
179	6942	4429
179	6078	6524
179	3534	5770
179	1966	1866
179	3534	7817
179	1966	7034
179	2500	955
179	6587	5235
179	3534	4275
179	3178	4686
179	1649	4429
179	5975	6404
179	2487	4542
179	5408	4542
179	1649	7852
179	3534	3027
179	2487	3523
179	6587	1604
179	5975	3243
179	2487	2464
179	1649	6439
179	5408	6003
179	6078	461
179	485	5035
179	1966	2228
179	3534	5235
179	6587	1866
179	3534	6678
179	2487	2729
179	5408	1469
179	7525	5066
179	7525	2668
179	2821	2879
179	2821	7852
179	2487	2503
179	5975	3523
179	598	6678
179	2821	2464
179	6713	7561
179	7525	5035
179	5975	7034
179	3601	3027
179	2821	5066
179	3534	2879
179	6594	7561
179	6594	2228
179	731	3027
180	404	5120
180	3993	3315
180	2234	5137
180	5935	1471
180	2474	1506
180	1938	5611
180	1126	1471
180	732	1394
180	4944	5611
180	3993	5120
180	1126	3249
180	4656	2425
180	7762	1506
180	5622	3249
180	1535	2425
180	5935	3315
180	5935	7165
180	3842	7165
180	4944	4856
180	3810	1394
180	5342	5137
181	6067	2643
181	1868	3338
181	3564	804
181	5140	6881
181	5698	4466
181	6213	6452
181	6067	2508
181	6067	2999
181	1868	5900
181	3564	2646
181	5140	4787
181	6188	594
181	7831	6984
181	7895	6932
181	3564	3926
181	3969	1113
181	3969	4658
181	353	1067
181	6067	352
181	2337	708
181	356	5077
181	3564	2662
181	6067	1410
181	2915	2643
181	6067	4647
181	7895	7846
181	2876	3216
181	3917	5900
181	6213	6650
181	2337	4164
181	869	387
181	2337	7846
181	7831	2613
181	6829	6830
181	1868	6830
181	353	6932
181	1152	7923
181	5140	2999
181	6067	1067
181	353	708
181	3564	6712
181	2337	4831
181	460	6905
181	5344	1694
181	1868	7961
181	6829	352
181	7895	4787
181	5140	594
181	2337	2646
181	1868	6905
181	2337	6984
181	1868	3216
181	353	984
181	2337	2895
181	1878	984
181	6213	6094
181	6067	4920
181	5140	3926
181	1152	3819
181	5140	6452
181	6213	4647
181	7895	2224
181	353	6650
181	5287	4466
181	3917	1410
181	2337	5077
181	4076	6712
181	6213	2224
181	5140	4831
181	1152	7961
181	2337	2508
181	824	2662
181	7831	4658
181	6067	3338
181	353	6881
181	460	4920
181	6067	7923
181	7831	804
181	6829	3819
181	1020	4164
181	2337	6094
181	8040	1694
181	719	2613
181	3969	387
181	3564	1113
182	3566	1267
182	4559	6731
182	3871	2925
182	3871	8064
182	3871	7255
182	3871	5997
182	5487	7346
182	8133	7255
182	3871	4791
182	8133	1267
182	3871	7346
182	8133	6731
182	4112	4527
182	3566	4791
182	8133	7341
182	3566	425
182	4112	6422
182	2141	5997
183	2411	4659
183	2834	537
183	2834	2816
183	4485	3227
183	2363	2816
183	4754	7037
183	2363	6495
183	4756	3312
183	7920	5638
183	2363	387
183	2411	6193
183	2834	4658
183	7920	6495
183	2834	3227
183	5534	7996
183	2363	365
183	2363	1503
183	3969	387
183	3969	1113
183	2834	7037
183	3969	4658
183	7959	7996
183	2411	1503
183	4754	4659
183	7959	1113
183	4754	647
183	5471	647
183	7959	365
183	5471	537
183	5471	6193
183	2836	4043
183	7920	4043
183	5473	5638
184	5281	931
184	8113	4172
184	5131	3839
184	5131	7857
184	8113	5981
184	1549	1729
184	4693	5526
184	7587	6887
184	5553	4172
184	3820	1531
184	5131	5614
184	5281	5659
184	3820	7556
184	7587	6615
184	5131	2209
184	5281	5122
184	7587	2655
184	5553	1746
184	5131	351
184	4693	2209
184	5281	7471
184	4693	476
184	5553	6615
184	5281	1729
184	7587	476
184	5553	5614
184	5131	5122
184	7988	7471
184	4693	6507
184	5131	988
184	4693	1531
184	5281	6375
184	5281	3434
184	5281	3925
184	2050	6375
184	6646	6887
184	6270	1746
184	5131	7556
184	5553	5659
184	6646	3839
184	3820	2655
184	5553	6507
184	5281	5526
184	2050	7857
184	6270	351
184	5131	5981
184	7587	3925
185	3940	4200
185	6155	2917
185	2164	3092
185	5271	6089
185	6120	1163
185	1719	1503
185	3940	3092
185	6009	7058
185	6009	7320
185	3347	445
185	2738	3727
185	2411	4659
185	3709	7320
185	7828	6089
185	3910	445
185	2738	984
185	3910	1955
185	4446	1356
185	2738	6193
185	2411	6193
185	3486	1163
185	2738	4022
185	4446	1163
185	2760	4659
185	6120	3727
185	7276	4022
185	4446	3112
185	2411	1503
185	4339	4395
185	2738	3112
185	4781	4395
185	4555	5645
185	6009	4200
185	2361	2917
185	1878	984
186	6149	3364
186	6434	5919
186	2480	1125
186	5994	3313
186	5106	7241
186	5106	4367
186	4407	1452
186	2558	7820
186	4546	3465
186	4407	2794
186	6149	3342
186	5926	3392
186	842	3364
186	1121	4698
186	4743	6691
186	4546	5582
186	6434	985
186	4743	7954
186	8140	6671
186	5994	6363
186	4743	2322
186	2480	2213
186	6000	2642
186	6149	3465
186	4114	3935
186	4407	6671
186	4114	3392
186	5106	4491
186	842	4367
186	1808	1637
186	6149	2798
186	1133	5919
186	5106	2642
186	6149	2322
186	1121	1637
186	6149	5919
186	6149	3225
186	4743	4698
186	4662	6363
186	4114	5582
186	4930	3935
186	4743	2794
186	6149	6486
186	3783	6486
186	6149	3313
186	3783	787
186	4992	7241
186	1808	7820
186	2480	6675
186	6149	3935
186	3767	7954
186	3783	985
186	5994	6691
186	1048	3342
186	4407	2798
186	6149	1125
186	5994	4491
187	1889	513
187	5106	7241
187	1889	2383
187	4274	8086
187	5875	6492
187	2108	783
187	5875	1006
187	5875	6894
187	1889	2312
187	2829	5985
187	4274	2383
187	5511	1132
187	5106	4491
187	6324	7196
187	5875	6448
187	5106	2642
187	5511	7029
187	7003	3011
187	1889	1692
187	2835	6448
187	5875	1984
187	5511	6894
187	7510	2457
187	7510	1929
187	7533	6586
187	5511	1646
187	2108	1006
187	389	1570
187	1889	1132
187	5511	6478
187	4274	4367
187	6324	1742
187	3127	2457
187	3762	5985
187	5875	539
187	7003	5980
187	3548	7029
187	389	916
187	5875	8059
187	5497	5105
187	5511	1742
187	1889	2830
187	5875	4733
187	5875	4980
187	1889	1673
187	5875	916
187	6754	6492
187	5511	6064
187	5497	3011
187	6324	1984
187	3629	1570
187	7003	1646
187	5511	7241
187	5106	4367
187	5497	6478
187	3762	2830
187	2108	6066
187	5875	7046
187	5875	8086
187	1889	4733
187	1889	2930
187	2108	2642
187	4274	6064
187	3911	1692
187	7510	5105
187	389	6586
187	3762	2853
187	1889	2621
187	7003	2930
187	715	4980
187	4374	1223
187	4274	6066
187	4274	1929
187	5497	1673
187	7003	4491
187	5315	5980
187	7003	783
187	5875	2853
188	3874	909
188	1271	4874
188	5521	1897
188	3874	5531
188	3170	7642
188	3236	2056
188	7117	7793
188	7117	965
188	4898	1210
188	1271	2189
188	6652	1491
188	3874	1168
188	534	5865
188	5844	2092
188	3863	7642
188	3236	2940
188	1684	6043
188	534	730
188	1255	4874
188	1271	3424
188	3874	1210
188	615	3424
188	534	6203
188	3874	5292
188	1271	6203
188	1271	2490
188	534	1602
188	5109	5865
188	3874	7482
188	7560	5292
188	1271	1074
188	1271	7734
188	7117	1293
188	4568	1602
188	1102	2056
188	7560	2189
188	7117	2092
188	1271	909
188	3874	730
188	615	5531
188	6387	7482
188	7117	2940
188	5109	2490
188	534	1293
188	1684	965
188	534	1897
188	6652	7734
188	4945	4569
188	1271	6043
188	2106	7793
188	753	1074
188	615	1491
188	6652	1168
188	1271	4569
189	5786	6779
189	3366	7699
189	5128	4776
189	7776	7699
189	5128	3580
189	4267	1765
189	1942	6779
189	6053	5215
189	5128	5334
189	3366	3580
189	5786	5215
189	5786	5334
189	2811	4515
189	6796	4445
189	1942	6793
190	7880	458
190	2064	7055
190	2555	1374
190	348	458
190	7568	7208
190	2178	2357
190	2064	1200
190	1667	3425
190	2064	6789
190	2615	2825
190	2064	6618
190	5103	1823
190	5890	2968
190	2615	680
190	2511	2432
190	2064	4830
190	7167	3425
190	1667	7055
190	5890	1360
190	2615	7526
190	7568	7909
190	2615	1360
190	5616	1200
190	1667	1374
190	7568	3598
190	7007	6841
190	2993	4625
190	2993	2825
190	2064	5635
190	348	2074
190	7007	6789
190	2993	5586
190	2993	6373
190	4391	7239
190	7167	7909
190	2064	6373
190	2064	680
190	7007	6346
190	348	4041
190	1667	6346
190	7568	5635
190	4806	894
190	5739	894
190	7880	3598
190	2993	7208
190	5103	4625
190	5739	1211
190	7167	2432
190	7568	1879
190	4064	2074
190	1667	1879
190	7880	6618
190	5616	2968
190	2064	4041
190	5103	7526
190	5890	4830
190	2064	1823
190	8116	7239
190	1590	5586
191	1527	7837
191	5371	5437
191	5371	712
191	5438	712
191	6192	7837
191	7676	7075
191	3956	7075
191	7676	5437
192	3996	7418
192	821	6864
192	5227	2807
192	623	6864
192	1446	7413
192	6274	1593
192	3996	1795
192	3996	6298
192	5392	5186
192	1446	6946
192	4065	1171
192	1658	2784
192	1658	3797
192	1778	3084
192	4153	6946
192	2945	3797
192	1658	7650
192	883	3235
192	4778	435
192	8012	5785
192	4065	435
192	4065	2784
192	5116	7413
192	5116	1171
192	1446	3235
192	5392	4056
192	4153	2259
192	4065	4056
192	883	4360
192	4065	1795
192	5392	6298
192	443	5516
192	623	1273
192	5775	2259
192	1658	7133
192	5227	1273
192	1446	1593
192	4065	3079
192	5091	5516
192	5227	3079
192	821	7115
192	5116	7650
192	1446	6828
192	4065	5785
192	5116	7418
192	4065	4360
192	1658	5186
192	1658	3084
192	4065	6828
192	1446	7801
193	541	5464
193	4999	6872
193	3672	2952
193	669	6675
193	5298	5464
193	803	7820
193	6499	7820
194	4615	7823
194	2730	4551
194	2346	5657
194	5705	5717
194	6480	7956
194	5705	2425
194	6778	7823
194	4615	4210
194	2971	3377
194	6228	4210
194	7836	846
194	4288	7250
194	2622	7250
194	6228	7956
194	4024	846
194	4654	6181
194	5194	4551
194	4656	2425
194	5194	2226
194	792	2226
194	4654	5717
194	5455	3377
194	3854	6481
194	3633	4404
194	5194	4404
194	3456	4311
194	1146	6399
194	4615	6481
194	4024	3362
194	4024	6181
194	4615	5657
194	5705	3362
195	2961	5046
195	5072	3908
195	3474	5812
195	7475	378
195	6071	3908
195	5079	8000
195	5984	8000
195	2961	6355
195	2824	6355
195	5079	378
196	3232	1691
196	5324	7861
196	3542	5587
196	6457	6141
196	7624	8138
196	4606	5860
196	623	1273
196	863	1490
196	6324	1742
196	1024	1242
196	3542	2517
196	961	2891
196	995	3677
196	5095	1984
196	815	7038
196	4007	2491
196	6457	5459
196	2292	5860
196	623	6864
196	2221	6010
196	6457	1523
196	3542	432
196	872	6864
196	6890	2805
196	4007	1691
196	7476	2145
196	3872	1893
196	485	5035
196	872	2937
196	2950	2683
196	6324	1984
196	6457	6010
196	567	2145
196	3232	7039
196	872	2491
196	2704	2517
196	6457	6330
196	5324	432
196	7247	1058
196	3542	6697
196	995	6518
196	6457	7196
196	525	2114
196	833	6321
196	4152	1058
196	6457	7342
196	863	7149
196	872	6084
196	4219	2805
196	872	2429
196	1024	7038
196	7247	2683
196	7645	5289
196	7247	5035
196	4219	5797
196	2704	953
196	7841	953
196	961	1523
196	5167	6084
196	3790	6330
196	6890	7390
196	7624	2937
196	4007	6166
196	7624	423
196	6457	1406
196	5361	1406
196	6730	6397
196	3542	6694
196	5095	6518
196	2292	1742
196	815	6166
196	6971	470
196	3399	2447
196	3872	6141
196	7638	6321
196	5324	7039
196	4832	5625
196	6457	1490
196	863	1242
196	567	1893
196	6457	1273
196	961	5587
196	863	677
196	4007	5285
196	1024	2891
196	5274	5289
196	6457	470
196	4219	2114
196	6457	6233
196	6890	3677
196	7476	6315
196	525	6865
196	815	5459
196	2704	1373
196	6457	6397
196	7247	1409
196	833	6233
196	4219	3803
196	6631	6674
196	863	5285
196	7476	3803
196	6457	6674
196	6784	1373
196	3491	2429
196	4007	7861
196	863	6697
196	6324	7196
196	5095	6865
196	6205	1409
196	4393	2447
196	4219	2621
196	6457	5791
196	6508	1147
196	5324	677
196	463	7342
196	863	5625
196	525	7390
196	3542	8138
197	1558	3329
197	1201	2838
197	1098	6843
197	1751	2353
197	2746	3329
197	1201	5907
197	3874	5292
197	1201	5004
197	3874	1210
197	2423	747
197	7858	1127
197	3373	2838
197	1928	3758
197	2768	6834
197	1436	730
197	1436	2353
197	1558	5531
197	1201	6834
197	3129	7380
197	2622	7250
197	1201	6843
197	3874	7482
197	1201	909
197	1436	5004
197	3701	2242
197	1201	2242
197	6673	1210
197	1558	3944
197	944	5292
197	3874	730
197	1201	3758
197	7427	3386
197	655	3944
197	6366	1168
197	1098	4541
197	1201	7083
197	1436	747
197	1436	3386
197	1098	1127
197	1558	5615
197	1558	6994
197	2842	1977
197	7427	7083
197	1201	2604
197	3874	909
197	1201	7769
197	1201	6994
197	1201	5847
197	2768	4541
197	3874	5531
197	1751	2604
197	655	7769
197	1751	5615
197	944	5907
197	1201	7250
197	655	7482
197	3874	1168
197	1751	7787
197	1201	2213
197	7427	1127
197	6366	7787
198	4946	5158
198	4946	7385
198	4946	3483
198	6648	5605
198	7675	7385
198	5069	4176
198	1660	3501
198	1643	3970
198	2808	7987
198	4946	3501
198	4946	6924
198	1660	7714
198	7675	7714
198	1232	7758
198	4371	6952
198	7569	3483
198	2808	1534
198	4946	5322
198	1643	4775
198	6648	7987
198	4045	2751
198	4946	6771
198	1660	3970
198	6648	994
198	5936	5322
198	1832	2142
198	7675	4775
198	1654	994
198	7569	6182
198	6648	2940
198	4946	2142
198	6410	1534
198	1832	6910
198	3236	2056
198	7866	6771
198	1660	787
198	1643	6952
198	7569	5605
198	2138	5158
198	6648	6924
198	4946	2056
198	1690	6182
198	5936	3759
198	7866	858
198	4946	7758
198	1660	4060
198	1232	858
198	4946	4176
198	3236	2940
198	4946	2861
198	7866	3759
198	4420	4060
198	7569	6910
198	4946	2751
199	1325	4021
199	962	7742
199	962	4463
199	4744	7742
199	2835	6448
199	4486	4021
199	4433	7467
199	4744	5922
199	1325	5922
199	1806	6448
199	4486	4463
199	1325	7467
200	7439	1950
200	707	6849
200	6078	6003
200	6723	6609
200	5351	5448
200	6078	6524
200	7147	7977
200	3401	8029
200	4260	1151
200	4260	1697
200	3165	5448
200	5351	5594
200	5650	5835
200	2950	2683
200	5650	7067
200	490	3957
200	6662	5835
200	745	4265
200	707	983
200	745	4512
200	490	4039
200	1366	7977
200	6662	6164
200	5650	1181
200	6638	6609
200	2928	4039
200	5650	1190
200	707	3957
200	1366	2564
200	7439	3088
200	1366	1545
200	6316	3406
200	5650	2660
200	4260	6524
200	490	3760
200	5679	3562
200	684	4265
200	7147	6079
200	5261	1862
200	2928	3406
200	7273	1190
200	707	1545
200	3165	3562
200	7147	3265
200	5650	3421
200	6662	4623
200	7606	663
200	5351	2535
200	7273	1075
200	1366	1697
200	490	6939
200	490	2564
200	4260	663
200	5650	6003
200	7273	1169
200	4982	4131
200	5261	6609
200	707	2683
200	6078	461
200	3401	2741
200	707	4623
200	707	3421
200	707	1151
200	3401	5941
200	7147	1950
200	707	461
200	5679	4512
200	5610	2344
200	5261	1836
200	7147	2535
200	7606	5691
200	6376	1169
200	7439	632
200	5351	2660
200	4260	6939
200	6723	2344
200	6316	632
200	707	5594
200	7147	1454
200	707	6079
200	5650	1454
200	4260	1181
200	707	1777
200	6316	1626
200	7147	2741
200	5261	983
200	745	4131
200	490	1626
200	5650	5941
200	7985	2573
200	3165	1862
200	7985	5691
200	6638	6164
200	6662	3760
200	5610	1777
200	6638	2573
200	4260	8029
200	745	1836
200	2928	6849
201	7946	6520
201	3207	3093
201	6432	3643
201	1472	1981
201	7781	7113
201	1472	6732
201	2110	4082
201	1472	3093
201	6930	4386
201	6930	6732
201	5833	4386
201	5833	1981
201	4825	3643
201	7783	7113
201	4701	6520
201	3212	3340
201	4840	4082
202	2547	4765
203	7580	7055
203	4165	6620
203	419	2013
203	7580	1493
203	6415	8038
203	6815	6620
203	6581	6816
203	6782	6034
203	1667	3425
203	6016	2013
203	1396	6034
203	1272	7277
203	7580	5544
203	2773	2066
203	1396	6940
203	2132	4010
203	2773	6816
203	8021	2339
203	6344	2339
203	1667	7055
203	1396	8038
203	7564	2066
203	8021	3425
203	1195	3133
203	6597	1338
203	1667	1374
203	2773	3133
203	6415	7277
203	4165	4010
203	7580	5180
203	4179	2868
203	5247	6940
203	1272	6144
203	442	5180
203	442	1879
203	7124	6144
203	6415	7673
203	1667	6346
203	419	7673
203	5796	5544
203	1009	2868
203	1667	1879
203	6344	6346
203	6581	1374
203	1195	1493
203	7564	1338
204	1808	1637
204	1375	4089
204	803	7820
204	6092	952
204	1476	4306
204	7802	1111
204	4747	6520
204	376	952
204	7463	7203
204	6092	7203
204	1375	2313
204	1883	1441
204	919	7973
204	6092	6483
204	376	5293
204	5502	5595
204	4312	6210
204	2433	3973
204	1883	7335
204	8119	2739
204	6092	3209
204	1808	7820
204	919	6923
204	2533	5686
204	4312	7305
204	2433	6627
204	1375	5293
204	7802	3209
204	5502	1964
204	5502	5686
204	2078	7305
204	5911	5595
204	5986	1223
204	7946	6520
204	2522	6857
204	1476	6483
204	4312	3973
204	1375	1964
204	3509	2313
204	6092	1637
204	7213	7820
204	7802	1381
204	4312	1111
204	6908	6210
204	3506	7973
204	5993	4306
204	5123	1381
204	7802	5725
204	7802	938
204	7463	1441
204	5911	5725
204	4374	1223
204	2433	6354
204	901	2739
204	6092	7335
204	6092	4089
204	2533	6923
204	2533	6627
204	5993	922
204	901	6354
204	7064	938
204	6092	922
205	7301	1491
205	511	3944
205	1558	3329
205	5345	5615
205	3021	3424
205	3021	7677
205	5345	5987
205	1380	4655
205	615	3424
205	1558	5531
205	7301	7595
205	511	5987
205	511	7677
205	1558	3944
205	615	5531
205	7301	7356
205	1926	5139
205	2444	1534
205	1558	5615
205	1558	6994
205	1380	3329
205	615	1491
205	3021	4038
205	5366	7356
205	7301	991
205	6410	1534
205	3021	7595
205	3021	6994
205	3021	5139
205	5345	4038
206	738	7480
206	2064	1200
206	6329	2445
206	1640	680
206	7512	5180
206	7077	4456
206	7512	5070
206	2010	7974
206	738	1823
206	2064	4830
206	864	7698
206	2418	4220
206	5896	2428
206	7123	6789
206	609	7746
206	609	1995
206	738	5544
206	7280	5134
206	2418	6373
206	883	4360
206	1640	4220
206	2418	5253
206	738	1025
206	529	3081
206	2064	4041
206	3442	6710
206	5896	2951
206	738	1363
206	2779	6710
206	7280	3049
206	5014	5400
206	609	5816
206	905	7590
206	2949	7698
206	555	3630
206	2779	3247
206	5014	2428
206	1502	7171
206	7178	4041
206	1134	7992
206	1502	3235
206	1502	6179
206	883	3235
206	1502	4830
206	5014	7171
206	7512	2445
206	2418	7746
206	2779	6998
206	2010	7100
206	1640	2951
206	2949	4456
206	4760	6738
206	1640	7100
206	609	3416
206	2064	1823
206	7077	5134
206	7123	3453
206	2064	7055
206	905	1025
206	529	7974
206	2779	6179
206	7512	6998
206	2779	867
206	7512	1741
206	2064	680
206	2779	5253
206	7154	3948
206	2779	1363
206	5014	1200
206	7580	7055
206	1640	7170
206	7512	1233
206	738	1995
206	6364	3453
206	7512	5635
206	905	1022
206	3442	1493
206	7580	5544
206	7123	3416
206	2064	6789
206	2949	867
206	2064	6618
206	7512	7480
206	7580	5180
206	2949	3948
206	555	1741
206	2064	5635
206	5896	7590
206	2779	1022
206	2064	6373
206	2949	3630
206	529	6618
206	2779	3081
206	1502	7170
206	2418	5400
206	529	1233
206	5896	7992
206	555	3247
206	7123	1187
206	7580	1493
206	1640	3823
206	7123	5070
206	5014	3823
206	5896	5816
207	4813	1544
207	5809	349
207	5809	3052
207	5809	6292
207	3214	7034
207	7479	4465
207	1798	7703
207	5809	5941
207	1798	686
207	5522	3523
207	6825	1500
207	5975	3523
207	797	6884
207	7652	686
207	5522	1500
207	1798	8029
207	3689	5011
207	3401	2741
207	6825	4465
207	5522	7211
207	3401	5941
207	5809	1544
207	3689	349
207	1798	7089
207	1798	6122
207	1798	3913
207	5975	7034
207	2099	1351
207	5522	3873
207	6825	822
207	797	7530
207	5522	2741
207	5809	3243
207	1798	3873
207	5809	2422
207	5522	6292
207	5975	7561
207	6625	7530
207	6679	7089
207	6825	2422
207	1464	6404
207	5975	4275
207	1798	4275
207	474	1351
207	7652	7561
207	329	7211
207	6338	5011
207	5809	3913
207	6679	822
207	6679	6884
207	5975	6404
207	6338	3052
207	3401	8029
207	5975	3243
207	6538	7561
207	797	6122
208	744	1229
208	6254	8079
208	4997	837
208	3827	7398
208	3827	3447
208	2822	6167
208	3172	3549
208	2589	2359
208	5598	2596
208	3509	2313
208	2552	7398
208	2552	1229
208	2822	8079
208	4460	6312
208	2552	5985
208	4001	6167
208	4460	3447
208	3916	2596
208	3172	6312
208	3827	837
208	4460	7242
208	3827	3549
208	2829	5985
208	8140	6671
208	3827	2359
208	3827	2313
208	5914	7242
208	3172	6671
209	4893	5157
209	1308	4824
209	3336	3309
209	4550	980
209	5923	3555
209	2933	7361
209	815	6166
209	8001	4729
209	4550	1300
209	2217	7862
209	4550	6166
209	3020	629
209	2692	2972
209	2928	4039
209	2217	6559
209	2530	4859
209	4550	6013
209	1931	7361
209	3336	4278
209	6068	6901
209	2530	6962
209	7755	5932
209	1951	4278
209	3336	6013
209	4550	4294
209	2530	4070
209	5903	3309
209	1931	2972
209	4893	7097
209	989	3557
209	1308	6300
209	3336	1615
209	2692	4192
209	4550	4881
209	3020	4039
209	1931	7989
209	4143	5600
209	2530	5971
209	2530	4824
209	3020	7586
209	815	5459
209	4550	5932
209	7001	4120
209	4893	6612
209	8001	1425
209	2928	6849
209	3808	4686
209	2933	4151
209	815	7038
209	3336	5157
209	2706	7989
209	4550	7694
209	989	1924
209	4893	4881
209	2692	6962
209	5903	6901
209	2706	7862
209	989	2601
209	7905	3555
209	989	7586
209	2530	3406
209	7582	2154
209	2706	7097
209	2530	629
209	989	4470
209	2933	4729
209	5903	4151
209	8001	5459
209	1931	6612
209	2530	4686
209	7755	6849
209	2530	7038
209	1931	1300
209	1951	3557
209	2097	4294
209	5923	1425
209	1931	6559
209	1951	5600
209	3336	2896
209	5923	1180
209	4893	1180
209	7001	7694
209	4550	4859
209	8001	2601
209	3336	4192
209	2530	2896
209	1931	4120
209	2706	980
209	2928	3406
209	2933	4470
209	7755	5971
209	1931	1615
209	5903	1924
209	2706	4070
209	7755	2154
209	7755	6300
210	4716	7341
210	5353	1909
210	6157	6731
210	877	428
210	2836	4043
210	2277	4043
210	8133	1267
210	3285	2020
210	8133	6731
210	4806	894
210	8133	7341
210	2307	5398
210	2492	428
210	4716	1909
210	877	772
210	5353	5398
210	4603	2020
210	5353	1267
210	8133	7255
210	4603	7255
210	4603	894
210	4603	772
210	4603	778
210	6157	6775
210	6157	1918
210	4603	7517
210	5353	778
210	4603	6775
211	1756	747
211	1920	415
211	534	1897
211	5074	3249
211	534	5865
211	5074	1628
211	1756	5181
211	5074	2723
211	534	6203
211	5074	7180
211	1756	415
211	534	1602
211	1993	6203
211	3623	1628
211	1993	6868
211	1920	2353
211	5748	4711
211	665	7976
211	534	1293
211	5074	3301
211	1436	747
211	5748	1961
211	3765	3483
211	5743	1220
211	1920	2803
211	7569	5605
211	665	424
211	5748	6082
211	665	3386
211	2554	2577
211	7873	1220
211	1624	4613
211	7569	6910
211	7931	581
211	3623	1897
211	1993	5517
211	665	2577
211	3765	5181
211	5743	6182
211	665	581
211	5074	7380
211	4720	1293
211	1436	3386
211	665	6035
211	665	3301
211	5743	2803
211	1993	3553
211	2305	1177
211	4461	6868
211	1993	4712
211	534	730
211	5743	6561
211	5819	6910
211	5743	7180
211	665	368
211	665	670
211	1436	730
211	1993	5004
211	1436	2353
211	7873	3544
211	1357	4711
211	1436	5004
211	1993	6035
211	3765	3832
211	7569	3483
211	3623	6082
211	4720	3832
211	1993	4613
211	6332	670
211	5743	6810
211	5748	424
211	3623	5517
211	7569	6182
211	5622	3249
211	665	1602
211	6169	7976
211	6747	3730
211	3765	6561
211	1357	368
211	1357	551
211	5748	3553
211	5748	2723
211	665	1177
211	1357	5865
211	2554	551
211	5074	4712
211	4720	5605
211	5748	6810
212	6950	6427
212	6226	2005
212	6226	6427
212	2815	2005
213	5889	368
213	665	1602
213	2538	3301
213	2565	7910
213	5732	1686
213	5889	7589
213	1801	3139
213	665	424
213	650	5958
213	665	3301
213	3842	7165
213	7427	7083
213	2565	2882
213	3379	3139
213	2565	1686
213	2538	7337
213	371	2976
213	2565	670
213	5936	3759
213	1949	7165
213	665	3386
213	3251	424
213	3379	7843
213	6070	3759
213	3379	2882
213	665	1177
213	3385	3707
213	2538	7843
213	3316	7976
213	7427	1127
213	5889	1221
213	665	2577
213	8091	7538
213	8091	2678
213	3379	6497
213	3379	3974
213	5889	5309
213	5889	3335
213	4911	7589
213	665	368
213	7379	6035
213	5732	6497
213	665	670
213	2085	2976
213	3385	5958
213	1801	581
213	2085	5322
213	4564	4878
213	4568	1602
213	6191	5863
213	3251	3974
213	3385	2678
213	665	581
213	7379	7337
213	4942	1221
213	6191	2577
213	4564	7538
213	3379	794
213	665	7976
213	4911	754
213	4390	4878
213	7684	794
213	3379	5309
213	3379	754
213	5936	5322
213	7379	7083
213	5889	7910
213	4643	5863
213	4564	3193
213	7427	3386
213	665	6035
213	2085	3707
213	5732	3335
214	5162	3266
214	1944	2863
214	5000	3266
214	5162	2863
215	4231	6658
215	2654	4543
215	4231	7201
215	7601	3576
215	4253	2041
215	3238	2327
215	5280	3576
215	5280	4010
215	5280	6658
215	1591	4543
215	2132	4010
215	558	7201
215	5280	2041
215	3238	6391
216	2848	1919
216	5224	2573
216	765	2070
216	4156	4862
216	2848	802
216	1086	5011
216	5006	2070
216	6338	3052
216	7803	1695
216	2500	955
216	8135	4862
216	7678	7921
216	2907	5574
216	3872	1893
216	7678	7265
216	4924	1695
216	5006	7265
216	4156	7964
216	5224	6096
216	5970	1749
216	5602	1893
216	5224	6819
216	5224	2984
216	5602	5374
216	5224	5574
216	726	5073
216	7941	5060
216	7678	1675
216	3858	5073
216	5421	6164
216	5224	7221
216	4924	5770
216	2848	3052
216	6638	6164
216	1361	6096
216	7678	7221
216	608	6819
216	1086	802
216	6638	2573
216	7941	1749
216	726	5374
216	6638	6609
216	726	7964
216	3872	6141
216	2848	2984
216	5421	1675
216	2500	5770
216	5421	1919
216	726	7921
216	6338	5011
216	2848	955
217	897	4207
217	897	7600
217	7912	4207
217	3590	6379
217	7912	6379
217	5052	7600
218	2842	1977
218	1992	2389
218	7437	3225
218	389	916
218	3827	2359
218	6149	5919
218	3827	2313
218	3206	2133
218	7655	7434
218	7603	5148
218	6149	6486
218	4732	1964
218	2210	3364
218	6149	3935
218	1375	1964
218	7008	3342
218	3206	3447
218	7603	2798
218	7008	5148
218	606	6822
218	5493	5365
218	3007	1125
218	3772	2359
218	3206	6048
218	1497	3313
218	7957	7434
218	7603	7504
218	3827	3549
218	7008	5296
218	6052	916
218	1375	2313
218	6023	6048
218	651	1114
218	6023	4089
218	3206	2322
218	6149	3313
218	606	837
218	3206	5751
218	4212	5293
218	3827	7398
218	6149	1125
218	1639	5296
218	389	6586
218	2709	5454
218	2854	5454
218	5493	1570
218	3206	603
218	4584	7519
218	1497	2133
218	6149	3342
218	651	7381
218	3772	6804
218	2904	4447
218	1375	4089
218	7603	603
218	6149	2798
218	7437	6586
218	1375	5293
218	6023	4827
218	7603	3549
218	4995	1114
218	1497	5365
218	6149	3465
218	2210	7381
218	2854	3465
218	5644	7478
218	3007	1977
218	1992	7478
218	767	5076
218	2210	5751
218	3827	837
218	4732	6822
218	2210	2718
218	7437	2718
218	2892	6486
218	6149	2322
218	2709	4827
218	4732	7398
218	6149	3225
218	2210	7504
218	7008	7519
218	3827	3447
218	2904	2389
218	6149	3364
218	7008	4504
218	389	1570
218	2709	4447
218	1497	6804
218	4732	4504
219	1473	7495
219	3708	6392
219	3708	4418
219	926	2365
219	7692	6553
219	3708	4311
219	2374	2380
219	4051	553
219	3043	553
219	3043	2365
219	4628	5467
219	4502	4614
219	3708	3002
219	2580	4526
219	7721	5467
219	3708	6425
219	4051	6392
219	3708	3798
219	926	6425
219	2580	4614
219	3708	4365
219	4051	3795
219	3043	6553
219	3043	3798
219	2374	4365
219	2580	4418
219	3456	4311
219	2580	2380
219	3043	7495
219	926	6500
219	3043	1085
219	1473	3795
219	4051	6500
219	3043	4526
219	2580	3340
219	674	1085
220	1472	1981
220	448	6732
220	7676	5437
220	1472	3093
220	3369	5437
220	3239	3093
220	3369	1981
220	7676	7075
220	2321	7075
220	1472	6732
221	2435	3906
221	6501	7688
221	1227	2013
221	1227	5243
221	418	5243
221	6727	3906
221	419	7673
221	419	2013
222	3694	1753
222	2505	3410
222	2337	5077
222	7189	1753
222	6009	7058
222	4196	3341
222	4929	2188
222	2505	2646
222	2505	2054
222	3694	7984
222	3843	580
222	7189	6315
222	7189	4164
222	7189	509
222	2969	4427
222	3694	2690
222	7189	3828
222	3774	6990
222	7768	7058
222	2337	708
222	4394	3647
222	2337	4164
222	2756	1542
222	2756	3647
222	1194	1120
222	7189	2054
222	464	2690
222	2139	3361
222	2756	6984
222	3843	7320
222	4929	7984
222	7189	3341
222	7189	5638
222	1718	3361
222	3774	8080
222	7768	3828
222	4929	3410
222	2337	2646
222	4915	5299
222	1718	3098
222	3176	1120
222	6009	4200
222	7189	6152
222	7189	3098
222	2756	4236
222	2337	2895
222	3774	509
222	2664	6990
222	4929	4964
222	2337	7846
222	6009	7320
222	7189	2188
222	7189	2081
222	7189	6227
222	3774	4831
222	7189	7914
222	7189	1379
222	2337	4831
222	3694	8060
222	3774	1542
222	3731	4964
222	7189	5299
222	3843	6227
222	4915	3118
222	2756	8060
222	2969	2508
222	2311	3118
222	2969	1379
222	2337	6984
222	4196	2402
222	2337	2508
222	464	2081
222	4915	2400
222	7189	4236
222	2505	8080
222	5473	5638
222	2756	2402
222	3774	4200
222	1194	2895
222	958	708
222	958	4427
222	2337	6094
222	2664	7846
222	1745	1990
222	3833	6094
222	3694	2400
223	3318	6450
223	5007	3468
223	6662	5835
223	5007	4429
223	3324	4623
223	7869	7115
223	5421	6164
223	6662	3760
223	6827	6439
223	6662	6164
223	5383	4084
223	4684	7103
223	5383	7211
223	6662	4623
223	7567	2341
223	5007	3760
223	3248	5835
223	7015	7362
223	5007	1551
223	5007	2341
223	5421	1675
223	5421	1919
223	329	7211
223	3318	4709
223	3324	3468
223	5383	6450
223	1649	4429
223	7015	7852
223	5007	1675
223	1649	7852
223	3318	1551
223	3248	7362
223	3248	1919
223	3318	7103
223	1649	6439
223	7015	4709
224	7212	5611
224	1938	5611
225	6243	5799
225	2580	4418
225	2580	2380
225	5284	7952
225	5284	5917
225	4595	7952
225	5349	6672
225	3771	1998
225	3771	3377
225	528	4272
225	3565	4614
225	6243	5301
225	3212	3340
225	3771	7193
225	2580	3340
225	5284	2380
225	5349	5301
225	6243	4272
225	2971	3377
225	3771	4526
225	5349	5917
225	3771	398
225	2580	4526
225	4595	6672
225	3565	1998
225	4595	1711
225	5284	5799
225	2580	4614
225	5349	4418
225	6243	1711
226	609	5816
226	7968	1482
226	1561	7239
226	7812	572
226	7812	2671
226	3991	6842
226	7968	6842
226	1136	6897
226	7812	5145
226	6394	3416
226	7095	7118
226	3749	4056
226	946	2840
226	7812	5642
226	3749	5145
226	1809	1482
226	946	6028
226	5392	5186
226	1055	2524
226	563	5186
226	4391	7239
226	946	7291
226	609	7746
226	609	1995
226	7968	5642
226	1370	1657
226	7812	7118
226	7812	2868
226	1009	2868
226	7968	3622
226	6394	2524
226	946	3138
226	3749	1657
226	2227	6897
226	1370	7746
226	7968	6688
226	7287	2671
226	1136	3622
226	609	3416
226	5392	4056
226	1809	5816
226	6223	6028
226	5392	6298
226	6223	3337
226	1136	1995
226	7968	7291
226	6314	6688
226	2770	572
227	6508	1147
227	6411	3616
227	2096	4635
227	5506	1147
227	4325	1625
227	2096	3616
227	2096	1625
227	2096	2988
227	5506	435
227	1307	2988
227	6116	4635
227	4778	435
227	6411	1592
227	1307	1592
228	2753	2518
228	947	6852
228	947	3856
228	436	6809
228	436	2379
228	1086	5011
228	947	542
228	947	1268
228	2753	7600
228	7001	7694
228	6928	5983
228	5943	1268
228	4136	2674
228	4136	8013
228	4321	8013
228	4335	1709
228	4321	1777
228	3689	5011
228	5053	802
228	2507	4255
228	5789	7644
228	436	2674
228	3689	349
228	436	4120
228	2753	2983
228	947	2344
228	5053	542
228	5963	3027
228	4335	7694
228	5610	1777
228	6928	2983
228	4321	1709
228	4335	3856
228	4136	565
228	653	5048
228	5052	7600
228	1668	7644
228	947	565
228	3716	6642
228	4335	2379
228	7001	4120
228	5943	3027
228	731	3027
228	5610	2344
228	1064	7578
228	947	6642
228	1086	802
228	5053	349
228	4321	6852
228	4321	7578
228	4335	5048
229	2562	2816
229	593	5320
229	1822	974
229	5813	6239
229	3820	2655
229	8134	2655
229	7831	4658
229	7682	450
229	5813	4417
229	6669	3227
229	3151	5257
229	3490	7121
229	3151	3234
229	2834	537
229	7831	804
229	2756	4236
229	790	804
229	2196	7584
229	2724	7584
229	2427	7507
229	2834	4658
229	8134	5320
229	3452	1562
229	2834	3227
229	2481	6239
229	6669	1346
229	2834	7037
229	1822	2701
229	2756	8060
229	7682	4923
229	7682	5661
229	2196	7460
229	2403	537
229	4953	987
229	2296	7556
229	7682	1542
229	2481	1240
229	3349	7460
229	5102	6317
229	5861	3647
229	1567	2402
229	5793	7121
229	7831	6984
229	2196	6317
229	7682	1073
229	5861	1562
229	1707	2701
229	593	450
229	3151	8060
229	3820	1531
229	5861	2613
229	2756	2402
229	2196	1073
229	8134	4923
229	5861	974
229	3151	4700
229	593	1531
229	8134	987
229	2196	4236
229	4953	4417
229	5813	3234
229	8134	1346
229	4953	1240
229	2834	2816
229	5813	5661
229	790	2711
229	5102	4700
229	2756	1542
229	2756	3647
229	2562	2076
229	7831	2613
229	2403	7507
229	2481	5257
229	6669	7207
229	2756	6984
229	2427	7037
229	2403	2076
229	3820	7556
229	2196	2711
229	5861	7207
230	3896	588
230	5107	4319
230	6001	4878
230	7611	1708
230	6334	5681
230	4390	4878
230	6001	5771
230	1294	7194
230	5107	5771
230	6271	5681
230	1481	588
230	6001	1209
230	1294	4319
231	6400	4717
231	2974	2144
231	8009	5900
231	2974	7727
231	3917	1410
231	4996	5842
231	2125	1410
231	8009	7727
231	2721	2332
231	4996	2144
231	8009	5820
231	361	5820
231	4996	4978
231	3917	5900
231	6400	1314
231	729	4717
231	8009	7854
231	8009	2332
231	4996	7854
231	2125	1314
231	2276	5196
231	729	5842
231	4249	4978
231	4996	5196
232	1052	4674
232	7753	7689
232	2251	5843
232	1384	4378
232	7278	1892
232	2424	3339
232	7753	977
232	1052	7392
232	864	7698
232	2941	4627
232	1384	7200
232	7753	1892
232	1052	7401
232	3830	7062
232	1384	1934
232	640	6221
232	7016	4363
232	3830	3190
232	640	4378
232	2975	7328
232	3830	1332
232	1384	1418
232	5884	7445
232	7544	4674
232	4349	4627
232	4575	7401
232	640	7392
232	1355	1934
232	1355	2059
232	3830	337
232	7544	2059
232	3218	7689
232	7278	7062
232	4899	1332
232	5884	2456
232	1384	337
232	2941	4363
232	5112	6463
232	2251	5484
232	3910	445
232	6154	6221
232	5884	1418
232	2623	2860
232	5904	3190
232	3910	1955
232	2251	2198
232	7969	4785
232	1384	2832
232	1384	7698
232	7544	2198
232	5904	5484
232	4349	1962
232	5112	3516
232	1384	5843
232	7031	3339
232	7753	6463
232	5904	3516
232	6593	2860
232	2251	7445
232	3830	7328
232	2975	2832
232	7544	4785
232	1384	1962
232	3830	445
233	7633	5525
233	2382	2739
233	7537	4919
233	7051	2112
233	7051	5197
233	4348	5197
233	8026	7477
233	7051	2590
233	7537	6091
233	7446	7554
233	2297	4919
233	4638	5525
233	7446	2590
233	7998	7477
233	4348	7554
233	8119	2739
233	8058	2112
234	7612	2092
234	7612	7309
234	2977	1760
234	1671	7571
234	5399	5708
234	2977	2245
234	1715	1512
234	1654	994
234	7612	5708
234	6044	1760
234	5844	2092
234	7612	1512
234	7612	7571
234	7916	4613
234	2168	7309
234	7612	2245
234	1624	4613
234	7612	994
235	3194	5374
235	6393	1193
235	3194	639
235	523	1193
235	4202	1176
235	342	3103
235	523	848
235	342	4921
235	726	5374
235	3302	3103
235	4646	4681
235	4646	7921
235	523	5073
235	726	7964
235	6840	2421
235	523	4914
235	726	7921
235	523	5289
235	523	3367
235	523	639
235	523	6277
235	523	1176
235	2827	4681
235	1238	2421
235	5274	5289
235	5012	3367
235	1238	7964
235	726	5073
236	7490	4569
236	1928	3758
236	5385	3972
236	1090	1060
236	385	4609
236	385	7754
236	7490	3964
236	385	4645
236	4945	4569
236	385	453
236	2281	7191
236	4505	453
236	4071	7754
236	5385	4645
236	5385	5316
236	385	3964
236	4071	5316
236	5385	1060
236	7490	2572
236	7490	7191
236	5366	7356
236	3810	1394
236	2148	7356
236	7490	3972
236	2281	4609
236	2148	2572
236	7490	3758
236	385	1394
237	3763	5948
237	7991	3752
237	781	2909
237	5596	4127
237	5596	1189
237	781	462
237	2790	884
237	3763	462
237	781	6847
237	6192	7837
237	781	791
237	4670	791
237	2790	2909
237	782	4618
237	5403	4793
237	781	6895
237	3499	6895
237	3499	4793
237	5485	6720
237	7947	2087
237	1932	4887
237	781	4887
237	4670	3426
237	7887	6847
237	781	3804
237	4576	6720
237	3763	3426
237	660	7837
237	1301	5930
237	660	884
237	781	4127
237	5403	2443
237	1932	5930
237	1932	1189
237	2790	2087
237	4016	3752
237	7947	3804
237	3499	7608
237	7947	2443
237	781	6250
237	5403	5948
237	3763	7608
237	5403	6250
237	4016	4618
238	7051	5197
238	433	3879
238	3264	7478
238	2206	6720
238	433	7619
238	3674	6345
238	3977	3722
238	3264	1449
238	7018	1743
238	3977	1449
238	7051	2112
238	2206	5197
238	2206	3879
238	3493	7898
238	3977	7898
238	3977	6345
238	5485	6720
238	433	2389
238	7886	786
238	3977	2214
238	433	2590
238	7051	2590
238	2120	2112
238	5920	786
238	5386	7619
238	6742	2630
238	3674	2630
238	3636	1743
238	4649	3722
238	1992	7478
238	1992	2389
238	2851	2214
239	4407	2798
239	3106	7054
239	2426	870
239	3927	7219
239	924	5368
239	2818	7453
239	3949	3859
239	2426	6312
239	5435	7504
239	7603	7504
239	2426	2794
239	3927	3157
239	5435	1929
239	5435	2356
239	1883	7335
239	2426	2204
239	5435	2676
239	924	3859
239	5435	1547
239	2426	7219
239	7510	5105
239	7603	603
239	3927	3145
239	2426	1015
239	4407	6671
239	613	2509
239	5094	2442
239	5094	5148
239	7603	3549
239	413	1547
239	7627	2442
239	2426	2457
239	1461	3157
239	3172	3549
239	2426	5175
239	1079	5886
239	3172	6312
239	3106	7453
239	4407	2794
239	6426	2204
239	1461	5886
239	413	6054
239	2426	603
239	1461	7054
239	1883	1441
239	2699	2232
239	3172	6671
239	2376	5105
239	3927	2232
239	3927	6054
239	1079	2356
239	3927	3064
239	1461	1015
239	4819	3145
239	1079	870
239	7510	2457
239	3949	2676
239	7510	1929
239	4407	1452
239	3949	6660
239	6426	917
239	5435	917
239	3949	6159
239	2426	6159
239	1079	1784
239	3949	1631
239	7603	5148
239	3927	1784
239	1461	6160
239	5435	5175
239	2426	5368
239	1461	6660
239	2426	392
239	613	7335
239	5435	6160
239	2426	2509
239	2426	1441
239	7603	2798
239	3949	3064
240	4583	2468
240	981	1499
240	3667	7618
240	5300	7420
240	3515	5275
240	2975	2832
240	981	5275
240	981	7618
240	6504	6537
240	4583	6335
240	5575	6537
240	5575	5576
240	5300	6659
240	2576	7420
240	2375	5576
240	2975	7328
240	2470	1499
240	981	6659
240	8109	7328
240	5575	2832
240	981	6335
241	1243	5874
241	910	3404
241	5884	1418
241	2370	3857
241	5884	7445
241	2787	997
241	3030	6362
241	2964	6362
241	2787	3770
241	8033	6837
241	1282	7665
241	1243	6837
241	4519	4130
241	1367	750
241	8033	8112
241	7408	3197
241	1282	7680
241	7408	5874
241	2370	750
241	5542	4356
241	7720	531
241	1367	1256
241	1367	3770
241	8033	997
241	5542	2385
241	5542	3404
241	5542	3230
241	8033	1418
241	6850	7665
241	4332	508
241	4332	1413
241	7720	3197
241	2964	750
241	8033	1256
241	4332	4721
241	4344	8112
241	2321	7075
241	3951	4721
241	5542	7458
241	2964	2385
241	5542	508
241	7720	4356
241	3030	3230
241	5884	2456
241	3956	7075
241	1988	1413
241	2370	5508
241	8033	5508
241	3951	3857
241	3030	5774
241	6850	531
241	5542	7680
241	1988	7609
241	6019	7458
242	4392	2985
242	5349	5917
242	5478	4012
242	3708	3002
242	8141	1486
242	3708	6425
242	2607	3387
242	5349	5301
242	4224	1704
242	6504	6537
242	3708	3798
242	3130	3260
242	5673	5071
242	8141	6995
242	8141	2495
242	7423	4012
242	2607	3231
242	4850	2715
242	2607	7679
242	3708	4365
242	4823	6392
242	4823	5071
242	5349	4418
242	4224	5877
242	3130	5877
242	4359	7679
242	5570	6644
242	1895	3678
242	4224	3006
242	332	6537
242	4392	6425
242	4392	6672
242	5570	5515
242	8141	3260
242	3130	2774
242	5349	6672
242	5673	2495
242	5673	4365
242	4823	3990
242	4359	6644
242	4224	1486
242	4850	2774
242	4850	3678
242	2113	2084
242	1895	4159
242	332	3006
242	6099	3231
242	5570	1258
242	4501	2084
242	2254	3798
242	7760	4159
242	2685	3002
242	3708	6392
242	3708	4418
242	5673	5917
242	2254	3990
242	4823	5301
242	2607	1258
242	3708	4311
242	5673	2985
243	6821	7436
243	1034	6643
243	2355	5181
243	1756	5181
243	4486	4021
243	2283	5256
243	4486	4463
243	795	2586
243	1756	415
243	6836	415
243	2355	372
243	8078	6665
243	7047	372
243	1756	747
243	1034	4463
243	2355	2751
243	1034	5256
243	2423	747
243	2283	7436
243	1103	6643
243	4045	2751
243	8078	794
243	7684	794
243	4373	2586
243	3169	6665
244	540	7251
244	3379	2882
244	2075	5309
244	5652	6245
244	2775	2142
244	8078	6665
244	3379	6497
244	3379	3974
244	5652	5058
244	1578	4759
244	5652	622
244	2661	3700
244	540	3568
244	2075	6245
244	1578	7843
244	1578	3700
244	4480	754
244	3993	3315
244	2075	3606
244	7858	1127
244	5819	6910
244	4254	3606
244	4254	4759
244	5652	2882
244	4254	5058
244	3379	794
244	1578	7339
244	540	1627
244	8078	794
244	7971	2199
244	2075	7251
244	3379	5309
244	4480	622
244	3379	754
244	2075	6665
244	1832	2142
244	2775	7339
244	3993	5120
244	540	7185
244	5952	7185
244	4254	3315
244	2075	3638
244	5652	1627
244	1832	6910
244	4254	3568
244	3379	3139
244	2075	2024
244	5652	5120
244	540	3139
244	4784	3974
244	3379	7843
244	5952	2199
244	4480	3638
245	5906	7774
245	5424	2847
245	7068	4769
245	7718	4859
245	4763	2564
245	5906	3856
245	7718	2955
245	5424	6886
245	4763	2036
245	6580	704
245	4550	6166
245	7605	2413
245	7718	7122
245	5108	852
245	4007	7861
245	4550	4881
245	6027	7977
245	7718	852
245	6580	7122
245	6580	2036
245	4516	1724
245	6580	1691
245	1366	1697
245	5424	3809
245	4007	5285
245	8135	4862
245	7718	2230
245	3912	4294
245	4580	2230
245	5607	4769
245	2289	3809
245	2186	1618
245	5607	3850
245	4516	4862
245	5906	4402
245	5607	7132
245	5424	3850
245	5607	5283
245	4763	1724
245	4516	5932
245	4335	5048
245	4007	2491
245	5424	7861
245	5108	4881
245	4007	1691
245	6580	6886
245	4550	5932
245	5108	5283
245	7068	980
245	5108	5048
245	4335	7694
245	7502	3938
245	1366	7977
245	5607	704
245	5424	2407
245	2388	1618
245	4731	7132
245	4516	1545
245	4550	7694
245	1366	1545
245	5424	7296
245	5607	1300
245	4516	4402
245	4007	6166
245	5424	4281
245	4550	980
245	4335	3856
245	4550	1300
245	4516	2955
245	4335	2379
245	5607	2379
245	5424	2413
245	5424	6013
245	5108	5285
245	4550	6013
245	4516	2454
245	2388	2847
245	7718	4281
245	1366	2564
245	4731	7296
245	4516	1709
245	5607	2454
245	7718	7774
245	4550	4859
245	5108	2407
245	7605	2491
245	7502	1697
245	4550	4294
245	4335	1709
246	3651	3331
246	2310	3097
246	1920	2353
246	826	858
246	1088	4885
246	1334	5987
246	3651	4874
246	3651	4038
246	3651	2604
246	7010	6771
246	1920	415
246	5687	7787
246	7990	7380
246	7988	7471
246	7866	6771
246	5345	4038
246	826	976
246	3651	373
246	1920	2803
246	4115	4364
246	1751	2604
246	7866	858
246	6070	3759
246	3651	4885
246	1751	5615
246	5345	5615
246	484	3097
246	6836	415
246	5345	5987
246	1751	7787
246	7866	3759
246	6945	4364
246	7010	976
246	7010	3331
246	1751	2353
246	4115	3097
246	8007	2803
246	7429	373
246	1255	4874
247	908	7062
247	1430	1582
247	845	5584
247	4183	7291
247	7709	2333
247	602	5830
247	8023	2587
247	1804	1509
247	3951	3857
247	7709	6540
247	845	7289
247	7579	6885
247	1804	1582
247	8023	6028
247	6991	6885
247	4292	5138
247	7994	2587
247	5225	1901
247	7278	1892
247	7994	2840
247	7709	5584
247	7913	5866
247	5960	3975
247	7579	6762
247	1804	3311
247	845	6144
247	7913	6540
247	845	7349
247	7913	1509
247	1804	7048
247	1804	5138
247	908	7048
247	946	2840
247	7913	740
247	2982	5830
247	946	6028
247	7124	6144
247	946	7291
247	6328	6762
247	7913	4721
247	7579	7289
247	7579	1892
247	5225	740
247	7278	7062
247	3951	4721
247	4554	3311
247	1236	3975
247	946	3138
247	1804	2333
248	433	2389
248	4930	3935
248	3343	4167
248	8127	6923
248	433	2590
248	2533	5686
248	3588	3879
248	5701	7619
248	2904	2389
248	5701	1971
248	7446	7554
248	3588	7554
248	920	6627
248	7446	2590
248	433	3879
248	433	7619
248	2533	6923
248	920	1971
248	7092	5686
248	2904	4447
248	2533	6627
248	3841	4447
249	6244	874
249	3195	5625
249	4704	1779
249	4621	3032
249	4704	4244
249	7907	1796
249	1718	3361
249	6130	4171
249	1278	2140
249	3195	4581
249	4832	5625
249	7310	3032
249	4287	7070
249	4320	3476
249	4385	1796
249	1718	3098
249	5882	3098
249	899	2140
249	6130	6748
249	5882	3476
249	1278	3350
249	4287	4244
249	5199	3361
249	6687	5981
249	4704	4172
249	7907	3350
249	8113	4172
249	6130	874
249	4385	4171
249	8113	5981
249	4287	6748
249	3665	7070
249	4385	1779
250	4469	5470
250	4487	518
250	6400	1314
250	3865	1432
250	1377	1580
250	4469	1580
250	6589	1314
250	1152	7923
250	6589	3831
250	4487	3953
250	4487	536
250	4469	3953
250	4469	3831
250	1152	3819
250	7726	3319
250	4469	664
250	2123	3013
250	4469	3013
250	4469	4639
250	1377	496
250	2123	1884
250	1900	518
250	2813	5470
250	4873	3319
250	1377	5557
250	1377	7961
250	4469	1432
250	6589	3918
250	7726	664
250	2813	3685
250	1152	7961
250	6400	4717
250	1900	4639
250	2261	1884
250	1900	496
250	2813	3819
250	4873	536
250	1377	3918
250	7726	5557
250	4469	4717
250	6589	7923
250	6589	860
250	6589	3685
251	4229	4737
251	2190	3472
251	5090	7818
251	1638	4963
251	4229	2650
251	2190	6184
251	7559	2104
251	1638	1070
251	7737	2650
251	3912	4294
251	6538	7561
251	7737	5124
251	2190	4963
251	1638	5124
251	7737	3092
251	4229	6536
251	2880	6536
251	6513	7818
251	2190	5695
251	2164	3092
251	2190	5213
251	6401	999
251	5355	1732
251	4358	1732
251	2190	6857
251	2190	4053
251	1758	1693
251	2190	999
251	2190	7561
251	7737	3472
251	7559	6904
251	2190	1694
251	6713	7561
251	2097	4294
251	5344	1694
251	6401	6904
251	6571	5213
251	4229	1070
252	4594	879
252	7574	4134
252	4742	3544
252	2828	4910
252	7281	4134
252	8083	3544
252	4594	4454
252	7404	879
252	7873	1220
252	4594	4759
252	5935	3315
252	1949	7165
252	5935	7165
252	599	1729
252	7404	1220
252	7873	3544
252	4254	3606
252	4254	5058
252	2828	4454
252	7836	846
252	2828	5058
252	4254	4759
252	5935	1471
252	1549	1729
252	381	846
252	4254	3315
252	737	3568
252	4594	1471
252	4254	3568
252	4909	3606
252	737	4910
253	1358	4641
253	8052	1976
253	4602	4931
253	4520	5124
253	4602	4641
253	1680	6382
253	3592	4131
253	7630	468
253	596	5450
253	7630	953
253	4753	3693
253	8052	1460
253	8052	4633
253	5783	4633
253	6700	5824
253	1358	5824
253	1638	4963
253	1638	1070
253	4143	5600
253	5783	3693
253	7841	953
253	3592	7770
253	6922	6382
253	3887	7389
253	7788	865
253	3592	4838
253	5783	3125
253	1358	4838
253	1638	5124
253	5783	6127
253	6700	7855
253	596	4866
253	7659	5198
253	4602	7770
253	4602	454
253	4982	4131
253	1680	468
253	7788	7326
253	3592	5600
253	3592	1460
253	2742	4963
253	3592	6814
253	596	454
253	7630	1070
253	3592	5450
253	8052	4866
253	596	7855
253	3592	6127
253	2742	865
253	4520	1976
253	2742	6814
253	6700	4931
253	1358	3125
253	8052	2672
253	3887	7326
253	1680	7389
254	7147	1454
254	6947	2729
254	4788	6292
254	4548	1158
254	6947	3873
254	7147	6079
254	1595	6630
254	5383	6450
254	7021	3923
254	7147	2741
254	4106	6319
254	5522	3523
254	2487	3523
254	2487	4542
254	7602	5887
254	2343	5297
254	2300	4063
254	6947	727
254	2063	3699
254	5522	1500
254	6641	2503
254	5522	7211
254	7521	3699
254	2487	2464
254	4202	1176
254	2063	5099
254	7147	3265
254	7147	1950
254	7021	1158
254	5522	3873
254	1595	2672
254	2358	3051
254	4548	7716
254	5522	2741
254	2487	2729
254	4548	2026
254	1595	4063
254	7602	2042
254	2487	2503
254	5522	6292
254	6161	3051
254	2063	2026
254	2358	6079
254	7021	5099
254	5383	4084
254	5383	7211
254	4788	4542
254	7521	7716
254	7147	2535
254	6161	2535
254	4305	6630
254	6947	3038
254	4450	2042
254	4788	1454
254	7147	7977
254	7521	3923
254	4450	5297
254	6027	7977
254	7036	1950
254	6947	5887
254	4450	6450
254	6161	1500
254	2343	1176
254	6161	2464
255	2754	4514
255	3080	4709
255	3080	3388
255	7906	7300
255	5224	2573
255	3318	1551
255	6288	2431
255	3866	1551
255	1730	7300
255	3318	7103
255	5353	1909
255	3257	6523
255	3257	5574
255	3318	6450
255	797	6122
255	4916	3405
255	4916	778
255	4347	7623
255	3201	6142
255	7906	7644
255	5224	6096
255	5224	6819
255	5224	2984
255	3269	5398
255	4347	4514
255	5492	6819
255	5224	5574
255	3566	4791
255	5492	6523
255	3269	425
255	3566	1267
255	3566	425
255	797	6884
255	3732	3154
255	7985	2573
255	7985	5691
255	2754	2984
255	4347	6884
255	3208	3154
255	5353	5398
255	6198	3802
255	5224	7221
255	5353	1267
255	1668	7644
255	4347	5691
255	3866	7221
255	1730	5297
255	6288	7149
255	3880	3049
255	6146	6275
255	5492	2477
255	4347	2042
255	4450	2042
255	797	7530
255	3890	6275
255	7906	7414
255	1730	7530
255	4347	7103
255	4347	6142
255	3890	1909
255	4450	5297
255	6132	3405
255	3318	4709
255	4347	7414
255	4450	6450
255	5492	7623
255	5353	778
255	3201	6122
255	4916	4791
255	4028	2431
255	1730	2477
256	3101	516
256	5155	5198
256	6580	7122
256	614	516
256	7671	3032
256	7146	925
256	7671	7343
256	614	5632
256	6580	2036
256	3101	6962
256	614	2694
256	6580	1691
256	3620	2972
256	7036	1950
256	3620	2694
256	7671	2839
256	3232	1691
256	3232	7039
256	6580	6886
256	3620	7343
256	3620	6809
256	7659	5198
256	3620	704
256	7671	4037
256	7671	3680
256	7671	7039
256	3101	7122
256	7671	3088
256	6580	704
256	4621	3032
256	3962	5632
256	2692	2972
256	7671	6886
256	2656	2839
256	7439	632
256	7671	4192
256	2692	4192
256	7146	2036
256	2692	6962
256	3101	3680
256	614	4037
256	7439	3088
256	3101	632
256	614	925
256	7439	1950
257	960	4883
257	3045	7256
257	4312	7305
257	5312	3973
257	3977	7898
257	3155	785
257	3977	6345
257	4314	6622
257	6477	1348
257	3977	2214
257	4314	3333
257	7570	5916
257	4314	6210
257	7227	1037
257	960	1496
257	960	7256
257	4493	8076
257	4312	3973
257	2108	1006
257	1726	7305
257	6477	887
257	4312	1111
257	3155	2273
257	1387	4739
257	2108	783
257	5556	4883
257	1387	1496
257	3106	7054
257	960	1111
257	4606	5860
257	5556	5916
257	6635	2214
257	960	8076
257	960	4125
257	3029	7054
257	6635	5777
257	5556	3722
257	6477	1057
257	7570	887
257	3106	7453
257	7497	1449
257	3045	881
257	5556	7453
257	4493	5860
257	6000	2642
257	5556	1037
257	4314	2273
257	5556	4167
257	2108	6066
257	5556	881
257	7227	4739
257	6635	785
257	960	7898
257	4312	6210
257	4493	6622
257	3317	1348
257	3045	6988
257	4493	6988
257	3045	3333
257	3977	3722
257	3977	1449
257	1726	1006
257	3343	4167
257	960	783
257	4314	6345
257	3045	1057
257	5556	5777
257	7570	6066
257	2108	2642
257	6635	4125
258	2050	7857
258	642	1888
258	642	7857
258	4262	6846
258	5019	4186
258	5019	6375
258	806	3825
258	642	7229
258	5211	4186
258	3665	7070
258	2525	7070
258	4262	5527
258	5211	3825
258	2525	5527
258	4262	1888
258	5019	7229
258	5019	6846
258	2050	6375
260	3933	2422
260	5408	4542
260	2848	802
260	3933	2660
260	2754	4514
260	3248	7362
260	5898	5220
260	5408	6003
260	3248	1919
260	5809	349
260	5486	7231
260	5650	6003
260	5809	3052
260	5809	6292
260	5650	1454
260	5053	802
260	5809	5941
260	5650	5835
260	5408	1469
260	5390	542
260	5650	7067
260	5053	542
260	1834	1544
260	7069	4514
260	5898	3913
260	5809	1544
260	5650	5941
260	5898	557
260	5650	3421
260	2848	3052
260	5809	3913
260	2754	2984
260	6095	1190
260	5809	3243
260	5898	1469
260	3248	5835
260	4788	4542
260	2557	7067
260	5650	1181
260	5809	2422
260	5053	349
260	5486	557
260	1834	515
260	3933	7231
260	5650	1190
260	5408	955
260	6876	2105
260	4788	1454
260	3933	7362
260	2848	2984
260	5408	3243
260	3933	5220
260	2848	955
260	5650	2660
260	2848	1919
260	5898	1181
260	5486	3421
260	4788	6292
261	7958	7300
261	7262	3893
261	3267	3027
261	523	848
261	523	5073
261	3601	3027
261	1730	5297
261	523	4914
261	7958	639
261	1730	7530
261	6625	7530
261	523	3367
261	523	5289
261	7645	5289
261	523	1176
261	2343	1176
261	523	639
261	523	6277
261	4103	3367
261	1730	2477
261	702	2477
261	3041	4336
261	4358	1732
261	1730	7300
261	2343	5297
261	1246	1732
261	3858	5073
261	3041	1193
261	5963	3027
261	523	1193
262	4958	7477
262	8026	7477
263	2886	771
263	4212	5293
263	376	952
263	7886	786
263	3057	786
263	3718	952
263	6973	1037
263	7227	1037
263	376	5293
263	5144	5768
263	7227	4739
264	3623	5517
264	3175	2245
264	5521	1897
264	3175	2678
264	2595	4809
264	3462	1209
264	826	976
264	4665	1323
264	3853	6692
264	3175	6183
264	6396	7194
264	1232	858
264	3175	6692
264	8091	2678
264	8091	7538
264	5054	6183
264	6430	5517
264	2595	1760
264	3623	1897
264	5054	6082
264	3462	7538
264	1232	7758
264	2166	2241
264	3739	7758
264	3739	976
264	3623	1628
264	3853	5232
264	358	3389
264	3623	6082
264	4665	4128
264	2977	1760
264	3175	4128
264	3462	2241
264	2977	2245
264	826	858
264	6360	1323
264	6360	1628
265	2003	6102
265	4643	5863
265	2003	4870
265	2003	5863
265	5346	6102
265	1294	7194
265	2003	4319
265	4983	5847
265	6396	7194
265	1294	4319
266	4440	4636
266	391	6954
266	4080	4216
266	4440	6954
266	391	2734
266	7172	1858
266	7172	4216
266	3737	1997
266	4440	1059
266	4080	1997
266	4440	5516
266	443	5516
266	3737	834
266	391	1552
266	2147	1552
266	2636	4636
266	1012	834
266	3737	2734
266	3737	1059
267	1630	3690
267	7708	3215
267	1630	5792
267	593	450
267	1944	2863
267	4869	450
267	3625	823
267	6186	4900
267	1249	1148
267	7708	5792
267	5231	5778
267	1630	1169
267	6186	476
267	1249	5791
267	2152	5778
267	4693	5526
267	7457	2863
267	4250	3690
267	2152	823
267	7708	1148
267	7708	5526
267	6186	7230
267	6186	3215
267	6186	5320
267	6186	3889
267	4693	2209
267	4693	476
267	1630	6507
267	1630	5491
267	3028	6445
267	2271	6445
267	7708	4366
267	1249	5491
267	593	1531
267	1630	3889
267	593	5320
267	4693	6507
267	4250	4900
267	4250	4366
267	4869	7230
267	4693	1531
267	4250	2209
267	6376	1169
268	6076	5389
268	6076	7680
268	3520	6592
268	7365	1973
268	7899	4534
268	3520	3788
268	7899	3518
268	3745	4129
268	8016	1934
268	339	1510
268	3745	7253
268	2602	1656
268	1282	7665
268	1606	5221
268	7365	7748
268	6442	7688
268	6060	3788
268	7483	3496
268	7899	4619
268	1282	7680
268	6060	2726
268	8016	5457
268	1429	5078
268	7899	6556
268	3035	3001
268	3520	4129
268	3745	3518
268	6060	7665
268	7483	7373
268	6076	7499
268	8016	7748
268	7483	3846
268	7244	5489
268	7483	2284
268	6060	5221
268	2478	2867
268	6076	3496
268	6076	6556
268	8016	2726
268	339	4157
268	7899	2867
268	7483	4157
268	3035	5078
268	1606	2059
268	2478	2284
268	1355	1934
268	1355	2059
268	7899	3846
268	8016	5389
268	1429	4534
268	7204	5456
268	6076	6592
268	6076	6247
268	3520	4619
268	7483	7253
268	7365	7499
268	1852	7874
268	3035	1038
268	1606	5457
268	3745	6247
268	648	1510
268	7204	5489
268	5699	1656
268	339	1038
268	2478	5456
269	2260	8092
269	1987	3174
269	4065	4360
269	5149	4185
269	4095	2247
269	4065	6828
269	5149	5814
269	1541	6623
269	1463	626
269	949	2617
269	7738	7155
269	4095	4315
269	558	7201
269	2220	3079
269	1422	5814
269	4065	1171
269	6498	5145
269	5902	8092
269	1802	1187
269	3749	4056
269	7634	5767
269	7738	3600
269	5302	6714
269	3749	5145
269	1802	3600
269	5506	1147
269	5149	1795
269	5149	4315
269	7634	626
269	1422	2784
269	949	6683
269	4095	6828
269	1463	1000
269	4065	435
269	2260	1171
269	1541	3174
269	4065	2784
269	4553	4286
269	4065	4056
269	1802	6714
269	3749	1657
269	949	7155
269	5506	435
269	4553	2617
269	4065	1795
269	949	5785
269	7634	6623
269	3296	1000
269	2260	2247
269	949	1657
269	6498	4286
269	4065	3079
269	5902	4185
269	4065	5785
269	1463	7201
270	3940	4200
270	567	2145
270	7682	1542
270	3194	639
270	4869	450
270	3766	6716
270	5140	4787
270	7411	6716
270	1922	7414
270	1498	496
270	3774	8080
270	7906	7414
270	7411	3472
270	2659	6452
270	7682	1073
270	5503	5661
270	2659	1442
270	1900	496
270	1662	594
270	5789	7644
270	1966	2228
270	3766	8080
270	7737	3472
270	7210	1866
270	5140	2999
270	1498	2644
270	7411	1035
270	4305	6630
270	4520	5124
270	567	1893
270	2235	2650
270	5140	594
270	5503	2934
270	7830	6881
270	7737	5124
270	6959	6990
270	7737	3092
270	6959	4787
270	3194	5374
270	5602	1893
270	4276	509
270	3774	509
270	6959	7230
270	7906	7644
270	3774	4200
270	4276	2644
270	4276	1149
270	7958	7300
270	7411	2228
270	4520	1976
270	3774	4831
270	5140	3926
270	3774	1542
270	5140	6452
270	6959	5694
270	4869	7230
270	1900	518
270	6876	2105
270	3766	3926
270	4276	2145
270	1966	1866
270	5140	4831
270	3766	518
270	1966	7034
270	1900	4639
270	7682	450
270	3766	2934
270	3214	7034
270	6614	4639
270	3766	1149
270	5602	5374
270	4436	6630
270	3940	3092
270	4276	1073
270	1922	1035
270	6959	4923
270	6959	1442
270	7411	3756
270	5426	2999
270	4436	1976
270	7737	2650
270	7958	639
270	4276	3756
270	3774	6990
270	7682	4923
270	7830	5694
270	7906	7300
270	7682	5661
270	5140	6881
271	1337	6559
271	5433	6230
271	3302	3103
271	6401	6904
271	1064	7578
271	3887	7326
271	360	2638
271	360	417
271	6188	594
271	961	2891
271	4249	4978
271	2217	7862
271	3801	7710
271	360	3562
271	7433	8045
271	5672	6178
271	2217	6559
271	5679	4512
271	1313	999
271	3015	7326
271	360	6698
271	4648	2472
271	1745	1990
271	360	2073
271	2397	1013
271	3015	7817
271	3887	7389
271	1337	4608
271	360	4608
271	4772	7578
271	7562	7817
271	3886	5264
271	961	5587
271	3801	8045
271	1337	5587
271	961	1523
271	7317	1990
271	5271	6089
271	1337	2472
271	360	1523
271	6401	999
271	4648	7862
271	360	7710
271	1662	594
271	5679	3562
271	360	3103
271	4644	2638
271	4008	417
271	360	6230
271	2318	2686
271	7317	6178
271	4644	2891
271	7433	6698
271	7433	5264
271	4648	6089
271	360	1013
271	360	6904
271	7433	2686
271	1337	7389
271	7317	4512
272	2792	4961
272	7129	7642
272	3521	4961
272	1325	5922
272	7129	7467
272	1325	7467
272	1325	4021
272	3863	7642
273	1481	588
273	4986	522
273	4024	846
273	1619	4967
273	3005	2176
273	4972	3937
273	4905	7944
273	6138	4749
273	3748	3937
273	381	846
273	1145	3362
273	1145	5113
273	4024	3362
273	4024	6181
273	1145	6681
273	3005	7944
273	4972	4967
273	5290	6399
273	4972	5113
273	1145	4749
273	4986	1838
273	3748	6681
273	6138	6181
273	406	2176
273	4972	588
273	3005	1838
273	406	522
274	1931	2972
274	3542	6694
274	436	4120
274	4509	4807
274	608	6819
274	5607	7132
274	4101	3850
274	2510	6382
274	1835	4807
274	1680	6382
274	6195	468
274	4088	5335
274	1835	4608
274	1931	7989
274	4829	1818
274	5492	7623
274	2510	5319
274	3542	8138
274	4101	407
274	2857	5283
274	6187	3355
274	3620	6809
274	3542	5587
274	3620	704
274	6558	4750
274	1921	7623
274	1337	7389
274	5607	2379
274	3542	2517
274	5607	704
274	6195	4740
274	6195	6607
274	5492	6523
274	4101	5335
274	6195	2472
274	4101	432
274	6195	4769
274	436	6809
274	3620	2694
274	2510	2674
274	4509	7798
274	6195	5928
274	1337	2472
274	5607	1300
274	1835	5928
274	1680	468
274	7845	5111
274	1931	6612
274	3229	5319
274	436	2674
274	2857	407
274	4509	6607
274	1931	1300
274	3785	7361
274	6195	4737
274	1337	6559
274	1835	2104
274	1680	7389
274	2857	6697
274	4101	3755
274	5492	2477
274	4101	3355
274	5607	2454
274	3542	432
274	702	2477
274	5607	4769
274	436	2379
274	1337	5587
274	1931	4120
274	2857	4740
274	6195	2517
274	4101	1615
274	1931	1615
274	3620	7343
274	6187	4154
274	3785	4750
274	5607	3850
274	4988	2454
274	6187	8138
274	3542	6697
274	5492	6819
274	4101	7798
274	2857	6612
274	957	4401
274	6195	7989
274	5607	5283
274	2510	1818
274	4101	7343
274	1931	6559
274	7845	3755
274	2857	2694
274	4088	7132
274	1931	7361
274	6195	5111
274	3620	2972
274	1337	4608
274	4988	4401
274	3229	4154
275	4044	7793
275	2106	7793
275	1568	2226
275	6341	7000
275	792	2226
275	4638	5525
275	3521	4961
275	762	3666
275	7901	4961
275	7999	1743
275	4044	5525
275	7018	1743
275	1568	3050
275	7419	3050
275	4044	3666
275	7901	7000
276	4114	3935
276	2177	3392
276	3255	4689
276	4695	5454
276	4114	5582
276	4695	5582
276	7999	1743
276	3841	4447
276	4675	4306
276	2177	6091
276	2709	5454
276	2709	4447
276	4695	1029
276	2709	4827
276	3636	1743
276	2177	1029
276	5993	4306
276	3255	922
276	3255	4827
276	5993	922
276	4675	4689
276	5315	5980
276	5546	5980
276	4114	3392
277	2336	545
277	3559	545
278	1417	1285
278	4375	3070
278	3762	5985
278	5741	7449
278	1417	6822
278	5568	4296
278	4732	6822
278	4375	3457
278	4375	4296
278	1417	3530
278	2371	1076
278	7179	1285
278	3762	2830
278	2371	1515
278	7179	3457
278	7627	2442
278	1417	5595
278	3072	2273
278	3155	785
278	3807	3530
278	4732	7398
278	5502	5595
278	5741	3070
278	5806	7449
278	5806	1515
278	5568	5259
278	4732	1964
278	5502	5686
278	5502	1964
278	5249	1076
278	5741	2853
278	3155	2273
278	2120	2112
278	8058	2112
278	4375	2830
278	3762	2853
278	2552	7398
278	2552	1229
278	5249	2442
278	4732	4504
278	5568	535
278	2552	5985
278	5249	4504
278	1417	785
278	5741	5259
278	7179	535
278	2371	1229
278	7092	5686
279	4468	2953
279	386	6775
279	5206	2690
279	5162	3266
279	4953	987
279	464	2081
279	3980	3202
279	1245	6209
279	2640	2881
279	5206	3312
279	4953	1240
279	5162	2863
279	5206	978
279	5305	987
279	4468	1918
279	5206	3202
279	1278	3350
279	4468	7440
279	6157	6731
279	2640	1407
279	4468	3266
279	5206	2881
279	4559	6731
279	464	2690
279	7457	2863
279	4035	2081
279	5206	6279
279	4756	3312
279	3256	4030
279	4468	1407
279	2862	2953
279	4953	4417
279	4468	6279
279	1278	2140
279	4468	3350
279	3263	978
279	6157	1918
279	1245	1240
279	3980	4417
279	6157	6775
279	4666	6209
279	3655	2140
279	4468	4030
280	1663	4272
280	4051	6392
280	1632	1331
280	5062	3990
280	6243	4272
280	5490	5071
280	3239	3093
280	4823	5071
280	4051	3795
280	4823	6392
280	1632	1711
280	6243	1711
280	4578	6267
280	6243	5799
280	5084	5129
280	4823	3990
280	5062	553
280	5490	5799
280	5062	1331
280	2938	6267
280	4051	6500
280	1632	6500
280	3382	996
280	3657	996
280	6243	5301
280	341	5812
280	341	7084
280	4823	5301
280	3207	3093
280	4051	553
281	816	4328
281	546	4328
282	4836	579
282	4836	5808
282	4821	5038
282	3016	1905
282	4836	5762
282	4821	7930
282	1699	5314
282	6390	5087
282	4836	3678
282	7187	4159
282	4836	3815
282	1792	5087
282	646	5370
282	1895	3678
282	5026	2587
282	6390	7109
282	817	5038
282	2045	591
282	6390	6398
282	3016	2029
282	2628	7930
282	6223	6028
282	2045	7945
282	8023	2587
282	5026	579
282	6223	3337
282	4836	2844
282	2045	6398
282	4836	7945
282	4836	5370
282	4836	7109
282	1895	4159
282	1699	7930
282	8023	6028
282	1699	2844
282	3210	5762
282	2628	4027
282	817	7105
282	5552	3815
282	1699	2029
282	817	5314
282	2602	1656
282	4836	7105
282	1792	5808
282	4836	3337
282	4836	1656
282	1792	591
282	4821	1905
283	5949	2942
283	6253	6628
283	7509	2340
283	5514	6175
283	2153	2340
283	2574	5205
283	5514	4683
283	2721	2332
283	4861	5205
283	4861	2942
283	4861	6175
283	2574	4683
283	4861	6628
283	6577	2332
284	1467	1150
284	5570	6644
284	1467	7874
284	6029	3149
284	5313	1118
284	6029	1413
284	5570	5515
284	6029	3158
284	6639	5275
284	1467	1891
284	6029	3286
284	2257	7874
284	4361	6199
284	7943	1118
284	7822	3040
284	1988	1413
284	1212	679
284	1852	7874
284	6639	1150
284	6803	3650
284	1988	7609
284	6803	1258
284	6029	7932
284	6029	6199
284	2257	7715
284	6639	5857
284	7943	5715
284	5798	1891
284	3921	3541
284	2194	2780
284	7822	6987
284	7822	2780
284	5570	1258
284	7833	3149
284	5313	4906
284	3515	5275
284	6029	3541
284	1155	3158
284	6029	5823
284	6029	1689
284	2194	7609
284	1139	3040
284	6029	679
284	7044	1722
284	6803	7932
284	1467	5715
284	1139	3650
284	7493	6987
284	1139	5825
284	948	3286
284	6029	828
284	7943	5857
284	7943	7715
284	5313	5515
284	2194	6644
284	6029	5825
284	5313	1689
284	7750	828
284	2194	5823
285	8081	3823
285	5014	7171
285	8043	5767
285	7313	2041
285	8081	3429
285	5616	2968
285	5280	4010
285	4072	5331
285	3128	5331
285	5014	1200
285	3945	940
285	5280	6658
285	8081	6620
285	3128	2707
285	3142	3743
285	3142	2428
285	8081	3743
285	8081	6623
285	3945	5400
285	7634	6623
285	4503	7171
285	3945	1858
285	4530	940
285	5014	3823
285	8081	6656
285	4165	6620
285	5280	3576
285	8081	6851
285	6236	3429
285	5014	5400
285	3945	6656
285	5280	2041
285	4503	5434
285	8081	2860
285	5014	2428
285	5616	1200
285	4072	6851
285	3142	4013
285	6593	2860
285	3142	6658
285	2361	2917
285	8081	2707
285	7634	626
285	3545	6624
285	7313	562
285	7634	5767
285	8081	6624
285	4503	2968
285	8081	562
285	3142	626
285	3945	4013
285	4165	4010
285	8081	2917
285	8081	3576
285	8081	5434
286	4652	954
286	4397	5533
286	2737	954
286	4652	5533
287	2790	884
287	8057	884
287	6407	6481
287	7345	2087
287	4034	1005
287	5571	4424
287	4615	6481
287	1382	5657
287	4034	788
287	4615	5657
287	2790	2909
287	4840	4082
287	4615	7823
287	4034	7823
287	1559	4856
287	5451	4168
287	4615	4210
287	5451	4424
287	8057	4650
287	2790	2087
287	4557	4168
287	5954	1005
287	3044	2909
287	7345	4650
288	5815	2887
288	550	6878
288	6920	809
288	4152	1058
288	5412	5203
288	6978	5250
288	928	3013
288	550	4803
288	7199	4803
288	2123	3013
288	2123	1884
288	7199	2887
288	7199	5645
288	5412	6664
288	1556	3031
288	2182	1576
288	6920	7703
288	507	1576
288	4018	2960
288	6920	3038
288	1556	1864
288	7199	1864
288	4555	5645
288	4293	6493
288	6978	2960
288	4018	3612
288	5815	1762
288	5815	3031
288	503	3612
288	5815	6878
288	1556	5481
288	550	5481
288	503	5250
289	2003	4319
289	2109	7656
289	2003	6102
289	6191	5863
289	1444	6102
289	2554	2577
289	6191	2577
289	2967	4870
289	2554	551
289	5107	4319
289	2003	5863
289	2003	4870
289	5107	5771
290	3915	703
290	2403	2076
290	7088	1067
290	2738	3112
290	353	6650
290	5401	3112
290	353	1067
290	1688	4833
290	4989	4833
290	7830	6881
290	2738	6193
290	1350	3727
290	2569	1598
290	7830	5694
290	353	984
290	7088	4895
290	7088	2561
290	3915	647
290	5471	647
290	5471	537
290	353	6881
290	5401	1598
290	7088	1911
290	2403	537
290	2738	3727
290	5471	6193
290	2738	984
290	5483	5694
290	1959	2076
290	353	6932
290	7088	4427
290	3915	6650
290	2738	4022
290	5401	703
290	353	708
290	5483	6932
290	3915	7507
290	7967	4895
290	2403	7507
290	4989	1911
290	4989	4022
290	958	708
290	958	4427
291	3590	6379
291	3191	5983
291	6928	5983
291	2823	5364
291	2553	1793
291	1021	2983
291	3191	6379
291	3191	3203
291	1021	1793
291	6928	2983
291	3351	3203
291	3191	5167
291	3191	8056
291	1021	3894
291	6301	2158
291	1021	2158
291	3351	1793
291	3191	4968
291	3191	3894
291	2823	8056
292	6457	6233
292	6980	4605
292	656	3654
292	2261	1884
292	1249	5791
292	5010	3192
292	360	3103
292	5802	2601
292	690	470
292	5010	931
292	360	6230
292	360	6904
292	3778	1406
292	342	4921
292	8001	1425
292	5802	1618
292	1249	5491
292	6457	6674
292	3732	3154
292	2364	4049
292	6113	3273
292	5010	6330
292	360	417
292	5802	7661
292	2057	444
292	5160	4807
292	5010	8090
292	360	3562
292	6980	5085
292	8054	2342
292	360	6698
292	5783	3693
292	5308	3192
292	6457	5791
292	5010	6686
292	6980	3254
292	6587	6404
292	1173	2129
292	3778	4574
292	6457	470
292	1249	1148
292	5783	6127
292	5160	7927
292	360	1523
292	5010	2222
292	1173	4435
292	5008	6127
292	5010	1148
292	8001	5459
292	2364	444
292	5308	6010
292	5308	3075
292	6457	6141
292	5836	6941
292	360	1013
292	6587	1604
292	6457	6397
292	8054	5928
292	5802	1862
292	6414	2807
292	1100	6686
292	1835	2104
292	1650	3654
292	5010	3273
292	2388	2847
292	360	2638
292	6980	5491
292	7559	2104
292	506	2847
292	6457	1523
292	360	4608
292	5783	3125
292	1835	5928
292	6457	6010
292	360	7710
292	8067	7927
292	6457	6330
292	342	3103
292	3529	6941
292	5802	6698
292	3529	6230
292	7210	1866
292	6457	7196
292	7559	6904
292	8067	7710
292	6587	1866
292	5836	5235
292	3165	1862
292	8001	4729
292	5802	3125
292	2390	1530
292	506	1530
292	2364	4729
292	5160	2342
292	3552	4605
292	6457	5459
292	5227	1273
292	5010	1869
292	5227	3079
292	5010	3254
292	360	2073
292	5160	3693
292	5430	5448
292	8067	4633
292	3345	1013
292	6980	7342
292	5227	2807
292	3907	417
292	8001	2601
292	3165	5448
292	850	8090
292	1652	4049
292	6587	5235
292	8067	1490
292	3165	3562
292	6457	1406
292	5160	1425
292	2390	2638
292	2388	1618
292	5802	4574
292	1835	4807
292	6457	7342
292	2364	7661
292	1464	6404
292	6457	1490
292	1173	2621
292	5783	4633
292	5802	4921
292	1835	4608
292	8067	1604
292	6414	6397
292	6457	1273
292	3907	5665
292	2220	3079
293	1446	1593
293	4198	6275
293	4198	7413
293	7287	2671
293	6146	6275
293	2165	6689
293	4181	7174
293	1446	6828
293	4087	7143
293	4503	5434
293	467	7801
293	4087	6490
293	1446	7801
293	4095	2247
293	2616	6115
293	4087	3686
293	2773	2066
293	2165	6179
293	1999	1360
293	5890	2968
293	1672	6359
293	2165	6359
293	4198	2247
293	4087	1593
293	1502	7171
293	2773	6816
293	5890	1360
293	1446	7413
293	8018	3133
293	3334	6816
293	2165	2066
293	4095	4315
293	4503	2968
293	1446	6946
293	1672	3570
293	4087	7859
293	6303	906
293	760	2705
293	7664	4624
293	4087	4268
293	1502	3235
293	7150	7143
293	1502	6179
293	7794	6619
293	3572	6037
293	4511	3570
293	2773	3133
293	4181	4268
293	4095	6828
293	1502	7170
293	1502	4830
293	2599	2705
293	4087	5872
293	3334	5872
293	4941	7174
293	4503	7171
293	4198	7859
293	1446	3235
293	4087	4624
293	467	6490
293	4198	906
293	6765	6946
293	1999	7170
293	7794	3686
293	1999	5434
293	4087	2671
293	4087	6689
293	3572	4315
293	5890	4830
293	2599	6115
293	4198	6037
293	4181	6619
294	4189	2290
294	7868	1864
294	7270	4697
294	4523	1351
294	718	2131
294	7270	5481
294	4477	2131
294	4477	5734
294	4523	661
294	718	5215
294	1556	5481
294	7868	2275
294	7925	2275
294	554	7126
294	1556	3031
294	4523	3031
294	2162	4119
294	6053	5215
294	7868	4697
294	554	2290
294	7270	6337
294	3929	6337
294	554	5734
294	474	1351
294	4477	2352
294	4523	4119
294	1556	1864
294	1587	2352
294	718	7126
295	3875	3427
295	3499	4793
295	3607	6596
295	3499	6895
295	1369	875
295	4003	5046
295	605	1717
295	4443	6895
295	3875	5565
295	4443	6596
295	3607	7608
295	3180	3489
295	3607	1317
295	3499	7608
295	3607	7388
295	4443	875
295	2961	6355
295	3875	1317
295	2961	5046
295	3875	3489
295	605	3427
295	6002	6267
295	4578	6267
295	1369	5565
295	1369	4793
296	4032	823
296	3108	4245
296	5206	6279
296	2152	823
296	7443	6702
296	3717	6177
296	3151	8060
296	2141	5997
296	1298	6177
296	1207	6855
296	3717	3202
296	3108	3610
296	4073	6702
296	3694	7984
296	3694	8060
296	6262	3811
296	3151	4700
296	7520	4605
296	4073	4700
296	3717	3610
296	1207	2400
296	3552	4605
296	3527	5997
296	5206	2690
296	7443	2881
296	3694	2690
296	1298	3122
296	4073	7891
296	3694	2400
296	4073	4245
296	5206	3312
296	3108	6855
296	4026	2669
296	5206	978
296	5206	3202
296	1298	3802
296	3694	1753
296	1298	5257
296	3717	3234
296	3717	7984
296	3717	5778
296	3151	5257
296	4073	6279
296	5206	2881
296	2152	5778
296	3717	3511
296	3108	1753
296	3717	2669
296	3151	3234
296	1207	3811
297	6571	5213
297	3105	6445
297	7522	2711
297	7522	1149
297	4287	7070
297	527	5527
297	2926	3953
297	560	6073
297	3564	3926
297	6270	1746
297	7959	7996
297	5150	6883
297	6114	6883
297	3564	1113
297	560	1289
297	3105	7683
297	7959	1113
297	3766	3926
297	6114	7996
297	4287	4244
297	7522	2054
297	6270	351
297	4936	4061
297	527	1746
297	3766	518
297	7959	365
297	5150	4533
297	2525	5527
297	3564	804
297	6117	365
297	3564	2662
297	3105	4616
297	3766	2934
297	4410	4616
297	2505	3410
297	6114	3410
297	6114	2934
297	527	4110
297	527	4244
297	3766	1149
297	790	2711
297	4287	6748
297	2525	7070
297	3564	6712
297	527	6712
297	3105	6748
297	3105	4533
297	3105	4472
297	790	804
297	2926	4061
297	6114	2662
297	3564	2646
297	4487	518
297	2505	8080
297	4936	536
297	4487	3953
297	3766	8080
297	2873	351
297	7522	4472
297	4487	536
297	3028	6445
297	3766	6716
297	2505	2646
297	4936	6073
297	6114	7683
297	6117	4110
297	2505	2054
298	4389	1521
298	2781	1483
298	4314	6622
298	3407	1631
298	4314	6210
298	3949	3064
298	752	4637
298	4314	3333
298	3305	1205
298	2179	6622
298	548	4102
298	752	4475
298	3407	1478
298	548	7104
298	6754	6492
298	6491	4577
298	3949	2676
298	5306	4102
298	6137	1205
298	3674	2630
298	3949	6660
298	6137	4637
298	2781	1186
298	3407	4577
298	4389	3994
298	6421	6159
298	4389	1483
298	3949	3859
298	2179	3753
298	3407	3994
298	4314	2273
298	548	3753
298	6491	3859
298	3674	6345
298	3949	6159
298	6421	6601
298	548	2676
298	6908	6210
298	4195	6660
298	6421	1521
298	6137	7104
298	1215	6492
298	6137	3333
298	3305	3064
298	2781	2396
298	3949	1631
298	6421	1478
298	4314	6345
298	2179	4475
298	6466	2630
298	3072	2273
298	6491	6601
298	3407	1186
298	6421	2396
298	5306	4637
300	2854	3465
300	5852	2412
300	5852	4299
300	898	4299
300	4695	5454
300	7816	4919
300	898	522
300	406	522
300	4546	3465
300	7816	1029
300	2854	5454
300	4695	1029
300	4695	5582
300	5852	2176
300	4546	5582
300	406	2176
300	2297	4919
301	1384	7698
301	5323	2726
301	6201	1256
301	7236	6112
301	2949	3948
301	1259	631
301	3423	5576
301	3423	7052
301	3423	1603
301	8016	2726
301	5513	4868
301	8033	1256
301	3228	997
301	1384	337
301	7236	7748
301	3228	1582
301	1430	1582
301	3402	1603
301	6875	3522
301	784	1400
301	1384	1962
301	3228	5477
301	5393	4935
301	1384	4378
301	3228	7173
301	3423	4935
301	8016	5457
301	3402	3948
301	2949	3630
301	3402	6837
301	5575	5576
301	7641	7136
301	1384	1418
301	8033	1418
301	7771	3630
301	332	6537
301	1666	5508
301	3423	800
301	5513	5432
301	4860	5389
301	4692	5713
301	784	5843
301	7960	2351
301	2949	7698
301	3423	8112
301	7641	3458
301	4860	4378
301	7641	3522
301	7771	6112
301	3034	3193
301	8016	1934
301	1384	5843
301	7598	1400
301	8033	6837
301	7598	5457
301	7598	5039
301	1384	1934
301	4860	5713
301	784	1655
301	8033	997
301	6280	3006
301	1124	4868
301	784	800
301	5575	2832
301	7929	631
301	7598	7722
301	1124	3458
301	6875	7098
301	1259	7722
301	1384	2832
301	7641	5688
301	1384	7200
301	3423	4456
301	6899	867
301	8033	8112
301	8016	7748
301	4876	5688
301	3423	5432
301	5575	6537
301	3423	4248
301	1259	1655
301	8016	5389
301	2949	4456
301	3423	1962
301	1259	5477
301	7598	7173
301	8033	5508
301	3402	337
301	1124	4248
301	332	3006
301	6964	7136
301	2949	867
301	3164	2351
302	3101	632
302	7718	7122
302	7718	852
302	2530	3406
302	7718	4281
302	2810	5172
302	5239	8013
302	2810	388
302	2530	629
302	2390	2638
302	6311	629
302	1194	1120
302	4634	7774
302	2530	4686
302	2530	7038
302	7527	5319
302	6311	1626
302	7718	4859
302	2510	1818
302	2653	692
302	2793	5172
302	3418	1242
302	3418	3893
302	1024	2891
302	6316	632
302	4949	388
302	4136	8013
302	4136	2674
302	2530	2896
302	6706	6046
302	7718	2230
302	2793	7290
302	5239	5971
302	2530	6962
302	4949	692
302	2510	6382
302	1024	7038
302	3101	3680
302	634	5953
302	3000	6447
302	2530	4859
302	3418	2151
302	634	7020
302	2510	2674
302	2510	5319
302	7527	2230
302	6922	6382
302	4644	2638
302	6316	1626
302	4634	4824
302	5429	6046
302	2530	4070
302	3000	1530
302	7262	3893
302	1024	1242
302	3101	7122
302	1194	2895
302	4634	1818
302	3418	852
302	7527	5953
302	3418	516
302	3101	516
302	3000	2151
302	6316	3406
302	2793	4558
302	3101	6962
302	5239	2955
302	6302	7290
302	7718	7774
302	3178	4686
302	2810	1120
302	4644	2891
302	2530	5971
302	2530	4824
302	4949	4558
302	4634	565
302	4136	565
302	2390	1530
302	7387	6447
302	7718	2955
302	3000	2896
302	3000	4281
302	3000	3680
303	4649	3722
303	6973	1037
303	5556	4167
303	5556	881
303	5556	5777
303	6599	5777
303	5556	4883
303	7160	1381
303	5236	881
303	7160	4883
303	5236	1692
303	3911	1692
303	7160	7839
303	4094	4074
303	7160	4074
303	5236	7839
303	5556	5916
303	5123	1381
303	2818	7453
303	5556	3722
303	5556	7453
303	5556	1037
304	5161	421
304	3572	6037
304	5149	1795
304	5149	4315
304	7167	7909
304	3328	5814
304	3205	5670
304	1584	421
304	3205	7418
304	3480	6231
304	3328	5670
304	7167	2432
304	2799	1552
304	2147	1552
304	6889	7909
304	3572	4315
304	4766	4185
304	5519	2339
304	5161	6231
304	6900	3405
304	6132	3405
304	5149	4185
304	5149	5814
304	8021	2339
304	8021	3425
304	5161	2432
304	3205	6037
304	3996	7418
304	7167	3425
304	3996	1795
304	3996	6298
305	4946	3483
305	1671	7571
305	1071	1923
305	7010	3331
305	4946	7385
305	3765	5181
305	1863	1923
305	2085	2976
305	1248	4780
305	2355	2751
305	3904	616
305	3739	976
305	2085	5322
305	4946	3501
305	3739	7758
305	4946	6924
305	982	2976
305	3765	3832
305	1102	2056
305	6018	2451
305	4946	5322
305	1863	3707
305	2775	2142
305	4946	6771
305	1863	3832
305	1071	3331
305	2775	7339
305	2085	3707
305	7010	6771
305	1736	6107
305	4946	2142
305	3765	3483
305	2355	5181
305	3695	7339
305	1071	7385
305	1736	6561
305	3765	6561
305	982	372
305	1863	7571
305	4946	7758
305	4946	2056
305	6269	2861
305	1863	6924
305	1736	2451
305	6313	6107
305	4946	4176
305	2355	372
305	6566	5158
305	4946	2861
305	6526	616
305	4946	2751
305	7010	976
305	4946	5158
307	5347	6335
307	6180	4567
307	5347	5252
307	6180	1150
307	1485	3671
307	4821	1905
307	981	5275
307	2236	1095
307	981	7618
307	4821	7930
307	2236	5671
307	3498	3754
307	1485	7618
307	5347	5126
307	6180	1042
307	1390	4567
307	6180	889
307	4155	6576
307	6220	5584
307	7709	2333
307	2236	2777
307	5347	1265
307	2236	6105
307	5347	3754
307	5347	2744
307	4821	5038
307	6180	1524
307	1783	831
307	3517	1042
307	3018	5559
307	3517	7293
307	2236	1524
307	1485	7782
307	4259	5126
307	2236	831
307	6639	5857
307	1485	6726
307	411	7293
307	3517	1499
307	5711	3754
307	981	6335
307	7939	1608
307	5347	6540
307	1390	5252
307	2236	1608
307	5347	5038
307	3018	889
307	6180	7782
307	2236	5857
307	3517	2333
307	1485	5482
307	7824	1265
307	6639	1150
307	981	6659
307	5513	4868
307	2236	8010
307	3018	6105
307	411	6726
307	3517	1905
307	3517	2744
307	6845	3671
307	2236	4730
307	7709	6540
307	830	1095
307	2079	4730
307	7709	5584
307	5347	6576
307	5711	6105
307	3517	5482
307	4155	6684
307	6874	5432
307	5347	2777
307	3517	2986
307	7939	6140
307	6639	5275
307	2236	6659
307	1485	6684
307	4155	6140
307	3517	8010
307	5513	5432
307	981	1499
307	5347	4868
308	7899	2867
308	4040	3518
308	471	3404
308	6180	7782
308	5179	7815
308	8028	5040
308	8028	5168
308	7899	3846
308	1467	1150
308	1412	2959
308	7834	6038
308	3120	6632
308	1467	7874
308	6180	1524
308	3120	2083
308	6180	1042
308	1467	1891
308	8028	7181
308	2576	7420
308	4985	4935
308	471	7238
308	4040	457
308	5195	5040
308	5972	1891
308	8028	2867
308	3420	1042
308	471	1789
308	2588	3037
308	6180	889
308	7834	6632
308	6154	6221
308	7834	457
308	4882	5168
308	2588	7238
308	7834	7181
308	910	3404
308	7834	1906
308	7834	6885
308	7834	7782
308	3026	889
308	6991	6885
308	7882	4567
308	8028	7815
308	8028	1524
308	471	3146
308	7899	3518
308	7882	2959
308	7834	3846
308	471	6221
308	7899	4534
308	471	6038
308	1412	1789
308	4040	3037
308	7599	6838
308	3120	3604
308	7882	2083
308	8028	6838
308	7899	4619
308	5393	4935
308	8028	3604
308	8028	5715
308	1467	5715
308	6757	1906
308	6180	1150
308	471	6556
308	7899	6556
308	6180	4567
308	2588	4619
308	1412	4534
308	8028	7420
308	4040	3146
309	4603	7517
309	5739	1211
309	3527	5997
309	3871	4791
309	386	6775
309	4603	6775
309	6900	3405
309	3871	8064
309	2619	3652
309	4916	4791
309	3871	7255
309	3838	772
309	1083	2925
309	2465	7517
309	2465	7346
309	3871	7346
309	3871	2925
309	4916	3405
309	3871	5997
309	4603	2020
309	5739	894
309	4916	778
309	4603	894
309	4603	772
309	4603	778
309	4603	7255
310	2179	4475
310	3702	1610
310	7917	1665
310	7183	4201
310	3365	4475
310	4493	8076
310	5511	6894
310	5535	1610
310	3702	1646
310	7917	6988
310	2179	6622
310	4992	7241
310	5511	6064
310	5976	2728
310	7917	3931
310	5511	1742
310	5535	6064
310	5535	4201
310	7917	5624
310	5511	1646
310	7183	1665
310	7917	7973
310	7183	6894
310	2162	4119
310	3506	7973
310	7917	3784
310	7917	370
310	5511	7241
310	3702	370
310	4493	5860
310	5535	5624
310	5976	7029
310	2292	1742
310	7179	535
310	5511	6478
310	5535	535
310	7917	1114
310	651	7381
310	2179	3753
310	5535	7381
310	3365	6478
310	3365	3784
310	7917	3457
310	3702	8076
310	7179	1285
310	4493	6622
310	2292	5860
310	7917	1132
310	651	1114
310	7179	3457
310	5535	3753
310	4493	6988
310	7085	8066
310	5511	1132
310	1648	2728
310	7917	8066
310	5511	7029
312	4544	2791
312	2670	7000
312	6341	7000
312	1757	2791
313	2616	6115
313	7763	2352
313	2308	6319
313	1587	2352
313	4109	7804
313	7763	4234
313	1028	4234
313	4109	3786
313	7763	3639
313	1948	4563
313	8047	1991
313	7763	4264
313	1028	1326
313	4109	3639
313	7763	1991
313	4109	1326
313	4109	4563
313	1056	4264
313	4109	8132
313	8047	3786
314	3229	5319
314	1365	5953
314	2903	853
314	4950	328
314	5567	6892
314	2903	5264
314	6840	2421
314	1365	6892
314	3095	4354
314	7527	5319
314	7527	5953
314	6205	1409
314	5567	853
314	6968	4354
314	3886	5264
314	1365	4154
314	7527	2230
314	4580	2230
314	3229	4154
315	460	6905
315	2837	1392
315	2837	1459
315	1642	5867
315	675	3025
315	3191	4968
315	3191	3894
315	4382	5867
315	4382	4207
315	6014	3025
315	1828	4968
315	4382	860
315	3191	5983
315	2837	3203
315	2569	1598
315	7294	2071
315	6014	7372
315	2837	1598
315	7912	4207
315	933	2071
315	7912	6379
315	4382	4920
315	3191	6379
315	1032	7462
315	3191	3203
315	6014	1459
315	460	4920
315	7294	8056
315	2837	7842
315	4382	7372
315	3191	5167
315	4382	3894
315	2837	6905
315	4382	2518
315	3191	8056
315	4382	1392
315	6014	7462
316	8124	7850
316	6202	7066
316	1069	7066
316	4259	5126
316	1069	4012
316	1069	7850
316	7757	5126
316	5478	4012
316	7757	2541
316	6202	2541
317	2032	6701
317	4825	3643
317	3460	779
317	3060	3643
317	2936	1085
317	7128	996
317	1179	779
317	3382	996
317	674	1085
317	6606	779
317	3460	6701
318	2053	1815
318	4897	4767
318	469	1344
318	469	2131
318	690	470
318	469	3818
318	7791	1344
318	469	5334
318	1768	7966
318	7376	7789
318	2053	1854
318	6971	470
318	7050	7789
318	5940	4767
318	3378	3818
318	7791	3186
318	7376	552
318	8047	3786
318	4301	6779
318	4301	6419
318	5786	5334
318	5786	5215
318	3378	3186
318	4897	6419
318	7791	7966
318	718	7126
318	469	1815
318	1828	4968
318	8047	1991
318	3378	3786
318	4897	7486
318	5786	6779
318	718	2131
318	3378	552
318	6299	7486
318	7791	7126
318	469	1991
318	718	5215
320	2808	1534
320	795	2586
320	3697	4128
320	2444	1534
320	5397	1564
320	5397	1323
320	3697	7987
320	2808	7987
320	1715	1512
320	4665	1323
320	6526	616
320	3697	1564
320	4665	4128
320	3697	2586
320	3697	1512
321	3657	996
321	7128	996
322	8057	884
322	7621	1717
322	583	5209
322	1935	2005
322	605	3427
322	2815	2005
322	6170	2294
322	2595	4809
322	3262	7853
322	7500	4809
322	1935	2294
322	7809	3847
322	6044	1760
322	7621	6258
322	2595	1760
322	8057	4650
322	605	1717
322	6170	5209
322	7500	3847
322	7621	7853
322	660	7837
322	1527	7837
322	660	884
322	6170	6258
322	6170	4650
322	2349	3427
323	7345	4650
323	6170	4650
323	3941	2443
323	2090	3804
323	7345	2087
323	3941	6427
323	6170	2294
323	6950	6427
323	7400	4140
323	3941	2268
323	982	372
323	371	2976
323	4150	2408
323	1853	3292
323	7947	2087
323	4046	5209
323	4046	2268
323	4150	5321
323	3556	6258
323	3941	5321
323	7047	372
323	6170	5209
323	4150	3292
323	4046	2408
323	7947	3804
323	3941	4140
323	3941	2294
323	7947	2443
323	982	2976
323	6170	6258
324	6244	874
324	3854	6481
324	5697	874
324	5697	5853
324	6407	6481
325	3274	2360
325	4907	1268
325	3962	5632
325	947	542
325	4829	1818
325	6723	2344
325	947	1268
325	6723	6609
325	7941	1749
325	5041	1749
325	947	2344
325	3274	6300
325	3185	2360
325	3274	6852
325	947	565
325	1308	4824
325	4634	565
325	4634	4824
325	3274	4402
325	7941	5060
325	5390	542
325	4634	7774
325	2717	5632
325	2543	6642
325	5906	7774
325	947	3856
325	947	6642
325	1308	6300
325	947	6852
325	5906	3856
325	5906	4402
325	4634	1818
326	3005	7944
326	4738	4328
326	7653	1838
326	4738	2412
326	5852	4299
326	5852	2412
326	3005	2176
326	816	4328
326	7653	4299
326	3005	1838
326	5852	2176
353	6881	7019
353	6881	2782
353	1067	6958
353	6650	7019
353	708	6958
353	6932	2782
353	6650	6224
353	708	6224
367	4470	5240
367	4470	4590
367	775	1470
367	7661	4590
367	775	5240
367	4641	1470
376	952	5768
385	453	2401
385	3964	2401
404	5120	7640
406	2176	8025
406	522	8025
411	6726	7930
411	7293	4027
434	1131	1296
434	7155	1296
436	4120	4426
436	2379	4255
436	2379	4426
442	5180	8061
442	1879	8061
460	4920	4959
471	6556	7406
471	6556	1353
471	6038	7406
471	7238	1353
489	5680	661
489	5680	483
489	2887	483
490	4039	5612
490	3957	7835
490	4039	7835
490	1626	5612
509	3787	4161
509	6867	4161
529	6618	3358
529	1233	3358
531	5850	7539
540	3139	1127
550	6878	483
550	5481	5189
550	4803	5189
550	4803	483
550	6878	3779
550	5481	3779
564	1233	3358
564	3598	3358
567	2145	1519
593	5320	1082
593	1531	1082
595	1603	6595
615	5531	5463
615	3424	5463
615	3424	4655
623	1273	4599
640	7392	977
640	7392	2456
642	7857	2253
642	1888	8071
642	7229	2253
642	7229	8071
642	7857	2740
642	1888	2740
653	5048	6343
659	3740	2560
659	5792	2515
659	2994	6873
659	3740	3478
659	844	3478
659	5792	8101
659	844	8071
659	5659	2560
659	5659	2515
659	6846	8071
659	3254	8101
659	3254	3154
659	3254	6873
665	2577	7656
665	424	3435
665	6035	7656
665	368	3435
704	3768	4872
707	6079	1199
707	1545	5031
707	6849	7835
707	1545	1199
707	6849	5031
707	6849	6281
707	1151	4284
707	1545	4284
707	5594	5569
707	3421	5569
707	3957	7835
708	6224	3898
714	758	6734
714	758	3478
714	5122	2253
714	1158	6734
714	844	3478
714	7229	2253
714	7229	8071
714	844	8071
729	5842	1968
741	8110	7412
741	4297	7412
745	1836	3615
745	4131	3615
748	1407	1203
748	6702	1203
781	6250	2441
781	6250	7731
781	6895	8034
781	462	2441
781	6895	7731
781	462	8034
850	8090	6873
859	4782	1031
863	677	423
869	387	6248
872	2491	5117
877	772	3652
877	428	3652
893	2994	6873
897	7600	7534
897	4207	7534
898	4299	8025
898	522	8025
933	2071	7766
944	5907	4029
944	5292	4029
947	542	5060
949	7155	1296
958	4427	6958
958	708	6958
958	708	6224
960	7256	5230
960	4883	5230
989	2601	4590
989	4470	5240
989	1924	5240
989	4470	4590
1012	834	2295
1020	4164	6389
1028	4234	7331
1028	1326	7331
1043	475	3852
1043	475	5634
1043	2970	3852
1043	1704	5634
1052	7392	2456
1052	7392	977
1073	6867	4161
1079	2356	7325
1079	5886	7325
1086	802	5060
1087	1478	4770
1087	336	4770
1098	6843	1977
1145	6681	4871
1145	3362	6399
1145	5113	4871
1152	7961	4002
1152	7923	4002
1157	3412	1960
1157	5291	1960
1185	6725	3354
1185	6725	3738
1185	1610	3354
1185	2335	3738
1192	7705	7687
1192	4297	7412
1192	7705	7412
1192	1326	7331
1192	7705	7331
1201	5907	4029
1201	2604	6721
1201	6994	6721
1201	6843	1977
1201	909	5463
1201	6994	5463
1201	909	4029
1217	3429	1683
1217	3429	6391
1234	2901	7397
1249	5491	8101
1249	1148	8101
1253	4902	2295
1259	5477	1066
1259	7722	1066
1263	6843	1977
1271	909	5463
1271	909	4029
1271	3424	5463
1271	3424	4655
1271	2189	4029
1271	2490	4655
1282	7680	7184
1282	7665	5850
1300	4426	6343
1300	3768	4872
1300	6287	4872
1307	1592	4459
1307	2988	4459
1319	3522	7399
1345	5811	1288
1345	5894	1362
1345	7662	1288
1350	3727	1507
1355	1934	4707
1355	2059	4707
1357	4711	3435
1357	368	3435
1358	4838	3615
1358	4641	1470
1358	5824	1470
1365	6892	328
1366	1545	5031
1366	1545	1199
1366	1697	4284
1366	7977	1199
1366	1545	4284
1369	875	7731
1369	4793	7731
1376	6483	768
1376	4689	768
1377	3918	4002
1377	496	559
1377	7961	4002
1377	1580	5593
1377	1580	559
1377	496	3967
1383	2901	7397
1383	4356	7184
1383	1487	2637
1383	4356	2456
1383	1487	977
1383	5845	2637
1383	7392	2456
1383	5845	4726
1383	6592	4726
1383	7392	977
1383	6752	4966
1383	6592	7397
1383	7238	1353
1383	6592	1353
1383	6592	4966
1383	6592	7184
1384	337	6595
1384	1962	6595
1384	1934	4707
1385	4454	5749
1386	6761	7687
1436	747	3147
1436	2353	3147
1436	2353	7380
1446	7413	7674
1446	6828	7674
1461	6660	2743
1461	6160	7325
1461	5886	7325
1476	6483	768
1476	4306	768
1481	588	1708
1485	6726	7930
1486	2715	1362
1486	7354	1362
1494	8068	4515
1494	6793	4515
1498	496	559
1498	496	3967
1502	7171	2745
1502	7170	2745
1511	4776	4445
1511	6761	7687
1511	1877	7687
1542	6867	4161
1556	5481	3779
1556	1864	5189
1556	3031	3779
1556	1864	6493
1556	5481	5189
1558	6994	5463
1558	6994	6721
1558	5531	5463
1558	5615	6721
1567	2402	4751
1575	7274	3539
1575	3086	3539
1578	4759	5749
1583	7789	4622
1583	5205	4622
1583	2044	4300
1583	5205	4300
1606	5457	4707
1606	2059	4707
1615	6287	4872
1630	5792	2515
1630	5792	8101
1630	6507	2515
1630	5491	8101
1640	3823	2732
1640	3823	2648
1640	2951	2648
1640	7170	2745
1640	680	2732
1640	3823	2745
1642	5867	4959
1643	3970	2192
1649	6439	4084
1652	4049	843
1653	1877	7687
1660	3970	2192
1660	787	2192
1667	7055	8061
1667	1879	8061
1700	2947	927
1700	5680	661
1700	4697	661
1700	4803	5189
1700	5680	483
1700	4803	483
1700	4697	5189
1700	4213	927
1705	3412	1960
1705	2202	1960
1751	2604	6721
1751	5615	6721
1751	2353	3147
1751	2353	7380
1756	415	3147
1756	747	3147
1758	1693	1395
1768	7966	1854
1787	1304	1968
1787	3412	1960
1787	5842	1968
1787	1304	1960
1792	5808	7662
1792	5087	4734
1798	4275	6670
1798	3913	6670
1801	3139	1127
1802	3600	1296
1832	6910	2009
1832	2142	2009
1833	7098	7399
1835	4807	878
1835	5928	878
1868	7961	4002
1868	3338	4002
1889	4733	7116
1889	2930	6261
1889	2383	7116
1889	1673	6261
1900	4639	559
1900	496	3967
1900	518	3967
1900	518	2527
1900	496	559
1900	4639	2527
1920	2353	3147
1920	415	3147
1920	2353	7380
1922	1035	3199
1922	7414	3199
1931	1615	6287
1931	1300	6287
1931	2972	3768
1931	1300	3768
1931	1300	4426
1931	6612	6343
1931	4120	4426
1937	1772	7321
1937	1772	2401
1940	5220	515
1940	4380	3298
1940	2879	3298
1942	6793	4515
1959	2076	7666
1966	7034	2105
1970	8110	7412
1993	6035	7656
1993	3553	3544
1999	5434	2745
1999	7170	2745
2015	5683	6645
2045	6398	4734
2045	7945	6682
2045	7945	7662
2045	6398	6682
2050	7857	2253
2050	6375	2253
2050	7857	2740
2052	7203	5768
2064	1200	2732
2064	7055	8061
2064	680	2732
2064	6618	3358
2064	5635	8061
2064	5635	3358
2075	2024	934
2075	6245	7780
2075	5309	934
2075	5309	7780
2075	3638	6797
2075	6245	6797
2079	4730	5559
2096	2988	4459
2096	3616	4459
2101	2383	7116
2101	6725	3738
2101	4400	3738
2101	6725	3354
2101	5624	3354
2101	5939	7116
2173	834	2295
2173	4902	2295
2177	1029	5076
2184	1388	362
2190	6184	1395
2194	5823	7288
2196	1073	6867
2196	4236	6867
2196	4236	4751
2236	4730	5559
2249	4683	4300
2249	2044	4300
2254	3990	398
2260	1171	7674
2260	2247	7674
2308	6319	3265
2337	708	6224
2337	4831	7668
2337	4831	6799
2337	7846	7668
2337	2646	6389
2337	2508	6958
2337	708	6958
2337	6094	6224
2337	6094	6799
2337	4164	6389
2358	6079	1199
2361	2917	1955
2363	2816	6248
2363	2816	7666
2363	387	6248
2364	4049	843
2364	4729	843
2364	4729	4590
2364	7661	4590
2374	2380	2943
2374	4365	2943
2379	4426	6343
2402	4751	4161
2403	7507	3023
2403	2076	7666
2403	537	3023
2403	537	7666
2411	6193	6555
2411	4659	6555
2417	6245	6797
2417	7910	7780
2417	6820	6797
2417	6245	7780
2420	7547	3171
2423	747	3147
2427	7037	3023
2427	7507	3023
2475	475	5634
2475	7756	3852
2475	5087	4734
2475	475	3852
2475	7756	4734
2475	7756	5811
2475	6995	5634
2475	7756	3171
2478	2284	4406
2478	2867	4406
2487	2729	4084
2492	428	3652
2493	5948	2441
2493	2911	2441
2499	4297	7412
2505	8080	6263
2505	2054	6389
2505	2054	6263
2505	2646	6389
2530	5971	6281
2530	3406	6281
2530	3406	5612
2530	629	5612
2536	2381	1362
2536	7945	6682
2536	2774	5894
2536	7945	7662
2536	1345	5811
2536	1345	7662
2536	1345	5894
2540	592	2716
2540	592	5579
2540	3743	2716
2540	2951	2648
2540	3743	2648
2554	2577	7656
2557	7067	4329
2562	2816	6248
2562	2816	7666
2562	2076	7666
2565	7910	7780
2565	2882	7780
2574	5205	4300
2574	5205	4622
2574	4683	4300
2580	4418	2267
2580	4418	2943
2580	2380	2943
2588	7238	1353
2588	4619	1353
2592	7378	328
2607	3231	1722
2607	1258	1722
2615	680	2732
2623	2860	1955
2640	2881	1203
2640	1407	1203
2652	4036	3938
2652	4380	3298
2652	2668	3298
2652	1151	4284
2659	6452	7019
2659	6452	6799
2664	6990	7668
2664	7846	7668
2688	3638	6797
2688	6820	6797
2692	4192	4872
2692	2972	3768
2709	5454	5076
2709	4447	3935
2738	3112	1507
2738	6193	6555
2738	3727	1507
2753	7600	7534
2753	2518	7534
2756	4236	6867
2756	2402	4751
2756	1542	6867
2756	4236	4751
2758	5680	483
2758	6878	3779
2758	6878	483
2758	5680	661
2760	4659	6555
2772	5477	1066
2774	5894	1362
2775	2142	2009
2781	2396	2233
2781	1483	2233
2821	2879	3298
2821	5066	3298
2823	8056	7766
2823	8056	6084
2823	5364	7766
2828	5058	7640
2828	4454	5749
2828	5058	5749
2834	537	3023
2834	4658	6248
2834	7037	3023
2834	2816	7666
2834	2816	6248
2834	537	7666
2848	1919	6165
2848	802	5060
2852	1388	362
2854	5454	5076
2857	407	7145
2857	5283	7145
2857	6612	6343
2857	5283	6343
2859	2071	7766
2859	5364	7766
2898	7173	1066
2901	7397	7539
2904	4447	3935
2913	1924	5240
2913	5824	1470
2913	775	1470
2913	775	5240
2926	4061	7090
2926	3953	2527
2926	3953	5593
2926	3953	7090
2928	3406	5612
2928	6849	6281
2928	4039	7835
2928	6849	7835
2928	3406	6281
2928	6849	5031
2928	4039	5612
2931	1483	2233
2931	5957	2233
2933	4151	5240
2933	4729	843
2933	4470	4590
2933	4729	4590
2933	4151	843
2933	4470	5240
2946	3252	4871
2946	3937	1708
2946	3937	4871
2969	4427	6958
2969	2508	6958
2972	3768	4872
2978	1266	3754
2992	592	5579
2992	592	2716
2992	4013	2716
2993	4625	2357
3003	4782	1031
3005	1838	8025
3005	2176	8025
3016	1905	4027
3020	4039	7835
3020	4039	5612
3020	629	5612
3021	3424	4655
3021	6994	6721
3021	3424	5463
3021	6994	5463
3021	4038	6721
3045	7256	5230
3045	881	5230
3063	7705	7331
3063	1877	7687
3063	7705	7687
3063	4234	7331
3063	8110	7412
3063	7705	7412
3104	5683	6645
3104	4424	6645
3130	3260	7354
3130	5877	7354
3130	3260	5894
3130	2774	5894
3142	3743	2648
3142	3743	2716
3142	4013	2716
3142	2428	2648
3156	4146	420
3156	4146	4637
3156	1673	6261
3156	4400	3738
3156	3784	420
3156	4146	3738
3156	4146	6261
3163	4730	5559
3181	5867	4959
3181	6175	4300
3181	352	4959
3181	2044	4300
3191	5167	6084
3191	8056	6084
3191	8056	7766
3214	7034	2105
3228	5477	1066
3228	7173	1066
3248	5835	6165
3248	1919	6165
3251	424	3435
3255	4689	768
3255	922	768
3260	7354	1362
3260	5894	1362
3336	6013	6287
3336	4192	4872
3336	1615	6287
3341	4751	4161
3341	3787	4161
3365	3784	420
3379	5309	934
3379	5309	7780
3379	3139	1127
3379	2882	7780
3379	6497	934
3401	5941	2163
3402	1603	6595
3402	337	6595
3407	1631	2743
3407	3994	4770
3407	1478	4770
3408	7231	5569
3408	5066	3298
3408	4380	3298
3408	5594	5569
3423	1603	6595
3423	1962	6595
3499	7608	8034
3499	4793	7731
3499	6895	8034
3499	6895	7731
3517	1905	4027
3517	7293	4027
3520	6592	4966
3520	4129	4726
3520	3788	1973
3520	3788	5850
3520	4619	1353
3520	3788	7373
3520	6592	4726
3520	3788	7397
3520	6592	7397
3520	6592	7184
3520	6592	1353
3534	2729	4084
3534	4275	6670
3534	6439	4084
3534	1469	6670
3534	2668	3298
3534	2879	3298
3538	7293	4027
3542	432	3397
3564	2646	6389
3566	1267	6888
3566	4791	6888
3592	4131	3615
3592	4838	3615
3607	7608	8034
3607	6596	8034
3620	704	3768
3620	2972	3768
3620	7343	4872
3651	4038	6721
3651	2604	6721
3691	4036	3938
3691	1724	3938
3691	3957	7835
3702	370	420
3702	1610	3354
3702	370	3354
3708	6392	2267
3708	4365	2943
3708	4418	2267
3708	4418	2943
3717	3202	7153
3718	952	5768
3719	7383	2637
3719	5845	2637
3719	7383	5159
3719	5845	4726
3719	6247	4726
3719	6247	5159
3724	3335	934
3724	2024	934
3737	1997	2295
3737	834	2295
3745	4129	4726
3745	6247	4726
3745	7253	1287
3745	6247	5159
3745	3518	1287
3745	7253	5159
3748	3937	4871
3748	3937	1708
3748	6681	4871
3763	462	2441
3763	462	8034
3763	7608	8034
3763	5948	2441
3765	3483	2009
3766	8080	6263
3766	1149	6263
3766	518	3967
3766	518	2527
3774	8080	6263
3774	1542	6867
3774	509	1519
3774	4831	7668
3774	509	6263
3774	6990	7668
3774	509	6867
3774	509	3787
3774	4831	6799
3783	787	2192
3783	985	2192
3788	7397	7539
3788	5850	7539
3792	592	2716
3792	1881	5561
3792	6656	5561
3792	6656	2716
3792	1881	5579
3792	592	5579
3820	2655	1082
3820	1531	1082
3830	337	6595
3833	6094	6224
3833	6094	6799
3838	772	3652
3841	4447	3935
3850	6287	4872
3864	1947	1703
3870	4036	3938
3871	7255	6888
3871	4791	6888
3874	5292	4029
3874	5531	5463
3874	909	5463
3874	909	4029
3881	7109	6682
3881	5811	1288
3882	7565	4459
3882	2988	4459
3896	588	1708
3915	6650	6224
3915	647	3023
3915	7507	3023
3915	647	6555
3915	6650	7019
3933	7231	5569
3933	2660	2163
3933	5220	515
3933	2422	2163
3933	2660	5569
3943	1487	977
3943	1487	2637
3945	4013	2716
3945	6656	5561
3945	6656	2716
3945	940	5561
3949	1631	2743
3949	6660	2743
3955	8030	1793
3955	3918	4002
3955	3338	4002
3969	387	6248
3969	4658	6248
3980	3202	7153
3984	7565	4459
3984	1592	4459
3993	5120	7640
3993	3315	7640
4006	407	7145
4006	677	423
4006	2407	7145
4007	7861	3397
4007	2491	5117
4007	7861	5117
4024	3362	6399
4025	5957	2233
4025	1521	2233
4025	1521	4770
4025	336	4770
4040	3518	1287
4040	457	1287
4051	6392	2267
4052	3252	4871
4052	5113	4871
4065	6828	7674
4065	1171	7674
4073	6279	7153
4073	6702	1203
4073	6279	1203
4080	1997	2295
4088	5335	2778
4088	7132	2778
4095	6828	7674
4095	2247	7674
4101	3850	6287
4101	407	7145
4101	3850	3397
4101	3850	7145
4101	3850	4255
4101	5335	2778
4101	3850	2778
4101	1615	6287
4101	7343	4872
4101	432	3397
4106	6319	3265
4109	1326	7331
4109	3639	7331
4111	7274	3539
4120	4426	6343
4195	6660	2743
4196	3341	3787
4196	3341	4751
4196	2402	4751
4198	2247	7674
4198	7413	7674
4211	1035	3199
4224	1486	7354
4224	1704	5634
4224	1486	5634
4224	1486	2715
4224	5877	7354
4230	7966	1854
4236	6867	4161
4236	4751	4161
4243	5462	2357
4250	2209	6724
4250	4900	6724
4254	3315	7640
4254	4759	5749
4254	5058	5749
4254	5058	7640
4260	1151	4284
4260	1697	4284
4262	1888	8071
4262	1888	2740
4262	6846	8071
4270	3970	2192
4270	985	2192
4274	2383	7116
4274	8086	7116
4276	509	1519
4276	1149	6263
4276	509	6263
4276	1073	6867
4276	509	6867
4276	509	3787
4276	2145	1519
4303	7354	1362
4335	2379	4255
4335	7694	4426
4335	2379	4426
4335	5048	6343
4345	1131	1296
4345	3600	1296
4347	7414	3199
4349	1962	6595
4356	7184	7539
4357	2490	4655
4382	5867	4959
4382	2518	7534
4382	4920	4959
4382	4207	7534
4389	1483	2233
4389	1521	4770
4389	3994	4770
4389	1521	2233
4443	6895	7731
4443	875	7731
4443	6596	8034
4443	6895	8034
4446	3112	1507
4468	1407	1203
4468	6279	7153
4468	6279	1203
4469	4639	2527
4469	3953	7090
4469	4639	559
4469	3953	2527
4469	3953	5593
4469	1580	5593
4469	1580	559
4473	2413	5117
4480	622	6797
4480	3638	6797
4487	3953	7090
4487	536	7090
4487	518	2527
4487	518	3967
4487	3953	2527
4487	3953	5593
4492	7434	5919
4503	7171	2745
4503	5434	2745
4505	453	2401
4509	4807	878
4509	6607	878
4516	1545	5031
4516	1545	1199
4516	5932	5031
4516	1724	3938
4516	1545	4284
4523	3031	3779
4530	940	5561
4548	1158	6734
4548	7716	6734
4550	4881	6343
4550	6013	6287
4550	7694	4426
4550	5932	5031
4550	1300	3768
4550	1300	6287
4550	1300	4426
4557	4168	6645
4586	7722	1066
4587	562	1683
4594	4759	5749
4594	4454	5749
4602	4931	5198
4602	4641	1470
4602	4931	1470
4603	7255	6888
4603	778	6888
4603	772	3652
4675	4306	768
4675	4689	768
4693	2209	6724
4693	1531	1082
4693	5526	2515
4693	476	6724
4693	6507	2515
4693	476	1082
4695	5454	5076
4695	1029	5076
4713	2189	4029
4713	3553	3544
4713	5907	4029
4731	7296	2778
4731	7132	2778
4754	4659	6555
4754	7037	3023
4754	647	6555
4754	647	3023
4760	6738	6006
4763	1724	3938
4815	428	3652
4821	1905	4027
4823	3990	398
4823	5301	2267
4823	5301	398
4823	6392	2267
4831	6799	3898
4836	7945	7662
4836	7109	6682
4836	5808	7662
4836	7945	6682
4846	3231	1722
4850	2715	1362
4850	2774	5894
4861	5205	4300
4861	5205	4622
4861	6175	4300
4873	536	7090
4893	6612	6343
4893	4881	6343
4893	1180	3409
4903	7705	7687
4903	3639	7331
4903	7705	7412
4903	7705	7331
4903	6761	7687
4916	778	6888
4916	4791	6888
4936	536	7090
4936	4061	7090
4946	3483	2009
4946	2142	2009
4972	588	1708
4972	5113	4871
4972	3937	1708
4972	3937	4871
4976	8046	2727
4979	5939	7116
4979	2356	7325
4979	8086	7116
4979	840	7325
4982	4131	3615
4986	1838	8025
4986	522	8025
4996	5842	1968
4996	7854	1968
5010	3254	6873
5010	3254	8101
5010	3254	3154
5010	8090	6873
5010	1148	8101
5014	7171	2745
5014	1200	2732
5014	3823	2745
5014	3823	2732
5014	3823	2648
5014	2428	2648
5019	6846	8071
5019	7229	8071
5019	6375	2253
5019	7229	2253
5041	1749	6609
5052	7600	7534
5053	802	5060
5053	542	5060
5062	3990	398
5080	4061	7090
5087	4734	1288
5103	4625	2357
5104	6677	7288
5108	5283	6343
5108	5283	7145
5108	2407	7145
5108	4881	6343
5108	5048	6343
5109	2490	4655
5116	1171	7674
5116	7413	7674
5128	4776	4445
5131	2209	6724
5131	7857	2253
5131	7857	2740
5131	5122	2253
5131	5614	2740
5140	6452	7019
5140	6881	7019
5140	4831	7668
5140	6881	2782
5140	6452	6799
5140	4831	6799
5140	4787	7668
5140	4787	2782
5152	7756	3852
5152	2970	3852
5152	6398	4734
5152	6398	6682
5152	7756	5811
5152	4696	3171
5152	7756	4734
5152	7756	3171
5160	2342	878
5160	7927	3409
5160	1425	3409
5160	4807	878
5183	4146	3738
5183	2335	3738
5183	3011	6261
5183	4146	6261
5183	4146	4637
5183	4146	420
5206	6279	1203
5206	3202	7153
5206	2881	1203
5206	6279	7153
5227	1273	4599
5227	2807	4599
5236	7839	5230
5236	881	5230
5239	5971	6281
5261	1836	3615
5267	5753	2727
5280	3576	6391
5281	5659	2560
5281	5659	2515
5281	5526	2515
5281	5122	2253
5281	6375	2253
5281	3925	2560
5284	2380	2943
5284	5917	2943
5288	4400	3738
5288	2335	3738
5317	5753	2727
5317	8046	2727
5324	432	3397
5324	7861	5117
5324	7861	3397
5324	677	423
5337	8046	2727
5337	6752	4966
5337	3696	1973
5345	4038	6721
5345	5615	6721
5349	4418	2267
5349	5301	398
5349	5917	2943
5349	4418	2943
5349	5301	2267
5351	2660	5569
5351	2660	2163
5351	5594	5569
5353	778	6888
5353	1267	6888
5390	542	5060
5401	3112	1507
5403	6250	7731
5403	5948	2441
5403	4793	7731
5403	6250	2441
5408	3243	2105
5408	1469	6670
5408	3243	6670
5421	1919	6165
5421	6164	6165
5424	3850	2778
5424	7296	2778
5424	3850	7145
5424	7861	3397
5424	3850	6287
5424	2407	7145
5424	3850	3397
5424	7861	5117
5424	3850	4255
5424	6013	6287
5424	6886	4872
5424	2413	5117
5435	2356	7325
5435	6160	7325
5451	4424	6645
5451	4168	6645
5458	5462	2357
5465	8030	1793
5471	537	3023
5471	6193	6555
5471	647	6555
5471	537	7666
5471	647	3023
5483	6932	2782
5483	5694	2782
5486	3421	5569
5486	7231	5569
5488	336	4770
5488	3994	4770
5497	3011	6261
5497	1673	6261
5514	4683	4300
5514	6175	4300
5523	4213	927
5529	7378	328
5535	5624	3354
5535	1610	3354
5542	7680	7184
5542	4356	2456
5542	4356	7184
5553	5659	2515
5553	6507	2515
5553	5614	2740
5553	5659	2560
5553	6615	2560
5556	881	5230
5556	4883	5230
5566	4782	1031
5567	6892	328
5570	1258	1722
5571	4424	6645
5578	1486	2715
5578	475	5634
5578	4303	3852
5578	4303	3742
5578	475	3852
5578	4303	7354
5578	1486	7354
5578	4303	591
5578	1486	5634
5588	2994	6873
5588	8090	6873
5597	1180	3409
5597	7927	3409
5607	5283	6343
5607	2379	4255
5607	1300	4426
5607	1300	6287
5607	2379	4426
5607	3850	2778
5607	5283	7145
5607	3850	6287
5607	7132	2778
5607	3850	3397
5607	3850	7145
5607	3850	4255
5607	1300	3768
5607	704	3768
5616	1200	2732
5629	4696	3171
5629	7547	3171
5650	5835	6165
5650	7067	4329
5650	2660	2163
5650	1190	4329
5650	3421	5569
5650	2660	5569
5650	5941	2163
5652	5058	5749
5652	6245	7780
5652	2882	7780
5652	5120	7640
5652	5058	7640
5652	622	6797
5652	6245	6797
5673	5917	2943
5673	4365	2943
5690	3616	4459
5690	7565	4459
5705	3362	6399
5709	5753	2727
5732	3335	934
5732	6497	934
5748	424	3435
5748	3553	3544
5748	4711	3435
5765	6738	6006
5765	6677	7288
5765	7932	6006
5765	7932	7288
5802	2601	4590
5802	7661	4590
5808	7662	1288
5809	5941	2163
5809	3243	6670
5809	3913	6670
5809	2422	2163
5809	3243	2105
5815	6878	3779
5815	3031	3779
5815	6878	483
5815	2887	483
5819	6910	2009
5826	1075	4329
5826	3740	2560
5826	3740	3478
5826	2316	3478
5826	6615	2560
5831	4900	6724
5831	2316	3478
5831	7716	6734
5831	758	6734
5831	758	3478
5852	4299	8025
5852	2176	8025
5855	758	6734
5855	758	3478
5855	3740	2560
5855	3923	6734
5855	3925	2560
5855	3740	3478
5875	4733	7116
5875	8086	7116
5877	7354	1362
5889	368	3435
5889	5309	934
5889	7910	7780
5889	3335	934
5889	5309	7780
5896	2951	2648
5896	2428	2648
5898	3913	6670
5898	5220	515
5898	1469	6670
5903	1924	5240
5903	4151	5240
5903	4151	843
5923	1180	3409
5923	1425	3409
5935	3315	7640
5970	1749	6609
5975	3243	6670
5975	4275	6670
5975	3243	2105
5975	7034	2105
5990	5808	7662
5990	1345	5811
5990	2715	1362
5990	1345	5894
5990	1345	7662
5993	922	768
5993	4306	768
6013	6287	4872
6027	7977	1199
6029	7932	7288
6029	7932	6006
6029	5823	7288
6049	2202	1960
6049	1304	1960
6049	1580	5593
6049	1580	559
6049	1304	1968
6060	3788	7397
6060	3788	1973
6060	3788	5850
6060	7665	5850
6060	3788	7373
6067	352	4959
6067	2508	6958
6067	1067	6958
6067	3338	4002
6067	4920	4959
6067	7923	4002
6076	6592	4966
6076	7499	4966
6076	6556	1353
6076	6556	7406
6076	7499	1703
6076	3496	7406
6076	3496	5159
6076	6592	7397
6076	6592	4726
6076	6247	4726
6076	3496	1703
6076	7680	7184
6076	6247	5159
6076	6592	7184
6076	6592	1353
6092	922	768
6092	6483	768
6092	7203	5768
6092	952	5768
6094	6799	3898
6094	6224	3898
6095	1190	4329
6099	3231	1722
6120	3727	1507
6148	4696	3171
6155	2917	1955
6173	5291	1960
6173	2202	1960
6186	476	6724
6186	476	1082
6186	5320	1082
6186	4900	6724
6191	2577	7656
6195	5928	878
6195	6607	878
6207	7181	4406
6207	2284	4406
6213	6650	6224
6213	6452	7019
6213	6094	6224
6213	6094	6799
6213	6650	7019
6213	6452	6799
6236	3429	6391
6236	3429	1683
6243	5301	398
6243	5301	2267
6265	622	6797
6265	6820	6797
6311	1626	5612
6311	629	5612
6316	1626	5612
6316	3406	6281
6316	3406	5612
6324	7196	2621
6357	4213	927
6365	2381	1362
6365	2715	1362
6390	6398	6682
6390	5087	4734
6390	6398	4734
6390	7109	6682
6398	4734	1288
6398	6682	1288
6405	5886	7325
6405	840	7325
6411	1592	4459
6411	3616	4459
6414	6397	4599
6414	2807	4599
6421	1521	4770
6421	2396	2233
6421	1478	4770
6421	1521	2233
6434	985	2192
6452	7019	3898
6452	6799	3898
6457	1273	4599
6457	7196	2621
6457	6397	4599
6458	1266	3754
6476	4168	6645
6476	5683	6645
6505	457	1287
6505	7383	2637
6505	7253	1287
6505	7383	5159
6505	7253	5159
6551	3086	3539
6557	4303	3852
6557	3260	7354
6557	4303	3742
6557	1345	5811
6557	1345	7662
6557	1266	3754
6557	7756	5811
6557	1345	5894
6557	4303	591
6557	7756	4734
6557	4303	7354
6557	3260	5894
6557	7547	3171
6557	7756	3171
6557	7756	3852
6562	7499	1703
6562	1947	1703
6562	6752	4966
6562	7499	4966
6580	6886	4872
6580	704	3768
6589	7923	4002
6589	3918	4002
6592	7184	7539
6592	7397	7539
6593	2860	1955
6614	4639	2527
6614	4639	559
6638	6164	6165
6650	7019	3898
6650	6224	3898
6653	2947	927
6662	6164	6165
6662	5835	6165
6700	4931	5198
6700	5824	1470
6700	4931	1470
6730	6397	4599
6785	6681	4871
6785	3252	4871
6798	1836	3615
6798	4838	3615
6802	2947	927
6803	7932	6006
6803	7932	7288
6803	1258	1722
6806	5957	2233
6806	2396	2233
6825	2422	2163
6827	6439	4084
6829	352	4959
6836	415	3147
6850	531	5850
6850	531	5774
6850	7665	5850
6875	3522	7399
6875	7098	7399
6881	7019	3898
6913	6250	2441
6913	2911	2441
6913	6250	7731
6913	875	7731
6947	2729	4084
6959	5694	2782
6959	6990	7668
6959	4787	7668
6959	4787	2782
6980	3254	6873
6980	3254	8101
6980	5491	8101
6980	3254	3154
7001	7694	4426
7001	4120	4426
7003	2930	6261
7003	3011	6261
7021	1158	6734
7021	3923	6734
7050	7789	4622
7082	1772	7321
7082	1772	2401
7082	3964	2401
7088	4427	6958
7088	1067	6958
7109	6682	1288
7120	2275	6493
7125	5823	7288
7125	6677	7288
7144	5845	4726
7144	4129	4726
7144	5845	2637
7147	6079	1199
7147	7977	1199
7160	7839	5230
7160	4883	5230
7175	6725	3354
7175	6725	3738
7175	370	420
7175	370	3354
7175	4146	3738
7175	7256	5230
7175	4146	6261
7175	2930	6261
7175	7839	5230
7175	4146	4637
7175	4146	420
7188	1131	1296
7189	509	3787
7189	6315	1519
7189	4236	6867
7189	509	6263
7189	3341	3787
7189	2054	6389
7189	3341	4751
7189	509	1519
7189	4236	4751
7189	2054	6263
7189	509	6867
7189	4164	6389
7190	6160	7325
7190	840	7325
7198	7274	3539
7199	1864	6493
7199	4803	5189
7199	4803	483
7199	2887	483
7199	1864	5189
7215	1881	5579
7215	1881	5561
7234	2911	2441
7234	462	2441
7234	462	8034
7234	6596	8034
7267	4625	2357
7267	1388	362
7267	5462	2357
7270	5481	5189
7270	5481	3779
7270	4697	5189
7270	4697	661
7273	1190	4329
7273	1075	4329
7294	2071	7766
7294	8056	7766
7294	8056	6084
7313	562	1683
7358	3696	1973
7365	7499	1703
7365	7499	4966
7367	5335	2778
7367	7296	2778
7376	7789	4622
7379	6035	7656
7411	1035	3199
7422	6726	7930
7443	6702	1203
7443	2881	1203
7452	1772	7321
7452	453	2401
7452	1772	2401
7463	7203	5768
7465	5614	2740
7465	1888	8071
7465	2316	3478
7465	844	3478
7465	844	8071
7465	1888	2740
7476	2145	1519
7476	6315	1519
7483	3846	1287
7483	2284	4406
7483	7253	5159
7483	3846	7406
7483	3496	5159
7483	3496	7406
7483	3496	1703
7483	3846	4406
7483	7253	1287
7483	3846	7874
7490	3964	2401
7502	1697	4284
7505	6892	328
7505	7378	328
7505	4931	5198
7505	4151	843
7505	4049	843
7505	4151	5240
7505	775	1470
7505	775	5240
7505	4931	1470
7512	5635	3358
7512	5635	8061
7512	5180	8061
7512	1233	3358
7521	3923	6734
7521	7716	6734
7522	2054	6389
7522	1149	6263
7522	2054	6263
7525	2668	3298
7525	5066	3298
7544	2059	4707
7560	5292	4029
7560	2189	4029
7566	4733	7116
7566	5939	7116
7568	5635	3358
7568	5635	8061
7568	3598	3358
7568	1879	8061
7569	3483	2009
7569	6910	2009
7580	7055	8061
7580	5180	8061
7587	476	1082
7587	6615	2560
7587	3925	2560
7587	476	6724
7587	2655	1082
7596	2342	878
7596	6607	878
7598	7173	1066
7598	5457	4707
7598	7722	1066
7601	3576	6391
7605	2491	5117
7605	2413	5117
7641	3522	7399
7653	4299	8025
7653	1838	8025
7655	7434	5919
7665	5850	7539
7671	6886	4872
7671	7343	4872
7671	4192	4872
7680	7184	7539
7682	1542	6867
7682	1073	6867
7694	4426	6343
7708	1148	8101
7708	5792	8101
7708	5792	2515
7708	5526	2515
7712	1881	5561
7712	1881	5579
7712	940	5561
7720	4356	2456
7720	531	5774
7720	4356	7184
7720	531	5850
7738	3600	1296
7738	7155	1296
7740	1997	2295
7740	4902	2295
7740	3086	3539
7755	6849	7835
7755	5932	5031
7755	6849	5031
7755	6849	6281
7755	5971	6281
7756	5811	1288
7756	4734	1288
7763	3639	7331
7763	4234	7331
7791	7966	1854
7816	1029	5076
7830	5694	2782
7830	6881	2782
7830	6881	7019
7831	4658	6248
7834	3846	7406
7834	7181	4406
7834	3846	4406
7834	3846	7874
7834	457	1287
7834	3846	1287
7834	6038	7406
7856	3496	5159
7856	7383	5159
7856	1487	2637
7856	3496	1703
7856	6038	7406
7856	1947	1703
7856	1487	977
7856	7383	2637
7856	3496	7406
7868	1864	5189
7868	1864	6493
7868	2275	6493
7868	4697	661
7868	4697	5189
7880	3598	3358
7880	6618	3358
7895	7846	7668
7895	6932	2782
7895	4787	7668
7895	4787	2782
7897	8068	4515
7897	1693	1395
7897	8030	1793
7899	6556	1353
7899	6556	7406
7899	3518	1287
7899	3846	4406
7899	3846	7874
7899	4619	1353
7899	3846	1287
7899	3846	7406
7899	2867	4406
7906	7414	3199
7912	4207	7534
7917	5624	3354
7917	370	420
7917	370	3354
7917	3784	420
7925	2275	6493
7941	1749	6609
7945	7662	1288
7945	6682	1288
7957	7434	5919
7993	7854	1968
7993	8068	4515
7993	1304	1960
7993	5291	1960
7993	1304	1968
8001	4729	843
8001	4729	4590
8001	1425	3409
8001	2601	4590
8009	7854	1968
8016	5457	4707
8016	1934	4707
8028	7181	4406
8028	2867	4406
8041	4303	7354
8041	4303	591
8041	5877	7354
8041	4303	3852
8041	4303	3742
8041	2970	3852
8041	2381	1362
8054	5928	878
8054	2342	878
8067	7927	3409
8081	3823	2745
8081	562	1683
8081	3823	2732
8081	3823	2648
8081	6656	5561
8081	3743	2648
8081	6656	2716
8081	3743	2716
8081	3429	1683
8081	2860	1955
8081	2917	1955
8081	3429	6391
8081	3576	6391
8081	5434	2745
8087	3788	7397
8087	3788	5850
8087	3696	1973
8087	3788	7373
8087	531	5774
8087	3788	1973
8087	2901	7397
8087	531	5850
8133	7255	6888
8133	1267	6888
8134	5320	1082
8134	2655	1082
8141	3260	5894
8141	1486	7354
8141	1486	5634
8141	1486	2715
8141	6995	5634
8141	3260	7354
