0	2048
0	644
0	8070
0	4103
0	2824
0	1932
0	6547
0	5012
0	1179
0	2459
0	5022
0	2463
0	3104
0	1957
0	4261
0	8103
0	3119
0	2865
0	7732
0	5173
0	3126
0	7736
0	2489
0	7621
0	7110
0	5451
0	6476
0	975
0	5460
0	7896
0	6238
0	3936
0	3556
0	3560
0	620
0	5869
0	6126
0	6511
0	3826
0	3577
0	5851
0	1717
0	2736
0	6355
0	7853
0	5683
0	1189
0	334
0	6258
0	779
0	4168
0	5930
0	5727
0	4424
0	5964
0	3367
0	4887
1	4997
1	2886
1	711
1	5191
1	969
1	1417
1	1609
1	2635
1	333
1	3082
1	2319
1	3594
1	658
1	3986
1	3221
1	5911
1	5016
1	7261
1	606
1	4834
1	2851
1	3299
1	3683
1	6635
1	4722
1	6599
1	1398
1	3575
1	1785
1	1339
1	3065
1	5595
1	4100
1	6549
1	4125
1	785
1	837
1	6822
1	5777
1	3530
1	5725
1	771
1	1285
1	2214
2	4033
2	3141
2	655
2	1039
2	7057
2	7827
2	5973
2	2967
2	2265
2	5721
2	6042
2	6169
2	4958
2	2080
2	6370
2	8036
2	359
2	6760
2	7079
2	3563
2	7998
2	5873
2	3187
2	3316
2	6387
2	1334
2	2166
2	7796
2	2302
2	511
2	7677
2	7976
2	7477
2	2241
2	1466
2	4870
2	4735
2	7769
2	3944
2	7482
2	5987
3	2049
3	770
3	4357
3	4742
3	1937
3	4370
3	7827
3	3860
3	4762
3	924
3	669
3	6430
3	7082
3	1071
3	2480
3	1201
3	2935
3	2234
3	2109
3	6334
3	3007
3	4288
3	2625
3	5952
3	3651
3	6336
3	2885
3	7490
3	1993
3	3021
3	7631
3	3282
3	7379
3	4566
3	6491
3	8027
3	5088
3	7524
3	4327
3	4713
3	7916
3	1263
3	4079
3	4983
3	882
3	1271
3	7675
3	5118
3	895
3	2213
3	5633
3	7677
3	5517
3	3964
3	1923
3	3424
3	373
3	2838
3	5004
3	6203
3	4577
3	6868
3	5907
3	4885
3	2490
3	6035
3	4775
3	5684
3	5681
3	4613
3	7185
3	7191
3	1977
3	2572
3	1074
3	6834
3	7734
3	6843
3	909
3	3972
3	1031
3	7337
3	6675
3	2242
3	3859
3	2788
3	1772
3	3331
3	3758
3	5137
3	2199
3	1125
3	6043
3	7321
3	6601
3	7385
3	3544
3	7083
3	4569
3	6543
3	4874
3	3553
3	4038
3	5847
3	2604
3	7769
3	5368
3	6994
3	7595
3	5139
3	4712
3	2189
3	7656
3	7714
3	7250
3	3769
4	6784
4	4865
4	5260
4	4753
4	6417
4	3479
4	4509
4	6685
4	3359
4	4513
4	5923
4	3880
4	5160
4	7723
4	7596
4	1588
4	2747
4	7357
4	2880
4	6219
4	590
4	472
4	1116
4	5597
4	7134
4	2143
4	4706
4	4451
4	617
4	7657
4	749
4	4847
4	7280
4	4081
4	7672
4	6266
4	5134
4	1180
4	7927
4	1373
4	5760
4	7798
4	3555
4	3693
4	1019
4	7492
4	2342
4	3049
4	4807
4	6707
4	6607
4	6536
4	1425
5	2304
5	7176
5	5130
5	3979
5	4109
5	2831
5	4631
5	6168
5	4000
5	4903
5	1192
5	4008
5	7848
5	6960
5	4273
5	3378
5	4018
5	4661
5	5946
5	4028
5	6590
5	3390
5	3907
5	3012
5	2499
5	2894
5	5330
5	2387
5	7637
5	7638
5	861
5	3422
5	1887
5	2663
5	1386
5	1781
5	7417
5	3186
5	3436
5	2960
5	6761
5	5452
5	3786
5	7804
5	8048
5	3612
5	552
5	6617
5	6321
5	5665
5	2431
5	3639
5	1305
5	417
5	4563
5	1326
5	7751
5	7705
5	1356
5	8132
5	3818
5	4297
5	7842
5	5560
6	3584
6	5505
6	2178
6	4166
6	5446
6	7819
6	3725
6	6222
6	4561
6	5458
6	4243
6	340
6	2008
6	408
6	4057
6	5146
6	733
6	1055
6	1633
6	6246
6	7847
6	4585
6	3884
6	6384
6	6705
6	7409
6	1855
6	7279
6	2524
6	5462
6	2357
6	7303
6	6119
7	2185
7	7440
7	4629
7	4516
7	2469
7	4772
7	7205
7	4139
7	3891
7	6963
7	2358
7	7479
7	1849
7	4156
7	1986
7	707
7	4162
7	5827
7	3274
7	4170
7	1740
7	7501
7	7755
7	7247
7	3408
7	3324
7	1238
7	2776
7	2652
7	8031
7	4321
7	7525
7	3691
7	2156
7	4204
7	5486
7	5239
7	4988
7	3965
7	5759
7	557
7	4401
7	2360
7	6079
7	4465
7	5066
7	2421
7	1829
7	3388
7	2668
7	8013
7	6808
7	1777
7	2683
7	1545
7	7964
7	5035
7	2454
7	5932
7	4623
7	3421
7	1151
7	983
7	8122
7	5971
7	7231
7	1709
7	461
7	1724
7	3051
7	3957
7	2154
7	6300
7	6849
7	6852
7	4036
7	7578
7	4402
7	1409
7	1058
7	3468
7	4862
7	4380
7	2955
7	5594
8	5380
8	3849
8	1684
8	5397
8	5399
8	544
8	1578
8	556
8	5804
8	5422
8	6833
8	7218
8	7990
8	3129
8	7876
8	6217
8	586
8	5074
8	4820
8	1112
8	6360
8	5856
8	1126
8	4327
8	6760
8	1385
8	2538
8	1004
8	3695
8	4594
8	6139
8	764
8	879
8	5684
8	4735
8	3301
8	7380
8	3249
8	5708
8	7337
8	4454
8	4759
8	3700
8	6043
8	7843
8	1323
8	1564
8	1628
8	2723
8	7339
8	1466
8	6985
8	4712
8	7180
8	5633
8	965
8	1471
9	7424
9	3459
9	5125
9	8069
9	5640
9	2187
9	1804
9	654
9	7695
9	7950
9	1553
9	1682
9	3218
9	6545
9	4501
9	5269
9	4247
9	5656
9	2203
9	3228
9	6943
9	2470
9	7336
9	2987
9	1586
9	3640
9	4538
9	6460
9	3517
9	2749
9	6972
9	2248
9	3016
9	3656
9	7625
9	2765
9	2898
9	339
9	1876
9	1237
9	2772
9	3538
9	600
9	1880
9	3800
9	347
9	3420
9	6110
9	735
9	3039
9	2787
9	1254
9	1396
9	3958
9	4218
9	6940
9	2333
9	2986
9	3471
9	3770
9	8038
9	1509
9	4752
9	4157
9	1582
9	3742
9	1042
9	8010
9	7293
9	1905
9	2744
9	1310
9	2149
9	1188
9	1499
9	5938
9	3311
9	7689
9	4208
9	1038
9	5477
9	7704
9	7048
9	7173
9	5138
9	3997
9	6996
9	2084
9	3048
9	5327
9	2029
9	6034
9	1510
9	6739
9	5482
9	997
9	4774
10	5312
10	2433
10	898
10	6531
10	7226
10	2568
10	2641
10	4626
10	3735
10	920
10	4506
10	667
10	7867
10	6880
10	610
10	3746
10	5989
10	7014
10	7653
10	3306
10	7658
10	4722
10	1907
10	4986
10	7035
10	3547
10	4299
10	522
10	1971
10	3973
10	6354
10	1838
10	6627
11	3328
11	6016
11	7425
11	643
11	3844
11	6147
11	7557
11	1033
11	7178
11	1422
11	7313
11	1810
11	7447
11	1821
11	4253
11	1571
11	3109
11	2982
11	810
11	427
11	563
11	6967
11	4540
11	1216
11	7745
11	7498
11	1227
11	3275
11	1744
11	4562
11	6101
11	2519
11	348
11	3683
11	2150
11	1767
11	4858
11	4587
11	3438
11	5363
11	501
11	1658
11	2074
11	5814
11	7431
11	722
11	5286
11	1683
11	3797
11	4041
11	2784
11	5670
11	7650
11	5243
11	4190
11	562
11	2013
11	6276
11	458
11	2041
11	7133
11	5830
11	3084
11	5186
12	8073
12	2190
12	4497
12	6294
12	3353
12	798
12	929
12	1313
12	7969
12	939
12	813
12	2991
12	3637
12	2742
12	697
12	4796
12	6594
12	1480
12	7625
12	717
12	1361
12	2522
12	4954
12	4957
12	8031
12	2274
12	7652
12	8040
12	4974
12	7663
12	4211
12	7411
12	2932
12	637
12	6716
12	7561
12	2228
12	1035
12	1694
12	6096
12	3756
12	3472
12	6184
12	686
12	4963
12	5213
12	5695
12	6857
12	865
12	6814
12	4053
12	999
12	4123
12	4785
13	3459
13	4998
13	2251
13	5453
13	784
13	912
13	2514
13	2452
13	3036
13	2591
13	736
13	4066
13	5090
13	676
13	5540
13	6437
13	2215
13	7209
13	7663
13	3952
13	5685
13	6717
13	4222
13	2111
13	4752
13	4774
13	7818
13	7445
13	5484
13	800
13	1655
13	5843
13	2198
13	4123
13	1400
14	1222
14	1350
14	5190
14	5643
14	3734
14	3929
14	7963
14	7773
14	4960
14	5024
14	7776
14	6120
14	4203
14	5933
14	2098
14	3124
14	2102
14	5946
14	1084
14	1533
14	2875
14	6337
14	7699
14	1163
14	1507
14	5226
14	6736
14	3727
15	1536
15	6020
15	6533
15	7686
15	7435
15	2060
15	2449
15	1685
15	6423
15	3487
15	418
15	2469
15	3632
15	6705
15	1590
15	2231
15	4153
15	5056
15	2757
15	7881
15	4177
15	1109
15	7765
15	2519
15	344
15	602
15	3296
15	6240
15	4072
15	6765
15	7669
15	3320
15	1403
15	5555
15	1000
15	7059
15	6946
15	7431
15	5286
15	6851
15	5475
15	3614
15	6848
15	6128
15	5243
15	2259
15	5331
15	4190
15	4797
15	5895
15	3793
15	7405
15	1312
15	5995
15	1260
15	5586
15	8051
15	5830
15	5055
16	1536
16	5761
16	2948
16	5382
16	1800
16	6411
16	1295
16	3984
16	4508
16	5414
16	1447
16	7847
16	3370
16	555
16	1589
16	5690
16	1216
16	2497
16	8142
16	3546
16	7771
16	5468
16	2654
16	3679
16	4194
16	2276
16	2921
16	4457
16	2667
16	7402
16	366
16	4206
16	7542
16	5498
16	3247
16	3630
16	3616
16	5908
16	6351
16	1741
16	5196
16	7565
16	6112
16	4543
16	1592
17	5888
17	2386
17	5832
17	2761
17	6185
18	6274
18	7426
18	7812
18	1290
18	3987
18	6291
18	6935
18	7063
18	410
18	1571
18	8099
18	3238
18	1328
18	1844
18	4789
18	4413
18	1217
18	6722
18	4421
18	3143
18	3920
18	4179
18	340
18	2645
18	3284
18	3414
18	1755
18	6236
18	6498
18	5479
18	3816
18	3054
18	4206
18	5876
18	4725
18	1014
18	4087
18	2671
18	6689
18	572
18	5145
18	7143
18	5642
18	6490
18	1593
18	3686
18	6276
18	7118
18	2868
18	7859
18	3429
18	4268
18	7279
18	4286
18	6391
18	2327
18	5872
18	5396
18	1683
18	4624
19	5242
19	7175
19	2952
19	7306
19	7819
19	7312
19	6290
19	8084
19	3094
19	2167
19	2205
19	1185
19	4642
19	3493
19	5546
19	6194
19	1972
19	5558
19	3384
19	5306
19	5183
19	960
19	6975
19	2246
19	5191
19	6218
19	4047
19	4819
19	5720
19	1497
19	7003
19	3551
19	480
19	5343
19	6880
19	995
19	5092
19	3303
19	488
19	5994
19	619
19	2291
19	7667
19	3702
19	6903
19	7160
19	7802
19	4125
19	5858
19	4491
19	4146
19	3313
19	3011
19	4637
19	497
19	4100
19	3145
19	3209
19	7898
19	1610
19	1111
19	783
19	1381
19	6363
19	2833
19	4883
19	4102
19	1646
19	5725
19	3391
19	5365
19	7839
19	938
19	6872
19	6518
19	2930
19	1496
19	2335
19	4074
19	7256
19	6725
19	370
19	6804
19	4403
19	3677
19	2133
19	6691
19	8076
19	5980
20	2049
20	7681
20	2565
20	7685
20	2057
20	2828
20	6673
20	404
20	5652
20	4898
20	1316
20	933
20	6948
20	6696
20	7978
20	2859
20	5810
20	2998
20	1975
20	6332
20	6333
20	2877
20	5326
20	1488
20	3932
20	7900
20	1248
20	7264
20	7550
20	1385
20	2030
20	2417
20	7026
20	7796
20	6902
20	3959
20	7286
20	6265
20	638
20	670
20	1210
20	444
20	6820
20	4910
20	1627
20	5120
20	5364
20	6245
20	4454
20	5232
20	5058
20	6022
20	622
20	2071
20	4780
20	7910
20	2882
20	1686
21	3968
21	1153
21	7564
21	1421
21	3984
21	2067
21	2455
21	3608
21	1561
21	6040
21	1307
21	6936
21	7711
21	5282
21	5028
21	4901
21	810
21	3882
21	5804
21	5295
21	434
21	8116
21	1721
21	7738
21	4411
21	2372
21	3014
21	7885
21	1109
21	2008
21	2779
21	6237
21	7268
21	1770
21	6899
21	2165
21	2806
21	4345
21	5410
21	7155
21	3140
21	867
21	2066
21	7594
21	3600
21	7319
21	1022
21	3081
21	5253
21	1592
21	7239
21	6998
21	1424
21	1363
21	1131
21	7565
21	3730
21	1338
21	6359
21	4529
21	6689
21	5667
21	7543
21	6710
21	2988
21	6179
21	3247
22	390
22	8144
22	2323
22	4755
22	4757
22	6551
22	6935
22	3415
22	538
22	4057
22	986
22	4571
22	6364
22	1253
22	6440
22	5738
22	2605
22	3439
22	4080
22	7156
22	2870
22	2806
22	3513
22	7740
22	4216
22	7594
22	3344
22	7767
22	3453
22	1997
22	4902
22	3086
22	1202
22	5667
22	3539
22	3140
22	6119
23	5251
23	5764
23	1541
23	6155
23	8081
23	2713
23	3484
23	6815
23	7970
23	6051
23	4263
23	3117
23	6318
23	7215
23	3632
23	7601
23	2615
23	4669
23	2623
23	7871
23	1217
23	1857
23	6340
23	2373
23	7108
23	2888
23	1999
23	3792
23	5716
23	1752
23	5092
23	1640
23	5864
23	4587
23	2540
23	6124
23	6767
23	377
23	3322
23	2047
23	2707
23	2951
23	3793
23	4220
23	7100
23	6624
23	562
23	2917
23	3576
23	7170
23	5434
23	3823
23	592
23	2825
23	3429
23	680
23	6620
23	3743
23	6623
23	7526
23	1360
23	6656
23	6851
23	3022
23	1881
23	2860
23	3174
24	576
24	6915
24	1284
24	2117
24	6406
24	7301
24	6473
24	7825
24	7762
24	2708
24	4820
24	5973
24	8027
24	6366
24	4384
24	6176
24	2019
24	1572
24	2148
24	7651
24	2855
24	6503
24	6313
24	7529
24	6380
24	1581
24	5810
24	1974
24	5687
24	1336
24	6652
24	1168
24	7787
24	5581
24	991
24	2572
24	1466
24	7734
24	7595
24	6107
24	1491
24	6347
24	7356
24	1506
24	6543
25	1601
25	2946
25	6785
25	3783
25	1737
25	5194
25	5258
25	2892
25	1103
25	2703
25	5583
25	2326
25	4054
25	4888
25	8089
25	6235
25	1568
25	4258
25	3748
25	8100
25	6763
25	3373
25	4270
25	4397
25	950
25	7611
25	1660
25	6655
25	4404
25	4343
25	7714
25	3937
25	6643
25	3769
25	3970
25	2838
25	818
25	5641
25	787
25	6486
25	3252
25	6681
25	985
25	1708
25	4060
25	3050
25	6162
25	4551
25	2226
25	5533
25	3501
26	7744
26	6796
26	6548
26	6614
26	3579
26	5080
26	729
26	6744
26	928
26	6049
26	3432
26	1705
26	2926
26	4469
26	5496
26	2618
26	1787
26	2876
26	3216
26	1580
26	664
26	4061
26	4717
26	3412
26	1432
26	3013
26	4639
26	2202
26	3831
26	4445
26	5470
26	3953
26	1304
26	5842
27	5440
27	5185
27	1027
27	2757
27	2309
27	6918
27	968
27	2889
27	6728
27	1421
27	1101
27	1230
27	5716
27	6103
27	1368
27	7447
27	1633
27	7654
27	4464
27	1330
27	6578
27	4725
27	6966
27	6649
27	5947
27	3196
27	6591
27	5995
27	1260
28	2177
28	3780
28	4680
28	7816
28	1807
28	767
28	4826
28	4506
28	1122
28	5926
28	7466
28	683
28	6573
28	943
28	7537
28	500
28	757
28	3446
28	6903
28	2302
28	1399
28	3392
28	5076
28	6091
28	1029
28	4919
29	1026
29	1219
29	5955
29	969
29	5961
29	907
29	1099
29	3033
29	1754
29	2843
29	6813
29	4133
29	3366
29	3432
29	6378
29	5746
29	6898
29	4852
29	2102
29	4601
29	4346
29	7355
29	6588
29	7699
29	5744
29	2944
29	3580
29	6736
30	4962
30	2280
30	1001
30	1128
30	3368
30	1322
30	7531
30	3950
30	6511
30	2929
30	1946
30	5501
30	2736
30	7456
31	2305
31	4865
31	3077
31	2823
31	526
31	2318
31	4369
31	7955
31	5529
31	5155
31	6056
31	2859
31	684
31	4528
31	6706
31	821
31	7605
31	2364
31	7869
31	2239
31	5567
31	1091
31	3785
31	7505
31	4570
31	2274
31	872
31	367
31	2933
31	8053
31	4473
31	4602
31	765
31	7294
31	4151
31	853
31	444
31	8056
31	2491
31	2070
31	2686
31	7378
31	3537
31	2287
31	6307
31	4931
31	4455
31	4641
31	5364
31	6084
31	4049
31	5248
31	2429
31	4470
31	7115
31	7661
31	4729
31	6892
31	775
31	4265
31	4750
31	7148
31	2413
31	6022
31	866
31	6864
31	7770
31	454
31	5198
31	1177
31	2071
31	1061
31	7361
31	6046
31	2937
31	780
32	2624
32	4929
32	1156
32	3717
32	1414
32	2439
32	3980
32	1228
32	6286
32	6605
32	2007
32	2461
32	5534
32	481
32	6114
32	8042
32	2795
32	4141
32	7469
32	5231
32	6832
32	5813
32	6583
32	824
32	5689
32	5051
32	5503
32	4964
32	6883
32	3234
32	6239
32	7984
32	5778
32	7996
32	2669
32	3511
32	4417
32	3410
32	2934
32	6177
32	1329
32	7153
32	3202
32	2662
32	5661
32	3525
32	7683
32	3610
32	2188
33	3137
33	4289
33	4805
33	1737
33	2197
33	5118
33	4444
33	7900
33	3297
33	5566
33	7528
33	6633
33	812
33	3053
33	3246
33	2737
33	6197
33	3003
33	1980
33	4285
33	3582
33	4415
33	6162
33	3789
33	954
33	4782
33	1031
34	4353
34	2436
34	2182
34	7176
34	1289
34	7050
34	2574
34	5518
34	1688
34	4632
34	3226
34	1309
34	3357
34	4640
34	4133
34	7717
34	6185
34	1583
34	2610
34	4409
34	4799
34	1218
34	2249
34	7114
34	8017
34	5722
34	7394
34	4973
34	1650
34	1011
34	2549
34	5241
34	5754
34	1917
34	2473
34	7789
34	7751
34	5147
34	1576
34	1170
34	3090
34	2044
34	4683
34	8074
34	3654
34	6617
34	4309
34	4833
34	5205
35	514
35	3715
35	5763
35	6148
35	6661
35	5005
35	5773
35	1043
35	5152
35	3110
35	3881
35	2475
35	7980
35	2865
35	5059
35	5704
35	2506
35	331
35	716
35	3018
35	1616
35	2130
35	3026
35	3796
35	7636
35	8020
35	5214
35	7006
35	3042
35	6118
35	2665
35	7408
35	7541
35	6390
35	7797
35	6011
35	808
35	6995
35	3160
35	6229
35	475
35	3947
35	4368
35	2089
35	5811
35	2687
35	963
35	1704
35	2970
35	459
35	5087
35	889
35	5874
35	1560
35	5712
35	4696
35	7756
35	2539
35	7109
35	5559
35	6398
35	6105
35	3664
35	3609
35	3197
35	6919
36	5507
36	7428
36	4101
36	5766
36	3336
36	6794
36	5003
36	5901
36	4494
36	6541
36	7310
36	4126
36	4006
36	5672
36	6575
36	5424
36	4019
36	3000
36	575
36	7364
36	1479
36	7367
36	6986
36	2507
36	5324
36	717
36	6219
36	6479
36	4951
36	2282
36	2160
36	7671
36	4473
36	506
36	1615
36	5157
36	4037
36	2896
36	4281
36	3680
36	7039
36	4278
36	3088
36	2847
36	6447
36	6886
36	4192
36	2151
36	1019
36	7798
36	6178
36	3850
36	2407
36	6013
36	2413
36	677
36	866
36	7343
36	3032
36	3755
36	6707
36	3355
36	5335
36	4255
36	5695
36	423
36	7861
36	3309
36	432
36	2839
36	1530
36	3809
36	7296
36	407
37	4096
37	908
37	912
37	3347
37	1433
37	3492
37	4263
37	5165
37	8109
37	7094
37	8120
37	5179
37	3131
37	827
37	2749
37	830
37	3009
37	3010
37	3402
37	595
37	3796
37	8019
37	3673
37	3546
37	1243
37	7002
37	4191
37	7904
37	4453
37	1003
37	7154
37	7282
37	6388
37	3830
37	5241
37	3578
37	5627
37	7166
37	7815
37	3481
37	6008
37	7062
37	6837
37	7328
37	337
37	7048
37	1603
37	1095
37	445
37	3190
37	5874
37	1332
37	3948
37	7027
38	7041
38	770
38	1284
38	7429
38	1926
38	3271
38	584
38	1097
38	650
38	1352
38	972
38	4808
38	5385
38	6668
38	5968
38	7876
38	8077
38	5726
38	1440
38	1504
38	2080
38	611
38	5921
38	5733
38	6438
38	2474
38	6704
38	7728
38	951
38	2168
38	6333
38	5581
38	5958
38	4645
38	373
38	7309
38	5139
38	5316
38	3972
38	1060
38	1506
38	895
39	2307
39	2052
39	2691
39	3718
39	5127
39	6023
39	1161
39	3729
39	3988
39	3733
39	4502
39	7192
39	409
39	3100
39	7197
39	6305
39	1315
39	2212
39	4773
39	3878
39	3241
39	4017
39	2871
39	3255
39	6464
39	4034
39	2371
39	6466
39	2501
39	3269
39	3276
39	6092
39	4814
39	7759
39	7889
39	5460
39	6742
39	3799
39	5592
39	6234
39	479
39	1376
39	1121
39	4323
39	613
39	744
39	3565
39	4718
39	6637
39	1264
39	7667
39	3317
39	1910
39	2169
39	6778
39	4698
39	1391
39	1998
39	497
39	1229
39	1348
39	3209
39	6891
39	1076
39	1515
39	1637
39	6483
39	1005
39	2509
39	6048
39	4614
39	5398
39	425
39	4089
39	788
39	7335
39	7823
39	922
39	687
39	4827
39	5858
39	2630
39	952
39	1135
39	7203
39	4689
40	6653
40	7043
40	2436
40	5190
40	967
40	3979
40	2317
40	4112
40	6800
40	7120
40	6357
40	7318
40	7199
40	7011
40	1700
40	489
40	7786
40	5100
40	6579
40	4918
40	7868
40	1277
40	6014
40	4527
40	4803
40	4697
40	2887
40	5645
40	2546
40	5680
40	6249
40	3025
40	1864
40	2275
40	6422
40	1459
40	2947
40	4213
40	7462
40	7372
40	5929
41	1283
41	2309
41	390
41	6284
41	4818
41	1812
41	5081
41	2394
41	347
41	4764
41	5402
41	734
41	807
41	4205
41	942
41	7664
41	1969
41	1140
41	1403
41	7295
41	1424
41	362
41	4624
42	2758
42	1419
42	2894
42	6802
42	5523
42	3579
42	4441
42	2585
42	5339
42	3360
42	675
42	1700
42	6949
42	550
42	4710
42	7270
42	7459
42	5234
42	1011
42	6898
42	3829
42	1083
42	5680
42	3025
42	6249
42	2925
42	6878
42	2947
42	4213
42	7093
42	6337
42	4527
42	4803
42	4697
42	5481
43	4293
43	4620
43	6542
43	7120
43	6997
43	1754
43	3226
43	7459
43	6502
43	746
43	1262
43	2545
43	7925
43	5367
43	1084
43	3902
43	2175
43	2473
43	6249
43	6493
43	2841
43	8039
43	2275
43	7093
43	4833
44	5698
44	4485
44	4934
44	519
44	973
44	4877
44	1679
44	4815
44	3089
44	6669
44	3603
44	8032
44	6371
44	3111
44	3176
44	2679
44	6059
44	877
44	5998
44	1775
44	2675
44	7283
44	4666
44	3511
44	2810
44	4283
44	3900
44	3838
44	3122
44	428
44	7207
44	772
44	5172
44	7779
44	3227
44	388
44	1346
44	1172
44	6916
44	3782
44	6209
44	915
44	4466
44	1120
44	8063
45	448
45	3840
45	4610
45	6977
45	7810
45	7430
45	2890
45	975
45	6930
45	5461
45	1368
45	7962
45	1115
45	5085
45	5692
45	6045
45	5411
45	7908
45	4199
45	2600
45	2345
45	1769
45	6251
45	3635
45	6515
45	6005
45	7353
45	1916
45	5438
45	712
45	6732
45	4386
46	2688
46	4480
46	6913
46	4483
46	3461
46	6790
46	1935
46	6032
46	5649
46	5266
46	3219
46	5905
46	5403
46	3613
46	2980
46	4651
46	4911
46	1078
46	7350
46	4536
46	2493
46	3775
46	1473
46	4163
46	2244
46	4816
46	6226
46	1369
46	3676
46	3294
46	5984
46	3941
46	7781
46	6265
46	2171
46	2443
46	875
46	7193
46	7495
46	6427
46	6250
46	5948
46	7589
46	7113
46	3638
46	2268
46	6820
46	3795
46	6487
46	8000
46	2005
46	2911
46	754
46	5321
46	5565
46	4793
46	1550
46	4790
46	4140
46	2294
46	622
47	1027
47	7304
47	4629
47	3607
47	7962
47	7583
47	7330
47	5668
47	6564
47	2347
47	819
47	3763
47	7475
47	7604
47	2493
47	7997
47	2368
47	7234
47	7107
47	3909
47	6342
47	583
47	6476
47	4557
47	2126
47	4046
47	2000
47	4688
47	6606
47	7254
47	1755
47	5724
47	7004
47	2015
47	4705
47	6753
47	2022
47	7271
47	7272
47	7783
47	1517
47	4975
47	2673
47	4090
47	5630
47	5375
47	5209
47	7616
47	779
47	2408
47	6487
47	2722
47	4168
47	5727
47	2911
47	4839
47	4790
47	6596
47	3426
47	7084
47	378
47	5964
47	7349
47	5851
47	5683
47	7608
47	1317
47	7388
47	5948
47	3675
47	4993
47	4227
47	7113
47	462
47	2268
48	3554
48	6309
48	6118
48	648
48	1516
48	5551
48	6358
48	7833
48	6460
48	5693
48	3149
48	1510
49	4032
49	2562
49	2311
49	6409
49	4241
49	7890
49	921
49	7514
49	3168
49	1761
49	6496
49	869
49	6117
49	1959
49	3625
49	1130
49	4845
49	1526
49	1719
49	569
49	2363
49	2816
49	3118
49	823
49	5030
49	2076
49	1503
49	4110
49	6495
49	365
49	387
50	7745
50	3330
50	5251
50	7298
50	2567
50	4237
50	1230
50	2002
50	979
50	4308
50	2776
50	3480
50	2330
50	2136
50	5278
50	1956
50	5862
50	3245
50	366
50	6509
50	5876
50	3573
50	1591
50	7033
50	5883
50	3132
50	6231
50	4543
51	2822
51	2699
51	3724
51	3469
51	6544
51	3094
51	4886
51	7065
51	6945
51	4388
51	7978
51	7472
51	4017
51	2354
51	5298
51	6456
51	1339
51	5566
51	5951
51	3777
51	2303
51	6603
51	8055
51	859
51	1372
51	3419
51	2914
51	7266
51	4068
51	5732
51	7403
51	4589
51	882
51	5618
51	6386
51	2551
51	5755
51	6654
51	1791
51	2024
51	4364
51	4782
51	6167
51	1686
51	2232
51	3335
51	8079
51	6497
51	1031
51	3391
51	3224
51	5464
51	3400
52	7441
52	8082
52	3860
52	5781
52	7323
52	1438
52	7200
52	930
52	1444
52	6566
52	2346
52	6062
52	688
52	2608
52	4535
52	1211
52	6844
52	3261
52	959
52	7487
52	1475
52	5829
52	7494
52	1097
52	3285
52	2138
52	3930
52	5856
52	354
52	5346
52	1382
52	2920
52	2281
52	7529
52	5359
52	4338
52	2020
52	6102
52	7191
52	6985
52	5657
52	4609
52	5158
52	7321
53	8067
53	3077
53	653
53	1678
53	6288
53	3095
53	5017
53	2717
53	4893
53	7202
53	2598
53	4006
53	937
53	2857
53	2989
53	4794
53	1595
53	6590
53	5063
53	6353
53	4436
53	3801
53	3418
53	5597
53	863
53	6241
53	614
53	4326
53	4204
53	5745
53	4596
53	5108
53	8052
53	5369
53	3195
53	5048
53	4633
53	1460
53	5728
53	4581
53	407
53	1490
53	3537
53	5157
53	7927
53	6612
53	852
53	7097
53	7149
53	4037
53	4740
53	5285
53	925
53	7710
53	6697
53	6630
53	4354
53	516
53	1242
53	2694
53	3893
53	5632
53	2151
53	423
53	7316
53	4866
53	8045
53	2407
53	677
53	4881
53	2431
53	1976
53	2672
53	4063
53	1061
53	1180
53	5625
53	1604
53	5283
53	780
54	1032
54	7690
54	2571
54	3728
54	6548
54	6299
54	7965
54	7967
54	5793
54	5933
54	7726
54	2479
54	6583
54	4419
54	3268
54	3914
54	7114
54	3536
54	6993
54	5330
54	1494
54	5846
54	5465
54	7897
54	2523
54	4189
54	1758
54	2915
54	4579
54	2021
54	361
54	5234
54	4214
54	2553
54	5759
54	7375
54	3289
54	7121
54	5452
54	8030
54	8039
54	5226
54	1693
54	3319
54	7462
54	7486
54	1793
54	5820
54	664
54	2290
54	6793
54	7513
54	4895
54	8068
54	5557
54	5560
54	6826
54	4309
54	5929
54	2643
55	2051
55	3589
55	1669
55	3205
55	4104
55	2060
55	7442
55	1427
55	6931
55	405
55	5402
55	4892
55	3998
55	6431
55	1958
55	3890
55	3128
55	6329
55	4540
55	4796
55	4414
55	577
55	6211
55	4166
55	4423
55	7629
55	4432
55	2260
55	4703
55	4064
55	7393
55	4198
55	4582
55	5864
55	1770
55	4716
55	2035
55	1014
55	5116
55	5396
55	8092
55	5331
55	1171
55	7418
55	7341
55	6275
55	2074
55	7413
55	906
55	6037
55	2707
55	2247
55	7650
55	5670
55	7859
55	1909
55	2445
56	7426
56	5255
56	5902
56	533
56	1941
56	4766
56	6303
56	2336
56	7592
56	4396
56	1455
56	5423
56	1333
56	2494
56	4801
56	6085
56	7878
56	1484
56	4177
56	2900
56	2136
56	473
56	1241
56	5849
56	5212
56	3805
56	2270
56	5730
56	4464
56	1522
56	2035
56	5758
56	4185
56	906
56	6869
56	8092
56	545
56	5475
57	1408
57	7811
57	6405
57	7942
57	6153
57	6283
57	7437
57	3983
57	1937
57	2324
57	7190
57	4505
57	7452
57	5277
57	5023
57	930
57	3492
57	5806
57	1461
57	4917
57	3899
57	5954
57	4675
57	1476
57	4677
57	7366
57	4428
57	5839
57	3029
57	4310
57	4694
57	728
57	4058
57	5083
57	7130
57	7131
57	3550
57	1119
57	1376
57	2914
57	4195
57	4842
57	5356
57	7533
57	1774
57	7407
57	6385
57	2291
57	3704
57	3581
57	1772
57	3157
57	6586
57	6891
57	5628
57	1015
57	7321
57	7449
57	1515
57	453
57	4306
57	1005
57	840
57	5886
57	7054
57	6160
57	3225
57	6660
57	6483
57	4689
57	2718
58	1539
58	4099
58	5093
58	2406
58	6983
58	7784
58	8072
58	2608
58	4145
58	3954
58	6196
58	5174
58	7864
58	6811
58	4350
59	3904
59	385
59	6402
59	6983
59	4937
59	7883
59	7884
59	6413
59	5781
59	2647
59	732
59	3932
59	7452
59	1504
59	2466
59	2019
59	4642
59	7082
59	4971
59	753
59	7285
59	1915
59	4092
59	1214
59	4645
59	6985
59	1074
59	4609
59	453
59	1394
59	616
59	7321
59	7754
59	3964
59	1772
60	6977
60	3332
60	4676
60	1414
60	3270
60	5510
60	5199
60	848
60	5585
60	1492
60	4949
60	7384
60	2139
60	1629
60	6371
60	1062
60	5800
60	2862
60	5678
60	2544
60	4085
60	3574
60	695
60	3583
60	3361
60	692
60	6339
60	6879
60	4558
60	7386
60	915
60	2953
60	388
61	2819
61	3845
61	2310
61	2958
61	7822
61	3473
61	1941
61	2713
61	6171
61	6557
61	5152
61	5154
61	5416
61	7721
61	3498
61	4522
61	6190
61	2045
61	6458
61	3130
61	571
61	3396
61	6727
61	1096
61	4556
61	3164
61	607
61	2536
61	5608
61	8041
61	1261
61	751
61	3569
61	4093
61	6259
61	4218
61	5629
61	1611
61	1266
61	5467
61	1345
61	3688
61	1537
61	591
61	4130
61	4368
61	7547
61	6955
61	3001
61	2351
61	2116
61	5182
61	3742
61	3260
61	2970
61	6398
61	3040
61	3754
61	4303
61	2381
61	886
61	5877
61	3906
61	7152
61	7756
61	4696
61	2774
61	2780
61	2539
61	6987
61	446
61	7945
61	3097
61	5379
61	705
62	1986
62	2820
62	4229
62	3978
62	4494
62	4174
62	2704
62	1871
62	2706
62	7630
62	5714
62	7828
62	4950
62	343
62	5529
62	7068
62	2592
62	1826
62	1448
62	4648
62	6568
62	939
62	7596
62	5745
62	6195
62	8054
62	2235
62	328
62	468
62	6536
62	953
62	7378
62	2472
62	5111
62	980
62	7097
62	4769
62	5928
62	1373
62	2517
62	4070
62	5760
62	1019
62	7862
62	6089
62	4740
62	1070
62	4737
62	2342
62	6607
62	2650
62	7989
63	3587
63	2948
63	517
63	1797
63	391
63	2184
63	6534
63	7435
63	7555
63	4243
63	3989
63	6551
63	411
63	7198
63	4511
63	4004
63	5796
63	1575
63	942
63	1455
63	7348
63	6974
63	6591
63	2628
63	6853
63	2632
63	3275
63	3538
63	2645
63	1495
63	6237
63	738
63	7267
63	6116
63	5862
63	8043
63	2799
63	1136
63	5103
63	4221
63	7422
63	2047
63	4635
63	7274
63	5544
63	3622
63	3570
63	1349
63	2734
63	3344
63	5327
63	1312
63	7319
63	1025
63	4625
63	1388
63	4027
63	1995
63	4405
63	7526
63	7480
63	7303
63	1363
63	1552
63	6351
63	6897
63	362
63	722
63	6726
63	1823
63	3086
63	4529
63	5908
63	7293
63	6954
63	6063
63	5462
63	5767
63	7930
64	8065
64	5639
64	1225
64	7500
64	2785
64	5409
64	1063
64	7080
64	5097
64	2028
64	4014
64	3440
64	1457
64	4977
64	7284
64	7158
64	7546
64	4607
64	3847
64	4809
64	3389
65	4873
65	5132
65	3597
65	3470
65	4754
65	2583
65	1825
65	6565
65	2427
65	6711
65	6077
65	1219
65	4549
65	6213
65	2760
65	4936
65	7545
65	3915
65	4685
65	1364
65	4053
65	7252
65	5080
65	604
65	1887
65	5089
65	2659
65	4579
65	4197
65	6759
65	6377
65	7786
65	4203
65	6641
65	4600
65	3833
65	1786
65	2043
65	2812
65	1442
65	7507
65	3634
65	6094
65	2944
65	4061
65	4659
65	6073
65	2503
65	7037
65	647
65	3319
65	6452
65	2224
65	6650
65	536
65	703
65	4647
66	6657
66	8005
66	4744
66	4747
66	4492
66	2703
66	2004
66	6103
66	1435
66	4701
66	8096
66	3747
66	6821
66	7655
66	5228
66	1133
66	2800
66	1204
66	5563
66	4415
66	5641
66	7434
66	7742
66	7436
66	6520
66	5919
66	5922
67	7168
67	3330
67	899
67	7938
67	3720
67	3595
67	1292
67	7053
67	6414
67	5520
67	3987
67	1431
67	2584
67	6296
67	1051
67	3868
67	3869
67	5150
67	1822
67	4000
67	6824
67	6059
67	4915
67	6326
67	1207
67	5818
67	6204
67	1856
67	7232
67	8006
67	3655
67	8136
67	585
67	4938
67	6730
67	7890
67	6234
67	2395
67	2653
67	2910
67	481
67	5096
67	6893
67	1008
67	2416
67	2544
67	890
67	2684
67	2701
67	6795
67	974
67	2905
67	1172
67	3811
67	6883
67	2807
67	3118
67	4149
67	7386
67	6916
67	6855
67	5299
67	2068
67	4533
67	692
67	6397
67	820
67	7779
67	6339
67	5030
67	3123
67	2400
67	1329
67	7461
67	7049
67	2140
67	3525
68	5121
68	6018
68	6465
68	7560
68	6473
68	2570
68	2058
68	1996
68	2061
68	6927
68	8083
68	3736
68	1184
68	6433
68	7079
68	4713
68	556
68	8044
68	944
68	4784
68	3251
68	5748
68	3959
68	5054
68	5633
68	6764
68	3553
68	5292
68	3974
68	5581
68	2723
68	6082
68	1961
68	2189
68	424
68	5907
68	6183
68	4711
68	6810
68	2451
68	3544
69	6913
69	6914
69	8075
69	781
69	3474
69	6547
69	2334
69	5536
69	3107
69	4005
69	2090
69	3374
69	6072
69	5177
69	2362
69	5564
69	6208
69	7234
69	1231
69	341
69	4443
69	4962
69	3299
69	3044
69	4837
69	1639
69	3687
69	5352
69	5868
69	1902
69	2032
69	2298
69	1916
69	3325
69	6847
69	791
69	2722
69	2911
69	5812
69	6596
69	6895
69	7084
69	7456
69	5296
69	4887
69	3804
69	875
69	2736
69	4127
69	6250
69	2909
69	334
69	462
69	6701
70	5504
70	2053
70	5509
70	4620
70	1165
70	6800
70	6418
70	7955
70	1056
70	3360
70	7072
70	2725
70	7081
70	1706
70	429
70	1970
70	3259
70	4545
70	2499
70	4419
70	2631
70	2761
70	4939
70	5329
70	850
70	6097
70	5588
70	5722
70	741
70	749
70	3055
70	4339
70	507
70	893
70	763
70	8110
70	1170
70	8090
70	379
70	8074
70	1854
70	4297
70	1815
70	4264
70	641
70	2994
70	4395
70	1576
71	8069
71	1930
71	3851
71	7948
71	6285
71	5904
71	668
71	7204
71	6055
71	6057
71	7980
71	7599
71	5552
71	7159
71	6964
71	1851
71	827
71	8124
71	7359
71	4160
71	5184
71	5313
71	4547
71	452
71	4932
71	4933
71	7747
71	330
71	715
71	6989
71	3283
71	2919
71	493
71	3569
71	3571
71	4853
71	6773
71	1143
71	1017
71	3323
71	5484
71	3516
71	3815
71	1118
71	5456
71	4980
71	6838
71	6008
71	5489
71	5428
71	327
71	4906
71	7850
71	7136
71	3179
71	6428
71	6574
71	4368
71	5631
71	6955
71	5515
71	3190
71	1689
72	5752
72	6926
72	656
72	5648
72	5394
72	7573
72	410
72	1824
72	7081
72	4781
72	3124
72	4661
72	5945
72	7353
72	5949
72	582
72	3398
72	5961
72	2386
72	7764
72	1750
72	6616
72	2523
72	4699
72	7518
72	8037
72	624
72	3443
72	1525
72	2549
72	6776
72	2175
72	5203
72	4309
72	6617
72	4132
72	641
72	4395
72	3090
72	2473
72	2942
72	5147
72	6297
72	8074
72	3867
72	2841
72	379
72	3654
73	4226
73	6807
73	6296
73	4121
73	3613
73	5151
73	7587
73	3111
73	2216
73	6186
73	5803
73	2221
73	5294
73	6959
73	560
73	1713
73	1465
73	4026
73	5305
73	5308
73	6585
73	7485
73	447
73	2301
73	5826
73	1091
73	3398
73	4423
73	5831
73	8134
73	1228
73	2639
73	1364
73	4565
73	7895
73	6621
73	5855
73	7521
73	1767
73	2664
73	2155
73	5483
73	3182
73	1144
73	2170
73	7164
73	2557
73	8062
73	6073
73	987
73	3867
73	3925
73	1289
73	3699
73	758
73	6887
73	7067
73	1075
73	5694
73	3192
73	6615
73	2655
73	1346
73	6932
73	6990
73	2316
73	7716
73	4900
73	4787
73	476
73	2224
73	6010
73	3075
73	3740
73	7230
73	2669
73	3215
73	3923
73	5320
73	7846
73	3889
73	4923
73	1442
74	2752
74	5696
74	6017
74	7491
74	900
74	1861
74	2765
74	6989
74	8014
74	2448
74	3473
74	6801
74	1747
74	1811
74	2453
74	7258
74	5979
74	6061
74	3375
74	1269
74	2809
74	3966
74	5025
74	3278
75	2115
75	5702
75	2375
75	2312
75	5384
75	5766
75	716
75	4302
75	6030
75	6350
75	6862
75	595
75	5499
75	3479
75	7257
75	6874
75	7450
75	477
75	3485
75	3423
75	6943
75	6437
75	7077
75	6956
75	4411
75	3571
75	4344
75	4985
75	5115
75	4349
75	1962
75	800
75	5432
75	7052
75	1603
75	8112
75	5576
75	4248
75	4627
75	4935
75	5134
75	5838
75	4456
76	8129
76	4163
76	835
76	3460
76	3464
76	5192
76	3659
76	2252
76	6475
76	3280
76	5072
76	1301
76	6232
76	1244
76	2534
76	7271
76	3368
76	620
76	3180
76	5044
76	6072
76	1723
76	3489
76	779
76	6516
76	4227
76	2722
76	5930
76	334
76	3908
76	6701
77	8064
77	3721
77	5003
77	5273
77	5787
77	7840
77	3105
77	5171
77	7607
77	7485
77	6976
77	5697
77	5573
77	4934
77	6598
77	841
77	4175
77	2384
77	6608
77	7894
77	7768
77	7514
77	2395
77	5211
77	2271
77	2912
77	3041
77	6626
77	3177
77	7532
77	6130
77	7922
77	3061
77	6393
77	4171
77	4336
77	4186
77	6748
77	7683
77	4472
77	4533
77	1193
77	4616
77	6445
77	3828
77	3825
77	1401
77	874
77	5853
77	7058
77	854
78	2180
78	2696
78	5512
78	2186
78	3978
78	7433
78	5261
78	6798
78	7567
78	1049
78	7329
78	4387
78	5802
78	3503
78	5041
78	5427
78	1077
78	5429
78	6093
78	1358
78	2766
78	2001
78	5970
78	2903
78	6743
78	989
78	1246
78	2913
78	6241
78	4451
78	5737
78	5355
78	367
78	2300
78	1618
78	3125
78	1862
78	1749
78	6609
78	4455
78	4574
78	4641
78	983
78	4470
78	7661
78	7316
78	3115
78	4921
78	775
78	8045
78	5824
78	3557
78	4838
78	1836
78	4063
78	1061
78	6046
78	7492
78	1732
78	1924
78	853
78	2601
78	6808
78	7586
78	6698
78	5264
78	2686
78	2341
79	2118
79	1224
79	6831
79	5682
79	4691
79	6770
79	8115
79	3960
80	7235
80	6598
80	519
80	5325
80	4430
80	6933
80	3869
80	1596
80	2783
80	7965
80	2979
80	1196
80	876
80	4588
80	4474
80	4849
80	2100
80	569
80	570
80	3452
80	7779
80	1401
80	1562
81	2183
81	5897
81	5899
81	4122
81	3357
81	5153
81	5412
81	1830
81	1706
81	6711
81	3257
81	2874
81	5049
81	2748
81	4671
81	3519
81	1735
81	6993
81	6616
81	3417
81	2907
81	4062
81	7395
81	7013
81	6502
81	1511
81	2153
81	1386
81	1775
81	6131
81	1653
81	7032
81	1277
81	1432
81	6761
81	6523
81	6664
81	3289
81	5574
81	3321
81	1877
81	1305
81	2841
81	2340
81	4776
81	5203
81	7093
82	769
82	2945
82	3587
82	3334
82	6156
82	3213
82	2446
82	400
82	7442
82	6291
82	533
82	538
82	7968
82	2082
82	1577
82	5295
82	5045
82	6581
82	2555
82	3897
82	1343
82	8130
82	2889
82	7243
82	2636
82	589
82	8011
82	1744
82	1108
82	5718
82	4183
82	1880
82	7511
82	1134
82	2033
82	3320
82	4091
82	1023
82	3797
82	4636
82	3022
82	7696
82	1374
82	5642
82	3622
82	6688
82	6816
82	6944
82	6848
82	7291
82	1482
82	5872
82	6058
82	7431
82	6842
82	4331
82	6128
82	7992
83	7008
83	993
83	5249
83	1820
83	5094
83	3113
83	479
83	3883
83	7308
83	1613
83	3599
83	2325
83	1048
83	6812
83	2367
83	7519
83	4504
83	3342
83	5148
83	2442
83	5296
83	1076
84	4995
84	7942
84	7175
84	393
84	3467
84	7052
84	3469
84	7563
84	7566
84	7951
84	1173
84	5782
84	919
84	4375
84	413
84	3624
84	7593
84	2218
84	683
84	7216
84	2101
84	1974
84	2871
84	7226
84	3135
84	8127
84	5443
84	711
84	2377
84	6735
84	5075
84	3156
84	1505
84	1889
84	3045
84	1771
84	7917
84	6254
84	5871
84	2801
84	6129
84	5236
84	1142
84	6137
84	4219
84	5756
84	1279
84	7104
84	3803
84	6988
84	3391
84	3931
84	3333
84	7839
84	5624
84	1057
84	1673
84	2805
84	2930
84	7256
84	6054
84	4733
84	7973
84	3784
84	6725
84	370
84	3070
84	4400
84	6923
84	1114
84	513
84	3457
84	4296
84	5797
84	2621
84	8079
84	2383
84	1547
84	1132
84	4146
84	1205
84	2114
84	4637
84	4100
84	8066
84	2129
84	2312
84	881
84	1665
84	5628
84	4435
84	5939
84	1692
84	2830
85	2675
85	5956
85	5653
85	597
85	5436
85	1292
86	1636
86	3003
86	4969
86	2922
86	5839
86	7344
86	7729
86	4115
86	3508
86	2038
86	859
86	1247
86	3097
86	4364
86	4782
87	6529
87	4226
87	6787
87	7558
87	5000
87	6925
87	6418
87	3348
87	5787
87	2465
87	6306
87	6446
87	1720
87	7481
87	1599
87	4416
87	5447
87	970
87	8139
87	1869
87	1492
87	857
87	7907
87	6631
87	4073
87	3434
87	8042
87	748
87	6893
87	5102
87	5487
87	5998
87	4468
87	1407
87	6279
87	3350
87	4030
87	2953
87	7517
87	3075
87	7346
87	6702
87	1918
87	1796
87	7440
87	6674
87	7153
87	6317
87	4700
87	3266
87	7891
87	4245
88	4736
88	4001
88	7552
88	6403
88	1989
88	486
88	6982
88	6153
88	5618
88	2931
88	6806
88	3223
88	2781
88	1518
88	5957
88	1186
88	6167
88	5572
88	2396
88	1483
89	7809
89	4738
89	5639
89	776
89	3794
89	1235
89	4442
89	5660
89	5406
89	5023
89	546
89	1252
89	358
89	742
89	7528
89	1065
89	2283
89	7733
89	1975
89	3389
89	5256
89	3847
89	2412
89	7436
89	4328
90	2240
90	7232
90	7235
90	5510
90	7863
90	5689
90	3089
90	4178
90	6610
90	5723
90	2077
90	6302
90	5287
90	5415
90	1321
90	5543
90	1707
90	2279
90	4148
90	2485
90	2486
90	3445
90	4792
90	1465
90	6262
90	5436
90	5885
90	2701
90	1329
90	2068
90	6339
90	7461
90	820
90	6795
90	7290
90	6916
90	4149
90	2905
90	3123
90	3811
90	4466
91	3201
91	1798
91	6920
91	5898
91	2827
91	3728
91	1940
91	1050
91	3870
91	5407
91	6947
91	3876
91	1701
91	4260
91	5029
91	2170
91	5034
91	811
91	4907
91	6827
91	1456
91	8117
91	5943
91	5944
91	697
91	4794
91	6459
91	1596
91	4924
91	7484
91	3267
91	3015
91	7243
91	5836
91	3534
91	7502
91	6610
91	7252
91	5336
91	3417
91	5083
91	2652
91	2656
91	3812
91	3047
91	7788
91	6133
91	8053
91	6266
91	4681
91	663
91	727
91	6307
91	7326
91	1151
91	1697
91	5770
91	4275
91	7817
91	809
91	6142
91	3027
91	1181
91	6941
91	5220
91	5235
91	6678
91	7703
91	4036
91	686
91	515
91	3038
91	3938
91	820
91	8029
91	4380
91	2879
91	6122
91	1268
91	5887
91	7089
91	1695
91	3913
91	6439
91	2839
91	557
91	2668
91	865
91	1469
91	2729
91	1829
91	3873
91	6939
91	6524
92	1666
92	7044
92	5384
92	7948
92	4882
92	5267
92	7186
92	4376
92	2846
92	5547
92	1846
92	6327
92	5942
92	8120
92	4155
92	571
92	1340
92	7995
92	5696
92	2370
92	2755
92	7106
92	6470
92	3656
92	5709
92	3791
92	7248
92	338
92	6099
92	4952
92	6361
92	2906
92	3806
92	3295
92	4846
92	4593
92	7031
92	1018
92	3231
92	5168
92	3618
92	6739
92	6684
92	1644
92	750
92	2727
92	5735
92	4667
92	5753
92	380
92	6140
92	2320
92	3339
92	2918
92	3278
92	6576
92	1722
92	5508
92	3058
92	3857
92	6087
92	6996
93	7040
93	1539
93	4291
93	3148
93	5912
93	2908
93	3835
93	992
93	1443
93	5027
93	742
93	2858
93	8108
93	2095
93	4977
93	5170
93	2677
93	374
93	4408
93	891
93	892
94	643
94	1731
94	2821
94	5445
94	8131
94	3080
94	3408
94	2065
94	6161
94	6482
94	1940
94	1302
94	343
94	3933
94	7582
94	6304
94	929
94	7269
94	4518
94	5351
94	7015
94	6825
94	7981
94	6703
94	3185
94	4019
94	5747
94	5430
94	8121
94	7162
94	957
94	7362
94	2154
94	3051
94	5220
94	2535
94	2422
94	2660
94	515
94	5448
94	7852
94	2879
94	1500
94	4380
94	2464
94	5594
94	2360
94	3388
94	4401
94	5066
94	4465
94	4709
94	822
94	8122
94	809
94	7231
95	3393
95	4295
95	4682
95	3726
95	5583
95	4304
95	4691
95	6740
95	7700
95	1435
95	3611
95	6877
95	5920
95	1378
95	5795
95	5034
95	7983
95	3888
95	3057
95	1138
95	2804
95	3188
95	7733
95	6264
95	4412
95	786
96	7040
96	901
96	2566
96	1415
96	6791
96	6666
96	7826
96	5015
96	4388
96	5669
96	7466
96	5164
96	1458
96	6194
96	7867
96	5821
96	6719
96	1727
96	7622
96	2635
96	2382
96	3411
96	6485
96	5592
96	2014
96	350
96	5598
96	6629
96	1773
96	880
96	2801
96	6514
96	6769
96	7281
96	4855
96	3704
96	2833
96	2739
96	4134
96	6354
96	2596
96	3547
97	1540
97	6158
97	7568
97	789
97	4247
97	5016
97	6423
97	3484
97	4892
97	805
97	3882
97	3884
97	2096
97	564
97	1844
97	5302
97	3897
97	442
97	5690
97	3644
97	3524
97	4804
97	5589
97	6613
97	1495
97	728
97	5849
97	7512
97	6747
97	3939
97	2789
97	6889
97	7915
97	494
97	6257
97	1780
97	4854
97	7565
97	1625
97	3730
97	7208
97	5667
97	2445
97	7909
97	2988
97	3598
97	5410
97	3616
97	4635
97	1233
97	5635
97	1879
97	2172
97	5180
97	5070
97	6998
97	7480
97	6351
97	6714
97	1741
98	4801
98	6020
98	7108
98	1800
98	2002
98	7260
98	543
98	3559
98	755
98	4851
98	4341
98	4789
98	5750
98	1208
98	6649
98	6774
98	1659
98	7348
98	7551
98	545
98	4405
99	5763
99	4361
99	3983
99	7697
99	5267
99	7572
99	2582
99	8087
99	1052
99	2588
99	3485
99	6818
99	6435
99	3495
99	7464
99	6057
99	7720
99	573
99	3646
99	3136
99	3520
99	7744
99	5317
99	8137
99	4556
99	4940
99	1359
99	1747
99	1876
99	7508
99	5337
99	4316
99	3293
99	2398
99	4191
99	4067
99	612
99	7523
99	1383
99	3943
99	7144
99	5613
99	6780
99	7421
99	4356
99	3166
99	5753
99	2901
99	1198
99	6592
99	963
99	3242
99	5039
99	7373
99	2531
99	3788
99	5774
99	3922
99	3696
99	5845
99	7238
99	3037
99	1487
99	4129
99	2094
99	6919
99	8046
99	327
99	6752
99	5379
99	705
99	8024
99	1605
99	4674
99	531
99	3481
99	4619
99	6428
99	7392
99	3197
99	7401
99	6199
99	4225
99	5009
99	3688
100	1156
100	7813
100	3208
100	3595
100	6926
100	4496
100	2578
100	659
100	5010
100	3861
100	5655
100	2200
100	5019
100	6172
100	7708
100	4385
100	5281
100	4899
100	2724
100	682
100	2218
100	4267
100	3504
100	3895
100	6969
100	8004
100	5573
100	714
100	6859
100	3790
100	6992
100	1874
100	5588
100	5333
100	6484
100	599
100	5855
100	2528
100	2529
100	1763
100	2532
100	3430
100	1645
100	7021
100	3824
100	3441
100	6640
100	5619
100	4981
100	2430
100	5099
100	2222
100	1148
100	5526
100	3192
100	931
100	4171
100	1779
100	4186
100	4366
100	6846
100	854
100	3923
100	5122
100	3740
100	5659
100	7471
100	6330
100	7584
100	3215
100	3154
100	3273
100	5671
100	8090
100	1729
100	844
100	3123
100	1796
100	1332
100	1869
100	6375
100	3254
100	3434
100	1158
100	6686
100	5792
100	3925
100	1765
100	7229
100	758
100	2994
101	7172
101	7045
101	6284
101	7188
101	2330
101	3995
101	7324
101	3487
101	7712
101	8099
101	2852
101	2981
101	6440
101	5547
101	2992
101	2993
101	434
101	949
101	6582
101	6709
101	7610
101	1979
101	2494
101	4800
101	7872
101	968
101	7496
101	8008
101	8012
101	8014
101	3792
101	5458
101	6613
101	3287
101	7511
101	1370
101	4194
101	7267
101	4325
101	3945
101	7914
101	3438
101	2415
101	2418
101	6774
101	5555
101	5253
101	2617
101	1131
101	6656
101	362
101	6848
101	7208
101	1625
101	6683
101	1881
101	5908
101	6869
101	4013
101	7503
101	5462
101	6063
101	7155
101	4220
101	7405
101	5785
101	1349
101	1657
101	940
101	6944
101	1312
101	1858
101	592
101	5995
101	5400
101	5586
101	4625
101	2825
101	7319
101	7746
101	1388
101	6373
101	2172
101	4216
102	2561
102	5187
102	6083
102	5381
102	7417
102	6664
102	3279
102	6992
102	4499
102	5270
102	2135
102	3033
102	4699
102	7135
102	7613
102	1597
102	2725
102	4409
102	6056
102	8106
102	4269
102	4142
102	2098
102	5623
102	7416
102	3449
102	1725
102	1170
102	2875
102	3090
103	4864
103	3586
103	6532
103	4999
103	403
103	5779
103	3221
103	7064
103	2589
103	1696
103	1825
103	2467
103	3365
103	5288
103	8105
103	426
103	3114
103	941
103	1837
103	7473
103	4662
103	1335
103	3772
103	7614
103	5183
103	5951
103	2376
103	2897
103	3156
103	2011
103	3306
103	1387
103	6890
103	5742
103	752
103	1264
103	4855
103	5497
103	5115
103	497
103	4637
103	3981
103	4475
103	4435
103	6363
103	6549
103	2833
103	6872
103	938
103	2805
103	1673
103	1496
103	2335
103	4739
103	6478
103	3784
103	5105
103	7390
103	3677
103	4400
103	2359
103	6804
103	4146
103	3011
104	6528
104	1281
104	5377
104	6788
104	5765
104	4488
104	2698
104	3855
104	6803
104	4383
104	2591
104	1573
104	3237
104	4522
104	7338
104	7851
104	2607
104	7730
104	7860
104	6453
104	7225
104	6972
104	2496
104	1474
104	4802
104	7491
104	4933
104	7882
104	4940
104	4302
104	5966
104	1616
104	3035
104	4193
104	2404
104	7141
104	504
104	1390
104	4846
104	5104
104	2424
104	7929
104	4991
104	6738
104	6677
104	5252
104	2320
104	3339
104	5078
104	1188
104	1310
104	3650
104	1258
104	4208
104	5712
104	4217
104	3561
104	1038
104	3387
104	1605
104	8024
104	3048
104	3231
104	7679
104	3664
104	4567
104	7932
104	3618
104	6086
104	2959
104	631
104	5735
104	6574
104	5311
104	2083
104	4667
104	5866
104	6229
104	2089
104	3001
104	2116
104	380
105	3136
105	6468
105	6215
105	6472
105	4947
105	1620
105	6871
105	6235
105	7643
105	3741
105	672
105	7140
105	4389
105	1191
105	1514
105	3627
105	3244
105	4654
105	5488
105	2931
105	566
105	5880
105	4025
105	6138
105	635
105	4604
105	3711
105	1483
105	1518
105	5957
105	1521
105	6181
105	5717
105	336
105	3994
105	4749
106	3204
106	838
106	6654
106	7306
106	3916
106	3085
106	5772
106	720
106	5015
106	5784
106	3931
106	412
106	3550
106	4510
106	6111
106	2017
106	7972
106	4773
106	1967
106	7792
106	757
106	1528
106	3710
106	2596
107	5891
107	2567
107	7943
107	7182
107	2575
107	5647
107	7695
107	1303
107	2082
107	5413
107	5925
107	1319
107	2091
107	2605
107	4927
107	6207
107	1859
107	6979
107	2629
107	7747
107	1865
107	5969
107	7508
107	1621
107	5974
107	4184
107	5977
107	2906
107	3163
107	8028
107	2404
107	5736
107	7023
107	2673
107	5498
107	6525
107	1925
107	1162
107	2702
107	3992
107	6050
107	2478
107	1457
107	5300
107	437
107	2236
107	3010
107	5059
107	7369
107	4298
107	6604
107	6350
107	7382
107	7127
107	7641
107	5853
107	2532
107	5868
107	505
107	751
107	3826
107	4854
107	7926
107	5112
107	2809
107	2299
107	2046
107	7420
107	5559
107	6105
107	1608
107	7136
107	5040
107	5168
107	1095
107	7767
107	5671
107	7715
107	808
107	5857
107	7181
107	2867
107	3764
107	6659
107	2284
107	7815
107	4993
107	5838
107	1524
107	871
107	8010
107	3516
107	3211
107	1118
107	3458
107	6463
107	3522
107	5688
107	831
107	4730
107	5456
107	2094
107	6838
107	3604
107	2777
107	5715
107	7399
107	7704
108	1411
108	3462
108	4105
108	2570
108	5391
108	5909
108	918
108	1690
108	4762
108	8105
108	2348
108	6062
108	5807
108	6704
108	6833
108	2482
108	6975
108	576
108	5700
108	7877
108	8007
108	1736
108	2504
108	4937
108	6600
108	4564
108	1622
108	3034
108	7404
108	5101
108	5743
108	6001
108	7410
108	3701
108	4350
108	2241
108	2803
108	6561
108	6107
108	7180
108	879
108	4878
108	6347
108	6810
108	2451
108	2242
108	1220
108	5771
108	6182
108	6764
108	3193
108	1209
108	7538
109	6918
109	905
109	2956
109	4111
109	1276
109	7324
109	3998
109	7198
109	7588
109	814
109	1584
109	4145
109	2227
109	2611
109	6325
109	4413
109	1733
109	1354
109	4048
109	4181
109	4440
109	733
109	734
109	6240
109	5091
109	7268
109	7908
109	3046
109	3433
109	5609
109	2285
109	6767
109	6257
109	7156
109	4341
109	7030
109	6012
109	7274
109	7405
109	7594
109	1059
109	3344
109	5516
109	1022
109	421
109	1202
109	3539
109	1025
109	4268
109	5055
109	7590
109	6897
109	6619
109	7696
109	4636
109	7174
109	7543
109	6954
110	7905
110	7364
110	6444
110	2989
110	6960
110	3345
110	3954
110	6098
110	6611
110	7506
110	4252
110	2397
110	6558
110	5407
110	3555
110	1013
110	4750
111	4224
111	6786
111	7939
111	1412
111	6280
111	4233
111	6667
111	1043
111	1429
111	7450
111	5540
111	1573
111	7464
111	5674
111	1324
111	4660
111	950
111	1846
111	4538
111	7101
111	7615
111	5184
111	2884
111	1861
111	966
111	1865
111	5578
111	3663
111	5840
111	6365
111	3300
111	5225
111	8041
111	3567
111	5360
111	1139
111	1397
111	6136
111	3067
111	2941
111	5825
111	3650
111	6008
111	3006
111	3561
111	4534
111	6087
111	1901
111	1486
111	4363
111	2563
111	1608
111	3048
111	1739
111	2715
111	2959
111	5311
111	1644
111	1537
111	475
111	1198
111	4627
111	740
111	6140
111	380
111	1704
111	3742
111	5182
111	2970
111	2381
111	3040
111	459
111	5078
111	4303
111	1789
111	5877
112	578
112	5507
112	382
112	7624
112	7501
112	5006
112	5903
112	7505
112	5202
112	1365
112	4630
112	1816
112	4252
112	2592
112	2913
112	5601
112	4324
112	1129
112	6187
112	6700
112	2289
112	3059
112	1652
112	4596
112	8117
112	634
112	1597
112	5822
112	3355
112	7855
112	2937
112	423
112	1924
112	2287
112	4151
112	3309
112	4154
112	5728
112	2070
112	3809
112	8138
112	7265
112	7378
112	5953
112	4931
112	4049
112	5248
112	775
112	6892
112	6901
112	7020
112	5824
113	6912
113	3713
113	527
113	2063
113	659
113	3731
113	4246
113	6174
113	4262
113	5927
113	7465
113	2476
113	7469
113	5553
113	5171
113	3900
113	4416
113	1985
113	5826
113	6980
113	463
113	6095
113	2001
113	1630
113	4704
113	6496
113	3682
113	7520
113	7805
113	8037
113	7273
113	4076
113	7918
113	2802
113	2684
113	893
113	5792
113	4172
113	3690
113	3699
113	4605
113	1075
113	2994
113	5099
113	1746
113	6615
113	1169
113	4110
113	2316
113	5614
113	641
113	1779
113	4964
113	4244
113	1190
113	2026
113	6712
113	6846
113	3740
113	5659
113	6080
113	1888
113	6507
113	5491
113	5085
113	3889
113	5527
113	844
113	3254
113	7342
114	4481
114	4610
114	1092
114	7628
114	7821
114	782
114	1231
114	528
114	6135
114	7254
114	7448
114	482
114	4069
114	5548
114	5937
114	6386
114	755
114	628
114	3444
114	3126
114	5238
114	7795
114	1663
114	4272
114	7616
114	4618
115	1927
115	4490
115	5007
115	4880
115	6036
115	1046
115	4121
115	3866
115	4763
115	3870
115	6942
115	7202
115	4646
115	6311
115	1834
115	7723
115	2991
115	5425
115	8121
115	5050
115	3778
115	5577
115	3020
115	4813
115	4174
115	2256
115	5202
115	6743
115	2529
115	490
115	3691
115	3692
115	7146
115	1393
115	5361
115	7678
115	6808
115	7586
115	3760
115	6939
115	2564
115	1551
115	2036
115	4681
115	2341
115	7265
115	7921
115	4574
115	925
115	629
115	1544
115	1724
115	3957
115	1675
115	1626
115	4036
115	7221
115	1406
115	4039
115	515
115	4429
115	3468
115	7492
116	3074
116	6467
116	3448
116	6661
116	5960
116	4489
116	4810
116	5001
116	7244
116	1359
116	1237
116	6361
116	6875
116	4317
116	2338
116	8098
116	4453
116	1319
116	1833
116	6953
116	5163
116	5740
116	1261
116	1840
116	948
116	2997
116	6453
116	1143
116	6136
116	6202
116	5499
116	1489
116	7098
116	3286
116	871
116	3179
116	5631
116	3975
116	5489
116	5428
116	3522
116	2541
116	7066
117	5891
117	7430
117	4238
117	6432
117	3104
117	3875
117	5539
117	7336
117	4521
117	6314
117	1965
117	2349
117	1969
117	2484
117	5044
117	4150
117	6071
117	3641
117	4668
117	5571
117	3528
117	7112
117	4554
117	3159
117	3288
117	990
117	2015
117	3294
117	5222
117	1257
117	1898
117	364
117	3437
117	756
117	3060
117	7415
117	5245
117	3489
117	3675
117	4227
117	2408
117	3427
117	6487
117	3311
117	6688
117	5321
117	4839
117	5565
117	4424
117	3643
117	1550
117	3292
117	3908
117	6516
117	5683
117	1317
118	3585
118	6145
118	645
118	3594
118	652
118	1933
118	2062
118	3085
118	5644
118	4113
118	2324
118	4116
118	7574
118	2460
118	1696
118	1318
118	3878
118	5934
118	4271
118	3767
118	3264
118	2246
118	7497
118	5069
118	6737
118	4059
118	6882
118	4209
118	6514
118	1907
118	3834
118	5756
118	6549
118	4678
118	4134
118	7954
118	4176
118	7046
118	6891
118	1449
118	687
118	7478
118	3547
119	2496
119	5474
119	2755
119	4547
119	6408
119	520
119	5640
119	5879
119	7258
119	7101
119	6996
119	3278
119	5025
120	517
120	1030
120	3591
120	3725
120	6415
120	529
120	913
120	1682
120	2323
120	1685
120	6929
120	7063
120	7186
120	6554
120	543
120	7712
120	7076
120	5414
120	4266
120	2731
120	3245
120	3885
120	7215
120	1330
120	4530
120	564
120	6069
120	8114
120	7095
120	1721
120	7739
120	4414
120	2113
120	1987
120	7880
120	467
120	5718
120	2394
120	5338
120	7002
120	7133
120	2270
120	6751
120	3821
120	1903
120	369
120	1782
120	766
120	7277
120	6490
120	6618
120	1233
120	458
120	940
120	7118
120	2084
120	7673
120	7801
120	8051
120	3081
120	7059
120	7974
120	5579
120	8038
120	6058
120	5396
120	4331
120	1881
120	4529
120	3174
120	3598
121	5504
121	897
121	6535
121	4861
121	1419
121	5132
121	3346
121	3349
121	2201
121	2969
121	4382
121	5538
121	811
121	6572
121	1583
121	7088
121	5426
121	2995
121	6067
121	1850
121	6589
121	2753
121	967
121	7368
121	2125
121	7376
121	4565
121	5848
121	5465
121	3422
121	1389
121	3181
121	624
121	3955
121	5496
121	4346
121	1021
121	2983
121	1067
121	3831
121	1314
121	1793
121	4920
121	6628
121	2546
121	4895
121	2561
121	7372
121	1911
121	352
121	5929
121	3894
121	2518
121	2158
121	2643
121	2942
121	1392
121	7460
121	3918
121	1410
121	4647
121	3338
121	7600
121	5205
121	8030
121	7789
121	2508
121	4427
121	5867
121	2633
121	6297
121	6175
121	1379
121	2999
121	2044
121	7923
121	8048
121	4207
121	552
121	860
121	3685
122	513
122	3713
122	8065
122	6854
122	4617
122	2255
122	1235
122	5272
122	8089
122	539
122	7904
122	5603
122	1508
122	5797
122	4965
122	5795
122	936
122	7206
122	1450
122	4844
122	8108
122	5358
122	6449
122	3698
122	2680
122	762
122	6715
122	4604
122	3666
123	896
123	1154
123	7304
123	2958
123	6030
123	5265
123	3991
123	3992
123	8088
123	6683
123	1821
123	932
123	4004
123	3240
123	6189
123	430
123	5554
123	5685
123	1206
123	5942
123	6651
123	956
123	4669
123	1475
123	964
123	4421
123	1867
123	6220
123	845
123	5840
123	2130
123	1748
123	4822
123	3800
123	3162
123	2398
123	7141
123	2285
123	7150
123	7028
123	1272
123	3578
123	3323
123	766
123	1023
123	6144
123	7349
123	5584
123	7143
123	2327
123	3211
123	7277
123	2468
123	7289
123	6842
124	833
124	3073
124	6978
124	1028
124	709
124	4230
124	3512
124	2571
124	5776
124	6802
124	6997
124	6934
124	2266
124	5018
124	3102
124	7135
124	4640
124	6436
124	741
124	1192
124	554
124	2222
124	6077
124	7791
124	1653
124	3063
124	2040
124	1402
124	6653
124	3186
124	8110
124	1877
124	2960
124	7966
124	3289
124	6233
124	6422
124	2947
124	439
124	6321
124	927
124	5665
124	5250
124	4234
124	7126
124	1854
124	1326
124	7751
124	2290
124	3321
124	7513
124	1344
124	7705
124	4297
124	5734
124	5560
124	6826
125	6272
125	962
125	451
125	4805
125	7814
125	1034
125	5067
125	4492
125	6026
125	2255
125	7631
125	1619
125	2963
125	7957
125	959
125	7706
125	5279
125	3233
125	6434
125	6374
125	2730
125	1643
125	4652
125	6957
125	4270
125	5047
125	5880
125	7419
125	4607
125	5641
125	3789
125	985
125	4463
125	5256
125	6162
125	4551
125	3050
125	954
125	7434
125	6952
125	7742
125	5533
125	4343
125	6643
125	3970
125	818
125	4775
125	5919
125	4967
126	3712
126	1157
126	2758
126	5509
126	7879
126	5065
126	5518
126	3346
126	2387
126	2771
126	2459
126	6173
126	2974
126	7838
126	1701
126	3814
126	489
126	1705
126	4523
126	6377
126	6253
126	3310
126	1647
126	6378
126	8111
126	2099
126	5940
126	693
126	5815
126	7166
126	4119
126	3412
126	3031
126	1351
126	5680
126	2144
126	6628
126	4767
126	5291
126	694
126	2202
126	7727
126	2887
126	1762
126	661
126	6878
127	2369
127	1985
127	3843
127	7099
127	7496
127	3721
127	7177
127	7355
127	4430
127	5142
127	1431
127	921
127	4890
127	5024
127	3709
127	806
127	7719
127	7275
127	1007
127	3504
127	2486
127	3062
127	4410
127	6461
127	1725
127	8126
127	6227
127	4616
127	3825
127	1401
127	7049
127	6795
127	580
127	7320
128	3332
128	5520
128	7443
128	6550
128	5655
128	2712
128	2461
128	6174
128	7078
128	4393
128	4394
128	4148
128	3381
128	570
128	4928
128	6733
128	719
128	2640
128	1106
128	2912
128	4320
128	5861
128	487
128	491
128	748
128	4843
128	7283
128	4598
128	375
128	6646
128	636
128	2301
128	2881
128	3839
128	6879
128	2447
128	974
128	7207
128	6702
128	2613
128	1562
128	3647
128	2905
128	6887
128	1407
128	3782
128	8063
128	6080
128	3476
129	3073
129	4996
129	1157
129	3597
129	2193
129	1942
129	4632
129	3486
129	3490
129	2995
129	1716
129	1080
129	7993
129	5818
129	5187
129	6860
129	4301
129	7249
129	1494
129	7013
129	5752
129	1787
129	5196
129	7121
129	2875
129	7854
129	6793
129	2144
129	6779
129	8068
129	5291
129	5744
129	6419
129	1163
129	1304
129	4978
129	3412
129	6826
129	5842
130	5128
130	1036
130	1677
130	4108
130	7314
130	5523
130	6680
130	3865
130	1311
130	4135
130	4903
130	4009
130	6572
130	4269
130	2479
130	1970
130	3776
130	7245
130	7249
130	7763
130	3540
130	469
130	6357
130	7509
130	4058
130	5341
130	7394
130	503
130	3684
130	1511
130	2288
130	2545
130	3063
130	760
130	4601
130	4477
130	6783
130	2705
130	4264
130	1991
130	7513
130	1344
130	7705
130	2131
130	4776
130	5734
130	3580
130	3818
130	1432
130	5334
130	8110
130	3436
130	1877
130	6761
130	2340
130	4213
130	3612
130	439
130	2352
130	1815
130	927
130	5250
130	4234
130	3639
131	769
131	3844
131	532
131	344
131	1885
131	7076
131	4517
131	7654
131	3433
131	2797
131	1072
131	1904
131	1522
131	1589
131	1208
131	8125
131	4863
131	7059
131	3614
131	4797
131	4190
132	1664
132	2308
132	4230
132	4106
132	5514
132	5643
132	2317
132	4989
132	6039
132	4507
132	6301
132	1567
132	3876
132	4009
132	6829
132	1978
132	2618
132	3645
132	2369
132	1735
132	2249
132	6104
132	861
132	1251
132	4196
132	1768
132	1642
132	3308
132	3181
132	7276
132	3055
132	3443
132	4600
132	2813
132	3819
132	6830
132	1854
132	694
132	352
132	1911
132	7375
132	2158
132	4022
132	2402
132	6319
132	3634
132	4833
132	3341
132	7966
132	5867
132	2633
132	6175
132	2044
132	4683
132	5470
132	3685
133	2946
133	5959
133	6225
133	4371
133	4052
133	4947
133	7706
133	7707
133	5664
133	4972
133	812
133	4653
133	5228
133	3633
133	7025
133	3896
133	825
133	4404
133	4343
133	4967
133	588
133	6952
133	3937
133	3789
133	5113
133	3252
134	7553
134	7557
134	2184
134	6156
134	5775
134	2450
134	2962
134	1812
134	4761
134	6685
134	3488
134	2852
134	4901
134	1702
134	5161
134	1195
134	3757
134	1327
134	1072
134	1712
134	5423
134	7604
134	7350
134	2231
134	1857
134	5185
134	6722
134	4804
134	6979
134	4553
134	1354
134	4685
134	8142
134	2511
134	8144
134	721
134	4561
134	8018
134	3288
134	3545
134	2012
134	4572
134	1886
134	4703
134	3681
134	4069
134	5996
134	3952
134	3442
134	6772
134	1782
134	5750
134	7800
134	1202
134	421
134	1388
134	3133
134	4286
134	4405
134	2617
134	362
134	6128
134	3675
134	3022
134	2259
134	6231
134	6710
134	1493
134	5895
134	3140
134	6624
134	2432
134	6276
134	1550
135	2689
135	3585
135	1411
135	6403
135	6405
135	6917
135	1803
135	1806
135	7183
135	7566
135	2078
135	3617
135	6052
135	3751
135	5420
135	7724
135	4912
135	1079
135	1335
135	1726
135	1215
135	836
135	5706
135	4047
135	1634
135	1636
135	4068
135	1894
135	5095
135	5741
135	4718
135	880
135	4979
135	4852
135	5875
135	5757
135	4678
135	840
135	5886
135	4980
135	1984
135	3070
135	916
135	2356
135	6865
135	870
135	2853
135	5858
135	8086
135	4201
135	6492
135	5259
135	1784
135	6518
135	3224
135	1006
135	1665
135	6894
135	5939
135	539
135	7449
135	8059
135	6448
135	7046
135	3400
135	7305
135	4733
136	896
136	6019
136	4488
136	7060
136	5658
136	422
136	3881
136	3375
136	5551
136	3138
136	5699
136	3153
136	7377
136	2772
136	3673
136	345
136	6365
136	3806
136	6749
136	7138
136	4836
136	3942
136	5990
136	2536
136	4586
136	1259
136	5869
136	7919
136	3184
136	4848
136	4850
136	6007
136	6780
136	7806
136	7105
136	631
136	1345
136	1656
136	4774
136	579
136	524
136	3337
136	5808
136	5811
136	5762
136	7458
136	3678
136	3815
136	2381
136	1655
136	2146
136	2918
136	2774
136	5477
136	7945
136	2844
136	5370
136	7109
136	7722
136	2715
137	5798
137	2315
137	5163
137	7870
137	2350
137	3855
137	5647
137	4593
137	5972
137	5110
137	1783
137	601
137	3326
137	831
137	1891
138	1921
138	1922
138	5827
138	3716
138	7938
138	2696
138	4684
138	6348
138	598
138	6679
138	3096
138	7575
138	7803
138	7069
138	4702
138	3359
138	5154
138	3491
138	5029
138	1896
138	4142
138	4015
138	2543
138	7474
138	4211
138	7602
138	7606
138	7162
138	4347
138	1695
138	4514
138	663
138	2042
138	1829
138	6678
138	1035
138	6142
138	7103
138	6884
138	2429
138	7414
138	7623
138	822
138	5887
138	5691
138	6642
138	7089
139	6212
139	4359
139	520
139	6845
139	3658
139	5195
139	3660
139	4876
139	5265
139	2194
139	2453
139	7125
139	7127
139	4376
139	7829
139	3291
139	1117
139	6749
139	3428
139	3495
139	3567
139	5104
139	5999
139	7344
139	7797
139	7159
139	6075
139	4093
139	5025
139	7609
139	6677
139	5823
139	6644
139	1739
139	1537
139	3671
139	5040
139	7679
139	2780
139	2089
139	3220
139	3618
139	5688
140	6024
140	6539
140	525
140	5646
140	7570
140	7190
140	5914
140	1051
140	1820
140	7197
140	5535
140	1185
140	2210
140	548
140	2980
140	7975
140	5288
140	4274
140	2101
140	6074
140	5435
140	4795
140	1983
140	5568
140	3777
140	838
140	842
140	4682
140	333
140	3411
140	4180
140	1110
140	5599
140	6882
140	4333
140	5233
140	4979
140	1275
140	5916
140	2676
140	2383
140	6160
140	4296
140	1547
140	5751
140	4201
140	2114
140	2718
140	3981
140	2129
140	5259
140	7242
140	887
140	1610
140	5939
140	6064
140	7504
140	3364
140	917
140	7104
140	4102
140	3400
140	5624
140	4367
140	8086
140	4678
140	535
140	7381
140	840
140	6066
140	6725
140	2335
140	7390
140	1929
140	2356
140	5175
140	4400
140	6865
140	4403
140	3753
141	7552
141	6785
141	3588
141	2438
141	383
141	4104
141	7951
141	2963
141	4884
141	3862
141	4507
141	4124
141	2206
141	8096
141	6305
141	5666
141	1831
141	7080
141	1065
141	3114
141	4139
141	5166
141	3121
141	5170
141	4531
141	1462
141	6074
141	5821
141	1087
141	4544
141	1860
141	3526
141	713
141	5705
141	5834
141	3407
141	3919
141	4052
141	3670
141	4055
141	2264
141	5982
141	6367
141	4576
141	7649
141	1378
141	5603
141	5986
141	7524
141	3307
141	2924
141	1520
141	5488
141	6770
141	2419
141	2547
141	885
141	3958
141	1145
141	4348
141	2685
141	1535
141	4749
141	1631
141	392
141	5197
141	6399
141	1478
141	3879
141	5572
141	4577
141	3994
141	336
141	7554
141	3362
141	3002
141	5113
141	3252
141	5717
141	1223
141	6681
141	2425
141	2791
141	4765
141	1186
141	6720
142	6208
142	5193
142	4169
142	4238
142	5649
142	7448
142	7004
142	5596
142	6817
142	1123
142	3494
142	5805
142	4078
142	6126
142	1723
142	1853
142	3262
142	7853
142	3292
142	6516
142	4127
142	5851
142	1189
142	4839
143	5889
143	764
143	4357
143	6921
143	5646
143	6416
143	2325
143	2075
143	3611
143	5660
143	5924
143	2599
143	6443
143	1837
143	3629
143	4909
143	7729
143	6965
143	4664
143	3899
143	3066
143	4420
143	6214
143	2122
143	1357
143	1614
143	847
143	3924
143	3927
143	6232
143	7261
143	7775
143	3936
143	3169
143	1634
143	1380
143	5733
143	618
143	1648
143	2417
143	5493
143	5238
143	4728
143	3451
143	2688
143	7563
143	1420
143	3724
143	402
143	5530
143	672
143	2212
143	8104
143	4273
143	2746
143	3009
143	5834
143	4811
143	3540
143	3303
143	3304
143	3305
143	7400
143	1776
143	2034
143	5109
143	4090
143	2556
143	4094
143	6655
143	6665
143	2705
143	368
143	2232
143	551
143	1570
143	5365
143	1518
143	7589
143	3638
143	6820
143	5865
143	2024
143	3769
143	6054
143	4074
143	7616
143	6115
143	3064
143	3436
143	1221
143	5727
143	7219
143	4711
143	2490
143	5309
143	3335
143	3329
143	2728
143	818
143	4140
143	3606
143	6245
143	1205
143	1391
143	7804
143	6022
143	3981
143	3145
143	4655
143	4060
143	4780
143	3157
143	1784
143	3224
143	5628
143	7251
143	7910
144	1280
144	640
144	3714
144	5378
144	6017
144	1670
144	3719
144	5001
144	4362
144	652
144	7056
144	3729
144	6545
144	7187
144	1814
144	5021
144	2079
144	6562
144	5542
144	1579
144	6956
144	813
144	6190
144	7087
144	7468
144	4657
144	7856
144	7860
144	7739
144	6076
144	6974
144	7359
144	3648
144	1089
144	2498
144	4673
144	5453
144	3663
144	1872
144	3921
144	1234
144	6480
144	7760
144	8020
144	471
144	4952
144	3163
144	357
144	3942
144	1383
144	7142
144	6388
144	5494
144	633
144	4091
144	4860
144	2094
144	7680
144	5938
144	7152
144	3146
144	4159
144	1947
144	327
144	6752
144	6038
144	6221
144	1901
144	5379
144	1605
144	5559
144	1489
144	1135
144	1428
144	4378
144	7383
144	3481
144	5580
144	7499
144	7392
144	3496
144	6556
144	808
144	2901
144	4225
144	5845
144	4356
144	5677
144	7956
144	3404
144	2687
144	2385
144	6592
144	3230
144	963
144	3541
144	6247
144	2531
144	5713
144	1789
144	7458
144	3922
144	508
144	7238
144	5389
144	1487
144	4730
145	1728
145	6273
145	6528
145	7107
145	6790
145	6475
145	847
145	3514
145	530
145	5208
145	5084
145	4894
145	7139
145	4837
145	5606
145	5925
145	6951
145	5548
145	1965
145	4016
145	5042
145	2489
145	698
145	5692
145	2110
145	5119
145	3752
145	5964
145	4082
145	5129
145	4618
146	4096
146	2819
146	7940
146	3976
146	1164
146	1553
146	7829
146	1175
146	3864
146	7834
146	7579
146	3741
146	1699
146	7591
146	4137
146	7851
146	430
146	7856
146	2997
146	7483
146	6207
146	4932
146	5702
146	6342
146	6470
146	7753
146	1485
146	2257
146	3153
146	3667
146	4692
146	3161
146	5214
146	1759
146	5216
146	3300
146	5350
146	3943
146	6505
146	4970
146	4222
146	7422
146	3220
146	4993
146	2918
146	6463
146	6762
146	1188
146	1487
146	886
146	7253
146	7689
146	3671
146	7930
146	977
146	2844
146	7289
146	1947
146	1892
146	6038
146	3997
146	2029
146	5327
146	7618
146	7383
146	7874
146	3496
146	5482
146	6684
146	7715
146	5314
146	6632
146	457
146	7782
146	7181
146	1906
146	6885
146	3764
146	7373
146	2284
146	3846
146	6726
146	5713
146	5838
146	4157
147	4484
147	3592
147	3466
147	6798
147	5008
147	1939
147	7317
147	4377
147	4889
147	1951
147	1826
147	2598
147	1456
147	2869
147	5303
147	6968
147	2239
147	578
147	5445
147	7367
147	5577
147	1740
147	7387
147	4828
147	2272
147	4706
147	7911
147	745
147	4088
147	4731
147	3068
147	637
147	3557
147	7770
147	1836
147	4838
147	7132
147	5335
147	5600
147	1460
147	4265
147	7296
147	6814
147	5450
147	3537
147	1990
147	6127
147	6307
147	4278
147	4455
147	5248
147	4354
147	6447
147	4131
147	3115
147	6178
147	4512
147	7148
148	2052
148	1925
148	3206
148	4743
148	3848
148	1164
148	1933
148	3599
148	5263
148	8084
148	4117
148	4886
148	1047
148	2200
148	5144
148	6421
148	6806
148	541
148	3617
148	6435
148	7463
148	5801
148	6441
148	7085
148	4014
148	2426
148	3127
148	4025
148	3642
148	1087
148	4673
148	2122
148	4942
148	7928
148	1757
148	3807
148	5599
148	1505
148	1003
148	4460
148	5742
148	6769
148	1528
148	3706
148	3581
148	2204
148	2509
148	6048
148	5572
148	2457
148	2396
148	1441
148	4403
148	5175
148	1221
148	687
148	7219
148	6691
148	870
148	7954
148	2133
148	336
148	2322
148	5751
148	3530
148	7203
148	6312
148	5464
148	4698
148	3447
148	8066
148	2791
148	2794
148	6159
148	7242
148	1015
148	6601
148	603
148	5768
148	5957
148	1521
148	5368
148	392
148	1478
149	6148
149	3719
149	7438
149	7824
149	5656
149	5912
149	5020
149	8094
149	3745
149	5026
149	5629
149	1961
149	1833
149	1069
149	7091
149	8115
149	3253
149	1206
149	6327
149	7994
149	3131
149	7615
149	7743
149	4802
149	452
149	2501
149	4040
149	7369
149	3658
149	5706
149	4048
149	6228
149	6358
149	4318
149	5217
149	7016
149	4841
149	6505
149	7144
149	2420
149	6007
149	3705
149	1404
149	3069
149	2174
149	7423
149	7850
149	1489
149	1135
149	4363
149	3179
149	4012
149	7383
149	7136
149	2587
149	4210
149	3609
149	2840
149	5845
149	579
149	457
149	7956
149	7547
149	5524
149	3242
149	6247
149	1265
149	8059
149	7098
149	3037
149	2320
149	4129
149	7253
149	788
149	5712
149	4696
149	3146
149	7399
149	6087
149	3518
149	3997
149	7066
150	514
150	6786
150	7940
150	5765
150	4998
150	6029
150	7438
150	7572
150	1814
150	4760
150	8088
150	2978
150	4138
150	7982
150	3120
150	817
150	1081
150	6458
150	7871
150	2752
150	2248
150	7757
150	3535
150	3791
150	465
150	1875
150	7125
150	345
150	5347
150	1124
150	4583
150	7913
150	6763
150	1516
150	493
150	4332
150	5357
150	5740
150	7934
150	7282
150	5110
150	6525
150	6782
150	740
150	679
150	6738
150	6677
150	508
150	5252
150	6576
150	6335
150	3754
150	3220
150	4721
150	3458
150	2744
150	828
150	4248
150	2146
150	4868
150	3058
150	5825
150	3604
150	5038
150	4208
150	2777
150	5126
150	7704
150	3149
150	3387
150	1413
150	3158
150	3286
150	8024
150	1739
150	1509
150	1266
150	3664
150	6428
150	2468
150	6919
150	7932
150	1644
150	6199
150	2541
150	6086
150	7105
150	5311
150	5009
150	5314
150	6574
150	6632
150	6034
150	3764
150	2083
150	3947
150	5866
150	4667
150	5631
150	6540
150	1265
150	5823
150	1689
150	3541
151	2048
151	1797
151	3602
151	6420
151	2581
151	6936
151	3995
151	2211
151	5284
151	805
151	5673
151	3885
151	1712
151	3132
151	5056
151	2374
151	2377
151	2634
151	6349
151	3414
151	2010
151	4571
151	3805
151	7648
151	7393
151	5218
151	2150
151	5609
151	1517
151	5490
151	6259
151	7799
151	1405
151	4863
151	5286
151	4797
151	2380
151	2495
151	5799
151	7952
151	5917
151	4365
151	7100
151	7974
151	2985
151	5071
152	1408
152	4483
152	8075
152	5269
152	1559
152	1946
152	7713
152	5411
152	7212
152	3119
152	1458
152	1714
152	698
152	2107
152	1468
152	6462
152	2938
152	6464
152	5057
152	4670
152	5439
152	455
152	5192
152	4944
152	725
152	5079
152	5591
152	7396
152	7017
152	364
152	4078
152	7535
152	6002
152	628
152	5495
152	5626
152	5630
152	7456
152	791
152	3426
152	8000
152	4856
152	5611
152	6267
152	378
153	7425
153	642
153	6152
153	6409
153	5131
153	3603
153	6550
153	4250
153	414
153	6687
153	673
153	6569
153	7465
153	2485
153	3256
153	5817
153	2873
153	4548
153	580
153	3399
153	5831
153	585
153	714
153	1100
153	6093
153	2258
153	6741
153	7894
153	356
153	5991
153	876
153	2157
153	1525
153	2296
153	3583
153	5614
153	5077
153	2316
153	7716
153	4900
153	2026
153	4366
153	351
153	2209
153	2447
153	4030
153	854
153	5122
153	6080
153	988
153	1888
153	6879
153	7556
153	844
153	3782
153	1158
153	1765
153	3867
153	6686
153	3690
153	7229
153	5981
153	758
153	7857
153	3839
154	3971
154	6787
154	2181
154	1927
154	1548
154	4748
154	4877
154	3217
154	6929
154	2196
154	7189
154	6807
154	3099
154	1819
154	2720
154	3108
154	1661
154	7719
154	4141
154	4276
154	7476
154	6719
154	4035
154	4676
154	5444
154	6211
154	7875
154	1480
154	6909
154	7240
154	8006
154	5325
154	4175
154	3152
154	7391
154	6113
154	7522
154	355
154	4835
154	2277
154	2022
154	7805
154	1641
154	3817
154	491
154	4845
154	7920
154	3441
154	5882
154	1020
154	5885
154	509
154	3273
154	4472
154	3828
154	5030
154	1073
154	2644
154	2711
154	1149
154	1753
154	6317
154	3803
154	6152
154	4236
154	7049
154	4245
154	3098
154	3525
154	3476
154	3610
154	2054
154	7460
154	4043
154	2188
154	1172
154	3756
154	3341
154	2081
154	2145
154	7584
154	6227
154	7914
154	1379
154	5638
154	4149
154	6315
154	6855
154	6495
154	5299
154	4164
155	2698
155	5262
155	1044
155	2719
155	3744
155	1579
155	5165
155	7598
155	956
155	449
155	1859
155	6467
155	1606
155	3535
155	338
155	2898
155	4562
155	3030
155	477
155	862
155	7646
155	736
155	6368
155	3042
155	5731
155	612
155	4586
155	4715
155	4970
155	369
155	6513
155	1908
155	2932
155	2550
155	4853
155	7544
155	6777
155	3067
155	5247
155	5221
155	6362
155	7027
155	7173
155	7722
155	4674
155	1400
155	2059
155	6940
155	2687
155	3471
155	3230
155	5039
155	5457
155	4752
155	4331
155	5774
155	7818
155	3922
155	2198
155	4785
155	4123
156	8002
156	2243
156	2439
156	3720
156	970
156	907
156	4428
156	4815
156	1298
156	1874
156	6546
156	597
156	1819
156	1245
156	4062
156	2207
156	3682
156	5543
156	2793
156	3177
156	6906
156	5294
156	1647
156	2481
156	7474
156	4085
156	6198
156	375
156	5178
156	2619
156	2492
156	3122
156	428
156	6239
156	4558
156	5172
156	3652
156	4336
156	3802
156	7386
156	7290
156	1240
156	6209
156	6177
156	8063
156	5257
156	2068
157	1607
157	5833
157	2126
157	5136
157	6552
157	1115
157	4956
157	3039
157	6817
157	7139
157	7396
157	3687
157	3369
157	4651
157	685
157	4144
157	2483
157	4597
157	630
157	4857
157	5371
157	712
157	4386
157	5437
157	1981
158	5377
158	1669
158	7686
158	4231
158	5896
158	6025
158	6026
158	400
158	1809
158	3602
158	1174
158	408
158	6040
158	7577
158	5500
158	1182
158	3488
158	549
158	1445
158	807
158	3621
158	4517
158	2986
158	427
158	3370
158	5413
158	2992
158	2611
158	1463
158	3644
158	8128
158	6597
158	3142
158	2759
158	2378
158	4822
158	5846
158	6108
158	5086
158	3816
158	5738
158	2540
158	3821
158	4334
158	1008
158	7794
158	4221
158	7163
158	3196
158	6909
158	592
158	1260
158	5055
158	7279
158	8051
158	2172
158	3743
158	7590
158	2428
158	5555
158	1000
158	1482
158	5579
158	6058
158	722
158	7992
158	5475
158	3614
158	6619
158	1338
158	3344
158	4013
158	5816
158	7201
158	6658
158	3793
158	2951
158	5895
158	626
158	3686
158	1349
158	6944
159	7424
159	6278
159	6408
159	3210
159	4875
159	5387
159	2446
159	7056
159	5627
159	5658
159	6171
159	4383
159	678
159	4904
159	1324
159	6061
159	6189
159	1848
159	5176
159	6201
159	1212
159	5693
159	4031
159	449
159	2939
159	4292
159	5317
159	4425
159	5709
159	2514
159	1367
159	3291
159	1501
159	4317
159	1759
159	4318
159	4322
159	4452
159	4976
159	2299
159	7934
159	679
159	3211
159	2149
159	2146
159	3116
159	3058
159	8046
159	3561
159	5428
159	5138
159	705
159	1428
159	6086
159	4225
159	750
159	5677
159	3166
159	3770
159	1256
159	5753
159	5762
160	512
160	5386
160	1807
160	4373
160	1306
160	7454
160	7971
160	6948
160	6694
160	2855
160	6438
160	2603
160	6443
160	5937
160	5682
160	6449
160	3892
160	6451
160	7986
160	6967
160	3385
160	7743
160	1088
160	1090
160	1860
160	5701
160	1863
160	586
160	5965
160	3672
160	5721
160	7516
160	7009
160	354
160	5989
160	3175
160	7785
160	6252
160	8044
160	4720
160	3697
160	6521
160	6015
160	6271
160	2185
160	3723
160	7307
160	914
160	918
160	2710
160	7327
160	3497
160	1452
160	4525
160	1710
160	441
160	7612
160	4044
160	7117
160	7633
160	3282
160	724
160	6356
160	6106
160	6123
160	2800
160	5619
160	6648
160	4092
160	1971
160	4735
160	4128
160	3832
160	7987
160	5525
160	5708
160	5958
160	2788
160	2245
160	994
160	1293
160	2199
160	2678
160	2092
160	7309
160	2940
160	1564
160	6183
160	2586
160	3666
160	7571
160	2952
160	1512
160	6924
160	6692
160	1060
160	7793
160	895
160	7619
160	965
160	1923
160	4885
160	5605
160	5681
160	3707
161	6150
161	7441
161	7825
161	1299
161	2195
161	2329
161	7322
161	3356
161	6429
161	416
161	2088
161	3113
161	4905
161	2606
161	7218
161	3507
161	7347
161	3384
161	7614
161	2625
161	2504
161	7883
161	1996
161	4943
161	2768
161	2137
161	5212
161	5342
161	5726
161	6370
161	4835
161	2661
161	4071
161	4584
161	5223
161	4461
161	5357
161	2416
161	8050
161	2039
161	6521
161	7550
161	7944
161	6764
161	7754
161	7519
161	3700
161	6834
161	5137
161	5316
161	4541
161	6868
161	6347
162	1155
162	4233
162	2187
162	1045
162	4758
162	8087
162	6433
162	5416
162	426
162	4011
162	6060
162	7220
162	3253
162	7225
162	7358
162	4160
162	6850
162	4170
162	5323
162	3533
162	1617
162	1234
162	7382
162	862
162	3295
162	2016
162	4575
162	4322
162	5216
162	6111
162	7006
162	3558
162	7410
162	1780
162	7924
162	531
162	2331
162	5580
162	3609
162	7401
162	2901
162	524
162	7373
162	5524
162	3242
162	3788
162	856
162	5774
162	2726
162	3696
162	7665
162	3116
162	5221
162	1560
162	4217
162	5480
162	3158
163	1280
163	1792
163	3074
163	2435
163	6788
163	3591
163	3593
163	4875
163	7312
163	4628
163	1175
163	7575
163	7960
163	668
163	6557
163	1183
163	2978
163	2467
163	676
163	4519
163	7592
163	2475
163	691
163	7220
163	3640
163	6328
163	7865
163	4672
163	7106
163	7493
163	2378
163	5578
163	3660
163	8141
163	5711
163	7523
163	484
163	2916
163	5990
163	5736
163	6383
163	2420
163	1269
163	7799
163	6777
163	3322
163	6651
163	1788
163	5677
163	808
163	3160
163	3166
163	7547
163	591
163	4130
163	6229
163	5808
163	6955
163	3947
163	475
163	2351
163	2116
163	3260
163	3742
163	871
163	3754
163	4303
163	6762
163	5087
163	886
163	1310
163	3906
163	3688
163	7756
163	5480
163	446
163	6987
163	2495
163	3097
163	1486
163	6105
163	2563
163	1611
163	6995
163	5467
163	1266
163	2715
163	1345
163	5735
164	5637
164	774
164	6600
164	1801
164	1098
164	3849
164	3853
164	4879
164	1488
164	2128
164	3985
164	6927
164	5654
164	5210
164	540
164	7931
164	737
164	998
164	2088
164	3304
164	2923
164	1068
164	4971
164	6380
164	1263
164	7472
164	7728
164	3187
164	6451
164	6395
164	3582
164	4910
164	3139
164	6543
164	1127
164	2788
164	991
164	1627
164	5684
164	7185
164	4541
164	3568
164	6843
164	6692
164	7251
164	5232
164	581
165	547
165	1831
165	3723
165	6831
165	1138
165	1204
165	1813
165	6426
165	3069
165	6527
165	2204
165	917
166	5062
166	7432
166	589
166	2254
166	5455
166	7888
166	6938
166	3771
166	799
166	5218
166	3043
166	5668
166	2534
166	7142
166	3241
166	7017
166	5036
166	2483
166	756
166	3059
166	2936
166	696
166	7865
166	2171
166	3990
166	6553
166	553
166	1331
166	4526
166	398
166	2365
166	7495
166	7193
166	1085
166	3798
166	3377
166	1998
167	7810
167	6277
167	5829
167	8072
167	5068
167	7884
167	724
167	5141
167	5590
167	1119
167	4896
167	2785
167	5088
167	5348
167	5223
167	2923
167	2095
167	7983
167	502
167	7735
167	2872
167	2682
167	6269
167	2861
168	4352
168	6534
168	1033
168	1162
168	6032
168	3477
168	6554
168	5278
168	7711
168	6051
168	1958
168	935
168	5417
168	4396
168	6708
168	4664
168	1343
168	7617
168	3524
168	1733
168	4941
168	2770
168	3287
168	5468
168	5086
168	1253
168	5479
168	1904
168	498
168	1010
168	1012
168	4851
168	7800
168	2173
168	7295
168	7767
168	6063
168	7503
168	6869
168	4902
168	572
168	7174
168	834
169	5441
169	2438
169	1159
169	6215
169	7370
169	3531
169	4433
169	7129
169	5279
169	3170
169	7012
169	4965
169	2278
169	4653
169	5805
169	7536
169	4342
169	6264
169	892
169	2238
169	7467
169	7642
170	2820
170	1734
170	1160
170	3529
170	6986
170	4173
170	526
170	3662
170	7889
170	6098
170	1107
170	596
170	6293
170	7953
170	5336
170	4513
170	5601
170	7845
170	7911
170	937
170	5737
170	7340
170	4783
170	5950
170	8062
170	6068
170	5433
170	6522
170	2750
170	6230
170	3755
170	454
170	3115
170	5728
170	5111
170	7316
170	6901
170	5760
170	4866
170	6941
170	7020
170	7855
170	7148
170	780
170	6707
170	5450
170	866
171	1601
171	6145
171	4355
171	5125
171	7749
171	1226
171	1803
171	6477
171	3988
171	4884
171	5976
171	1882
171	2011
171	3548
171	7131
171	8093
171	1983
171	6499
171	7972
171	7014
171	619
171	1771
171	3628
171	7213
171	1776
171	8055
171	3065
171	3706
171	635
171	2558
171	2559
171	887
171	1057
171	7820
171	1391
171	7029
171	2728
171	1348
172	5442
172	1092
172	5962
172	7692
172	6870
172	7702
172	4184
172	6200
172	5246
172	1957
172	3431
172	2600
172	2990
172	4975
172	3056
172	6961
172	5042
172	7991
172	696
172	5564
172	6462
172	6553
172	3752
172	4790
173	6529
173	1930
173	6286
173	4498
173	4372
173	2837
173	3734
173	3351
173	2584
173	5401
173	5018
173	6036
173	1948
173	6173
173	5662
173	6813
173	1824
173	4897
173	6049
173	6184
173	3376
173	6039
173	6577
173	6579
173	7993
173	3902
173	447
173	3263
173	3776
173	4549
173	8009
173	1868
173	3152
173	5329
173	2134
173	7897
173	986
173	1498
173	5339
173	4446
173	1377
173	7395
173	4324
173	3955
173	1781
173	3449
173	2811
173	1917
173	3216
173	8030
173	2633
173	3112
173	6419
173	2944
173	6297
173	8039
173	5452
173	1507
173	5226
173	6736
173	8048
173	4515
173	1580
173	439
173	5900
173	1693
173	3203
173	1598
173	5744
173	1305
173	2202
173	7727
173	1793
173	7486
173	6830
173	5820
173	2644
173	4563
173	496
173	3321
173	978
173	8068
173	4767
173	694
173	2546
173	5557
173	1356
173	7961
173	1304
173	703
173	7842
173	7854
173	4132
173	2332
173	7375
173	6905
173	1395
173	1459
173	1392
173	5291
173	1163
173	3918
173	3634
173	3338
174	4351
174	1096
174	1867
174	6285
174	7636
174	7765
174	1303
174	1239
174	2521
174	7577
174	2846
174	2211
174	4067
174	6501
174	6442
174	7806
174	7982
174	6383
174	4913
174	6772
174	1397
174	7924
174	3703
174	4031
174	1404
174	8125
174	574
174	3903
174	446
174	7688
174	2531
174	5524
175	5505
175	4228
175	1672
175	1802
175	1274
175	4111
175	5519
175	6931
175	7188
175	3737
175	4764
175	932
175	5156
175	6308
175	1447
175	1575
175	2731
175	7740
175	1728
175	5057
175	3781
175	6085
175	6344
175	7881
175	4298
175	8011
175	7123
175	3284
175	4572
175	7007
175	2789
175	3173
175	4858
175	5617
175	1778
175	4467
175	1270
175	4345
175	6394
175	5883
175	5500
175	2173
175	2524
175	7503
175	6789
175	5410
175	7274
175	3570
175	2734
175	1059
175	1187
175	6346
175	3600
175	3084
175	5070
175	3453
175	1424
175	7303
175	4902
175	1131
175	3416
175	6714
175	6119
175	2339
175	1997
175	7696
175	3086
175	7543
175	834
175	6841
175	6359
176	5441
176	4295
176	3148
176	4817
176	6225
176	7826
176	3862
176	3735
176	1341
176	7901
176	2792
176	5290
176	3244
176	6957
176	2670
176	5358
176	1651
176	6197
176	1146
176	3837
176	7000
176	6399
176	4961
177	646
177	3593
177	2315
177	5773
177	7182
177	1295
177	1040
177	2964
177	6805
177	3864
177	1439
177	6562
177	4777
177	4138
177	3380
177	3895
177	2878
177	3903
177	7358
177	2884
177	3396
177	7236
177	7365
177	6856
177	7750
177	6862
177	7248
177	1236
177	5337
177	735
177	7138
177	5731
177	6757
177	1766
177	2919
177	1903
177	4976
177	1016
177	3705
177	4991
177	6362
177	1560
177	8046
177	7027
177	7152
177	4217
177	5480
177	2539
177	1947
177	5370
177	6752
177	2563
177	1611
177	2331
177	1428
177	7499
177	5580
177	3975
177	6739
177	2727
177	750
177	5009
177	3160
177	524
177	1906
177	2385
177	1973
177	3471
177	1198
177	7748
177	856
177	5182
177	3696
177	459
177	2149
177	828
177	6112
177	5938
177	3116
178	2817
178	4741
178	3078
178	1416
178	3464
178	395
178	4239
178	3733
178	1054
178	799
178	926
178	2593
178	3107
178	3363
178	4003
178	7334
178	4392
178	4521
178	2091
178	4525
178	7597
178	7732
178	1845
178	4536
178	4799
178	832
178	706
178	6218
178	2764
178	7887
178	4688
178	4050
178	2263
178	5208
178	1632
178	2280
178	7535
178	3314
178	4595
178	7795
178	630
178	1144
178	1405
178	1711
178	6500
178	1331
178	6847
178	7952
178	5046
178	6425
178	2365
178	2985
178	6672
179	7936
179	2821
179	7562
179	3601
179	4369
179	2714
179	6942
179	5408
179	1966
179	2225
179	1588
179	2487
179	5431
179	6713
179	1594
179	6587
179	7224
179	5310
179	6078
179	6594
179	2500
179	5064
179	8136
179	4812
179	3068
179	3534
179	7506
179	598
179	5975
179	731
179	3808
179	485
179	7525
179	2282
179	3178
179	7536
179	1649
179	5878
179	6522
179	1532
179	1469
179	2729
179	2668
179	5066
179	6524
179	2503
179	5035
179	7561
179	2228
179	7817
179	5770
179	4275
179	3027
179	461
179	6404
179	955
179	3243
179	4686
179	5235
179	6678
179	1604
179	3523
179	4542
179	7852
179	4429
179	2879
179	2464
179	6003
179	1866
179	7034
179	6439
180	3842
180	396
180	3985
180	1938
180	4242
180	404
180	7315
180	4118
180	3736
180	409
180	3993
180	1563
180	5918
180	2474
180	5935
180	4656
180	2234
180	829
180	4925
180	6981
180	4944
180	7762
180	3419
180	732
180	5342
180	7009
180	3810
180	1126
180	5101
180	4337
180	4338
180	5622
180	6781
180	1535
180	5137
180	7165
180	5120
180	4856
180	3249
180	1394
180	5611
180	1471
180	1506
180	2425
180	3315
181	1152
181	3969
181	7177
181	2826
181	2954
181	5140
181	7831
181	5273
181	2208
181	2337
181	5287
181	4779
181	6188
181	6829
181	6067
181	693
181	824
181	7096
181	2876
181	5698
181	6213
181	4938
181	8139
181	460
181	1868
181	3917
181	719
181	3024
181	849
181	4560
181	7635
181	2516
181	5333
181	1878
181	7895
181	8015
181	5344
181	353
181	1890
181	2915
181	356
181	869
181	7266
181	8040
181	3564
181	4076
181	7790
181	1020
181	7961
181	352
181	2643
181	2646
181	6905
181	1694
181	4647
181	6984
181	1410
181	3216
181	6932
181	3338
181	5077
181	708
181	4787
181	2508
181	6712
181	2999
181	2224
181	7923
181	2895
181	5900
181	4164
181	387
181	1113
181	6452
181	3926
181	4466
181	3819
181	4658
181	1067
181	7846
181	6830
181	6650
181	594
181	4920
181	2662
181	804
181	984
181	6094
181	2613
181	4831
181	6881
182	8133
182	2826
182	4042
182	4559
182	4112
182	1873
182	7701
182	5528
182	6488
182	5530
182	2141
182	1437
182	2783
182	3871
182	7391
182	695
182	4843
182	3566
182	5487
182	438
182	2679
182	6326
182	6969
182	5114
182	6206
182	425
182	7255
182	1267
182	6731
182	6422
182	2925
182	7341
182	8064
182	5997
182	4791
182	4527
182	7346
183	3969
183	1538
183	4485
183	649
183	2834
183	4754
183	2836
183	4756
183	7701
183	7959
183	6172
183	5534
183	673
183	5927
183	1321
183	5033
183	2363
183	1856
183	8002
183	6469
183	7368
183	7891
183	6109
183	5471
183	5473
183	7011
183	2411
183	7532
183	6381
183	7920
183	4849
183	636
183	4478
183	387
183	3312
183	7037
183	647
183	1113
183	4658
183	6193
183	537
183	2816
183	3227
183	4043
183	5638
183	6495
183	365
183	1503
183	4659
183	7996
184	2624
184	4290
184	2050
184	5449
184	5131
184	1549
184	7053
184	6353
184	3605
184	4693
184	6109
184	5663
184	2720
184	5281
184	5794
184	6626
184	7587
184	1830
184	6246
184	3820
184	6636
184	7790
184	5553
184	8113
184	6963
184	7988
184	437
184	6646
184	7484
184	6270
184	5526
184	6615
184	2655
184	5614
184	931
184	351
184	2209
184	476
184	5659
184	5122
184	6507
184	7471
184	1531
184	988
184	7556
184	1729
184	6375
184	3434
184	3925
184	4172
184	5981
184	1746
184	6887
184	7857
184	3839
185	1026
185	1794
185	6155
185	401
185	4370
185	915
185	3347
185	7314
185	7828
185	5271
185	4122
185	3486
185	8097
185	5538
185	3750
185	3626
185	4781
185	2864
185	2738
185	4786
185	1719
185	2361
185	3905
185	1731
185	5444
185	1093
185	3910
185	5956
185	2760
185	7879
185	4555
185	3277
185	3536
185	6737
185	1878
185	2135
185	3799
185	2649
185	4446
185	6368
185	3940
185	2023
185	2279
185	6120
185	4842
185	2411
185	6121
185	4077
185	4974
185	6123
185	7276
185	4339
185	2164
185	6009
185	3836
185	3709
185	4479
185	1503
185	3727
185	4395
185	984
185	3092
185	7058
185	1356
185	4022
185	7320
185	5645
185	1163
185	4659
185	2917
185	3112
185	6193
185	445
185	6089
185	1955
185	4200
186	4992
186	771
186	3204
186	6149
186	4743
186	1808
186	4114
186	1048
186	5373
186	923
186	7585
186	6434
186	5926
186	2480
186	3507
186	4662
186	3767
186	4407
186	4546
186	4930
186	6781
186	3783
186	6472
186	842
186	8140
186	6866
186	2014
186	1121
186	7649
186	5994
186	1133
186	6000
186	5106
186	1142
186	1529
186	1914
186	5757
186	2558
186	7954
186	5919
186	2798
186	2322
186	3225
186	4491
186	2642
186	787
186	6486
186	1452
186	6675
186	3313
186	4698
186	985
186	3392
186	3935
186	2794
186	1125
186	3465
186	3364
186	6363
186	5582
186	6671
186	1637
186	3342
186	7241
186	4367
186	2213
186	7820
186	6691
187	3076
187	389
187	1543
187	2568
187	4232
187	5511
187	5497
187	2829
187	2195
187	2835
187	4372
187	4374
187	7832
187	1827
187	7591
187	3629
187	3762
187	4274
187	6324
187	3127
187	4537
187	2108
187	5315
187	7875
187	7237
187	3911
187	715
187	720
187	2902
187	7510
187	4826
187	7003
187	1372
187	3548
187	6238
187	1889
187	2658
187	4834
187	6754
187	7533
187	5106
187	5875
187	2038
187	2169
187	6586
187	5985
187	1006
187	7196
187	6894
187	539
187	6064
187	783
187	1692
187	2830
187	1570
187	8059
187	6448
187	1646
187	7046
187	7241
187	2930
187	4367
187	1673
187	8086
187	6478
187	2457
187	4733
187	4980
187	6066
187	5105
187	1984
187	1929
187	916
187	2853
187	513
187	2383
187	2621
187	5980
187	4491
187	1132
187	1742
187	2642
187	3011
187	7029
187	6492
187	1223
187	2312
188	2306
188	3461
188	7560
188	4105
188	3467
188	396
188	5521
188	1684
188	534
188	3863
188	5404
188	1309
188	1438
188	6429
188	3874
188	4898
188	3236
188	5931
188	6320
188	5174
188	951
188	568
188	2106
188	5068
188	7117
188	1102
188	4945
188	5844
188	4568
188	5210
188	3170
188	615
188	1255
188	2409
188	753
188	6387
188	5109
188	1271
188	6652
188	965
188	3424
188	730
188	6203
188	2490
188	1602
188	1074
188	7734
188	5531
188	909
188	2056
188	7642
188	1168
188	1293
188	1897
188	6043
188	2092
188	1491
188	2940
188	4569
188	5292
188	1210
188	4874
188	2189
188	5865
188	7482
188	7793
189	5128
189	1291
189	6796
189	5133
189	2831
189	5394
189	5780
189	5653
189	1942
189	5786
189	3999
189	7840
189	6053
189	3366
189	6949
189	5032
189	6824
189	7717
189	4267
189	4399
189	7161
189	7102
189	2811
189	3008
189	7635
189	4439
189	988
189	6621
189	7776
189	7137
189	355
189	3814
189	6121
189	1389
189	4462
189	1141
189	2037
189	7669
189	5881
189	1786
189	763
189	6793
189	5215
189	7699
189	1765
189	6779
189	4776
189	4445
189	3580
189	4515
189	5334
190	2178
190	1667
190	5890
190	2064
190	7568
190	4755
190	6420
190	3477
190	4391
190	681
190	2993
190	8116
190	1590
190	2615
190	4023
190	2362
190	4806
190	7880
190	4042
190	2511
190	3920
190	5328
190	348
190	7007
190	4064
190	5739
190	5103
190	5616
190	4981
190	6517
190	2555
190	7167
190	1374
190	3598
190	6841
190	1200
190	6789
190	6618
190	4830
190	2432
190	458
190	6346
190	5635
190	894
190	5586
190	4625
190	2825
190	1211
190	680
190	6373
190	1879
190	2968
190	7526
190	2074
190	1360
190	7239
190	3425
190	7208
190	2357
190	4041
190	1823
190	7055
190	7909
191	3714
191	394
191	3219
191	725
191	5915
191	2334
191	6564
191	1322
191	5354
191	2286
191	6192
191	691
191	2996
191	3956
191	6260
191	1527
191	3577
191	5371
191	7676
191	5438
191	7075
191	5437
191	7837
191	712
192	3200
192	1153
192	2945
192	6274
192	5764
192	7299
192	1165
192	1678
192	5775
192	5392
192	3989
192	5143
192	3996
192	4508
192	1446
192	4778
192	821
192	1333
192	4153
192	4539
192	443
192	8123
192	4926
192	3390
192	6718
192	1609
192	2890
192	8012
192	5328
192	7515
192	4065
192	6369
192	3939
192	5091
192	4585
192	5227
192	3437
192	623
192	3439
192	6512
192	1778
192	883
192	1658
192	7163
192	5116
192	2784
192	7650
192	4056
192	2259
192	7418
192	6298
192	1795
192	3235
192	1273
192	3079
192	5785
192	1593
192	7115
192	4360
192	2807
192	6828
192	7133
192	5516
192	7801
192	6864
192	3084
192	5186
192	1171
192	7413
192	6946
192	3797
192	435
193	2626
193	6917
193	6214
193	4999
193	4232
193	6791
193	2062
193	4694
193	3672
193	541
193	669
193	4510
193	2594
193	803
193	6499
193	2086
193	5298
193	1275
193	6675
193	2952
193	5464
193	6872
193	7820
194	3456
194	3715
194	4355
194	4615
194	3596
194	3854
194	3348
194	792
194	6041
194	2971
194	7836
194	6047
194	6176
194	2346
194	2730
194	3500
194	4654
194	4656
194	3633
194	6778
194	4024
194	2622
194	3134
194	4288
194	6206
194	1477
194	7877
194	8005
194	6216
194	1225
194	5194
194	5705
194	7629
194	5455
194	6480
194	6228
194	3413
194	4437
194	2263
194	6104
194	473
194	7892
194	7772
194	2016
194	2786
194	2796
194	6510
194	6129
194	3188
194	2039
194	1913
194	1146
194	891
194	2425
194	6481
194	4311
194	846
194	7956
194	4404
194	5657
194	5717
194	6181
194	4551
194	3362
194	4210
194	6399
194	7823
194	7250
194	3377
194	2226
195	512
195	6081
195	903
195	2824
195	521
195	5193
195	4687
195	5072
195	2961
195	3474
195	2899
195	5079
195	3482
195	7902
195	7071
195	5984
195	4771
195	6629
195	1001
195	7217
195	1586
195	7475
195	3444
195	6071
195	3454
195	6355
195	5812
195	3908
195	5046
195	8000
195	378
196	1024
196	5376
196	2314
196	1036
196	525
196	2065
196	4626
196	2328
196	4377
196	3872
196	4393
196	6444
196	7214
196	5167
196	815
196	7476
196	3637
196	567
196	4152
196	6457
196	6459
196	2620
196	6205
196	6971
196	4671
196	833
196	3399
196	6730
196	7247
196	7761
196	8022
196	4188
196	863
196	872
196	6508
196	623
196	4219
196	6784
196	2950
196	2704
196	4498
196	6293
196	7576
196	5274
196	3232
196	7072
196	7841
196	3491
196	4007
196	2221
196	6324
196	7351
196	4283
196	961
196	4290
196	6083
196	3268
196	456
196	7624
196	5324
196	2766
196	463
196	3790
196	5326
196	3542
196	7638
196	7645
196	4832
196	5089
196	2018
196	995
196	485
196	5095
196	6631
196	6890
196	1004
196	5361
196	2292
196	4606
196	6143
196	1058
196	6397
196	5625
196	7196
196	2937
196	423
196	7861
196	432
196	2891
196	5289
196	6674
196	3803
196	7342
196	1893
196	2491
196	2805
196	8138
196	1490
196	2683
196	6518
196	953
196	5035
196	5459
196	5285
196	1984
196	7390
196	7149
196	5587
196	1273
196	1691
196	3677
196	7039
196	6865
196	6084
196	1523
196	2429
196	6694
196	5791
196	6697
196	5797
196	1242
196	2621
196	2447
196	6166
196	2145
196	470
196	6233
196	1373
196	2517
196	1742
196	1147
196	6010
196	6315
196	2114
196	7038
196	677
196	6141
196	6321
196	1406
196	6864
196	6330
196	1409
196	5860
197	7427
197	3076
197	2693
197	904
197	1928
197	4235
197	1676
197	7308
197	655
197	6673
197	1558
197	2842
197	1436
197	3874
197	1445
197	3373
197	944
197	1201
197	7858
197	441
197	2746
197	3129
197	2622
197	1098
197	972
197	2768
197	4182
197	1751
197	855
197	6366
197	3167
197	4449
197	6766
197	4337
197	3701
197	2423
197	2682
197	3329
197	6834
197	7380
197	1977
197	6843
197	909
197	5531
197	2242
197	1168
197	747
197	3386
197	3758
197	3944
197	7083
197	1210
197	5292
197	2604
197	7769
197	6994
197	5847
197	5615
197	7482
197	1127
197	4541
197	7250
197	7787
197	2213
197	730
197	2353
197	2838
197	5907
197	5004
198	7681
198	6406
198	2058
198	4107
198	1676
198	6410
198	7569
198	4242
198	3475
198	4371
198	1690
198	1178
198	416
198	5027
198	3236
198	1832
198	5545
198	5422
198	7086
198	5936
198	2808
198	440
198	7866
198	5307
198	4420
198	4808
198	4812
198	4045
198	5069
198	1232
198	7761
198	4946
198	2899
198	1108
198	2138
198	2269
198	1643
198	3563
198	5356
198	1654
198	6648
198	7675
198	1660
198	4176
198	1534
198	4060
198	994
198	2861
198	6952
198	2751
198	2940
198	5158
198	7385
198	3483
198	3501
198	6924
198	5322
198	7714
198	6771
198	6182
198	3970
198	858
198	5605
198	4775
198	3759
198	2142
198	7987
198	787
198	6910
198	2056
198	7758
199	3137
199	962
199	7937
199	4486
199	4744
199	1806
199	4433
199	2835
199	1555
199	6740
199	4055
199	5272
199	5978
199	2526
199	1514
199	3308
199	1325
199	7157
199	3835
199	6448
199	7467
199	4021
199	7742
199	4463
199	5922
200	5892
200	2950
200	6662
200	5261
200	7439
200	6417
200	5650
200	4256
200	4257
200	4260
200	7333
200	684
200	6316
200	5679
200	7985
200	7091
200	7606
200	6839
200	3004
200	6078
200	707
200	6723
200	3401
200	5714
200	1366
200	7516
200	3165
200	5351
200	6376
200	745
200	490
200	5610
200	7147
200	7273
200	6638
200	2928
200	4982
200	1836
200	8029
200	5448
200	7977
200	6003
200	1454
200	5835
200	3562
200	5594
200	6079
200	1777
200	2741
200	3760
200	6939
200	3406
200	6164
200	2683
200	6524
200	1545
200	7067
200	2573
200	2564
200	5691
200	1075
200	663
200	1862
200	5941
200	3421
200	1151
200	4623
200	6609
200	2344
200	1697
200	983
200	3265
200	1950
200	1169
200	3088
200	632
200	1181
200	461
200	4131
200	1190
200	3957
200	1626
200	4265
200	4512
200	6849
200	2535
200	2660
200	4039
201	902
201	3207
201	7946
201	3212
201	6930
201	5910
201	796
201	6432
201	2850
201	4771
201	4005
201	4015
201	2110
201	4926
201	1472
201	7110
201	6088
201	5833
201	1612
201	4814
201	6863
201	2520
201	4825
201	3290
201	5977
201	4701
201	7648
201	7781
201	3431
201	4840
201	7783
201	2286
201	5495
201	3093
201	7113
201	4082
201	4386
201	6732
201	3643
201	6520
201	1981
201	3340
202	4258
202	3246
202	3087
202	3440
202	2161
202	1105
202	2547
202	5047
202	6494
202	4765
203	3584
203	6016
203	1667
203	7564
203	6415
203	1427
203	7580
203	5247
203	6815
203	419
203	5796
203	4906
203	1195
203	5803
203	561
203	4277
203	6581
203	6709
203	442
203	4165
203	6597
203	6344
203	6217
203	6604
203	5966
203	7119
203	4179
203	2132
203	2773
203	7124
203	8021
203	3679
203	4066
203	1763
203	3046
203	2665
203	5870
203	6512
203	1009
203	1396
203	1272
203	6782
203	4351
203	1338
203	7055
203	4010
203	1374
203	1493
203	7277
203	2066
203	5544
203	6816
203	6346
203	2868
203	7673
203	5180
203	1879
203	6620
203	3133
203	6144
203	6034
203	2013
203	6940
203	2339
203	3425
203	8038
204	5123
204	6151
204	7946
204	4107
204	1808
204	3091
204	6676
204	1813
204	4374
204	5911
204	3608
204	1276
204	2078
204	7454
204	803
204	3109
204	6693
204	7463
204	6696
204	7213
204	1328
204	6715
204	829
204	5703
204	5710
204	2128
204	1875
204	1883
204	1375
204	3168
204	1122
204	5986
204	2663
204	2921
204	5993
204	7284
204	376
204	4728
204	3450
204	7802
204	7292
204	5502
204	5758
204	2433
204	6530
204	901
204	7814
204	2440
204	4747
204	2700
204	919
204	7064
204	7844
204	2216
204	3500
204	3506
204	3508
204	3509
204	7607
204	8119
204	4795
204	8128
204	1474
204	1476
204	1989
204	7111
204	2763
204	2764
204	3531
204	6092
204	4817
204	4312
204	2522
204	993
204	2017
204	7140
204	2533
204	5362
204	2551
204	3834
204	6139
204	6908
204	2814
204	6520
204	952
204	7203
204	6483
204	5595
204	5293
204	1223
204	3209
204	2739
204	1964
204	5686
204	1381
204	6354
204	1637
204	6857
204	5725
204	938
204	6210
204	4306
204	7305
204	7973
204	1441
204	4089
204	3973
204	6923
204	7335
204	922
204	7820
204	6627
204	1111
204	2313
205	7301
205	1926
205	6410
205	511
205	2444
205	6413
205	7691
205	5135
205	914
205	2965
205	662
205	1558
205	2072
205	2329
205	3352
205	544
205	1184
205	3233
205	4271
205	4535
205	6970
205	2877
205	1213
205	3021
205	2127
205	1622
205	5207
205	5590
205	4442
205	7647
205	5345
205	1380
205	4708
205	615
205	2025
205	625
205	6004
205	3446
205	5366
205	3071
205	1491
205	7595
205	5615
205	6994
205	5139
205	5531
205	3329
205	5987
205	7356
205	7677
205	991
205	3424
205	4655
205	1534
205	4038
205	3944
206	2949
206	2695
206	5896
206	905
206	7178
206	2064
206	529
206	5014
206	4760
206	6938
206	7580
206	7077
206	936
206	5417
206	555
206	6578
206	6329
206	699
206	701
206	1982
206	2368
206	6222
206	7374
206	2513
206	7123
206	7512
206	1241
206	2010
206	2779
206	6364
206	1117
206	1502
206	864
206	609
206	738
206	4199
206	1640
206	2797
206	1134
206	1007
206	4205
206	6509
206	2418
206	883
206	3442
206	6896
206	7154
206	7280
206	1659
206	3823
206	7170
206	3948
206	1187
206	4360
206	5635
206	5400
206	1022
206	7746
206	1025
206	1995
206	680
206	6373
206	5180
206	2428
206	3081
206	3453
206	5253
206	3630
206	7590
206	5070
206	5134
206	7480
206	6998
206	1363
206	3416
206	7974
206	1741
206	7992
206	4456
206	4041
206	6738
206	1823
206	7171
206	7055
206	2445
206	6710
206	3049
206	3235
206	1493
206	5816
206	1200
206	3247
206	6179
206	2951
206	6789
206	7698
206	6618
206	867
206	7100
206	4220
206	5544
206	4830
206	1233
207	7297
207	3586
207	7428
207	2181
207	1798
207	2183
207	6538
207	3214
207	1426
207	5522
207	7315
207	1557
207	6679
207	4381
207	797
207	6560
207	6825
207	5419
207	5809
207	2099
207	1077
207	4277
207	7479
207	1464
207	5304
207	1342
207	6338
207	329
207	3401
207	4173
207	4813
207	466
207	5975
207	474
207	6625
207	7652
207	487
207	2537
207	3689
207	6384
207	888
207	5242
207	6122
207	7089
207	7034
207	3913
207	7211
207	4465
207	3873
207	5011
207	822
207	2741
207	6884
207	349
207	6292
207	3052
207	7561
207	5941
207	4275
207	7530
207	1544
207	6404
207	3243
207	7703
207	2422
207	686
207	1351
207	3523
207	8029
207	1500
208	4997
208	2822
208	2829
208	397
208	399
208	4113
208	6290
208	5013
208	6424
208	1434
208	5914
208	6812
208	2589
208	4001
208	2597
208	2856
208	1841
208	3509
208	7488
208	3066
208	7366
208	3144
208	3916
208	8140
208	2767
208	7119
208	5466
208	5978
208	5598
208	3172
208	744
208	4460
208	6254
208	3827
208	2548
208	2552
208	5626
208	3447
208	3549
208	7242
208	2359
208	5985
208	2596
208	6312
208	2313
208	8079
208	6167
208	7398
208	837
208	6671
208	1229
209	2692
209	3336
209	1931
209	5903
209	5776
209	6033
209	2706
209	1308
209	4893
209	7582
209	1951
209	1952
209	5923
209	6695
209	2217
209	815
209	4143
209	689
209	2097
209	4399
209	6068
209	8001
209	4550
209	7755
209	3020
209	973
209	5841
209	7384
209	7001
209	989
209	3808
209	7905
209	2530
209	3047
209	2927
209	2288
209	2928
209	2933
209	3189
209	5755
209	1180
209	7361
209	4859
209	1924
209	7989
209	3309
209	4151
209	2601
209	5600
209	4294
209	7586
209	4120
209	3406
209	5932
209	4039
209	5157
209	1615
209	5459
209	3555
209	6612
209	4278
209	7097
209	2896
209	980
209	4824
209	5971
209	629
209	4470
209	2972
209	1300
209	6166
209	1425
209	4070
209	4729
209	2154
209	4192
209	6962
209	6901
209	7862
209	6300
209	4686
209	6849
209	7694
209	6013
209	6559
209	7038
209	3557
209	4881
210	2307
210	3078
210	6792
210	6157
210	3982
210	2836
210	7195
210	2077
210	5924
210	3750
210	6569
210	1197
210	2735
210	1713
210	2100
210	4020
210	2492
210	4928
210	8133
210	710
210	4806
210	456
210	6348
210	6605
210	6861
210	3285
210	1371
210	2910
210	5729
210	2277
210	5353
210	4716
210	877
210	4462
210	7922
210	4724
210	4215
210	4603
210	2020
210	1267
210	772
210	7255
210	894
210	428
210	778
210	1909
210	6731
210	4043
210	7341
210	6775
210	1918
210	7517
210	5398
211	1920
211	2305
211	2689
211	7041
211	1543
211	7569
211	534
211	665
211	2201
211	2714
211	1436
211	5788
211	6169
211	6431
211	1572
211	3623
211	7593
211	1453
211	5169
211	4147
211	3765
211	5819
211	6332
211	7873
211	1094
211	7494
211	1993
211	1738
211	1357
211	7632
211	5074
211	1624
211	7130
211	6747
211	1756
211	7259
211	3173
211	3430
211	2025
211	2666
211	2796
211	4461
211	5743
211	4720
211	5748
211	7285
211	5622
211	6647
211	2554
211	7931
211	7935
211	747
211	1293
211	3386
211	1177
211	1897
211	1961
211	2803
211	2577
211	3544
211	3483
211	670
211	368
211	1628
211	3553
211	551
211	3730
211	6082
211	6561
211	2723
211	4712
211	581
211	7180
211	5865
211	5517
211	7976
211	6182
211	730
211	2353
211	6203
211	5181
211	5605
211	5004
211	4711
211	6810
211	6035
211	6868
211	1602
211	3832
211	415
211	4613
211	7380
211	424
211	3301
211	6910
211	3249
211	1220
212	8129
212	6914
212	2180
212	5382
212	5129
212	521
212	7628
212	2893
212	7888
212	6226
212	4927
212	7702
212	5022
212	6753
212	2018
212	2850
212	3494
212	5222
212	6950
212	6252
212	4144
212	1714
212	1845
212	1910
212	3510
212	4086
212	6005
212	5244
212	2815
212	2005
212	6427
213	5889
213	3842
213	6402
213	7427
213	2565
213	7684
213	1801
213	650
213	2708
213	662
213	665
213	8091
213	1949
213	5405
213	1315
213	4643
213	2085
213	4390
213	7332
213	5675
213	4911
213	5936
213	6191
213	3251
213	3379
213	6070
213	2103
213	3385
213	4942
213	7379
213	4564
213	4310
213	4568
213	7903
213	4705
213	5732
213	2538
213	8050
213	371
213	3316
213	6143
213	424
213	3301
213	3139
213	5958
213	4878
213	7337
213	3386
213	7538
213	1177
213	2678
213	5863
213	7843
213	7910
213	2577
213	7083
213	2882
213	368
213	1686
213	3193
213	670
213	6497
213	3974
213	7165
213	7589
213	2976
213	581
213	5322
213	1127
213	7976
213	794
213	1221
213	5309
213	3335
213	6035
213	754
213	3759
213	1602
213	3707
214	5794
214	5000
214	2954
214	2795
214	2476
214	5162
214	3182
214	3502
214	657
214	3381
214	1944
214	6461
214	1661
214	4158
214	3266
214	2863
215	5254
215	4231
215	2762
215	3213
215	2258
215	4818
215	2132
215	4761
215	4253
215	2654
215	6110
215	5280
215	5730
215	7330
215	3238
215	558
215	2415
215	4592
215	6255
215	7022
215	7601
215	1591
215	6012
215	7201
215	6391
215	6658
215	3576
215	2041
215	2327
215	4010
215	4543
216	4484
216	7941
216	5901
216	5006
216	3858
216	666
216	8095
216	2848
216	3872
216	6565
216	5421
216	7981
216	5043
216	4156
216	4924
216	2750
216	1086
216	6338
216	2500
216	2119
216	8135
216	3017
216	1361
216	5841
216	5970
216	726
216	5719
216	2907
216	608
216	5602
216	5224
216	6638
216	1137
216	5369
216	7803
216	765
216	7678
216	1695
216	5060
216	2070
216	5374
216	1893
216	5011
216	7964
216	6164
216	2573
216	3052
216	7921
216	7265
216	5770
216	1749
216	6609
216	6819
216	2984
216	6096
216	955
216	1675
216	5574
216	1919
216	802
216	6141
216	7221
216	5073
216	4862
217	1664
217	897
217	7169
217	7416
217	3590
217	1677
217	3277
217	3259
217	7885
217	1750
217	4631
217	2262
217	5754
217	7548
217	7259
217	6436
217	3813
217	4710
217	5032
217	7912
217	5100
217	1262
217	3376
217	7032
217	1274
217	3963
217	5052
217	2366
217	6379
217	4207
217	7600
218	6149
218	5644
218	7437
218	7957
218	5910
218	2842
218	1565
218	4381
218	2854
218	1839
218	7749
218	2118
218	2892
218	2641
218	3669
218	2904
218	350
218	606
218	1375
218	7008
218	6242
218	6755
218	7264
218	357
218	1639
218	4969
218	1898
218	7785
218	4212
218	5493
218	4732
218	4995
218	389
218	3206
218	6023
218	651
218	4239
218	2709
218	3223
218	6295
218	5788
218	8094
218	7583
218	3744
218	1953
218	2210
218	6052
218	5037
218	1967
218	8111
218	7603
218	1980
218	3772
218	3007
218	1992
218	6603
218	2769
218	2006
218	3543
218	7896
218	1497
218	7655
218	4584
218	3307
218	4591
218	3827
218	7164
218	767
218	3364
218	7434
218	1570
218	603
218	4447
218	7504
218	7519
218	5365
218	3342
218	5148
218	6048
218	837
218	7381
218	4504
218	4089
218	916
218	3549
218	2359
218	4827
218	6804
218	1114
218	2313
218	5919
218	2798
218	7478
218	2133
218	2322
218	6822
218	3225
218	5751
218	2389
218	1977
218	6486
218	3313
218	5296
218	5293
218	2718
218	7398
218	3447
218	5076
218	3935
218	1125
218	3465
218	1964
218	6586
218	5454
219	3456
219	6025
219	7692
219	2580
219	1557
219	4502
219	4628
219	926
219	674
219	5539
219	7721
219	4908
219	5173
219	2237
219	1473
219	2374
219	5318
219	4169
219	3532
219	7246
219	4051
219	3161
219	3708
219	3043
219	5859
219	5093
219	7272
219	2159
219	5237
219	6135
219	505
219	2298
219	5244
219	7551
219	2380
219	4418
219	4311
219	3002
219	5467
219	6553
219	6425
219	3795
219	3798
219	3340
219	4365
219	7495
219	2365
219	1085
219	6500
219	4526
219	4614
219	553
219	6392
220	448
220	1472
220	644
220	455
220	6471
220	2321
220	3159
220	5724
220	2845
220	4193
220	3239
220	3369
220	4714
220	5676
220	7597
220	2929
220	2229
220	1078
220	5177
220	7676
220	1790
220	1981
220	7075
220	5437
220	6732
220	3093
221	2435
221	964
221	3589
221	5188
221	6727
221	3976
221	4746
221	1227
221	654
221	1872
221	4240
221	7061
221	6489
221	5020
221	418
221	419
221	4452
221	6501
221	6758
221	4777
221	7338
221	6318
221	4848
221	1842
221	3966
221	1908
221	4798
221	7807
221	2013
221	3906
221	7673
221	5243
221	7688
222	2304
222	3843
222	4612
222	2311
222	8073
222	4362
222	6666
222	399
222	657
222	6033
222	1041
222	3731
222	7189
222	5881
222	2969
222	1953
222	2337
222	5541
222	5415
222	1194
222	4394
222	4915
222	1718
222	3383
222	958
222	3774
222	4929
222	2756
222	7620
222	2505
222	5449
222	6859
222	464
222	1745
222	2513
222	4948
222	3833
222	7768
222	2139
222	5473
222	5219
222	4196
222	2021
222	2664
222	3176
222	4588
222	3694
222	4847
222	4592
222	4724
222	6009
222	6906
222	509
222	3828
222	7846
222	3410
222	2690
222	3361
222	2400
222	4200
222	1753
222	2895
222	6094
222	6152
222	3098
222	4831
222	4236
222	1542
222	7058
222	3647
222	8080
222	2402
222	7320
222	2646
222	1990
222	2054
222	2188
222	6984
222	6990
222	580
222	1120
222	4964
222	5077
222	3341
222	6227
222	2081
222	4427
222	2508
222	708
222	7914
222	1379
222	3118
222	5638
222	7984
222	6315
222	8060
222	5299
222	4164
223	6662
223	5383
223	4746
223	5130
223	1805
223	5007
223	7567
223	4990
223	2328
223	4251
223	7455
223	6827
223	5421
223	6575
223	3248
223	7216
223	2869
223	7869
223	5950
223	329
223	4684
223	5967
223	2006
223	5591
223	4957
223	7263
223	7015
223	1769
223	6634
223	7660
223	7024
223	1649
223	499
223	3318
223	4598
223	4984
223	3324
223	2430
223	4623
223	2341
223	7103
223	6450
223	7115
223	7362
223	1675
223	1919
223	4429
223	3468
223	7852
223	4084
223	7211
223	5835
223	6439
223	4709
223	6164
223	3760
223	1551
224	3909
224	7112
224	394
224	3532
224	1870
224	3280
224	5905
224	1938
224	6289
224	1943
224	3928
224	7071
224	5536
224	1574
224	6310
224	7212
224	4597
224	4086
224	759
224	5611
225	2759
225	3212
225	2575
225	4687
225	528
225	2000
225	2580
225	3222
225	2971
225	6243
225	868
225	5284
225	5349
225	5606
225	6755
225	8107
225	3565
225	2990
225	4786
225	4595
225	2167
225	3771
225	5245
225	5301
225	4526
225	3340
225	5799
225	4272
225	7952
225	398
225	5917
225	7193
225	6672
225	3377
225	1998
225	4614
225	4418
225	2380
225	1711
226	7042
226	1283
226	7812
226	7950
226	5392
226	1809
226	2449
226	3991
226	1561
226	1945
226	4889
226	2462
226	1055
226	7968
226	3749
226	4391
226	6314
226	946
226	563
226	2227
226	2229
226	6966
226	7095
226	440
226	2888
226	2762
226	6349
226	6223
226	4560
226	721
226	2770
226	8143
226	5589
226	1370
226	5340
226	609
226	4457
226	1136
226	1009
226	7287
226	7033
226	6394
226	2868
226	7746
226	1995
226	2840
226	6028
226	5186
226	7291
226	3337
226	7239
226	1482
226	6897
226	3416
226	6842
226	3138
226	572
226	2671
226	4056
226	5145
226	6298
226	5816
226	5642
226	2524
226	3622
226	6688
226	7118
226	1657
227	5506
227	7298
227	1030
227	5255
227	5002
227	3083
227	6411
227	405
227	1621
227	1307
227	4573
227	1054
227	5156
227	4325
227	6116
227	5991
227	4778
227	6508
227	4398
227	2096
227	6896
227	2612
227	3062
227	4023
227	1592
227	435
227	4635
227	3616
227	1147
227	1625
227	2988
228	3716
228	1668
228	653
228	6928
228	6546
228	5789
228	6304
228	4387
228	7334
228	1064
228	4136
228	947
228	436
228	1843
228	5943
228	5052
228	5053
228	1086
228	2753
228	2507
228	5963
228	723
228	2771
228	5204
228	7001
228	731
228	4321
228	617
228	3689
228	5610
228	7660
228	6637
228	4335
228	7549
228	5983
228	6642
228	6852
228	3856
228	7694
228	7578
228	6809
228	802
228	2379
228	2983
228	542
228	4255
228	5048
228	1268
228	7644
228	2674
228	8013
228	5011
228	1777
228	4120
228	349
228	2518
228	2344
228	3027
228	565
228	1709
228	7600
229	2562
229	7682
229	6669
229	2834
229	2196
229	3349
229	790
229	7831
229	6937
229	798
229	671
229	1567
229	1822
229	3490
229	5793
229	2724
229	1707
229	7086
229	2481
229	1843
229	3891
229	6323
229	4020
229	5813
229	6976
229	2756
229	8134
229	3151
229	593
229	5585
229	2392
229	4953
229	6488
229	2403
229	5861
229	4326
229	363
229	3820
229	5229
229	5102
229	2802
229	2296
229	2427
229	3452
229	5320
229	4658
229	4417
229	3227
229	1073
229	7556
229	4923
229	7507
229	2711
229	6317
229	7037
229	5661
229	4700
229	804
229	450
229	987
229	2613
229	2076
229	1542
229	4236
229	1240
229	3647
229	2402
229	2701
229	2655
229	7207
229	974
229	7460
229	1346
229	6984
229	5257
229	7121
229	3234
229	6239
229	537
229	2816
229	1562
229	8060
229	7584
229	1531
230	3971
230	4612
230	5380
230	6150
230	904
230	777
230	395
230	6412
230	2957
230	1294
230	3475
230	5141
230	3100
230	6047
230	5666
230	4390
230	7214
230	1327
230	3505
230	3896
230	1849
230	7611
230	3901
230	6334
230	4033
230	2373
230	1481
230	3019
230	1620
230	2004
230	2900
230	727
230	6503
230	2409
230	2537
230	5359
230	6001
230	5107
230	7935
230	6271
230	7194
230	1209
230	588
230	4319
230	4878
230	5771
230	1708
230	5681
231	6400
231	4353
231	7811
231	4996
231	397
231	4500
231	2583
231	4249
231	2843
231	3868
231	2974
231	2721
231	4524
231	5550
231	2996
231	2748
231	3645
231	5828
231	1222
231	8009
231	1994
231	2125
231	3917
231	6733
231	4948
231	729
231	6746
231	2276
231	361
231	5617
231	5620
231	2037
231	7933
231	5820
231	5196
231	5900
231	1410
231	7854
231	4717
231	5842
231	7727
231	2332
231	2144
231	1314
231	4978
232	640
232	3968
232	7553
232	3845
232	3848
232	4489
232	5002
232	6154
232	6282
232	5904
232	3218
232	7573
232	1817
232	1050
232	1052
232	5532
232	2975
232	7969
232	4899
232	2424
232	6309
232	5884
232	7725
232	4914
232	1848
232	700
232	2878
232	2623
232	7488
232	6593
232	3910
232	5704
232	7753
232	1355
232	1612
232	2251
232	2252
232	2941
232	5200
232	465
232	1748
232	4955
232	5112
232	4575
232	864
232	1384
232	7016
232	7278
232	7919
232	3698
232	2419
232	3830
232	7031
232	7544
232	2681
232	4342
232	7030
232	1788
232	4349
232	2814
232	7445
232	7689
232	2832
232	7698
232	977
232	5843
232	1892
232	4363
232	1962
232	6221
232	2456
232	4674
232	7200
232	4378
232	7328
232	7392
232	1934
232	2059
232	445
232	7401
232	1955
232	1418
232	7062
232	3190
232	4627
232	1332
232	5484
232	2198
232	337
232	3516
232	2860
232	3339
232	4785
232	6463
233	3840
233	2817
233	7051
233	403
233	5782
233	7446
233	6424
233	7065
233	923
233	412
233	5021
233	4638
233	3746
233	7849
233	1963
233	5419
233	8119
233	3642
233	7998
233	4677
233	2382
233	7633
233	851
233	5720
233	8026
233	7647
233	4209
233	5233
233	7537
233	2297
233	8058
233	4348
233	4919
233	7477
233	7554
233	2739
233	2112
233	6091
233	5197
233	5525
233	2590
234	1671
234	5844
234	2069
234	3668
234	5399
234	1624
234	6044
234	1053
234	4384
234	2977
234	7332
234	359
234	5992
234	5098
234	2028
234	7916
234	1715
234	2998
234	1654
234	2168
234	7612
234	1213
234	4613
234	5708
234	2092
234	7309
234	1760
234	1512
234	7571
234	2245
234	994
235	7168
235	523
235	2827
235	7949
235	1681
235	1554
235	1939
235	3217
235	5012
235	2966
235	5913
235	5274
235	6519
235	1952
235	4256
235	7455
235	4646
235	3371
235	431
235	4783
235	6840
235	1594
235	1342
235	5822
235	8131
235	342
235	726
235	1238
235	2649
235	4954
235	5082
235	3302
235	488
235	873
235	618
235	4202
235	7657
235	6385
235	4471
235	2040
235	6393
235	3194
235	2046
235	7964
235	639
235	5289
235	3367
235	3103
235	5073
235	1193
235	4681
235	7921
235	2421
235	4921
235	5374
235	4914
235	848
235	6277
235	1176
236	385
236	1090
236	5121
236	7490
236	1928
236	5385
236	7752
236	4945
236	3986
236	2579
236	1112
236	4505
236	6042
236	6811
236	1053
236	6750
236	3810
236	6647
236	2148
236	998
236	4071
236	2281
236	5675
236	2348
236	7026
236	6835
236	5366
236	1847
236	5307
236	2572
236	7754
236	7191
236	3964
236	4645
236	3758
236	4609
236	453
236	5316
236	3972
236	1060
236	1394
236	4569
236	7356
237	6663
237	7432
237	7947
237	1932
237	781
237	782
237	6158
237	5136
237	913
237	660
237	1301
237	2203
237	5403
237	6310
237	3499
237	4908
237	4016
237	6192
237	7217
237	3763
237	2484
237	7986
237	7991
237	4670
237	577
237	2627
237	7370
237	2893
237	7887
237	4434
237	3924
237	5974
237	2520
237	5596
237	4576
237	3554
237	2790
237	743
237	3946
237	4714
237	5485
237	2087
237	6895
237	4793
237	3426
237	3804
237	4887
237	3752
237	7837
237	884
237	2443
237	1189
237	7608
237	4127
237	5930
237	6720
237	4618
237	5948
237	6250
237	2909
237	462
237	6847
237	791
238	3977
238	5386
238	7051
238	5779
238	1434
238	5405
238	2206
238	5920
238	2851
238	3493
238	7975
238	4904
238	4649
238	3628
238	433
238	3636
238	3264
238	2626
238	836
238	1992
238	2120
238	4811
238	5710
238	7886
238	6742
238	3674
238	2908
238	2658
238	5992
238	7018
238	5485
238	7035
238	6268
238	5373
238	1279
238	7619
238	1743
238	2630
238	2389
238	7898
238	6345
238	2112
238	1449
238	3722
238	2214
238	5197
238	2590
238	3879
238	6720
238	786
238	7478
239	2818
239	4867
239	2055
239	2699
239	6667
239	6426
239	667
239	924
239	413
239	5537
239	2594
239	3106
239	1318
239	7470
239	943
239	7603
239	4532
239	1461
239	1079
239	4407
239	5435
239	2376
239	7627
239	2512
239	4819
239	7510
239	3927
239	1883
239	739
239	3172
239	613
239	486
239	5094
239	621
239	1773
239	1902
239	3949
239	7792
239	8049
239	627
239	7286
239	2426
239	2559
239	2798
239	1547
239	6660
239	1452
239	6312
239	7453
239	3859
239	3145
239	3157
239	2794
239	6159
239	1784
239	1015
239	7504
239	603
239	2232
239	6671
239	917
239	1631
239	5368
239	392
239	2442
239	2204
239	2509
239	5148
239	6054
239	2457
239	1441
239	5886
239	5105
239	3064
239	3549
239	2356
239	1929
239	5175
239	7219
239	7335
239	870
239	2676
239	7054
239	6160
240	4352
240	5262
240	2576
240	4757
240	2975
240	2470
240	2215
240	8109
240	5300
240	6325
240	7995
240	3515
240	7872
240	2883
240	966
240	2375
240	5575
240	5201
240	3667
240	981
240	1501
240	5854
240	1766
240	4583
240	6504
240	504
240	1899
240	5996
240	3184
240	1270
240	3448
240	633
240	1017
240	7420
240	1499
240	2832
240	5275
240	7618
240	6335
240	2468
240	7328
240	6537
240	5576
240	6659
241	1281
241	1282
241	6019
241	1674
241	910
241	2702
241	2321
241	2962
241	3091
241	2964
241	5282
241	8098
241	5542
241	4519
241	7720
241	7849
241	682
241	4266
241	5674
241	561
241	6322
241	6200
241	699
241	7997
241	4800
241	2370
241	6850
241	1988
241	3781
241	330
241	7498
241	5965
241	4432
241	3030
241	1367
241	2393
241	1243
241	4956
241	4476
241	8033
241	2787
241	5350
241	7402
241	2924
241	4332
241	6124
241	3951
241	2160
241	7408
241	3956
241	4344
241	5884
241	2174
241	7807
241	7445
241	3857
241	1413
241	531
241	7609
241	7075
241	2456
241	6837
241	8112
241	3197
241	750
241	4356
241	997
241	2385
241	3404
241	1418
241	3230
241	4130
241	1256
241	3770
241	5774
241	7458
241	508
241	4721
241	7665
241	5508
241	5874
241	6362
241	7680
242	4224
242	4359
242	5387
242	7693
242	4240
242	1811
242	2452
242	4501
242	4758
242	4392
242	4137
242	5673
242	7725
242	2350
242	2607
242	3130
242	701
242	3775
242	2113
242	5570
242	7363
242	4810
242	332
242	8141
242	2254
242	3150
242	7759
242	7760
242	6099
242	4823
242	6745
242	5340
242	3293
242	7423
242	5349
242	5478
242	1895
242	6504
242	1257
242	6506
242	4850
242	5363
242	7028
242	2550
242	3703
242	1016
242	7926
242	3708
242	2685
242	5375
242	3990
242	2495
242	6995
242	4365
242	6644
242	6537
242	5515
242	3678
242	5301
242	3260
242	1704
242	5917
242	2985
242	1258
242	5877
242	3006
242	2774
242	4159
242	3387
242	5071
242	6392
242	4418
242	2084
242	1486
242	4012
242	3231
242	4311
242	7679
242	3002
242	6672
242	6425
242	2715
242	3798
243	6915
243	7684
243	773
243	4486
243	7047
243	4617
243	1034
243	6668
243	8078
243	3087
243	658
243	7700
243	2197
243	4373
243	795
243	7707
243	5409
243	547
243	1316
243	6821
243	3372
243	3631
243	2355
243	6836
243	4663
243	4792
243	5944
243	6336
243	5700
243	3141
243	4045
243	1103
243	4690
243	3669
243	3670
243	4313
243	1756
243	7772
243	5854
243	3169
243	5098
243	2283
243	7151
243	2677
243	2423
243	3960
243	761
243	6665
243	7436
243	747
243	5256
243	415
243	794
243	4021
243	5181
243	372
243	2751
243	2586
243	6643
243	4463
244	4480
244	5376
244	7558
244	8078
244	1167
244	5652
244	5909
244	4888
244	3993
244	2075
244	540
244	5404
244	4254
244	7971
244	3877
244	1832
244	1578
244	4784
244	7858
244	3379
244	5558
244	3383
244	2872
244	5819
244	6844
244	5952
244	2117
244	1352
244	6858
244	2127
244	3668
244	2775
244	4444
244	6750
244	2661
244	6374
244	4458
244	1915
244	622
244	3700
244	2199
244	7843
244	7251
244	2882
244	6665
244	4759
244	3974
244	6497
244	3315
244	7339
244	3568
244	3638
244	1127
244	2024
244	1627
244	794
244	5120
244	5309
244	754
244	2142
244	7185
244	3606
244	6245
244	6910
244	3139
244	5058
245	2186
245	6027
245	5906
245	4763
245	7068
245	5790
245	6560
245	4516
245	7718
245	4007
245	5424
245	6580
245	7605
245	5431
245	7357
245	3270
245	4550
245	3912
245	8135
245	5837
245	7502
245	5967
245	6482
245	6611
245	2388
245	1366
245	5082
245	8032
245	2657
245	4580
245	5607
245	2155
245	4075
245	6125
245	4335
245	2289
245	6131
245	5108
245	6134
245	4731
245	3327
245	2454
245	5932
245	1618
245	2036
245	852
245	5285
245	1691
245	980
245	1697
245	4281
245	2847
245	1709
245	4769
245	7774
245	1300
245	1724
245	6166
245	6886
245	2407
245	2413
245	6013
245	2230
245	3856
245	3850
245	7694
245	4881
245	4402
245	2379
245	3938
245	704
245	7132
245	7977
245	4862
245	7861
245	4859
245	5283
245	5048
245	2955
245	2491
245	3809
245	4294
245	7296
245	7122
245	1545
245	2564
246	1920
246	7429
246	2310
246	777
246	2061
246	4115
246	6945
246	1698
246	1068
246	2606
246	7087
246	6836
246	7988
246	1334
246	5687
246	6070
246	7990
246	7866
246	826
246	1088
246	3651
246	4679
246	8007
246	6858
246	1751
246	1752
246	3930
246	5345
246	7010
246	484
246	1255
246	2030
246	4723
246	415
246	7380
246	976
246	3331
246	7471
246	2803
246	4038
246	4874
246	2604
246	5615
246	4364
246	5987
246	7787
246	6771
246	2353
246	373
246	858
246	4885
246	3759
246	3097
247	6151
247	1546
247	6539
247	908
247	1804
247	1045
247	1430
247	7579
247	7709
247	549
247	2982
247	6823
247	7209
247	941
247	3757
247	946
247	6069
247	6328
247	7610
247	7994
247	6718
247	2115
247	2372
247	2629
247	4292
247	3143
247	5188
247	5960
247	4554
247	6340
247	7363
247	845
247	7374
247	6991
247	1236
247	7124
247	1239
247	2647
247	4183
247	602
247	8023
247	7646
247	5988
247	4582
247	5225
247	7913
247	2542
247	3951
247	7022
247	7278
247	6773
247	7541
247	1582
247	740
247	6762
247	4721
247	3311
247	5584
247	3857
247	1892
247	7289
247	7048
247	5138
247	1901
247	2587
247	5830
247	3975
247	2840
247	6144
247	6028
247	7291
247	7349
247	6885
247	7062
247	2333
247	5866
247	6540
247	1509
247	3138
248	3841
248	4867
248	3588
248	645
248	2566
248	6532
248	2319
248	3343
248	4496
248	7446
248	920
248	7832
248	5918
248	5151
248	7724
248	433
248	1791
248	7092
248	8118
248	6839
248	6841
248	5562
248	8127
248	4930
248	5701
248	6729
248	2767
248	6100
248	2904
248	346
248	480
248	5472
248	2533
248	3560
248	3946
248	6634
248	500
248	6004
248	6902
248	3455
248	1971
248	7619
248	2389
248	3935
248	7554
248	5686
248	6923
248	6627
248	2590
248	3879
248	4447
248	4167
249	5888
249	1538
249	899
249	4621
249	3726
249	7310
249	4241
249	7444
249	4630
249	5270
249	4890
249	1437
249	6687
249	1569
249	4385
249	3371
249	8113
249	1718
249	2488
249	6585
249	2747
249	4158
249	4287
249	7102
249	7233
249	1218
249	2243
249	2119
249	587
249	5199
249	849
249	3665
249	2007
249	2392
249	1371
249	5723
249	4320
249	4704
249	4832
249	7907
249	1764
249	6244
249	6125
249	6130
249	5882
249	3195
249	1278
249	4244
249	6748
249	3476
249	3032
249	4581
249	3350
249	5625
249	874
249	4172
249	3098
249	2140
249	3361
249	1796
249	5981
249	4171
249	7070
249	1779
250	1152
250	6400
250	3712
250	5955
250	4487
250	4873
250	2813
250	2123
250	6608
250	1297
250	3281
250	2261
250	2391
250	3865
250	7963
250	7613
250	1377
250	7137
250	8035
250	1900
250	7726
250	2031
250	1716
250	4469
250	5051
250	1532
250	6589
250	4479
250	3918
250	4717
250	7923
250	5470
250	1580
250	3319
250	860
250	3685
250	3819
250	518
250	3953
250	3831
250	536
250	1314
250	664
250	3013
250	496
250	4639
250	1884
250	5557
250	7961
250	1432
251	7808
251	6401
251	4229
251	4358
251	7559
251	6538
251	7949
251	2190
251	5017
251	666
251	7205
251	2987
251	6571
251	4528
251	945
251	2097
251	6713
251	5050
251	7737
251	700
251	2880
251	3912
251	3661
251	4050
251	4438
251	8022
251	857
251	1758
251	5344
251	5090
251	1638
251	3817
251	5355
251	1645
251	5229
251	5871
251	6256
251	6513
251	5747
251	2164
251	3961
251	379
251	7549
251	4963
251	5213
251	1732
251	4737
251	1070
251	5695
251	2104
251	2650
251	6857
251	7818
251	5124
251	4294
251	4053
251	3092
251	999
251	6536
251	7561
251	1694
251	3472
251	6904
251	6184
251	1693
252	2306
252	5378
252	4741
252	4742
252	3463
252	2828
252	1549
252	8083
252	4117
252	7574
252	8085
252	2073
252	7322
252	2331
252	7836
252	1949
252	414
252	4254
252	5921
252	1698
252	5545
252	1581
252	4909
252	5935
252	2609
252	6835
252	3892
252	7351
252	4282
252	1851
252	4539
252	3773
252	1214
252	5562
252	7487
252	7873
252	713
252	7626
252	7893
252	599
252	5207
252	7548
252	4316
252	3167
252	737
252	1762
252	7784
252	7658
252	7404
252	4333
252	3711
252	5873
252	4594
252	7281
252	7292
252	381
252	4223
252	1471
252	4454
252	4910
252	3544
252	5058
252	4759
252	3315
252	1220
252	879
252	846
252	7165
252	4134
252	3568
252	1729
252	3606
253	3592
253	6922
253	1680
253	4753
253	5783
253	4126
253	7841
253	4520
253	6700
253	3887
253	4143
253	2742
253	7224
253	3646
253	1358
253	7630
253	466
253	723
253	596
253	1629
253	7005
253	1638
253	873
253	7659
253	7788
253	3822
253	4719
253	8052
253	4982
253	5494
253	6134
253	4602
253	2672
253	7770
253	454
253	4838
253	5198
253	4963
253	1070
253	1976
253	7855
253	4633
253	5600
253	1460
253	865
253	5124
253	6814
253	3693
253	5450
253	468
253	953
253	6127
253	7326
253	3125
253	4931
253	4641
253	4131
253	5824
253	4866
253	7389
253	6382
254	5383
254	5769
254	4106
254	6027
254	6794
254	1423
254	2063
254	6161
254	5522
254	7451
254	1566
254	6947
254	2343
254	6568
254	7602
254	4788
254	2358
254	2487
254	1595
254	8123
254	4548
254	7036
254	7371
254	4305
254	4188
254	7521
254	4450
254	4202
254	7147
254	7021
254	6256
254	1137
254	1393
254	6641
254	3189
254	2300
254	2042
254	727
254	6319
254	5297
254	3265
254	6450
254	6630
254	7716
254	1950
254	2026
254	3051
254	2535
254	3923
254	2672
254	5099
254	3038
254	3523
254	4542
254	4063
254	7977
254	1500
254	2464
254	4084
254	5887
254	1454
254	7211
254	1158
254	6079
254	2729
254	3873
254	3699
254	1176
254	2503
254	2741
254	6292
255	3201
255	6146
255	1668
255	3080
255	3208
255	6288
255	3732
255	5372
255	7318
255	1433
255	3866
255	797
255	3880
255	5418
255	6699
255	431
255	2225
255	3890
255	5427
255	4916
255	7985
255	6198
255	5303
255	3512
255	3257
255	4280
255	7099
255	4028
255	7352
255	7863
255	1730
255	1347
255	2754
255	3269
255	8003
255	1479
255	6856
255	3662
255	1871
255	6741
255	2902
255	478
255	4450
255	7906
255	5476
255	5224
255	5353
255	5608
255	2027
255	3566
255	2287
255	2927
255	5492
255	3061
255	3318
255	6132
255	3961
255	4347
255	3836
255	3198
255	778
255	2477
255	7221
255	2431
255	6275
255	3154
255	7300
255	1909
255	7623
255	6122
255	4514
255	7644
255	4709
255	3388
255	6884
255	3049
255	2573
255	1551
255	4791
255	5691
255	5398
255	2042
255	1267
255	425
255	7149
255	5297
255	7103
255	6142
255	3802
255	7530
255	6450
255	7414
255	6819
255	6523
255	6096
255	3405
255	2984
255	5574
256	3200
256	2692
256	7307
256	4108
256	4621
256	1166
256	7439
256	1554
256	3101
256	4765
256	3232
256	7329
256	5155
256	3620
256	1062
256	6580
256	5310
256	2366
256	1347
256	1734
256	1870
256	2272
256	2656
256	614
256	7146
256	7659
256	3824
256	499
256	7671
256	3962
256	7036
256	3965
256	2036
256	1691
256	3680
256	7039
256	4037
256	3088
256	632
256	2972
256	1950
256	516
256	925
256	6886
256	4192
256	5632
256	2694
256	6962
256	7343
256	6809
256	3032
256	5198
256	704
256	2839
256	7122
257	1670
257	3977
257	6921
257	4493
257	3343
257	7311
257	7570
257	6168
257	6937
257	3106
257	2597
257	5669
257	5556
257	7227
257	2108
257	573
257	1726
257	960
257	5312
257	6469
257	7497
257	1613
257	6477
257	3155
257	3029
257	4312
257	4314
257	1761
257	2786
257	6242
257	3045
257	1387
257	2027
257	4589
257	6635
257	6000
257	3317
257	4606
257	1348
257	4167
257	7898
257	881
257	5860
257	1006
257	6345
257	887
257	2214
257	783
257	5777
257	4883
257	6622
257	6210
257	6988
257	3333
257	1057
257	7305
257	1496
257	4739
257	7256
257	6066
257	785
257	3973
257	1111
257	8076
257	5916
257	7054
257	4125
257	2273
257	3722
257	1449
257	7453
257	2642
257	1037
258	642
258	2050
258	1799
258	7240
258	2639
258	3665
258	1426
258	2516
258	5211
258	5019
258	2525
258	6306
258	5219
258	806
258	4262
258	5033
258	5549
258	5169
258	6454
258	7161
258	4186
258	6375
258	3825
258	7229
258	6846
258	7070
258	5527
258	1888
258	7857
259	4736
259	3297
259	1508
259	1513
259	6320
259	1555
259	6356
259	6907
260	4745
260	5898
260	6541
260	5390
260	7953
260	5650
260	3353
260	7069
260	7581
260	2848
260	5408
260	1834
260	1710
260	3248
260	5809
260	4788
260	6455
260	6331
260	2620
260	5053
260	2754
260	3394
260	3403
260	3661
260	6095
260	1623
260	4570
260	6876
260	3933
260	3684
260	4075
260	5486
260	4081
260	6519
260	3450
260	2812
260	2557
260	1454
260	3913
260	4514
260	557
260	5835
260	1469
260	7067
260	349
260	3052
260	6292
260	5941
260	3421
260	7231
260	2984
260	1544
260	7362
260	1181
260	1190
260	955
260	5220
260	1919
260	2105
260	3243
260	2660
260	802
260	2422
260	515
260	4542
260	542
260	6003
261	382
261	5892
261	4358
261	4103
261	4745
261	523
261	1420
261	5388
261	1166
261	1936
261	3601
261	3858
261	4497
261	7958
261	793
261	6308
261	2343
261	1448
261	6567
261	6695
261	3761
261	5425
261	6065
261	8118
261	6204
261	702
261	1599
261	1600
261	4672
261	1730
261	3267
261	575
261	3653
261	5963
261	5837
261	7632
261	7637
261	6489
261	7388
261	4828
261	1246
261	4702
261	7134
261	3041
261	6625
261	7262
261	1764
261	7645
261	2156
261	3822
261	6768
261	4990
261	6783
261	3027
261	5289
261	3367
261	5073
261	1193
261	3893
261	7300
261	4336
261	2477
261	4914
261	848
261	6277
261	1732
261	639
261	5297
261	1176
261	7530
262	4481
262	4994
262	2627
262	839
262	2121
262	5962
262	4816
262	2072
262	8026
262	5277
262	4958
262	990
262	4894
262	5406
262	5352
262	2603
262	2093
262	2159
262	7222
262	3455
262	7477
263	3718
263	1415
263	6024
263	2191
263	6544
263	5144
263	4891
263	3619
263	1963
263	4912
263	4408
263	4537
263	7227
263	6973
263	3135
263	3395
263	2886
263	1226
263	971
263	7886
263	6352
263	5466
263	2651
263	5469
263	3551
263	3057
263	2034
263	627
263	4212
263	2293
263	376
263	383
263	952
263	771
263	1037
263	786
263	5293
263	5768
263	4739
264	3462
264	3853
264	4943
264	1232
264	5521
264	6360
264	3739
264	7323
264	8091
264	6430
264	7775
264	1440
264	2977
264	2466
264	2595
264	3877
264	358
264	3175
264	3623
264	7269
264	2166
264	4665
264	826
264	6396
264	4925
264	5054
264	1323
264	6183
264	1628
264	6082
264	2241
264	6692
264	5517
264	1209
264	4809
264	858
264	4128
264	7194
264	5232
264	976
264	1760
264	7758
264	2245
264	3389
264	7538
264	1897
264	2678
265	6981
265	902
265	2250
265	6474
265	1294
265	5968
265	2003
265	1306
265	4896
265	5346
265	4643
265	4708
265	5931
265	6395
265	4147
265	6196
265	3573
265	6965
265	4983
265	7347
265	6011
265	6396
265	6102
265	4870
265	7194
265	5863
265	5847
265	4319
266	7172
266	3014
266	391
266	5446
266	6090
266	2636
266	4237
266	5651
266	1174
266	4440
266	3737
266	3162
266	5081
266	4573
266	2462
266	2147
266	1702
266	1899
266	3117
266	494
266	3054
266	4080
266	5870
266	1012
266	501
266	4727
266	443
266	1982
266	6954
266	1059
266	834
266	1997
266	4636
266	5516
266	1858
266	1552
266	4216
266	2734
267	4869
267	582
267	1679
267	1041
267	593
267	3028
267	4693
267	5528
267	1944
267	4250
267	3099
267	7708
267	1630
267	2271
267	1249
267	7457
267	7461
267	4581
267	2152
267	3625
267	6186
267	6376
267	1197
267	6446
267	3503
267	5231
267	6445
267	450
267	3690
267	5792
267	2863
267	5526
267	1148
267	5791
267	1169
267	4900
267	4366
267	476
267	2209
267	5778
267	6507
267	5491
267	1531
267	7230
267	3215
267	5320
267	823
267	3889
268	1282
268	900
268	648
268	1429
268	7192
268	3745
268	7204
268	678
268	8102
268	3240
268	2602
268	6442
268	6060
268	2478
268	6065
268	7094
268	1081
268	4282
268	4922
268	1852
268	3261
268	6075
268	6076
268	3520
268	6717
268	7483
268	2883
268	5699
268	7365
268	1606
268	7870
268	1355
268	7244
268	8016
268	339
268	851
268	3035
268	7899
268	2916
268	5988
268	6506
268	2414
268	1018
268	7874
268	2059
268	1656
268	2867
268	7373
268	6592
268	1973
268	5457
268	3001
268	3846
268	2284
268	3788
268	6247
268	7748
268	4157
268	2726
268	5078
268	7665
268	4129
268	5456
268	5389
268	7680
268	7253
268	6556
268	5221
268	1038
268	5489
268	4534
268	3518
268	7499
268	4619
268	1510
268	7688
268	1934
268	3496
269	5506
269	1541
269	1802
269	7691
269	1422
269	5902
269	2581
269	5146
269	7195
269	5149
269	7588
269	3749
269	681
269	2220
269	558
269	1585
269	949
269	2614
269	1463
269	5045
269	5302
269	7738
269	1987
269	1477
269	4680
269	4553
269	7626
269	7634
269	979
269	2260
269	3415
269	6999
269	3296
269	4065
269	6498
269	1010
269	1140
269	7542
269	4727
269	4095
269	435
269	2784
269	6683
269	2247
269	4056
269	5145
269	4315
269	1795
269	3174
269	8092
269	7201
269	5767
269	7155
269	3079
269	626
269	5785
269	4360
269	1657
269	6828
269	1187
269	3600
269	1147
269	6623
269	4286
269	1171
269	2617
269	1000
269	4185
269	6714
269	5814
270	1922
270	7682
270	4869
270	1160
270	3466
270	5260
270	3214
270	5140
270	1302
270	7830
270	7958
270	1049
270	5789
270	5663
270	6055
270	4520
270	7210
270	1662
270	1966
270	2223
270	6959
270	5426
270	4276
270	3766
270	567
270	7737
270	2235
270	3774
270	7360
270	1094
270	5707
270	6479
270	4305
270	4436
270	6614
270	1498
270	6876
270	7263
270	5602
270	2659
270	3812
270	3940
270	7651
270	7906
270	3327
270	1129
270	492
270	1900
270	3692
270	7411
270	4214
270	3194
270	4478
270	5503
270	4787
270	2145
270	3472
270	2999
270	2105
270	6630
270	509
270	3926
270	6452
270	518
270	7230
270	7300
270	594
270	1073
270	2934
270	1976
270	1442
270	4200
270	1866
270	2644
270	4923
270	1149
270	2650
270	7034
270	496
270	5661
270	4639
270	7644
270	450
270	5124
270	5374
270	1893
270	639
270	4831
270	3092
270	1542
270	6881
270	8080
270	5694
270	6716
270	2228
270	1035
270	6990
270	3756
270	7414
271	6401
271	7299
271	7433
271	7562
271	2318
271	1423
271	1936
271	4880
271	7317
271	5271
271	2712
271	4249
271	5790
271	1311
271	1313
271	1569
271	4644
271	4772
271	1064
271	2217
271	4008
271	4648
271	5672
271	1662
271	3886
271	3887
271	5679
271	6188
271	6703
271	5043
271	5304
271	1337
271	5433
271	7228
271	3519
271	961
271	7489
271	2502
271	3015
271	3271
271	1745
271	5332
271	4182
271	1623
271	3801
271	1116
271	2397
271	3302
271	360
271	2157
271	7024
271	6776
271	3451
271	638
271	2891
271	3562
271	2073
271	999
271	6698
271	2686
271	5264
271	4608
271	5587
271	7326
271	2472
271	1990
271	7817
271	1523
271	7710
271	3103
271	1013
271	6230
271	8045
271	6904
271	6178
271	7862
271	7389
271	4512
271	6559
271	7578
271	6089
271	594
271	4978
271	2638
271	417
272	3521
272	4291
272	7111
272	4304
272	1105
272	402
272	1687
272	3863
272	7129
272	4124
272	5276
272	1252
272	3813
272	2792
272	1513
272	1450
272	3627
272	1325
272	3250
272	2548
272	5620
272	7670
272	7467
272	4021
272	7642
272	5922
272	4961
273	2885
273	1481
273	6602
273	1619
273	5461
273	406
273	1047
273	1687
273	5469
273	5343
273	6138
273	4323
273	3748
273	2405
273	1320
273	4905
273	5097
273	5290
273	4972
273	3631
273	381
273	374
273	4024
273	1145
273	4986
273	5563
273	3005
273	6681
273	4749
273	7944
273	522
273	4967
273	846
273	2176
273	6181
273	588
273	6399
273	1838
273	3937
273	5113
273	3362
274	1921
274	7297
274	4101
274	5512
274	1931
274	1680
274	1046
274	3229
274	4509
274	6558
274	3620
274	7845
274	2857
274	1835
274	6187
274	6195
274	436
274	1337
274	3004
274	957
274	702
274	8126
274	7360
274	3395
274	3785
274	587
274	2510
274	3281
274	3542
274	4088
274	4829
274	608
274	5607
274	1128
274	5492
274	5878
274	4984
274	4988
274	5587
274	5111
274	6612
274	2472
274	2972
274	4769
274	6694
274	1300
274	6819
274	6697
274	6523
274	5928
274	2694
274	1615
274	7798
274	2517
274	3850
274	7389
274	4750
274	2477
274	6559
274	1818
274	7343
274	6382
274	6809
274	3755
274	7361
274	2379
274	704
274	7132
274	4737
274	5335
274	3355
274	4740
274	2104
274	7623
274	7989
274	5283
274	4154
274	6607
274	432
274	4807
274	4401
274	4608
274	2674
274	8138
274	407
274	4120
274	5319
274	468
274	2454
275	6657
275	4482
275	5263
275	2069
275	792
275	4638
275	1568
275	4768
275	5664
275	7844
275	2219
275	7979
275	566
275	4279
275	2106
275	4412
275	7999
275	3521
275	3649
275	6341
275	4422
275	3144
275	4044
275	3919
275	7901
275	2278
275	743
275	7018
275	3053
275	625
275	2293
275	7157
275	7158
275	761
275	762
275	7419
275	1399
275	1743
275	4961
275	3050
275	5525
275	3666
275	7000
275	2226
275	7793
276	2177
276	3841
276	4675
276	4097
276	5315
276	5443
276	3851
276	2191
276	7311
276	4114
276	2709
276	2965
276	4695
276	2264
276	5784
276	6106
276	8036
276	5993
276	5546
276	7470
276	3183
276	3636
276	3255
276	7741
276	7999
276	4447
276	1743
276	3392
276	3935
276	1029
276	6091
276	4689
276	5454
276	922
276	4827
276	5582
276	4306
276	5980
277	5761
277	7042
277	6021
277	5254
277	6533
277	6853
277	1101
277	7515
277	6108
277	1885
277	6751
277	2336
277	7970
277	6563
277	2981
277	935
277	3559
277	1585
277	545
278	3072
278	5249
278	1417
278	7179
278	4375
278	2460
278	2205
278	5153
278	5806
278	5807
278	3121
278	3762
278	7473
278	7092
278	2556
278	5568
278	2371
278	6982
278	2120
278	7627
278	7245
278	335
278	3155
278	2651
278	3807
278	5217
278	2922
278	5741
278	2552
278	8058
278	4732
278	5502
278	535
278	4504
278	785
278	2112
278	3070
278	1285
278	2853
278	3457
278	4296
278	6822
278	2273
278	3530
278	5595
278	7398
278	1229
278	5686
278	5985
278	5259
278	1964
278	1076
278	2830
278	7449
278	1515
278	2442
279	386
279	2697
279	3083
279	3980
279	6157
279	8082
279	4756
279	5268
279	5913
279	2458
279	6041
279	5532
279	801
279	7457
279	3363
279	5162
279	5549
279	2862
279	3256
279	5305
279	4666
279	3263
279	4035
279	2502
279	3655
279	841
279	3914
279	590
279	4559
279	464
279	2640
279	4178
279	4438
279	5206
279	4953
279	2266
279	1245
279	7777
279	1890
279	1130
279	4330
279	6636
279	7275
279	7918
279	6640
279	6768
279	4468
279	4474
279	4987
279	1278
279	3350
279	2953
279	4030
279	4417
279	2690
279	1918
279	6775
279	7440
279	3312
279	978
279	3202
279	3266
279	987
279	2863
279	2140
279	1240
279	2881
279	6731
279	1407
279	6209
279	6279
279	2081
280	3393
280	5062
280	3207
280	6663
280	3657
280	4051
280	341
280	4823
280	5143
280	2012
280	5084
280	1182
280	1632
280	4578
280	6243
280	6690
280	1254
280	3239
280	8103
280	3950
280	5360
280	498
280	5490
280	6260
280	6515
280	3382
280	6582
280	4857
280	2938
280	7415
280	1663
280	1711
280	3990
280	5812
280	6500
280	1331
280	5301
280	5799
280	553
280	7084
280	4272
280	996
280	6267
280	6392
280	5071
280	3795
280	5129
280	3093
281	7937
281	4422
281	1159
281	3272
281	4679
281	5780
281	4054
281	6871
281	5276
281	5982
281	4449
281	546
281	1443
281	1574
281	6441
281	816
281	2161
281	3258
281	3134
281	4328
282	1792
282	2691
282	646
282	8070
282	3210
282	7187
282	7061
282	2338
282	1699
282	5026
282	6050
282	2602
282	1451
282	5552
282	817
282	7730
282	3641
282	1340
282	2111
282	2628
282	3016
282	8137
282	6223
282	8019
282	4821
282	8023
282	2521
282	4187
282	1250
282	1635
282	3428
282	4836
282	3558
282	1895
282	6390
282	2681
282	6907
282	4476
282	2045
282	6527
282	3678
282	3815
282	5087
282	1905
282	5038
282	7930
282	4159
282	2844
282	7945
282	5370
282	7109
282	6398
282	2029
282	2587
282	4027
282	7105
282	6028
282	5314
282	3337
282	1656
282	579
282	5808
282	591
282	5762
283	7237
283	5514
283	7690
283	2124
283	6860
283	2574
283	6097
283	4499
283	7509
283	3543
283	6744
283	2973
283	3999
283	4960
283	2721
283	1954
283	739
283	3619
283	2399
283	4197
283	2153
283	4458
283	5949
283	6253
283	2031
283	6577
283	7096
283	3963
283	6588
283	4861
283	5205
283	2942
283	6175
283	2340
283	6628
283	4683
283	2332
284	1155
284	7044
284	7943
284	4361
284	1546
284	6029
284	7822
284	6031
284	401
284	2194
284	6803
284	6934
284	7833
284	422
284	3110
284	5798
284	1842
284	948
284	3515
284	1212
284	1467
284	1852
284	574
284	5313
284	5570
284	1988
284	7493
284	7750
284	2257
284	3921
284	600
284	5979
284	611
284	6372
284	4841
284	5354
284	6639
284	1139
284	5879
284	7715
284	6644
284	5515
284	3541
284	5823
284	1689
284	679
284	1118
284	1722
284	3040
284	3650
284	828
284	1258
284	5825
284	5715
284	6987
284	2780
284	3149
284	1413
284	3158
284	3286
284	4906
284	7609
284	5275
284	7932
284	1150
284	7874
284	6199
284	1891
284	5857
285	1540
285	6021
285	7302
285	7313
285	8081
285	5014
285	4503
285	2455
285	5280
285	6823
285	1577
285	814
285	4530
285	3128
285	2361
285	3513
285	5947
285	4798
285	6593
285	7617
285	6212
285	4165
285	3142
285	7878
285	8143
285	7634
285	5075
285	4308
285	3545
285	6236
285	3934
285	6369
285	4072
285	3945
285	8043
285	5616
285	2917
285	3576
285	5434
285	940
285	3823
285	1858
285	2041
285	5400
285	3429
285	6620
285	3743
285	6623
285	2428
285	2968
285	6656
285	6851
285	7171
285	2860
285	5331
285	4010
285	1200
285	4013
285	6658
285	2707
285	5767
285	6624
285	562
285	626
286	3747
286	2405
286	2693
286	4552
286	2219
286	3372
286	4397
286	4652
286	6416
286	2737
286	3794
286	7025
286	4118
286	6295
286	5533
286	954
287	4098
287	4615
287	6407
287	2957
287	1559
287	1943
287	2458
287	3482
287	7073
287	8107
287	5676
287	429
287	7345
287	2866
287	438
287	4280
287	706
287	2498
287	2244
287	4034
287	5571
287	1607
287	5954
287	3659
287	5451
287	4557
287	6861
287	2384
287	6100
287	8057
287	3044
287	1382
287	2790
287	4840
287	7531
287	5237
287	6517
287	1785
287	5246
287	4424
287	2087
287	6481
287	788
287	884
287	2909
287	5657
287	7823
287	4082
287	4168
287	1005
287	4856
287	4210
287	4650
288	2434
288	1286
288	2182
288	6535
288	6920
288	3470
288	911
288	1556
288	3096
288	5662
288	7199
288	928
288	1954
288	5412
288	550
288	4018
288	4532
288	5815
288	4152
288	1080
288	8122
288	1978
288	6978
288	4293
288	6729
288	2123
288	3403
288	4555
288	6746
288	5096
288	1141
288	503
288	507
288	1864
288	3612
288	7703
288	5250
288	3038
288	1058
288	3013
288	1576
288	1762
288	5481
288	1884
288	3031
288	6878
288	5203
288	4803
288	2887
288	5645
288	6664
288	6493
288	2960
288	809
289	4448
289	1444
289	7620
289	2406
289	7735
289	6766
289	4591
289	5135
289	6191
289	2003
289	5107
289	2967
289	2554
289	796
289	2109
289	5771
289	551
289	6102
289	4870
289	5863
289	4319
289	7656
289	2577
290	384
290	1286
290	2569
290	5897
290	1291
290	4495
290	6163
290	7830
290	1688
290	2585
290	5401
290	6680
290	2973
290	7967
290	1959
290	4524
290	1453
290	7088
290	2738
290	7352
290	958
290	5439
290	7489
290	8130
290	8132
290	710
290	1350
290	5063
290	3915
290	4939
290	1104
290	5204
290	7764
290	2262
290	5471
290	353
290	2403
290	1894
290	5483
290	3310
290	7407
290	5746
290	4989
290	6911
290	1598
290	1067
290	6650
290	3727
290	7507
290	984
290	2076
290	4895
290	703
290	2561
290	6881
290	1911
290	5694
290	4022
290	4833
290	6932
290	708
290	4427
290	647
290	3112
290	537
290	6193
291	3394
291	3012
291	1093
291	3590
291	2823
291	2631
291	3017
291	5178
291	5381
291	1548
291	6542
291	6928
291	6163
291	3351
291	5945
291	4313
291	6301
291	7773
291	2657
291	7333
291	4135
291	5418
291	3829
291	7223
291	3191
291	2553
291	1402
291	1021
291	8056
291	2983
291	5364
291	1793
291	2158
291	6379
291	4968
291	3894
291	3203
291	5167
291	5983
292	2051
292	4611
292	2057
292	6414
292	3345
292	7444
292	7451
292	801
292	5160
292	7210
292	1835
292	5420
292	2864
292	5430
292	6457
292	2364
292	8001
292	4162
292	3907
292	6980
292	1100
292	850
292	2388
292	342
292	2390
292	3165
292	360
292	1896
292	5227
292	1650
292	1652
292	8054
292	384
292	8067
292	7559
292	656
292	5008
292	5010
292	3732
292	1173
292	6294
292	5783
292	5541
292	2471
292	5802
292	2220
292	3761
292	690
292	1972
292	1464
292	6331
292	5308
292	6587
292	2240
292	3778
292	5828
292	3529
292	6602
292	5836
292	3024
292	2261
292	7639
292	3552
292	1249
292	6113
292	506
292	3103
292	4729
292	5928
292	2807
292	1013
292	6233
292	7661
292	470
292	6230
292	6941
292	4921
292	6904
292	6010
292	3075
292	6141
292	5235
292	1406
292	5665
292	2129
292	3154
292	3273
292	5491
292	6397
292	6330
292	5085
292	1604
292	8090
292	5448
292	3654
292	2638
292	417
292	7196
292	2342
292	4435
292	1866
292	2104
292	1869
292	4807
292	6674
292	3254
292	4633
292	7342
292	2601
292	3562
292	6686
292	444
292	1530
292	1884
292	3693
292	2073
292	6698
292	931
292	4605
292	1490
292	4608
292	5459
292	1618
292	1862
292	2222
292	7927
292	6127
292	3192
292	1148
292	3125
292	4574
292	1273
292	3079
292	1523
292	2847
292	5791
292	7710
292	4049
292	2621
292	1425
292	6404
293	5890
293	6146
293	6147
293	3334
293	1672
293	5395
293	532
293	5651
293	3222
293	4503
293	3102
293	4511
293	6303
293	6563
293	1956
293	1446
293	2599
293	7848
293	2858
293	7468
293	3250
293	6322
293	2612
293	7287
293	2616
293	1979
293	3773
293	1855
293	2497
293	5703
293	3528
293	6728
293	2634
293	4941
293	1999
293	1873
293	8018
293	467
293	4307
293	2773
293	4181
293	856
293	7260
293	1502
293	5859
293	4198
293	7915
293	5613
293	2542
293	6255
293	6765
293	7150
293	7664
293	7794
293	3572
293	2165
293	4340
293	4087
293	760
293	4095
293	6619
293	2247
293	7171
293	2671
293	6689
293	7174
293	6115
293	3235
293	4315
293	6359
293	6179
293	7143
293	6490
293	1593
293	2066
293	3686
293	3570
293	4830
293	6816
293	5434
293	7170
293	6828
293	7801
293	7859
293	4268
293	906
293	3133
293	2968
293	7413
293	6037
293	6275
293	1360
293	6946
293	5872
293	2705
293	4624
294	7169
294	1799
294	4490
294	1297
294	2193
294	2578
294	1556
294	6053
294	554
294	4523
294	6570
294	4657
294	2610
294	1587
294	7223
294	5049
294	1850
294	7868
294	1994
294	1099
294	2124
294	718
294	3279
294	2134
294	7639
294	3929
294	474
294	4189
294	1251
294	7270
294	2023
294	2162
294	6133
294	7925
294	890
294	2043
294	4477
294	6911
294	5215
294	2290
294	4119
294	4697
294	1351
294	5481
294	3031
294	7126
294	2131
294	5734
294	1864
294	2275
294	2352
294	661
294	6337
295	7246
295	2961
295	530
295	7892
295	3607
295	3928
295	1369
295	4443
295	605
295	4578
295	1123
295	3875
295	4003
295	1002
295	3499
295	3180
295	2410
295	6002
295	875
295	6596
295	6355
295	6895
295	4793
295	1717
295	7608
295	5046
295	1317
295	6267
295	3489
295	7388
295	3427
295	5565
296	7808
296	7936
296	4228
296	3717
296	3082
296	1298
296	7443
296	789
296	2463
296	3108
296	5800
296	3626
296	4779
296	2735
296	1841
296	3505
296	1207
296	4026
296	4032
296	8004
296	3527
296	7371
296	3151
296	2256
296	4307
296	5332
296	5206
296	4439
296	2141
296	2399
296	3552
296	7520
296	2152
296	4073
296	3694
296	7540
296	6262
296	1912
296	7421
296	2881
296	3610
296	3802
296	3811
296	6279
296	5257
296	3234
296	7984
296	6855
296	8060
296	5778
296	2669
296	3511
296	823
296	6702
296	2690
296	6177
296	5997
296	2400
296	1753
296	3312
296	978
296	3202
296	4700
296	7891
296	4245
296	4605
296	3122
297	5636
297	4487
297	527
297	1044
297	790
297	7959
297	5147
297	5150
297	3105
297	7078
297	2471
297	6571
297	1196
297	5678
297	560
297	3766
297	2873
297	4410
297	7481
297	4287
297	4936
297	2505
297	5065
297	3028
297	2525
297	2528
297	7777
297	6114
297	7522
297	6117
297	2667
297	3564
297	2926
297	7540
297	3445
297	4215
297	5372
297	6270
297	1113
297	4533
297	518
297	4472
297	3926
297	3410
297	2934
297	3953
297	5213
297	536
297	365
297	2711
297	1149
297	5527
297	6073
297	2662
297	6445
297	804
297	1289
297	8080
297	7070
297	7683
297	6716
297	1746
297	2646
297	2054
297	4110
297	4244
297	6883
297	4061
297	6712
297	351
297	4616
297	7996
297	6748
298	3072
298	4097
298	2179
298	6531
298	5258
298	3596
298	6421
298	7576
298	4251
298	2849
298	548
298	4389
298	2086
298	5934
298	2103
298	5306
298	1215
298	1727
298	6466
298	5959
298	3407
298	2769
298	6866
298	1882
298	3674
298	4314
298	2781
298	6491
298	1247
298	6754
298	4195
298	5604
298	3305
298	3949
298	7151
298	752
298	2804
298	1398
298	7670
298	6137
298	6908
298	3837
298	3064
298	4577
298	2676
298	3994
298	3753
298	1483
298	2273
298	2630
298	6660
298	1205
298	6492
298	4637
298	3859
298	4475
298	6159
298	1186
298	6345
298	6601
298	1631
298	6622
298	1521
298	4102
298	7104
298	6210
298	3333
298	1478
298	2396
299	6272
299	4482
299	6468
299	773
299	776
299	2700
299	3413
299	6101
299	6494
299	8100
299	1651
299	5621
299	1462
299	3258
299	4285
299	2303
300	898
300	2440
300	1161
300	7816
300	5388
300	1039
300	1299
300	406
300	2849
300	7074
300	1827
300	3237
300	2854
300	7206
300	2856
300	2345
300	3497
300	4531
300	4917
300	7222
300	2367
300	3649
300	4546
300	8003
300	971
300	4180
300	7893
300	4695
300	346
300	5852
300	2269
300	7403
300	8049
300	2297
300	3710
300	3071
300	1029
300	2176
300	3465
300	5454
300	2412
300	5582
300	4299
300	4919
300	522
301	6912
301	5637
301	1290
301	4876
301	784
301	5393
301	1810
301	6676
301	7960
301	3621
301	6964
301	6201
301	3905
301	7236
301	3402
301	331
301	332
301	8016
301	4692
301	6484
301	6999
301	601
301	7771
301	3164
301	3934
301	3423
301	7518
301	8033
301	7778
301	1124
301	1384
301	1912
301	2680
301	7545
301	6015
301	1666
301	2949
301	7045
301	6280
301	5513
301	2956
301	2450
301	1430
301	3228
301	7585
301	8104
301	1451
301	7598
301	5554
301	6323
301	5575
301	5832
301	6090
301	5323
301	5848
301	7641
301	3034
301	6875
301	6372
301	1259
301	6899
301	7929
301	4860
301	510
301	7136
301	7200
301	4378
301	6837
301	8112
301	1934
301	1400
301	1418
301	3630
301	997
301	631
301	6537
301	1256
301	5457
301	5576
301	5039
301	7748
301	4868
301	5713
301	3193
301	2351
301	7098
301	4456
301	4935
301	1582
301	2726
301	1655
301	7052
301	5432
301	337
301	1603
301	3458
301	3522
301	5389
301	5688
301	4248
301	5508
301	6112
301	3006
301	2832
301	7722
301	800
301	7698
301	5477
301	5843
301	867
301	7173
301	1962
301	3948
302	1024
302	6792
302	5769
302	6922
302	1805
302	4500
302	5268
302	2966
302	4634
302	4379
302	3101
302	6302
302	2979
302	4644
302	4518
302	6311
302	4136
302	7718
302	1194
302	6570
302	6316
302	6706
302	5429
302	6455
302	3000
302	2810
302	7233
302	2510
302	4949
302	2390
302	5719
302	7257
302	3418
302	7387
302	2653
302	7262
302	2530
302	6756
302	7527
302	1641
302	2793
302	3178
302	492
302	888
302	5239
302	7672
302	634
302	3198
302	7122
302	3406
302	5953
302	852
302	5172
302	2896
302	4281
302	3680
302	565
302	4824
302	629
302	388
302	6447
302	632
302	5971
302	516
302	1242
302	7774
302	1120
302	4070
302	3893
302	2151
302	4558
302	6962
302	7020
302	1626
302	4686
302	2230
302	7038
302	1818
302	6382
302	2895
302	1530
302	692
302	6046
302	4859
302	2638
302	2891
302	2955
302	7290
302	2674
302	8013
302	5319
303	4864
303	2818
303	5123
303	3911
303	6599
303	3276
303	6925
303	5391
303	335
303	4116
303	1178
303	2526
303	7741
303	5604
303	3751
303	4649
303	5801
303	5164
303	2733
303	4079
303	2354
303	5556
303	5236
303	4094
303	7160
303	6973
303	510
303	1692
303	4167
303	5777
303	4883
303	881
303	3722
303	7839
303	7453
303	1037
303	1381
303	5916
303	4074
304	3328
304	1154
304	5636
304	2437
304	3205
304	2695
304	3982
304	5519
304	3480
304	3996
304	5149
304	4766
304	5028
304	5161
304	4398
304	1584
304	8114
304	2870
304	4918
304	5440
304	7752
304	8008
304	8021
304	2147
304	6889
304	2799
304	2033
304	7409
304	3572
304	6132
304	6900
304	5114
304	7167
304	4315
304	3405
304	6298
304	6037
304	421
304	5670
304	4185
304	5814
304	7418
304	2339
304	1552
304	2432
304	6231
304	3425
304	7909
304	1795
305	6018
305	1671
305	4235
305	8077
305	8085
305	5654
305	3352
305	1945
305	3739
305	4257
305	2085
305	6566
305	6693
305	6313
305	4011
305	1071
305	2355
305	3765
305	1847
305	3904
305	7622
305	1863
305	1736
305	6474
305	3019
305	1102
305	6863
305	4946
305	982
305	2775
305	2137
305	7902
305	1248
305	3681
305	7010
305	6633
305	3695
305	1913
305	6269
305	6526
305	5181
305	2142
305	3707
305	3832
305	372
305	976
305	616
305	2056
305	7758
305	3331
305	4176
305	2861
305	4780
305	6107
305	5158
305	2751
305	7385
305	3483
305	7571
305	6561
305	3501
305	7339
305	6924
305	2976
305	5322
305	2451
305	6771
305	1923
306	2434
306	2391
307	6273
307	7939
307	774
307	393
307	1674
307	5513
307	7824
307	6801
307	5266
307	7060
307	411
307	7709
307	2079
307	1439
307	5537
307	6818
307	4259
307	6180
307	7073
307	3498
307	1840
307	4913
307	4155
307	2236
307	3517
307	830
307	6845
307	5442
307	4425
307	3018
307	6220
307	1485
307	3150
307	4431
307	5200
307	5711
307	3283
307	981
307	4821
307	6874
307	5474
307	5347
307	6758
307	2920
307	2666
307	4715
307	1390
307	2414
307	6639
307	1783
307	5584
307	3671
307	7930
307	2777
307	5126
307	5559
307	1608
307	6105
307	5275
307	7618
307	4567
307	1150
307	1095
307	6684
307	5482
307	5671
307	5857
307	2986
307	7782
307	2333
307	6540
307	6726
307	1265
307	6659
307	4868
307	1042
307	6140
307	1524
307	8010
307	6335
307	3754
307	7293
307	5432
307	5252
307	6576
307	1905
307	831
307	4730
307	889
307	2744
307	1499
307	5038
308	7555
308	1412
308	6154
308	910
308	2448
308	2576
308	4882
308	5393
308	7834
308	2588
308	1183
308	6180
308	6953
308	7599
308	3120
308	2609
308	3510
308	5179
308	1467
308	3526
308	5318
308	4040
308	7882
308	5195
308	6991
308	7377
308	3026
308	5972
308	471
308	6745
308	7899
308	3036
308	3420
308	7005
308	607
308	8028
308	1635
308	6757
308	2935
308	4985
308	2939
308	5119
308	6632
308	1891
308	457
308	7782
308	7181
308	1906
308	6885
308	3404
308	2083
308	2867
308	3846
308	4935
308	1042
308	7815
308	1524
308	7238
308	3037
308	1789
308	889
308	6838
308	3604
308	5715
308	3146
308	4534
308	7420
308	6038
308	3518
308	6221
308	5040
308	4619
308	5168
308	4567
308	1150
308	6556
308	7874
308	2959
309	1600
309	386
309	7813
309	3527
309	649
309	4748
309	1484
309	5395
309	6933
309	472
309	3871
309	2465
309	363
309	5739
309	6510
309	6832
309	4083
309	4467
309	4916
309	2614
309	4603
309	2488
309	2619
309	6900
309	1083
309	3838
309	3405
309	7517
309	772
309	3652
309	7255
309	894
309	2925
309	778
309	8064
309	5997
309	1211
309	6775
309	4791
309	7346
309	2020
310	4992
310	2179
310	5511
310	5127
310	651
310	7179
310	4493
310	7183
310	5013
310	5535
310	4132
310	3365
310	2733
310	7085
310	3506
310	6456
310	5976
310	5338
310	4059
310	5472
310	610
310	7917
310	621
310	4973
310	1520
310	1648
310	2162
310	2292
310	3702
310	6268
310	4475
310	5860
310	1665
310	1610
310	6894
310	6064
310	6622
310	1646
310	3931
310	6988
310	5624
310	7241
310	535
310	7973
310	6478
310	3784
310	7381
310	370
310	1285
310	2728
310	3753
310	3457
310	8076
310	1114
310	4119
310	1132
310	1742
310	4201
310	7029
310	8066
311	3648
311	6278
311	2506
311	7693
311	3533
311	1040
311	7697
311	7736
311	4187
312	4544
312	4289
312	6530
312	451
312	6341
312	6854
312	7685
312	3272
312	6216
312	6412
312	4690
312	2326
312	1563
312	7643
312	1757
312	6877
312	2593
312	7012
312	1063
312	1320
312	6251
312	2670
312	5621
312	825
312	2237
312	4223
312	7000
312	2791
313	1056
313	7043
313	1028
313	2308
313	2314
313	2616
313	4109
313	5133
313	8047
313	1587
313	7763
313	5623
313	6584
313	4441
313	1948
313	3639
313	6319
313	7804
313	8132
313	3786
313	1991
313	2352
313	4563
313	1326
313	4264
313	6115
313	4234
314	2579
314	1365
314	4950
314	2903
314	3095
314	793
314	3229
314	2143
314	8095
314	4580
314	7527
314	7340
314	3886
314	2223
314	4719
314	689
314	945
314	6840
314	3575
314	6968
314	6205
314	5567
314	853
314	6892
314	2421
314	1409
314	328
314	5953
314	2230
314	5319
314	5264
314	4354
314	4154
315	3008
315	4545
315	1794
315	709
315	1032
315	2569
315	460
315	1107
315	2837
315	7294
315	5341
315	4382
315	675
315	1828
315	933
315	6756
315	7912
315	1642
315	6699
315	3191
315	6584
315	2874
315	5367
315	1533
315	6014
315	8056
315	3025
315	7842
315	4968
315	7372
315	5167
315	3894
315	2518
315	6905
315	1392
315	1459
315	5983
315	5867
315	4207
315	7462
315	860
315	6379
315	3203
315	1598
315	2071
315	4920
316	1089
316	7757
316	6031
316	1617
316	5201
316	2582
316	1817
316	2719
316	1250
316	4259
316	5476
316	7778
316	5478
316	8124
316	1069
316	5999
316	7023
316	3380
316	4340
316	4660
316	5176
316	6202
316	4922
316	3326
316	7066
316	4012
316	7850
316	5126
316	2541
317	3460
317	2437
317	2067
317	2710
317	1179
317	2845
317	6045
317	7713
317	674
317	7074
317	8097
317	8102
317	2093
317	1839
317	3382
317	7864
317	3514
317	1341
317	5061
317	6606
317	4431
317	1104
317	5969
317	4434
317	6352
317	7128
317	2393
317	4825
317	604
317	3676
317	7903
317	2032
317	3056
317	3314
317	4083
317	3060
317	885
317	3574
317	759
317	2936
317	377
317	4723
317	4987
317	3454
317	996
317	6701
317	1085
317	779
317	3643
318	2053
318	7050
318	5899
318	6283
318	4301
318	718
318	911
318	4495
318	5648
318	7376
318	469
318	5786
318	6299
318	6367
318	4897
318	8035
318	1828
318	6759
318	1768
318	8106
318	4077
318	5550
318	7791
318	8047
318	690
318	3378
318	5940
318	6971
318	4668
318	3186
318	7966
318	470
318	7789
318	6419
318	6779
318	3786
318	552
318	1815
318	7126
318	7486
318	1854
318	5215
318	1991
318	4767
318	2131
318	1344
318	3818
318	4968
318	5334
319	832
319	4098
319	819
319	5893
320	3463
320	2444
320	1167
320	4879
320	7057
320	5397
320	6805
320	795
320	3356
320	688
320	2482
320	1715
320	4279
320	1336
320	568
320	4665
320	3901
320	6465
320	3780
320	584
320	1738
320	1614
320	2512
320	1110
320	855
320	4566
320	4955
320	4448
320	1774
320	3697
320	502
320	2808
320	6526
320	1512
320	1534
320	4128
320	7987
320	1323
320	616
320	2586
320	1564
321	482
321	1565
321	4994
321	4261
321	3657
321	2410
321	2347
321	495
321	3635
321	7128
321	6552
321	2107
321	1244
321	3325
321	1790
321	996
322	7809
322	4099
322	1416
322	2697
322	7821
322	1935
322	6289
322	660
322	6170
322	6044
322	7327
322	2595
322	7979
322	5036
322	685
322	2349
322	3374
322	3502
322	5037
322	6961
322	1468
322	3262
322	6081
322	5061
322	7621
322	583
322	5447
322	6088
322	7500
322	605
322	1886
322	868
322	5348
322	495
322	1527
322	8057
322	2815
322	4809
322	7853
322	884
322	6258
322	3847
322	2005
322	4650
322	2294
322	1760
322	5209
322	3427
322	1717
322	7837
323	4611
323	5893
323	7302
323	903
323	7047
323	7947
323	6170
323	5915
323	2208
323	6690
323	6950
323	6951
323	3624
323	2090
323	3883
323	7345
323	6708
323	4150
323	1853
323	835
323	839
323	6471
323	4046
323	982
323	6870
323	3290
323	3556
323	3941
323	7400
323	7933
323	1002
323	4334
323	371
323	1529
323	5501
323	4650
323	6427
323	5209
323	5321
323	3804
323	2087
323	2408
323	3292
323	2443
323	4140
323	2976
323	6258
323	2294
323	372
323	2268
324	5697
324	6407
324	2250
324	2763
324	5772
324	3854
324	8015
324	1106
324	3605
324	3861
324	4246
324	5142
324	4379
324	2207
324	5729
324	6244
324	6567
324	6381
324	1526
324	4471
324	1720
324	5817
324	6454
324	6481
324	874
324	5853
325	6723
325	3653
325	7941
325	5064
325	3274
325	5707
325	5390
325	1681
325	5906
325	8017
325	4951
325	1816
325	4634
325	1308
325	4829
325	478
325	2717
325	1566
325	671
325	7838
325	746
325	4330
325	4907
325	2543
325	3185
325	5041
325	947
325	3962
325	7228
325	2344
325	6642
325	5632
325	5060
325	2360
325	6609
325	1749
325	6300
325	565
325	4824
325	6852
325	1818
325	542
325	3856
325	4402
325	7774
325	1268
326	4738
326	2055
326	6282
326	5005
326	4891
326	7581
326	8093
326	4768
326	1191
326	6573
326	5166
326	816
326	3888
326	2866
326	4663
326	6970
326	3005
326	2238
326	1224
326	2121
326	2632
326	4552
326	5067
326	7546
326	6735
326	2897
326	4437
326	6485
326	2265
326	5852
326	992
326	7653
326	4844
326	3183
326	5362
326	7928
326	1914
326	1838
326	7944
326	4328
326	4299
326	2412
326	2176
329	7211
332	6537
332	3006
336	4770
337	6595
339	4157
339	1510
339	1038
340	7279
341	5812
341	7084
342	4921
342	3103
344	7059
344	4797
344	4190
344	3614
345	7105
345	2146
348	4041
348	458
348	2074
352	4959
353	6881
353	708
353	1067
353	6932
353	984
353	6650
353	6224
353	2782
353	7019
353	6958
356	5077
358	3389
360	4608
360	417
360	3562
360	6698
360	2638
360	1523
360	1013
360	6230
360	6904
360	2073
360	7710
360	3103
361	5820
366	4543
367	4641
367	1061
367	4455
367	775
367	7661
367	6046
367	853
367	4470
367	2686
367	4590
367	1470
367	5240
368	3435
369	4331
370	3354
370	420
371	2976
375	8063
376	952
376	5293
376	5768
381	846
385	4609
385	1394
385	4645
385	453
385	7754
385	3964
385	2401
386	6775
387	6248
389	916
389	6586
389	1570
391	1552
391	6954
391	2734
400	6944
400	1482
400	7992
400	6058
404	5120
404	7640
406	2176
406	522
406	8025
407	7145
408	7279
411	7293
411	6726
411	4027
411	7930
413	1547
413	6054
415	3147
418	5243
419	7673
419	2013
424	3435
427	722
428	3652
430	7289
432	3397
433	7619
433	2389
433	2590
433	3879
434	7319
434	1131
434	5253
434	7155
434	1296
436	4120
436	6809
436	2674
436	2379
436	4426
436	4255
442	5180
442	1879
442	8061
443	5516
448	6732
452	7136
452	7850
452	3179
453	2401
457	1287
460	4920
460	6905
460	4959
462	2441
462	8034
463	7342
464	2081
464	2690
467	7801
467	6490
469	1344
469	2131
469	5334
469	1991
469	3818
469	1815
471	7238
471	3146
471	3404
471	6221
471	6038
471	6556
471	1789
471	7406
471	1353
474	1351
475	5634
475	3852
476	1082
476	6724
479	1076
481	1329
481	6883
481	3525
484	3097
485	5035
489	5680
489	2887
489	661
489	483
490	3760
490	2564
490	3957
490	4039
490	1626
490	6939
490	7835
490	5612
491	3476
493	1689
493	6428
493	6574
493	5631
496	559
496	3967
503	5250
503	3612
506	1530
506	2847
507	1576
509	6263
509	3787
509	6867
509	1519
509	4161
511	3944
511	5987
511	7677
514	3664
514	3947
514	6919
517	4529
518	2527
518	3967
519	7779
520	5025
522	8025
523	6277
523	3367
523	5289
523	1193
523	848
523	5073
523	4914
523	1176
523	639
525	6865
525	2114
525	7390
526	866
526	7148
526	780
526	454
527	1746
527	4244
527	5527
527	6712
527	4110
528	4272
529	7974
529	1233
529	6618
529	3081
529	3358
531	5850
531	5774
531	7539
534	1602
534	5865
534	1897
534	730
534	6203
534	1293
536	7090
537	7666
537	3023
540	3568
540	7185
540	3139
540	7251
540	1627
540	1127
541	5464
542	5060
546	4328
548	7104
548	3753
548	2676
548	4102
550	5481
550	4803
550	6878
550	3779
550	483
550	5189
554	5734
554	2290
554	7126
555	1741
555	3630
555	3247
556	5633
556	2723
558	7201
560	1289
560	6073
562	1683
563	5186
564	1233
564	3598
564	3358
567	2145
567	1893
567	1519
570	1562
576	6107
576	6347
578	5248
583	5209
586	5708
586	1564
586	965
586	4735
588	1708
592	5579
592	2716
593	5320
593	450
593	1531
593	1082
595	1603
595	6595
596	4866
596	5450
596	454
596	7855
598	6678
599	1729
602	5830
605	3427
605	1717
606	837
606	6822
608	6819
609	3416
609	7746
609	1995
609	5816
612	3922
612	4674
612	5774
612	5039
613	2509
613	7335
614	5632
614	516
614	4037
614	2694
614	925
615	3424
615	1491
615	5531
615	5463
615	4655
620	5930
620	779
620	334
622	6797
623	6864
623	1273
623	4599
624	6297
624	2942
629	5612
634	5953
634	7020
637	6814
640	7392
640	4378
640	6221
640	2456
640	977
642	1888
642	7857
642	7229
642	8071
642	2740
642	2253
646	5370
647	6555
647	3023
648	1510
650	5958
651	1114
651	7381
653	5048
653	6343
655	3944
655	7769
655	7482
656	3654
659	5792
659	5099
659	844
659	2994
659	1779
659	3254
659	5659
659	3740
659	6846
659	3154
659	6873
659	8101
659	3478
659	8071
659	2560
659	2515
660	884
660	7837
665	1602
665	581
665	3301
665	424
665	7976
665	368
665	2577
665	6035
665	1177
665	3386
665	670
665	3435
665	7656
668	6955
669	6675
672	1518
674	1085
675	3025
677	423
680	2732
684	4265
690	470
696	6553
697	865
697	686
702	2477
704	3768
704	4872
707	6849
707	1545
707	461
707	4623
707	1777
707	1151
707	3957
707	983
707	5594
707	2683
707	3421
707	6079
707	7835
707	5569
707	5031
707	1199
707	6281
707	4284
708	6224
708	6958
708	3898
711	4100
714	5122
714	1765
714	1158
714	844
714	4366
714	854
714	758
714	7229
714	6686
714	6734
714	3478
714	2253
714	8071
715	4980
717	5695
718	2131
718	7126
718	5215
719	2613
726	5073
726	7964
726	7921
726	5374
729	5842
729	4717
729	1968
731	3027
732	1394
735	5938
735	6739
735	2149
735	3471
736	4752
736	2198
736	1400
736	7818
736	4123
737	3568
737	4910
738	1025
738	7480
738	1363
738	5544
738	1995
738	1823
741	1854
741	4297
741	8110
741	7412
744	1229
745	4512
745	4265
745	4131
745	1836
745	3615
747	3147
748	6702
748	1407
748	1203
752	4475
752	4637
753	1074
758	3478
758	6734
760	2705
762	3666
765	2070
766	7277
767	5076
770	5139
770	3972
770	373
770	895
772	3652
775	5240
775	1470
778	6888
781	6250
781	791
781	462
781	6895
781	4127
781	4887
781	3804
781	2909
781	6847
781	7731
781	2441
781	8034
782	4618
784	800
784	5843
784	1400
784	1655
787	2192
790	804
790	2711
792	2226
795	2586
797	6122
797	6884
797	7530
799	1331
799	2365
802	5060
803	7820
806	3825
812	3789
815	5459
815	7038
815	6166
816	4328
817	7105
817	5314
817	5038
821	6864
821	7115
824	2662
826	976
826	858
827	6008
827	3190
830	1095
833	6233
833	6321
834	2295
840	7325
842	3364
842	4367
844	3478
844	8071
845	5584
845	6144
845	7289
845	7349
850	8090
850	6873
859	4364
859	4782
859	1031
862	5221
862	5774
863	1490
863	677
863	5285
863	5625
863	1242
863	7149
863	6697
863	423
864	7698
869	387
869	6248
872	6864
872	6084
872	2937
872	2491
872	2429
872	5117
875	7731
877	428
877	772
877	3652
881	5230
882	1031
883	4360
883	3235
893	641
893	2994
893	6873
897	7600
897	4207
897	7534
898	522
898	4299
898	8025
899	2140
901	6354
901	2739
905	1025
905	7590
905	1022
908	7048
908	7062
909	4029
909	5463
910	3404
919	6923
919	7973
920	1971
920	6627
922	768
924	5368
924	3859
926	6425
926	6500
926	2365
928	3013
930	7321
933	2071
933	7766
937	5728
937	7316
937	4866
937	780
940	5561
942	362
944	5907
944	5292
944	4029
946	2840
946	3138
946	7291
946	6028
947	3856
947	6642
947	1268
947	565
947	6852
947	2344
947	542
947	5060
948	3286
949	2617
949	5785
949	7155
949	1657
949	6683
949	1296
952	5768
957	4401
958	4427
958	708
958	6224
958	6958
960	8076
960	783
960	4883
960	1111
960	1496
960	7898
960	7256
960	4125
960	5230
961	2891
961	5587
961	1523
962	7742
962	4463
967	5929
967	2546
967	7372
968	5995
981	7618
981	6659
981	1499
981	5275
981	6335
982	2976
982	372
985	2192
989	7586
989	1924
989	3557
989	4470
989	2601
989	4590
989	5240
995	3677
995	6518
1009	2868
1012	834
1012	2295
1014	7859
1014	5396
1020	4164
1020	6389
1021	3894
1021	1793
1021	2158
1021	2983
1023	6842
1024	1242
1024	2891
1024	7038
1028	4234
1028	1326
1028	7331
1029	5076
1032	7462
1034	5256
1034	6643
1034	4463
1035	3199
1043	1704
1043	2970
1043	459
1043	475
1043	5634
1043	3852
1048	3342
1052	7392
1052	7401
1052	4674
1052	977
1052	2456
1055	2524
1056	4264
1064	7578
1067	6958
1069	7850
1069	4012
1069	7066
1071	7385
1071	3331
1071	1923
1073	6867
1073	4161
1075	4329
1079	1784
1079	870
1079	2356
1079	5886
1079	7325
1083	2925
1086	802
1086	5011
1086	5060
1087	336
1087	5572
1087	1478
1087	2791
1087	392
1087	4770
1088	4885
1090	1060
1096	446
1098	6843
1098	4541
1098	1127
1098	1977
1100	6686
1102	2056
1103	6643
1115	712
1115	4386
1121	4698
1121	1637
1124	4248
1124	3458
1124	4868
1126	3249
1126	1471
1131	1296
1133	5919
1134	7992
1136	6897
1136	1995
1136	3622
1139	3040
1139	5825
1139	3650
1143	5489
1143	3179
1143	5428
1143	5631
1145	5113
1145	3362
1145	4749
1145	6681
1145	6399
1145	4871
1146	6399
1148	8101
1149	6263
1151	4284
1152	7961
1152	3819
1152	7923
1152	4002
1155	3158
1157	2144
1157	5291
1157	3412
1157	1960
1158	6734
1162	7767
1171	7674
1173	2129
1173	4435
1173	2621
1175	6762
1175	886
1179	779
1180	3409
1185	6725
1185	4102
1185	1610
1185	4403
1185	2335
1185	3354
1185	3738
1190	4329
1192	5665
1192	7751
1192	4297
1192	1326
1192	2960
1192	6321
1192	3186
1192	5560
1192	7705
1192	7331
1192	7687
1192	7412
1194	1120
1194	2895
1195	1493
1195	3133
1200	2732
1201	2242
1201	2213
1201	7083
1201	5004
1201	2604
1201	909
1201	3758
1201	6834
1201	5907
1201	6994
1201	7250
1201	2838
1201	5847
1201	7769
1201	6843
1201	6721
1201	5463
1201	4029
1201	1977
1207	2400
1207	3811
1207	6855
1212	679
1215	6492
1217	3429
1217	6391
1217	1683
1219	2944
1227	5243
1227	2013
1228	2669
1232	858
1232	7758
1233	3358
1234	5580
1234	2901
1234	7397
1236	3975
1238	7964
1238	2421
1243	5874
1243	6837
1245	1240
1245	6209
1246	1732
1248	4780
1249	5491
1249	1148
1249	5791
1249	8101
1253	4902
1253	7767
1253	2295
1255	4874
1258	1722
1259	7722
1259	631
1259	5477
1259	1655
1259	1066
1263	7185
1263	2788
1263	5684
1263	6843
1263	6543
1263	1977
1264	497
1266	3754
1267	6888
1271	3424
1271	6203
1271	4874
1271	2189
1271	909
1271	1074
1271	7734
1271	4569
1271	2490
1271	6043
1271	5463
1271	4655
1271	4029
1272	6144
1272	7277
1273	4599
1278	2140
1278	3350
1280	808
1280	5677
1282	7680
1282	7665
1282	5850
1282	7184
1284	1506
1284	5581
1294	7194
1294	4319
1295	6112
1298	5257
1298	3802
1298	3122
1298	6177
1300	3768
1300	4426
1300	6287
1300	6343
1300	4872
1301	5930
1304	1960
1304	1968
1307	1592
1307	2988
1307	4459
1308	4824
1308	6300
1313	999
1319	3522
1319	871
1319	7399
1324	3561
1325	5922
1325	7467
1325	4021
1326	7331
1334	5987
1337	4608
1337	5587
1337	2472
1337	7389
1337	6559
1345	5811
1345	5894
1345	7662
1345	1288
1345	1362
1350	3727
1350	1507
1354	1202
1354	421
1355	2059
1355	1934
1355	4707
1357	368
1357	5865
1357	551
1357	4711
1357	3435
1358	5824
1358	4641
1358	3125
1358	4838
1358	1470
1358	3615
1361	6096
1364	2224
1364	6073
1364	1442
1365	5953
1365	4154
1365	6892
1365	328
1366	1545
1366	1697
1366	2564
1366	7977
1366	1199
1366	5031
1366	4284
1367	1256
1367	3770
1367	750
1369	4793
1369	875
1369	5565
1369	7731
1370	1657
1370	7746
1375	2313
1375	1964
1375	4089
1375	5293
1376	4689
1376	6483
1376	1515
1376	6891
1376	1005
1376	768
1377	1580
1377	3918
1377	496
1377	5557
1377	7961
1377	5593
1377	559
1377	4002
1377	3967
1380	3329
1380	4655
1382	5657
1383	6592
1383	4225
1383	963
1383	4356
1383	1605
1383	5379
1383	327
1383	7238
1383	1487
1383	3922
1383	2901
1383	5845
1383	3481
1383	6752
1383	7392
1383	2531
1383	2094
1383	7397
1383	4726
1383	2456
1383	7184
1383	1353
1383	977
1383	4966
1383	2637
1384	7200
1384	1962
1384	1418
1384	1934
1384	2832
1384	337
1384	7698
1384	5843
1384	4378
1384	4707
1384	6595
1385	4454
1385	5749
1386	1305
1386	6761
1386	7687
1387	1496
1387	4739
1388	362
1390	5252
1390	4567
1396	6034
1396	6940
1396	8038
1404	5524
1405	7952
1405	2985
1407	1203
1412	1789
1412	4534
1412	2959
1417	785
1417	1285
1417	6822
1417	3530
1417	5595
1422	2784
1422	5814
1425	3409
1429	4534
1429	5078
1430	1582
1431	7049
1431	6795
1436	2353
1436	730
1436	3386
1436	747
1436	5004
1436	3147
1436	7380
1444	6102
1446	6946
1446	3235
1446	7413
1446	7801
1446	6828
1446	1593
1446	7674
1456	6307
1461	6160
1461	6660
1461	3157
1461	1015
1461	5886
1461	7054
1461	7325
1461	2743
1463	1000
1463	7201
1463	626
1464	6404
1467	5715
1467	7874
1467	1891
1467	1150
1469	6670
1472	6732
1472	3093
1472	1981
1473	3795
1473	7495
1476	4306
1476	6483
1476	768
1478	4770
1480	3756
1481	588
1481	1708
1483	2233
1485	7618
1485	6726
1485	3671
1485	7782
1485	5482
1485	6684
1485	7930
1486	7354
1486	5634
1486	2715
1486	1362
1487	977
1487	2637
1488	5232
1488	1627
1488	4910
1492	2953
1494	6793
1494	6826
1494	7121
1494	8068
1494	4515
1495	7480
1495	4635
1495	6351
1497	3313
1497	6804
1497	2133
1497	5365
1498	496
1498	2644
1498	3967
1498	559
1502	7170
1502	6179
1502	7171
1502	3235
1502	4830
1502	2745
1504	4645
1505	8066
1511	2340
1511	4776
1511	6761
1511	1877
1511	1432
1511	7687
1511	4445
1516	3149
1521	2233
1521	4770
1525	3867
1527	7837
1531	1082
1535	2425
1541	3174
1541	6623
1542	6867
1542	4161
1545	1199
1545	4284
1545	5031
1549	1729
1553	4157
1553	1188
1553	7689
1553	5482
1553	2029
1553	3997
1553	5327
1556	1864
1556	5481
1556	3031
1556	6493
1556	5189
1556	3779
1558	3329
1558	3944
1558	5615
1558	6994
1558	5531
1558	5463
1558	6721
1559	4856
1561	7239
1567	2402
1567	4751
1568	2226
1568	3050
1571	1683
1571	6276
1573	5311
1573	3650
1573	5078
1573	3048
1573	3561
1573	380
1573	2959
1575	3570
1575	3086
1575	7303
1575	7274
1575	2734
1575	3539
1578	7339
1578	3700
1578	7843
1578	4759
1578	5749
1579	3922
1579	3230
1579	2687
1580	5593
1580	559
1583	5205
1583	2044
1583	7789
1583	4300
1583	4622
1584	421
1587	2352
1590	5586
1591	4543
1592	4459
1595	2672
1595	6630
1595	4063
1603	6595
1606	5457
1606	2059
1606	5221
1606	4707
1610	3354
1615	6287
1615	4872
1616	3664
1616	2089
1616	5712
1616	6229
1619	4967
1624	4613
1626	5612
1630	5792
1630	3690
1630	6507
1630	1169
1630	3889
1630	5491
1630	2515
1630	8101
1631	2743
1632	1331
1632	6500
1632	1711
1634	1784
1634	3224
1638	4963
1638	5124
1638	1070
1639	5296
1640	7170
1640	2951
1640	680
1640	3823
1640	4220
1640	7100
1640	2732
1640	2648
1640	2745
1642	5867
1642	4959
1643	6952
1643	3970
1643	4775
1643	2192
1648	2728
1649	7852
1649	4429
1649	6439
1649	4084
1650	3654
1652	4049
1652	843
1653	3289
1653	1877
1653	3321
1653	7687
1654	994
1658	2784
1658	5186
1658	7650
1658	3797
1658	3084
1658	7133
1660	7714
1660	3970
1660	787
1660	4060
1660	3501
1660	2192
1662	594
1663	4272
1666	5508
1667	3425
1667	6346
1667	7055
1667	1879
1667	1374
1667	8061
1668	7644
1671	7571
1672	3570
1672	6359
1673	6261
1680	468
1680	7389
1680	6382
1682	2084
1682	8038
1684	6043
1684	965
1685	7059
1685	8051
1688	4833
1690	6182
1693	1395
1696	6549
1697	4284
1699	5314
1699	7930
1699	2844
1699	2029
1700	2947
1700	4803
1700	6249
1700	4527
1700	5680
1700	3025
1700	4213
1700	4697
1700	483
1700	5189
1700	661
1700	927
1704	5634
1705	2202
1705	3412
1705	1960
1707	2701
1715	1512
1718	3361
1718	3098
1719	1503
1721	3081
1721	4529
1723	6516
1724	3938
1726	7305
1726	1006
1730	5297
1730	7530
1730	7300
1730	2477
1733	7174
1736	6561
1736	2451
1736	6107
1737	6162
1744	3797
1744	7431
1745	1990
1749	6609
1751	2353
1751	7787
1751	2604
1751	5615
1751	3147
1751	6721
1751	7380
1756	747
1756	5181
1756	415
1756	3147
1757	2791
1758	1693
1758	1395
1768	7966
1768	1854
1771	1057
1772	2401
1772	7321
1776	2728
1776	1391
1778	3084
1781	8048
1781	7842
1781	4563
1781	5452
1781	1305
1781	1356
1783	831
1787	1304
1787	5842
1787	3412
1787	1960
1787	1968
1792	5808
1792	5087
1792	591
1792	7662
1792	4734
1798	3873
1798	3913
1798	6122
1798	686
1798	7089
1798	4275
1798	7703
1798	8029
1798	6670
1801	3139
1801	581
1801	1127
1802	3600
1802	6714
1802	1187
1802	1296
1804	5138
1804	1509
1804	7048
1804	2333
1804	1582
1804	3311
1806	6448
1808	7820
1808	1637
1809	5816
1809	1482
1812	362
1814	508
1814	3541
1822	2701
1822	974
1824	6297
1824	4132
1828	4968
1832	2142
1832	6910
1832	2009
1833	1489
1833	7098
1833	3179
1833	7066
1833	7399
1834	1544
1834	515
1835	2104
1835	4608
1835	5928
1835	4807
1835	878
1836	3615
1837	3981
1838	8025
1846	1644
1846	6140
1846	380
1846	6087
1852	7874
1853	3292
1857	6624
1857	3022
1863	1923
1863	7571
1863	3832
1863	3707
1863	6924
1864	5189
1864	6493
1865	1608
1868	3338
1868	5900
1868	6830
1868	3216
1868	6905
1868	7961
1868	4002
1877	7687
1878	984
1879	8061
1881	5561
1881	5579
1883	1441
1883	7335
1888	2740
1888	8071
1889	513
1889	4733
1889	2312
1889	1673
1889	1132
1889	2830
1889	2383
1889	2930
1889	1692
1889	2621
1889	7116
1889	6261
1895	3678
1895	4159
1900	496
1900	518
1900	4639
1900	559
1900	2527
1900	3967
1905	4027
1907	3547
1919	6165
1920	2353
1920	2803
1920	415
1920	7380
1920	3147
1921	7623
1922	1035
1922	7414
1922	3199
1924	5240
1926	5139
1928	3758
1931	7361
1931	1615
1931	6612
1931	1300
1931	7989
1931	4120
1931	2972
1931	6559
1931	4426
1931	6287
1931	6343
1931	3768
1932	5930
1932	1189
1932	4887
1933	7954
1933	687
1934	4707
1935	2005
1935	2294
1937	1772
1937	2401
1937	7321
1938	5611
1940	809
1940	5220
1940	4380
1940	2879
1940	3298
1940	515
1942	6793
1942	6779
1942	4515
1944	2863
1946	7456
1947	1703
1948	4563
1949	7165
1951	5600
1951	3557
1951	4278
1959	2076
1959	7666
1962	6595
1966	1866
1966	2228
1966	7034
1966	2105
1970	4264
1970	8110
1970	1815
1970	7412
1983	887
1987	3174
1988	7609
1988	1413
1992	2389
1992	7478
1993	3553
1993	4613
1993	4712
1993	5004
1993	5517
1993	6035
1993	6868
1993	6203
1993	7656
1993	3544
1996	6764
1997	2295
1999	1360
1999	5434
1999	7170
1999	2745
2003	4319
2003	6102
2003	4870
2003	5863
2010	7100
2010	7974
2015	4227
2015	5683
2015	1317
2015	4839
2015	2408
2015	3675
2015	6487
2015	6645
2024	934
2032	6701
2035	906
2035	8092
2044	4300
2045	7945
2045	6398
2045	591
2045	7662
2045	4734
2045	6682
2047	7526
2050	7857
2050	6375
2050	2740
2050	2253
2052	6048
2052	7203
2052	2509
2052	687
2052	4698
2052	5768
2053	1854
2053	1815
2054	6389
2054	6263
2057	444
2059	4707
2060	5331
2063	2026
2063	3699
2063	5099
2064	5635
2064	6373
2064	6789
2064	680
2064	4041
2064	7055
2064	1200
2064	6618
2064	4830
2064	1823
2064	8061
2064	2732
2064	3358
2071	7766
2075	7251
2075	6245
2075	3638
2075	3606
2075	2024
2075	6665
2075	5309
2075	934
2075	7780
2075	6797
2076	7666
2078	7305
2079	4730
2079	5559
2085	2976
2085	5322
2085	3707
2088	4541
2090	3804
2096	3616
2096	1625
2096	4635
2096	2988
2096	4459
2097	4294
2098	2875
2099	1351
2101	7104
2101	2114
2101	6725
2101	4296
2101	1547
2101	2383
2101	4400
2101	2129
2101	5939
2101	5624
2101	3354
2101	3738
2101	7116
2102	6736
2102	7699
2106	7793
2108	6066
2108	2642
2108	1006
2108	783
2109	7656
2110	4082
2113	2084
2120	2112
2122	7219
2122	1221
2123	1884
2123	3013
2125	1314
2125	1410
2132	4010
2138	5158
2139	3361
2141	5997
2142	2009
2145	1519
2147	1552
2148	7356
2148	2572
2150	5286
2152	5778
2152	823
2153	2340
2162	4119
2164	3092
2165	6689
2165	2066
2165	6179
2165	6359
2166	2241
2168	7309
2171	7193
2171	7495
2173	834
2173	4902
2173	7503
2173	2295
2175	2473
2175	2841
2176	8025
2177	3392
2177	6091
2177	1029
2177	5076
2178	2357
2179	3753
2179	4475
2179	6622
2182	1576
2184	1388
2184	4405
2184	362
2186	1618
2189	4029
2190	4963
2190	999
2190	6184
2190	7561
2190	6857
2190	3472
2190	4053
2190	5213
2190	1694
2190	5695
2190	1395
2194	7609
2194	2780
2194	6644
2194	5823
2194	7288
2196	7584
2196	1073
2196	7460
2196	2711
2196	4236
2196	6317
2196	4751
2196	6867
2202	1960
2206	6720
2206	5197
2206	3879
2209	6724
2210	7504
2210	3364
2210	7381
2210	5751
2210	2718
2212	1391
2217	7862
2217	6559
2220	3079
2221	6010
2227	6897
2231	6128
2231	2259
2231	5895
2234	5137
2235	2650
2236	5857
2236	6659
2236	1095
2236	1608
2236	5671
2236	8010
2236	1524
2236	2777
2236	4730
2236	6105
2236	831
2236	5559
2239	5248
2239	3537
2239	6307
2239	4455
2239	4265
2239	7770
2239	7148
2247	7674
2248	4208
2248	6034
2248	1509
2248	7704
2248	2744
2249	4833
2249	4683
2249	2044
2249	4300
2251	5843
2251	5484
2251	7445
2251	2198
2254	3798
2254	3990
2254	398
2257	7874
2257	7715
2260	1171
2260	8092
2260	2247
2260	7674
2261	1884
2271	6445
2275	6493
2276	5196
2277	4043
2281	4609
2281	7191
2283	5256
2283	7436
2284	4406
2289	3809
2292	5860
2292	1742
2296	7556
2297	4919
2299	3211
2300	4063
2301	6887
2305	1177
2307	5398
2308	6319
2308	3265
2310	3097
2311	3118
2316	3478
2318	2686
2321	7075
2324	6891
2335	3738
2336	545
2337	4164
2337	708
2337	7846
2337	6984
2337	2508
2337	6094
2337	2895
2337	5077
2337	2646
2337	4831
2337	6958
2337	6389
2337	7668
2337	6224
2337	6799
2342	878
2343	1176
2343	5297
2346	5657
2349	3427
2353	3147
2353	7380
2355	372
2355	5181
2355	2751
2356	7325
2358	3051
2358	6079
2358	1199
2361	2917
2361	1955
2363	2816
2363	387
2363	6495
2363	365
2363	1503
2363	6248
2363	7666
2364	4049
2364	4729
2364	444
2364	7661
2364	843
2364	4590
2370	3857
2370	5508
2370	750
2371	1515
2371	1076
2371	1229
2374	2380
2374	4365
2374	2943
2375	5576
2376	5105
2379	4426
2379	4255
2379	6343
2380	2943
2381	1362
2382	2739
2383	7116
2388	1618
2388	2847
2390	1530
2390	2638
2395	4533
2396	2233
2397	1013
2402	4751
2402	4161
2403	537
2403	7507
2403	2076
2403	3023
2403	7666
2407	7145
2411	6193
2411	4659
2411	1503
2411	6555
2413	5117
2417	6820
2417	6245
2417	6022
2417	7910
2417	4780
2417	7780
2417	6797
2418	7746
2418	6373
2418	5253
2418	5400
2418	4220
2420	7547
2420	3171
2422	2163
2423	747
2423	3147
2424	3339
2426	1441
2426	870
2426	392
2426	6312
2426	2794
2426	2509
2426	6159
2426	7219
2426	5175
2426	1015
2426	5368
2426	2457
2426	603
2426	2204
2427	7507
2427	7037
2427	3023
2428	2648
2433	6354
2433	6627
2433	3973
2435	3906
2439	6177
2439	6239
2444	1534
2453	5025
2465	7346
2465	7517
2470	1499
2474	1506
2475	808
2475	3947
2475	7756
2475	6995
2475	6229
2475	3160
2475	6105
2475	475
2475	5087
2475	5811
2475	4734
2475	5634
2475	3171
2475	3852
2478	5456
2478	2867
2478	2284
2478	4406
2479	7513
2480	6675
2480	1125
2480	2213
2481	1240
2481	5257
2481	6239
2486	6795
2487	2464
2487	3523
2487	2503
2487	2729
2487	4542
2487	4084
2489	5964
2490	4655
2491	5117
2492	428
2492	3652
2493	2268
2493	4790
2493	6487
2493	7113
2493	5948
2493	2911
2493	2441
2494	6869
2499	4297
2499	7412
2500	5770
2500	955
2501	788
2501	1135
2504	6347
2504	6764
2505	8080
2505	3410
2505	2646
2505	2054
2505	6263
2505	6389
2507	4255
2508	6958
2510	1818
2510	6382
2510	2674
2510	5319
2511	2432
2518	7534
2519	5830
2519	5286
2519	5243
2519	7431
2519	4190
2522	6857
2523	4309
2525	7070
2525	5527
2530	4070
2530	3406
2530	4686
2530	2896
2530	6962
2530	5971
2530	629
2530	4824
2530	4859
2530	7038
2530	6281
2530	5612
2532	5671
2533	6923
2533	5686
2533	6627
2536	1345
2536	2774
2536	2381
2536	7945
2536	6682
2536	5811
2536	7662
2536	1362
2536	5894
2538	7337
2538	7843
2538	3301
2540	592
2540	3793
2540	2951
2540	3743
2540	5579
2540	2716
2540	2648
2543	6642
2544	7386
2544	6339
2544	692
2547	4765
2549	3090
2549	4309
2549	3654
2549	2473
2549	8074
2549	5147
2549	6617
2552	5985
2552	1229
2552	7398
2553	1793
2554	2577
2554	551
2554	7656
2555	1374
2557	7067
2557	4329
2558	7820
2562	2816
2562	2076
2562	6248
2562	7666
2565	2882
2565	670
2565	1686
2565	7910
2565	7780
2569	1598
2570	6810
2570	2451
2570	6764
2571	2290
2571	3289
2571	5560
2571	7513
2571	6826
2574	4683
2574	5205
2574	4300
2574	4622
2576	7420
2577	7656
2580	4418
2580	3340
2580	4614
2580	2380
2580	4526
2580	2267
2580	2943
2588	4619
2588	3037
2588	7238
2588	1353
2589	2359
2592	7378
2592	328
2595	1760
2595	4809
2598	3537
2598	4354
2598	1460
2599	2705
2599	6115
2601	4590
2602	1656
2604	6721
2605	7767
2607	1258
2607	3387
2607	7679
2607	3231
2607	1722
2611	3344
2611	6619
2611	7590
2611	5055
2615	680
2615	2825
2615	1360
2615	7526
2615	2732
2616	6115
2618	5470
2619	3652
2622	7250
2623	2860
2623	1955
2625	5137
2625	6834
2625	6868
2628	7930
2628	4027
2636	4636
2640	2881
2640	1407
2640	1203
2646	6389
2652	4036
2652	1829
2652	2668
2652	557
2652	4380
2652	1151
2652	3298
2652	4284
2652	3938
2653	692
2654	4543
2655	1082
2656	2839
2659	1442
2659	6452
2659	6799
2659	7019
2660	5569
2660	2163
2661	3700
2664	6990
2664	7846
2664	7668
2668	3298
2670	7000
2673	4993
2685	3002
2688	3638
2688	6820
2688	7589
2688	4140
2688	6797
2692	4192
2692	6962
2692	2972
2692	3768
2692	4872
2699	2232
2703	5641
2704	953
2704	1373
2704	2517
2706	980
2706	7989
2706	4070
2706	7862
2706	7097
2709	4827
2709	5454
2709	4447
2709	5076
2709	3935
2715	1362
2717	5632
2721	2332
2724	7584
2725	1170
2729	4084
2730	4551
2737	954
2738	3112
2738	3727
2738	6193
2738	4022
2738	984
2738	1507
2738	6555
2742	865
2742	4963
2742	6814
2746	3329
2749	7048
2753	7600
2753	2518
2753	2983
2753	7534
2754	2984
2754	4514
2755	6996
2755	3278
2756	8060
2756	2402
2756	1542
2756	6984
2756	4236
2756	3647
2756	4751
2756	6867
2757	5995
2757	1260
2758	5680
2758	6878
2758	661
2758	3779
2758	483
2760	4659
2760	6555
2768	6834
2768	4541
2770	572
2772	5477
2772	4774
2772	1066
2773	6816
2773	2066
2773	3133
2774	5894
2774	1362
2775	7339
2775	2142
2775	2009
2779	867
2779	6179
2779	5253
2779	3081
2779	3247
2779	1363
2779	6710
2779	6998
2779	1022
2781	1186
2781	1483
2781	2396
2781	2233
2787	3770
2787	997
2789	5410
2789	6714
2789	5070
2790	884
2790	2909
2790	2087
2792	4961
2793	7290
2793	5172
2793	4558
2799	1552
2806	7594
2806	5667
2806	3140
2807	4599
2808	7987
2808	1534
2810	1120
2810	388
2810	5172
2811	4515
2813	3819
2813	3685
2813	5470
2815	2005
2816	6248
2816	7666
2818	7453
2819	886
2820	5760
2820	5111
2821	2464
2821	5066
2821	7852
2821	2879
2821	3298
2822	6167
2822	8079
2823	8056
2823	5364
2823	6084
2823	7766
2824	6355
2827	4681
2828	4910
2828	5058
2828	4454
2828	5749
2828	7640
2829	5985
2834	2816
2834	4658
2834	537
2834	3227
2834	7037
2834	3023
2834	6248
2834	7666
2835	6448
2836	4043
2837	1392
2837	7842
2837	3203
2837	1459
2837	6905
2837	1598
2842	1977
2848	802
2848	2984
2848	955
2848	3052
2848	1919
2848	5060
2848	6165
2851	2214
2852	2617
2852	1388
2852	362
2854	3465
2854	5454
2854	5076
2857	5283
2857	4740
2857	6612
2857	2694
2857	407
2857	6697
2857	7145
2857	6343
2859	444
2859	5364
2859	6022
2859	2071
2859	7766
2860	1955
2862	2953
2867	4406
2873	351
2876	3216
2879	3298
2880	6536
2881	1203
2882	7780
2884	5182
2884	2563
2884	1198
2884	459
2886	771
2887	483
2892	6486
2898	4752
2898	6940
2898	7173
2898	3471
2898	1066
2901	7397
2901	7539
2903	5264
2903	853
2904	2389
2904	4447
2904	3935
2906	5168
2907	5574
2911	2441
2913	5824
2913	1924
2913	775
2913	1470
2913	5240
2915	2643
2917	1955
2926	3953
2926	4061
2926	7090
2926	2527
2926	5593
2928	6849
2928	3406
2928	4039
2928	6281
2928	7835
2928	5612
2928	5031
2930	6261
2931	1483
2931	5957
2931	1518
2931	2233
2932	4785
2932	4123
2933	4729
2933	7361
2933	4470
2933	4151
2933	4590
2933	5240
2933	843
2936	1085
2938	6267
2941	4363
2941	4627
2945	3797
2946	3937
2946	3252
2946	4404
2946	4343
2946	1708
2946	4871
2947	927
2948	5908
2948	6351
2949	7698
2949	867
2949	4456
2949	3948
2949	3630
2950	2683
2951	2648
2961	6355
2961	5046
2964	2385
2964	6362
2964	750
2967	4870
2969	1379
2969	4427
2969	2508
2969	6958
2970	3852
2971	3377
2972	3768
2972	4872
2974	2144
2974	7727
2975	2832
2975	7328
2977	1760
2977	2245
2978	1266
2978	3947
2978	3754
2982	5830
2988	4459
2992	592
2992	6944
2992	5555
2992	1349
2992	2172
2992	4013
2992	2716
2992	5579
2993	4625
2993	5586
2993	6373
2993	7208
2993	2825
2993	2357
2994	6873
3000	3680
3000	2896
3000	2151
3000	4281
3000	1530
3000	6447
3003	4782
3003	1031
3005	2176
3005	7944
3005	1838
3005	8025
3007	1977
3007	1125
3010	1095
3010	7815
3011	6261
3015	7817
3015	7326
3016	1905
3016	2029
3016	4027
3018	6105
3018	889
3018	5559
3020	7586
3020	629
3020	4039
3020	7835
3020	5612
3021	3424
3021	6994
3021	5139
3021	4038
3021	7595
3021	7677
3021	4655
3021	6721
3021	5463
3026	889
3028	6445
3029	7054
3030	6362
3030	3230
3030	5774
3031	3779
3034	3193
3035	3001
3035	5078
3035	1038
3041	4336
3041	1193
3042	2687
3043	1085
3043	3798
3043	7495
3043	553
3043	6553
3043	2365
3043	4526
3044	2909
3045	1057
3045	3333
3045	6988
3045	881
3045	7256
3045	5230
3055	1854
3057	786
3060	3643
3063	1344
3063	5250
3063	5734
3063	7513
3063	4234
3063	8110
3063	1877
3063	439
3063	7705
3063	927
3063	7331
3063	7687
3063	7412
3072	2273
3073	6826
3074	871
3077	3537
3077	780
3077	1061
3080	3388
3080	4709
3086	3539
3089	4466
3089	6916
3094	3391
3095	4354
3101	3680
3101	7122
3101	6962
3101	516
3101	632
3104	4424
3104	5683
3104	6645
3105	7683
3105	4472
3105	4533
3105	4616
3105	6748
3105	6445
3106	7453
3106	7054
3107	6847
3108	1753
3108	3610
3108	4245
3108	6855
3111	1346
3112	1507
3113	7519
3120	6632
3120	2083
3120	3604
3127	2457
3128	2707
3128	5331
3129	7380
3130	3260
3130	5877
3130	2774
3130	7354
3130	5894
3139	1127
3142	6658
3142	626
3142	2428
3142	4013
3142	3743
3142	2716
3142	2648
3151	8060
3151	5257
3151	3234
3151	4700
3152	2644
3153	2844
3153	2918
3155	785
3155	2273
3156	4400
3156	4146
3156	4435
3156	2805
3156	3784
3156	1673
3156	6261
3156	4637
3156	3738
3156	420
3163	808
3163	4730
3163	2094
3163	5559
3164	2351
3165	5448
3165	3562
3165	1862
3169	6665
3170	7642
3172	6312
3172	3549
3172	6671
3175	4128
3175	6692
3175	2245
3175	2678
3175	6183
3176	1120
3177	4336
3178	4686
3180	3489
3181	352
3181	3685
3181	2633
3181	5867
3181	2158
3181	1911
3181	2044
3181	6175
3181	4300
3181	4959
3185	2360
3191	3203
3191	4968
3191	6379
3191	5167
3191	3894
3191	8056
3191	5983
3191	7766
3191	6084
3194	5374
3194	639
3195	5625
3195	4581
3196	1260
3201	6122
3201	6142
3202	7153
3205	7418
3205	6037
3205	5670
3206	6048
3206	2322
3206	2133
3206	5751
3206	603
3206	3447
3207	3093
3208	3154
3210	5762
3212	3340
3214	7034
3214	2105
3218	7689
3221	6549
3226	4833
3226	2473
3228	997
3228	7173
3228	1582
3228	5477
3228	1066
3229	4154
3229	5319
3231	1722
3232	1691
3232	7039
3236	2056
3236	2940
3238	6391
3238	2327
3239	3093
3241	1998
3243	2105
3243	6670
3248	7362
3248	5835
3248	1919
3248	6165
3251	424
3251	3974
3251	3435
3252	4871
3253	3609
3253	3242
3253	5524
3254	6873
3254	3154
3254	8101
3255	4689
3255	922
3255	4827
3255	768
3256	4030
3257	6523
3257	5574
3260	7354
3260	5894
3260	1362
3262	7853
3263	978
3264	1449
3264	7478
3267	3027
3269	425
3269	5398
3274	2360
3274	4402
3274	6852
3274	6300
3275	722
3282	5681
3282	1923
3282	2788
3282	4885
3282	2199
3282	895
3285	2020
3287	6063
3287	6869
3287	7503
3288	3675
3288	1550
3294	5321
3294	5565
3294	1550
3294	6487
3296	1000
3302	3103
3303	3145
3303	4074
3303	5365
3304	7251
3305	3064
3305	1205
3315	7640
3316	7976
3317	1348
3318	7103
3318	6450
3318	4709
3318	1551
3320	6128
3320	6848
3320	7431
3324	3468
3324	4623
3328	5670
3328	5814
3332	6879
3334	5872
3334	6816
3335	934
3336	4192
3336	5157
3336	3309
3336	1615
3336	2896
3336	4278
3336	6013
3336	6287
3336	4872
3338	4002
3341	3787
3341	4751
3341	4161
3343	4167
3345	1013
3346	6628
3347	445
3349	7460
3351	1793
3351	3203
3362	6399
3365	3784
3365	4475
3365	6478
3365	420
3366	7699
3366	3580
3369	5437
3369	1981
3373	2838
3378	552
3378	3786
3378	3186
3378	3818
3379	6497
3379	2882
3379	3139
3379	7843
3379	3974
3379	754
3379	794
3379	5309
3379	7780
3379	934
3379	1127
3382	996
3385	2678
3385	3707
3385	5958
3396	7152
3396	1611
3396	5182
3396	2539
3398	3867
3399	2447
3401	5941
3401	8029
3401	2741
3401	2163
3402	337
3402	1603
3402	3948
3402	6837
3402	6595
3406	6281
3406	5612
3407	4577
3407	1186
3407	1478
3407	3994
3407	1631
3407	2743
3407	4770
3408	8122
3408	2154
3408	3051
3408	5066
3408	4401
3408	4465
3408	4380
3408	2360
3408	5594
3408	3388
3408	7231
3408	5569
3408	3298
3412	1960
3418	516
3418	852
3418	3893
3418	2151
3418	1242
3420	1042
3421	5569
3422	552
3422	8048
3423	800
3423	1603
3423	4935
3423	4456
3423	5576
3423	1962
3423	7052
3423	8112
3423	5432
3423	4248
3423	6595
3424	4655
3424	5463
3429	1683
3429	6391
3441	7584
3441	3273
3442	1493
3442	6710
3452	1562
3456	4311
3459	4752
3459	4774
3460	779
3460	6701
3462	1209
3462	7538
3462	2241
3469	3391
3469	8079
3474	5812
3479	5134
3480	6231
3483	2009
3486	1163
3487	1312
3487	6848
3487	5586
3487	5555
3487	5995
3487	7405
3488	5895
3490	7121
3491	2429
3493	7898
3496	5159
3496	7406
3496	1703
3498	3754
3499	7608
3499	4793
3499	6895
3499	7731
3499	8034
3506	7973
3509	2313
3515	5275
3517	2986
3517	5482
3517	8010
3517	1905
3517	1042
3517	2744
3517	2333
3517	1499
3517	7293
3517	4027
3518	1287
3520	6592
3520	4129
3520	4619
3520	3788
3520	7373
3520	1973
3520	4726
3520	7397
3520	4966
3520	5850
3520	7184
3520	1353
3521	4961
3522	7399
3527	5997
3529	6941
3529	6230
3534	6439
3534	2729
3534	5770
3534	7817
3534	2668
3534	3027
3534	4275
3534	5235
3534	6678
3534	6524
3534	1469
3534	2879
3534	6670
3534	4084
3534	3298
3538	7293
3538	5327
3538	4027
3540	2705
3540	3436
3542	432
3542	5587
3542	2517
3542	6694
3542	6697
3542	8138
3542	3397
3545	6624
3548	7029
3552	4605
3553	3544
3556	6258
3559	545
3564	804
3564	2662
3564	2646
3564	3926
3564	1113
3564	6712
3564	6389
3565	1998
3565	4614
3566	425
3566	1267
3566	4791
3566	6888
3567	1537
3567	1739
3569	4368
3569	6955
3572	4315
3572	6037
3576	6391
3581	1015
3583	6879
3585	4678
3585	7046
3587	3622
3588	7554
3588	3879
3590	6379
3592	5600
3592	4131
3592	4838
3592	5450
3592	6127
3592	1460
3592	7770
3592	6814
3592	3615
3593	3160
3593	2563
3593	1611
3593	5480
3594	6549
3595	3123
3598	3358
3600	1296
3601	3027
3603	3782
3607	7608
3607	7388
3607	6596
3607	1317
3607	8034
3616	4459
3617	870
3620	704
3620	2694
3620	7343
3620	6809
3620	2972
3620	3768
3620	4872
3623	1897
3623	6082
3623	1628
3623	5517
3625	823
3629	1570
3632	3793
3632	6851
3633	4404
3636	1743
3638	6797
3639	7331
3640	3742
3640	1310
3644	2172
3651	3331
3651	373
3651	4038
3651	4885
3651	4874
3651	2604
3651	6721
3655	2140
3656	6739
3656	6996
3657	996
3663	1789
3663	1901
3665	7070
3667	7618
3672	2952
3674	6345
3674	2630
3689	5011
3689	349
3691	1724
3691	4036
3691	3957
3691	6808
3691	3468
3691	7835
3691	3938
3694	2400
3694	7984
3694	2690
3694	1753
3694	8060
3695	7339
3696	1973
3697	4128
3697	7987
3697	1512
3697	2586
3697	1564
3701	2242
3702	370
3702	8076
3702	1610
3702	1646
3702	420
3702	3354
3708	4418
3708	3798
3708	4311
3708	6392
3708	6425
3708	3002
3708	4365
3708	2267
3708	2943
3709	7320
3716	6642
3717	6177
3717	3234
3717	3202
3717	2669
3717	7984
3717	5778
3717	3511
3717	3610
3717	7153
3718	952
3718	5768
3719	1489
3719	7383
3719	7956
3719	5845
3719	6247
3719	3146
3719	1135
3719	2637
3719	4726
3719	5159
3720	7386
3720	2068
3721	4616
3721	1401
3721	3825
3724	2024
3724	3224
3724	2232
3724	3335
3724	934
3727	1507
3729	1135
3731	4964
3732	3154
3734	6736
3734	5226
3734	1163
3734	1507
3737	834
3737	1059
3737	1997
3737	2734
3737	2295
3739	976
3739	7758
3740	2560
3740	3478
3743	2648
3743	2716
3745	4129
3745	7253
3745	3518
3745	6247
3745	1287
3745	4726
3745	5159
3748	3937
3748	6681
3748	4871
3748	1708
3749	4056
3749	1657
3749	5145
3762	5985
3762	2853
3762	2830
3763	7608
3763	3426
3763	5948
3763	462
3763	2441
3763	8034
3765	3832
3765	6561
3765	3483
3765	5181
3765	2009
3766	518
3766	8080
3766	3926
3766	2934
3766	6716
3766	1149
3766	2527
3766	6263
3766	3967
3767	7954
3768	4872
3771	3377
3771	398
3771	1998
3771	7193
3771	4526
3772	6804
3772	2359
3774	1542
3774	4200
3774	6990
3774	8080
3774	509
3774	4831
3774	1519
3774	7668
3774	6263
3774	6867
3774	6799
3774	3787
3776	439
3777	3400
3778	1406
3778	4574
3783	985
3783	787
3783	6486
3783	2192
3784	420
3785	7361
3785	4750
3787	4161
3788	7373
3788	5850
3788	7397
3788	1973
3788	7539
3790	6330
3791	6576
3791	3058
3791	4667
3791	1644
3792	6656
3792	2825
3792	592
3792	1881
3792	4220
3792	5561
3792	2716
3792	5579
3796	5874
3801	8045
3801	7710
3806	2918
3807	3530
3808	4686
3810	1394
3816	3686
3816	7279
3820	1531
3820	7556
3820	2655
3820	1082
3821	6058
3821	5579
3821	8051
3823	2648
3823	2745
3823	2732
3827	837
3827	7398
3827	2359
3827	2313
3827	3549
3827	3447
3830	7328
3830	337
3830	1332
3830	7062
3830	3190
3830	445
3830	6595
3833	6094
3833	6224
3833	6799
3838	772
3838	3652
3841	4447
3841	3935
3842	7165
3843	7320
3843	6227
3843	580
3844	4190
3846	4406
3846	7874
3846	7406
3846	1287
3849	5684
3850	4255
3850	3397
3850	7145
3850	2778
3850	6287
3850	4872
3853	5232
3853	6692
3854	6481
3858	5073
3860	7321
3860	7191
3862	6399
3863	7642
3864	1906
3864	1947
3864	1703
3865	1432
3866	7221
3866	1551
3869	7779
3870	6939
3870	4681
3870	515
3870	4036
3870	3938
3871	8064
3871	7346
3871	7255
3871	5997
3871	4791
3871	2925
3871	6888
3872	1893
3872	6141
3874	1168
3874	7482
3874	730
3874	1210
3874	5531
3874	5292
3874	909
3874	5463
3874	4029
3875	3489
3875	3427
3875	1317
3875	5565
3878	6891
3878	687
3880	3049
3881	5811
3881	7109
3881	1288
3881	6682
3882	5410
3882	5667
3882	2988
3882	7565
3882	3730
3882	6998
3882	4459
3885	7974
3886	5264
3887	7389
3887	7326
3890	6275
3890	1909
3896	588
3896	1708
3899	5628
3899	3157
3902	8039
3904	616
3907	417
3907	5665
3910	1955
3910	445
3911	1692
3912	4294
3913	6670
3915	647
3915	6650
3915	7507
3915	703
3915	6555
3915	3023
3915	7019
3915	6224
3916	2596
3917	1410
3917	5900
3918	4002
3921	3541
3923	6734
3925	2560
3927	7219
3927	3157
3927	6054
3927	1784
3927	3145
3927	3064
3927	2232
3929	6337
3933	7362
3933	5220
3933	2660
3933	2422
3933	7231
3933	515
3933	2163
3933	5569
3936	5727
3937	1708
3937	4871
3940	4200
3940	3092
3941	6427
3941	2268
3941	2294
3941	5321
3941	2443
3941	4140
3942	7458
3943	7373
3943	1487
3943	977
3943	2637
3945	6656
3945	1858
3945	940
3945	4013
3945	5400
3945	5561
3945	2716
3949	6660
3949	6159
3949	3859
3949	2676
3949	3064
3949	1631
3949	2743
3951	3857
3951	4721
3953	5593
3953	7090
3953	2527
3955	2633
3955	3338
3955	3918
3955	1392
3955	8048
3955	2546
3955	6297
3955	8030
3955	4002
3955	1793
3956	7075
3957	7835
3962	5632
3964	2401
3969	1113
3969	4658
3969	387
3969	6248
3970	2192
3977	6345
3977	7898
3977	2214
3977	1449
3977	3722
3980	4417
3980	3202
3980	7153
3984	1592
3984	7565
3984	3247
3984	4459
3988	1348
3988	1391
3990	398
3991	6842
3992	3211
3993	5120
3993	3315
3993	7640
3994	4770
3996	7418
3996	1795
3996	6298
4001	6167
4003	5046
4006	407
4006	4037
4006	677
4006	2151
4006	5157
4006	2407
4006	423
4006	7145
4007	5285
4007	7861
4007	6166
4007	2491
4007	1691
4007	5117
4007	3397
4008	417
4013	2716
4016	3752
4016	4618
4018	2960
4018	3612
4024	3362
4024	6181
4024	846
4024	6399
4025	336
4025	1521
4025	5957
4025	2233
4025	4770
4026	2669
4028	2431
4032	823
4034	788
4034	1005
4034	7823
4035	2081
4036	3938
4038	6721
4039	7835
4039	5612
4040	457
4040	3146
4040	3037
4040	3518
4040	1287
4044	7793
4044	3666
4044	5525
4045	2751
4046	2408
4046	5209
4046	2268
4047	5858
4047	6518
4049	843
4051	6392
4051	553
4051	3795
4051	6500
4051	2267
4052	5113
4052	3252
4052	4871
4057	6119
4061	7090
4064	2074
4065	2784
4065	1795
4065	3079
4065	4360
4065	6828
4065	1171
4065	435
4065	4056
4065	5785
4065	7674
4067	2531
4068	3224
4068	3400
4071	7754
4071	5316
4072	5331
4072	6851
4073	7891
4073	4245
4073	6279
4073	4700
4073	6702
4073	7153
4073	1203
4076	6712
4080	4216
4080	1997
4080	2295
4085	7386
4085	4558
4087	6689
4087	3686
4087	7143
4087	4268
4087	2671
4087	4624
4087	5872
4087	7859
4087	1593
4087	6490
4088	7132
4088	5335
4088	2778
4090	7616
4090	5727
4093	1537
4093	2780
4094	4074
4095	4315
4095	6828
4095	2247
4095	7674
4101	3850
4101	3755
4101	1615
4101	432
4101	7343
4101	7798
4101	407
4101	5335
4101	3355
4101	4872
4101	2778
4101	6287
4101	3397
4101	7145
4101	4255
4103	3367
4106	6319
4106	3265
4109	4563
4109	8132
4109	3639
4109	3786
4109	7804
4109	1326
4109	7331
4111	7696
4111	7274
4111	1059
4111	7543
4111	3539
4112	6422
4112	4527
4114	3392
4114	5582
4114	3935
4115	3097
4115	4364
4120	4426
4120	6343
4129	4726
4131	3615
4136	2674
4136	565
4136	8013
4138	5009
4138	828
4141	3610
4141	2188
4141	3525
4143	5600
4146	6261
4146	3738
4146	420
4146	4637
4148	2905
4150	2408
4150	5321
4150	3292
4151	5240
4151	843
4152	1058
4153	6946
4153	2259
4155	6576
4155	6140
4155	6684
4156	7964
4156	4862
4164	6389
4165	4010
4165	6620
4168	6645
4175	4472
4175	3828
4177	5475
4179	2868
4181	6619
4181	4268
4181	7174
4183	7291
4189	2290
4191	3481
4192	4872
4194	5908
4195	6660
4195	2743
4196	2402
4196	3341
4196	4751
4196	3787
4198	6275
4198	7859
4198	7413
4198	6037
4198	2247
4198	906
4198	7674
4202	1176
4207	7534
4211	1035
4211	3199
4212	5293
4213	927
4218	3742
4219	2114
4219	5797
4219	2805
4219	3803
4219	2621
4221	3344
4221	722
4221	1349
4224	1704
4224	3006
4224	5877
4224	1486
4224	7354
4224	5634
4224	2715
4226	3075
4229	6536
4229	4737
4229	2650
4229	1070
4230	7966
4230	1854
4231	7201
4231	6658
4234	7331
4236	6867
4236	4751
4236	4161
4238	3292
4238	6516
4238	4839
4243	5462
4243	7303
4243	2357
4249	4978
4250	2209
4250	3690
4250	4900
4250	4366
4250	6724
4253	2041
4254	5058
4254	3568
4254	3315
4254	3606
4254	4759
4254	5749
4254	7640
4259	5126
4260	1697
4260	8029
4260	663
4260	6939
4260	6524
4260	1181
4260	1151
4260	4284
4262	1888
4262	6846
4262	5527
4262	8071
4262	2740
4267	1765
4270	3970
4270	4551
4270	5641
4270	3050
4270	818
4270	6162
4270	6643
4270	4343
4270	985
4270	5533
4270	2192
4273	3436
4273	7804
4274	1929
4274	4367
4274	6064
4274	2383
4274	6066
4274	8086
4274	7116
4275	6670
4276	2145
4276	1073
4276	2644
4276	1149
4276	3756
4276	509
4276	3787
4276	6263
4276	6867
4276	1519
4287	4244
4287	7070
4287	6748
4288	7250
4292	5138
4293	6493
4297	7412
4299	8025
4301	6419
4301	6779
4303	7354
4303	3852
4303	3742
4303	591
4303	1362
4305	6630
4306	768
4312	7305
4312	6210
4312	3973
4312	1111
4314	2273
4314	6210
4314	3333
4314	6345
4314	6622
4317	5428
4320	3476
4321	1777
4321	6852
4321	1709
4321	7578
4321	8013
4322	3116
4325	1625
4327	5633
4327	5684
4327	4712
4327	7337
4327	6043
4332	4721
4332	508
4332	1413
4335	2379
4335	1709
4335	7694
4335	3856
4335	5048
4335	4255
4335	6343
4335	4426
4339	4395
4344	8112
4345	1424
4345	3600
4345	5410
4345	6359
4345	1131
4345	7543
4345	1296
4347	4514
4347	6884
4347	7623
4347	7414
4347	2042
4347	5691
4347	6142
4347	7103
4347	3199
4348	7554
4348	5197
4349	1962
4349	4627
4349	6595
4356	2456
4356	7184
4356	7539
4357	3769
4357	2490
4357	4655
4358	1732
4359	6644
4359	7679
4361	6199
4365	2943
4371	6952
4373	2586
4374	1223
4375	4296
4375	3457
4375	3070
4375	2830
4376	3618
4380	3298
4382	5867
4382	7372
4382	4207
4382	1392
4382	2518
4382	3894
4382	4920
4382	860
4382	7534
4382	4959
4383	3561
4383	6086
4385	4171
4385	1796
4385	1779
4389	1521
4389	3994
4389	1483
4389	4770
4389	2233
4390	4878
4391	7239
4392	6672
4392	2985
4392	6425
4393	2447
4394	3647
4396	6869
4397	5533
4400	3738
4407	2794
4407	1452
4407	2798
4407	6671
4409	1170
4409	3090
4410	4616
4413	4268
4414	5396
4418	2267
4418	2943
4420	4060
4421	2327
4421	7143
4424	6645
4426	6343
4427	6958
4430	1401
4433	7467
4436	1976
4436	6630
4440	6954
4440	1059
4440	5516
4440	4636
4443	875
4443	6596
4443	6895
4443	8034
4443	7731
4446	3112
4446	1163
4446	1356
4446	1507
4447	3935
4450	5297
4450	2042
4450	6450
4451	7492
4454	5749
4460	6312
4460	7242
4460	3447
4461	6868
4468	3266
4468	6279
4468	2953
4468	7440
4468	1918
4468	3350
4468	4030
4468	1407
4468	7153
4468	1203
4469	3013
4469	1432
4469	1580
4469	4717
4469	3953
4469	3831
4469	664
4469	5470
4469	4639
4469	7090
4469	5593
4469	559
4469	2527
4470	5240
4470	4590
4473	866
4473	2413
4473	5117
4477	2352
4477	2131
4477	5734
4480	754
4480	622
4480	3638
4480	6797
4483	8000
4485	3227
4486	4021
4486	4463
4487	536
4487	3953
4487	518
4487	3967
4487	2527
4487	5593
4487	7090
4488	631
4492	5641
4492	7434
4492	7742
4492	5919
4493	8076
4493	5860
4493	6622
4493	6988
4494	1019
4501	2084
4502	4614
4503	2968
4503	5434
4503	7171
4503	2745
4505	453
4505	2401
4509	6607
4509	7798
4509	4807
4509	878
4511	3570
4513	5760
4513	6707
4516	1545
4516	2955
4516	5932
4516	1709
4516	4402
4516	2454
4516	1724
4516	4862
4516	3938
4516	1199
4516	5031
4516	4284
4517	3614
4519	4130
4520	1976
4520	5124
4522	3001
4522	2116
4523	4119
4523	661
4523	1351
4523	3031
4523	3779
4530	940
4530	5561
4538	3048
4538	3742
4540	2074
4540	7650
4540	5670
4544	2791
4546	3465
4546	5582
4548	2026
4548	7716
4548	1158
4548	6734
4549	2944
4549	3634
4549	703
4550	4294
4550	5932
4550	7694
4550	4881
4550	980
4550	1300
4550	6166
4550	4859
4550	6013
4550	6343
4550	3768
4550	5031
4550	4426
4550	6287
4553	2617
4553	4286
4554	3311
4555	5645
4556	3688
4556	705
4556	5379
4557	4168
4557	6645
4559	6731
4564	3193
4564	7538
4564	4878
4568	1602
4575	7401
4576	6720
4578	6267
4579	3319
4580	2230
4583	2468
4583	6335
4584	7519
4586	7722
4586	1066
4587	562
4587	1683
4594	1471
4594	879
4594	4454
4594	4759
4594	5749
4595	6672
4595	7952
4595	1711
4596	5728
4596	423
4600	3634
4601	3580
4602	4641
4602	7770
4602	4931
4602	454
4602	5198
4602	1470
4603	6775
4603	772
4603	2020
4603	7255
4603	778
4603	7517
4603	894
4603	3652
4603	6888
4606	5860
4615	6481
4615	4210
4615	5657
4615	7823
4619	1353
4621	3032
4625	2357
4628	5467
4634	4824
4634	1818
4634	565
4634	7774
4638	5525
4639	559
4639	2527
4640	7751
4641	1470
4643	5863
4644	2891
4644	2638
4646	4681
4646	7921
4648	2472
4648	6089
4648	7862
4649	3722
4652	954
4652	5533
4654	5717
4654	6181
4656	2425
4658	6248
4659	6555
4661	6617
4662	6363
4665	4128
4665	1323
4666	6209
4670	3426
4670	791
4675	4689
4675	4306
4675	768
4683	4300
4684	7103
4689	768
4692	5713
4693	2209
4693	6507
4693	5526
4693	1531
4693	476
4693	1082
4693	2515
4693	6724
4695	1029
4695	5454
4695	5582
4695	5076
4696	3171
4697	5189
4697	661
4699	3090
4701	6520
4704	1779
4704	4244
4704	4172
4711	3435
4713	3553
4713	5907
4713	2189
4713	5633
4713	4029
4713	3544
4716	1909
4716	7341
4718	5858
4720	3832
4720	1293
4720	5605
4729	843
4729	4590
4730	5559
4731	7296
4731	7132
4731	2778
4732	4504
4732	1964
4732	6822
4732	7398
4733	7116
4734	1288
4738	4328
4738	2412
4742	3544
4743	2322
4743	6691
4743	7954
4743	4698
4743	2794
4744	5922
4744	7742
4747	6520
4751	4161
4753	3693
4754	4659
4754	7037
4754	647
4754	6555
4754	3023
4756	3312
4759	5749
4760	6738
4760	6006
4762	2242
4763	1724
4763	2564
4763	2036
4763	3938
4764	1424
4766	4185
4772	7578
4776	4445
4778	435
4781	4395
4782	1031
4784	3974
4787	7668
4787	2782
4788	4542
4788	6292
4788	1454
4791	6888
4793	7731
4801	545
4802	2320
4802	5712
4803	483
4803	5189
4805	954
4805	6162
4805	3789
4806	894
4807	878
4813	1544
4815	6209
4815	3122
4815	5172
4815	428
4815	8063
4815	3652
4819	3145
4820	1466
4821	1905
4821	7930
4821	5038
4821	4027
4823	6392
4823	5301
4823	3990
4823	5071
4823	398
4823	2267
4825	3643
4829	1818
4831	7668
4831	6799
4831	3898
4832	5625
4836	7105
4836	5762
4836	579
4836	7109
4836	3815
4836	3337
4836	7945
4836	5808
4836	1656
4836	5370
4836	2844
4836	3678
4836	6682
4836	7662
4838	3615
4840	4082
4845	5030
4845	6495
4846	2320
4846	3618
4846	5735
4846	4667
4846	3339
4846	380
4846	3231
4846	1722
4850	2715
4850	2774
4850	3678
4850	5894
4850	1362
4855	2833
4858	3084
4860	5713
4860	4378
4860	5389
4861	6628
4861	5205
4861	2942
4861	6175
4861	4622
4861	4300
4863	4797
4869	450
4869	7230
4873	536
4873	3319
4873	7090
4875	5677
4875	3166
4876	5688
4877	1172
4881	6343
4882	5168
4883	5230
4886	5464
4892	2445
4893	4881
4893	6612
4893	5157
4893	7097
4893	1180
4893	3409
4893	6343
4897	6419
4897	7486
4897	4767
4898	1210
4899	1332
4900	6724
4901	3140
4901	6710
4902	2295
4903	6761
4903	3818
4903	3436
4903	3639
4903	7705
4903	3612
4903	7331
4903	7687
4903	7412
4905	7944
4907	1268
4909	3606
4911	754
4911	7589
4915	2400
4915	5299
4915	3118
4916	778
4916	3405
4916	4791
4916	6888
4920	4959
4924	5770
4924	1695
4929	7984
4929	2188
4929	3410
4929	4964
4930	3935
4931	1470
4931	5198
4933	6574
4936	536
4936	6073
4936	4061
4936	7090
4940	8024
4940	1605
4941	7174
4942	1221
4944	4856
4944	5611
4945	4569
4946	5158
4946	2056
4946	5322
4946	6924
4946	2861
4946	3501
4946	7758
4946	4176
4946	6771
4946	7385
4946	3483
4946	2142
4946	2751
4946	2009
4949	692
4949	388
4949	4558
4950	328
4953	1240
4953	4417
4953	987
4958	7477
4962	2736
4962	7456
4972	3937
4972	588
4972	5113
4972	4967
4972	4871
4972	1708
4975	4790
4976	2149
4976	3116
4976	8046
4976	750
4976	1428
4976	2727
4979	4678
4979	3400
4979	840
4979	4201
4979	5259
4979	6865
4979	5939
4979	2356
4979	8086
4979	7116
4979	7325
4982	4131
4982	3615
4983	5847
4985	4935
4986	522
4986	1838
4986	8025
4988	4401
4988	2454
4989	4833
4989	4022
4989	1911
4991	4217
4992	7241
4995	1114
4996	2144
4996	5196
4996	7854
4996	5842
4996	4978
4996	1968
4997	837
4999	6872
5000	3266
5001	1489
5006	7265
5006	2070
5007	3760
5007	2341
5007	1675
5007	3468
5007	4429
5007	1551
5008	6127
5010	931
5010	3273
5010	1869
5010	2222
5010	3254
5010	3192
5010	6330
5010	1148
5010	6686
5010	8090
5010	6873
5010	8101
5010	3154
5012	3367
5014	7171
5014	3823
5014	1200
5014	5400
5014	2428
5014	2732
5014	2648
5014	2745
5015	2596
5018	3321
5018	439
5019	4186
5019	7229
5019	6846
5019	6375
5019	2253
5019	8071
5026	579
5026	2587
5029	1695
5029	7089
5029	1829
5029	6678
5029	663
5029	6142
5029	5887
5041	1749
5041	6609
5042	3752
5044	6516
5044	3489
5044	4227
5044	3908
5048	6343
5052	7600
5052	7534
5053	802
5053	349
5053	542
5053	5060
5054	6082
5054	6183
5056	4797
5056	5286
5058	7640
5058	5749
5059	808
5059	6105
5059	5559
5062	553
5062	1331
5062	3990
5062	398
5066	3298
5069	4176
5072	3908
5074	3249
5074	2723
5074	7380
5074	3301
5074	4712
5074	1628
5074	7180
5079	8000
5079	378
5080	4061
5080	7090
5084	5129
5087	4734
5087	1288
5090	7818
5091	5516
5094	2442
5094	5148
5095	1984
5095	6865
5095	6518
5102	4700
5102	6317
5103	4625
5103	7526
5103	1823
5103	2357
5104	2089
5104	3618
5104	6677
5104	7679
5104	7288
5106	7241
5106	2642
5106	4491
5106	4367
5107	5771
5107	4319
5108	4881
5108	5283
5108	852
5108	5285
5108	2407
5108	5048
5108	7145
5108	6343
5109	5865
5109	2490
5109	4655
5112	3516
5112	6463
5113	4871
5116	7650
5116	7418
5116	1171
5116	7413
5116	7674
5118	1031
5120	7640
5122	2253
5123	1381
5128	4776
5128	3580
5128	5334
5128	4445
5131	2209
5131	5122
5131	7556
5131	5614
5131	7857
5131	3839
5131	988
5131	5981
5131	351
5131	6724
5131	2253
5131	2740
5132	4647
5140	6881
5140	594
5140	4787
5140	6452
5140	3926
5140	2999
5140	4831
5140	7668
5140	2782
5140	6799
5140	7019
5144	5768
5149	4185
5149	1795
5149	5814
5149	4315
5150	6883
5150	4533
5152	2539
5152	7756
5152	4368
5152	4696
5152	2970
5152	6398
5152	3171
5152	3852
5152	4734
5152	6682
5152	5811
5155	5198
5160	2342
5160	4807
5160	3693
5160	1425
5160	7927
5160	3409
5160	878
5161	2432
5161	421
5161	6231
5162	3266
5162	2863
5165	7027
5167	6084
5179	7815
5180	8061
5183	3011
5183	938
5183	6872
5183	497
5183	4146
5183	2833
5183	6804
5183	1496
5183	6363
5183	3677
5183	2335
5183	6261
5183	4637
5183	3738
5183	420
5184	6008
5187	2875
5191	4125
5191	4100
5191	5725
5194	2226
5194	4404
5194	4551
5195	5040
5199	3361
5202	7265
5205	4300
5205	4622
5206	2881
5206	2690
5206	3202
5206	6279
5206	3312
5206	978
5206	7153
5206	1203
5211	3825
5211	4186
5216	7373
5220	515
5224	6096
5224	6819
5224	7221
5224	5574
5224	2984
5224	2573
5225	740
5225	1901
5227	1273
5227	2807
5227	3079
5227	4599
5231	5778
5236	881
5236	1692
5236	7839
5236	5230
5238	7616
5239	5971
5239	2955
5239	8013
5239	6281
5247	6940
5249	4504
5249	2442
5249	1076
5261	6609
5261	1836
5261	1862
5261	983
5261	3615
5267	5753
5267	2727
5271	6089
5274	5289
5280	3576
5280	2041
5280	4010
5280	6658
5280	6391
5281	1729
5281	5122
5281	931
5281	6375
5281	3434
5281	7471
5281	3925
5281	5526
5281	5659
5281	2560
5281	2253
5281	2515
5283	7145
5283	6343
5284	7952
5284	2380
5284	5917
5284	5799
5284	2943
5287	4466
5288	4400
5288	3981
5288	7390
5288	2335
5288	3738
5290	6399
5291	1960
5292	4029
5298	5464
5300	6659
5300	7420
5301	2267
5301	398
5302	6714
5305	987
5306	4637
5306	4102
5308	3192
5308	6010
5308	3075
5309	7780
5309	934
5312	3973
5313	1689
5313	4906
5313	5515
5313	1118
5315	5980
5317	705
5317	4225
5317	8046
5317	5753
5317	3166
5317	2727
5320	1082
5323	2726
5324	432
5324	7039
5324	677
5324	7861
5324	423
5324	5117
5324	3397
5330	5560
5330	5452
5335	2778
5336	6941
5337	6752
5337	8046
5337	1198
5337	3696
5337	5009
5337	2727
5337	4966
5337	1973
5342	5137
5344	1694
5345	5987
5345	4038
5345	5615
5345	6721
5346	6102
5347	4868
5347	5252
5347	5126
5347	3754
5347	6540
5347	5038
5347	6576
5347	1265
5347	2744
5347	2777
5347	6335
5349	6672
5349	4418
5349	5917
5349	5301
5349	2267
5349	2943
5349	398
5351	5448
5351	5594
5351	2660
5351	2535
5351	2163
5351	5569
5353	778
5353	1267
5353	1909
5353	5398
5353	6888
5355	1732
5361	1406
5364	7766
5366	7356
5371	712
5371	5437
5383	6450
5383	7211
5383	4084
5385	5316
5385	3972
5385	4645
5385	1060
5386	7619
5390	542
5390	5060
5392	4056
5392	5186
5392	6298
5393	4935
5397	1323
5397	1564
5399	5708
5401	3112
5401	1598
5401	703
5401	1507
5403	4793
5403	6250
5403	2443
5403	5948
5403	7731
5403	2441
5408	6003
5408	955
5408	3243
5408	1469
5408	4542
5408	2105
5408	6670
5412	6664
5412	5203
5421	1675
5421	6164
5421	1919
5421	6165
5424	7296
5424	3809
5424	6886
5424	2407
5424	3850
5424	2413
5424	7861
5424	4281
5424	6013
5424	2847
5424	2778
5424	7145
5424	6287
5424	5117
5424	3397
5424	4872
5424	4255
5426	2999
5429	6046
5430	5448
5433	6230
5434	2745
5435	1929
5435	1547
5435	6160
5435	7504
5435	2676
5435	917
5435	2356
5435	5175
5435	7325
5438	712
5451	4168
5451	4424
5451	6645
5454	5076
5455	3377
5457	4707
5458	5462
5458	2357
5462	2357
5465	5929
5465	2643
5465	8030
5465	4895
5465	1793
5471	647
5471	537
5471	6193
5471	7666
5471	6555
5471	3023
5473	5638
5477	1066
5478	4012
5479	572
5481	3779
5481	5189
5483	6932
5483	5694
5483	2782
5485	6720
5486	3421
5486	557
5486	7231
5486	5569
5487	7346
5488	336
5488	3994
5488	5717
5488	4749
5488	4770
5490	5071
5490	5799
5491	8101
5492	6819
5492	2477
5492	6523
5492	7623
5493	1570
5493	5365
5496	3831
5497	1673
5497	3011
5497	5105
5497	6478
5497	6261
5502	5595
5502	1964
5502	5686
5503	5661
5503	2934
5505	6119
5505	2524
5505	7303
5506	1147
5506	435
5507	3809
5507	3355
5507	3309
5507	423
5510	6339
5511	7241
5511	1132
5511	6894
5511	1646
5511	6064
5511	1742
5511	6478
5511	7029
5513	5432
5513	4868
5514	4683
5514	6175
5514	4300
5519	2339
5520	2905
5520	974
5521	1897
5522	3873
5522	3523
5522	6292
5522	2741
5522	7211
5522	1500
5523	4213
5523	927
5526	2515
5529	7378
5529	328
5531	5463
5534	7996
5535	6064
5535	4201
5535	7381
5535	535
5535	5624
5535	3753
5535	1610
5535	3354
5542	7680
5542	7458
5542	4356
5542	3404
5542	2385
5542	508
5542	3230
5542	7184
5542	2456
5543	7290
5543	2068
5546	5980
5548	4618
5552	3815
5553	6507
5553	4172
5553	5614
5553	1746
5553	6615
5553	5659
5553	2560
5553	2515
5553	2740
5556	4167
5556	3722
5556	1037
5556	881
5556	5777
5556	4883
5556	5916
5556	7453
5556	5230
5566	4782
5566	1031
5567	6892
5567	853
5567	328
5568	4296
5568	5259
5568	535
5570	1258
5570	5515
5570	6644
5570	1722
5571	4424
5571	6645
5573	4186
5573	4171
5573	854
5575	2832
5575	6537
5575	5576
5578	2563
5578	1486
5578	475
5578	4303
5578	3852
5578	3742
5578	591
5578	7354
5578	5634
5578	2715
5588	2994
5588	8090
5588	6873
5594	5569
5596	1189
5596	4127
5597	1180
5597	7927
5597	3409
5598	2596
5599	7242
5599	4403
5599	5175
5599	5751
5601	5728
5601	7020
5601	6901
5601	7855
5602	1893
5602	5374
5607	704
5607	4769
5607	5283
5607	3850
5607	2379
5607	1300
5607	2454
5607	7132
5607	6343
5607	3768
5607	2778
5607	6287
5607	4426
5607	3397
5607	7145
5607	4255
5610	2344
5610	1777
5614	2740
5615	6721
5616	1200
5616	2968
5616	2732
5618	6167
5622	3249
5624	3354
5629	4696
5629	7547
5629	3171
5630	378
5630	3426
5635	8061
5635	3358
5639	3389
5639	3847
5640	6996
5644	7478
5646	3981
5647	831
5650	2660
5650	1190
5650	5835
5650	1454
5650	6003
5650	5941
5650	1181
5650	7067
5650	3421
5650	5569
5650	2163
5650	6165
5650	4329
5652	5120
5652	5058
5652	2882
5652	6245
5652	622
5652	1627
5652	7780
5652	5749
5652	7640
5652	6797
5656	3997
5658	2146
5658	5762
5659	2560
5659	2515
5672	6178
5673	2985
5673	4365
5673	5071
5673	5917
5673	2495
5673	2943
5679	4512
5679	3562
5680	483
5680	661
5683	6645
5687	7787
5689	1329
5690	3616
5690	1741
5690	7565
5690	6351
5690	4459
5694	2782
5696	3278
5697	874
5697	5853
5698	4466
5699	1656
5701	1971
5701	7619
5702	5838
5705	2425
5705	3362
5705	5717
5705	6399
5706	8059
5709	5753
5709	3058
5709	750
5709	2727
5711	6105
5711	3754
5718	6058
5718	4331
5721	4735
5722	1576
5722	1170
5722	8074
5726	5316
5731	6362
5731	7027
5731	3471
5732	6497
5732	1686
5732	3335
5732	934
5736	808
5736	6105
5736	871
5737	3115
5737	7316
5738	3344
5739	1211
5739	894
5740	2541
5740	3286
5740	5631
5741	7449
5741	5259
5741	2853
5741	3070
5743	6561
5743	2803
5743	1220
5743	6182
5743	6810
5743	7180
5745	7097
5745	4740
5748	3553
5748	6082
5748	2723
5748	4711
5748	424
5748	1961
5748	6810
5748	3544
5748	3435
5750	4405
5753	2727
5763	963
5763	3197
5763	6919
5765	2083
5765	5252
5765	6086
5765	5866
5765	6574
5765	3664
5765	4208
5765	6738
5765	3387
5765	6677
5765	8024
5765	4667
5765	7932
5765	5311
5765	6006
5765	7288
5773	1560
5773	3160
5773	459
5773	2539
5775	2259
5781	6985
5781	7321
5781	4609
5783	4633
5783	3693
5783	3125
5783	6127
5786	6779
5786	5334
5786	5215
5789	7644
5792	2515
5792	8101
5793	7121
5796	5544
5798	1891
5802	1862
5802	2601
5802	6698
5802	7661
5802	1618
5802	3125
5802	4921
5802	4574
5802	4590
5806	7449
5806	1515
5808	7662
5808	1288
5809	1544
5809	3913
5809	3243
5809	3052
5809	6292
5809	5941
5809	2422
5809	349
5809	2163
5809	6670
5809	2105
5811	1288
5813	4417
5813	3234
5813	5661
5813	6239
5815	1762
5815	3031
5815	6878
5815	2887
5815	3779
5815	483
5819	6910
5819	2009
5823	7288
5824	1470
5826	2316
5826	3889
5826	3699
5826	1075
5826	6615
5826	3740
5826	2560
5826	3478
5826	4329
5827	1829
5831	4900
5831	7716
5831	2316
5831	758
5831	3867
5831	3478
5831	6734
5831	6724
5833	4386
5833	1981
5835	6165
5836	5235
5836	6941
5842	1968
5844	2092
5845	2637
5845	4726
5850	7539
5852	2176
5852	4299
5852	2412
5852	8025
5855	3215
5855	3923
5855	3925
5855	758
5855	3192
5855	3740
5855	6734
5855	3478
5855	2560
5856	6985
5861	2613
5861	7207
5861	1562
5861	974
5861	3647
5864	2707
5867	4959
5875	1984
5875	8059
5875	2853
5875	7046
5875	1006
5875	6894
5875	6448
5875	916
5875	4980
5875	8086
5875	539
5875	6492
5875	4733
5875	7116
5877	7354
5877	1362
5882	3098
5882	3476
5884	2456
5884	1418
5884	7445
5885	4149
5886	7325
5889	1221
5889	7589
5889	7910
5889	3335
5889	368
5889	5309
5889	934
5889	3435
5889	7780
5890	1360
5890	2968
5890	4830
5894	1362
5896	7590
5896	2951
5896	7992
5896	2428
5896	5816
5896	2648
5898	5220
5898	3913
5898	557
5898	1181
5898	1469
5898	6670
5898	515
5902	4185
5902	8092
5903	6901
5903	1924
5903	3309
5903	4151
5903	843
5903	5240
5904	3516
5904	5484
5904	3190
5906	3856
5906	4402
5906	7774
5907	4029
5911	5595
5911	5725
5914	7242
5917	2943
5920	786
5923	1425
5923	3555
5923	1180
5923	3409
5926	3392
5928	878
5932	5031
5933	5226
5935	3315
5935	7165
5935	1471
5935	7640
5936	5322
5936	3759
5939	7116
5940	4767
5941	2163
5943	3027
5943	1268
5948	2441
5949	2942
5952	7185
5952	2199
5954	1005
5957	2233
5960	3975
5963	3027
5970	1749
5970	6609
5971	6281
5972	1891
5973	1466
5975	3523
5975	6404
5975	7561
5975	3243
5975	4275
5975	7034
5975	6670
5975	2105
5976	2728
5976	7029
5984	8000
5986	1223
5989	1971
5990	5808
5990	1345
5990	2715
5990	5811
5990	7662
5990	1362
5990	5894
5993	4306
5993	922
5993	768
5994	3313
5994	4491
5994	6691
5994	6363
6000	2642
6001	1209
6001	5771
6001	4878
6002	6267
6007	579
6009	4200
6009	7058
6009	7320
6013	6287
6013	4872
6014	3025
6014	1459
6014	7372
6014	7462
6016	2013
6018	2451
6019	7458
6023	6048
6023	4089
6023	4827
6027	7977
6027	1199
6029	5825
6029	7932
6029	1413
6029	679
6029	3149
6029	3541
6029	3158
6029	3286
6029	1689
6029	6199
6029	828
6029	5823
6029	7288
6029	6006
6035	7656
6038	7406
6039	3634
6039	694
6039	2633
6039	6830
6039	7375
6040	1338
6044	1760
6049	1304
6049	2202
6049	1580
6049	3216
6049	5593
6049	559
6049	1960
6049	1968
6052	916
6053	5215
6057	6428
6057	327
6059	7779
6059	1172
6059	6916
6060	7665
6060	3788
6060	5221
6060	2726
6060	5850
6060	1973
6060	7397
6060	7373
6067	352
6067	1410
6067	4647
6067	3338
6067	1067
6067	2508
6067	2643
6067	7923
6067	2999
6067	4920
6067	4002
6067	4959
6067	6958
6068	6901
6070	3759
6071	3908
6072	2722
6072	6701
6072	334
6076	6592
6076	7680
6076	6247
6076	3496
6076	7499
6076	5389
6076	6556
6076	4726
6076	7397
6076	7406
6076	4966
6076	7184
6076	5159
6076	1353
6076	1703
6078	6003
6078	6524
6078	461
6079	1199
6092	7203
6092	1637
6092	7335
6092	3209
6092	6483
6092	952
6092	4089
6092	922
6092	5768
6092	768
6094	6224
6094	6799
6094	3898
6095	1190
6095	4329
6099	3231
6099	1722
6113	3273
6114	3410
6114	7683
6114	6883
6114	2662
6114	2934
6114	7996
6116	4635
6117	365
6117	4110
6120	1163
6120	3727
6120	1507
6126	5851
6126	1189
6126	7853
6130	874
6130	4171
6130	6748
6132	3405
6137	7104
6137	4637
6137	3333
6137	1205
6138	6181
6138	4749
6146	6275
6148	4696
6148	3609
6148	5712
6148	3171
6149	3364
6149	1125
6149	3465
6149	3342
6149	2798
6149	3313
6149	2322
6149	3935
6149	6486
6149	3225
6149	5919
6154	6221
6155	2917
6155	1955
6156	6128
6156	3022
6157	6731
6157	1918
6157	6775
6160	7325
6161	2464
6161	3051
6161	1500
6161	2535
6164	6165
6169	7976
6170	5209
6170	4650
6170	6258
6170	2294
6171	705
6173	4767
6173	694
6173	2202
6173	5291
6173	7727
6173	1960
6174	6080
6175	4300
6180	1042
6180	1524
6180	7782
6180	4567
6180	889
6180	1150
6184	1395
6186	3889
6186	4900
6186	5320
6186	476
6186	7230
6186	3215
6186	6724
6186	1082
6187	8138
6187	3355
6187	4154
6188	594
6189	3211
6190	7152
6190	5379
6191	2577
6191	5863
6191	7656
6192	7837
6193	6555
6194	2833
6195	4737
6195	4769
6195	4740
6195	2472
6195	5928
6195	6607
6195	468
6195	2517
6195	7989
6195	5111
6195	878
6198	3802
6201	1256
6202	7066
6202	2541
6205	1409
6207	4993
6207	7715
6207	3764
6207	2284
6207	7181
6207	5838
6207	6463
6207	4406
6208	4127
6213	4647
6213	6094
6213	2224
6213	6452
6213	6650
6213	6799
6213	7019
6213	6224
6219	6707
6219	7798
6219	1019
6220	5584
6223	3337
6223	6028
6224	3898
6226	6427
6226	2005
6228	4210
6228	7956
6236	3429
6236	6391
6236	1683
6237	4529
6237	1363
6237	7319
6240	7405
6240	5055
6241	8045
6241	7316
6241	1061
6241	4063
6243	4272
6243	5799
6243	5301
6243	1711
6243	398
6243	2267
6244	874
6245	7780
6245	6797
6247	4726
6247	5159
6250	2441
6250	7731
6253	6628
6254	8079
6262	3811
6265	6820
6265	622
6265	6797
6269	2861
6270	1746
6270	351
6271	5681
6274	1593
6279	7153
6279	1203
6280	3006
6284	362
6287	4872
6288	7149
6288	2431
6291	5872
6291	5642
6299	7486
6301	2158
6302	7290
6303	906
6311	1626
6311	629
6311	5612
6313	6107
6314	6688
6315	1519
6316	632
6316	1626
6316	3406
6316	6281
6316	5612
6319	3265
6324	1984
6324	7196
6324	1742
6324	2621
6327	2320
6327	6087
6328	6762
6329	2445
6332	670
6334	5681
6338	5011
6338	3052
6341	7000
6342	4993
6344	6346
6344	2339
6350	5838
6357	4213
6357	927
6360	1323
6360	1628
6364	3453
6365	2715
6365	2381
6365	1362
6366	1168
6366	7787
6371	915
6371	388
6375	2253
6376	1169
6380	991
6380	6543
6383	446
6387	7482
6388	3481
6390	7109
6390	6398
6390	5087
6390	4734
6390	6682
6392	2267
6393	1193
6394	3416
6394	2524
6396	7194
6397	4599
6398	6682
6398	4734
6398	1288
6400	1314
6400	4717
6401	6904
6401	999
6405	840
6405	7449
6405	5886
6405	7325
6407	6481
6410	1534
6411	1592
6411	3616
6411	4459
6414	6397
6414	2807
6414	4599
6415	7673
6415	7277
6415	8038
6421	1521
6421	1478
6421	6601
6421	2396
6421	6159
6421	4770
6421	2233
6426	2204
6426	917
6430	5517
6432	3643
6434	985
6434	5919
6434	2192
6437	800
6438	1060
6438	7309
6438	5958
6438	895
6439	4084
6440	4216
6442	7688
6449	3666
6451	2788
6451	6692
6452	7019
6452	6799
6452	3898
6457	1406
6457	1273
6457	7342
6457	6141
6457	1490
6457	1523
6457	5459
6457	6674
6457	470
6457	6233
6457	6330
6457	7196
6457	6397
6457	6010
6457	5791
6457	2621
6457	4599
6458	1266
6458	3754
6460	1510
6466	2630
6470	6684
6470	2918
6473	5581
6476	5683
6476	4168
6476	779
6476	5964
6476	5851
6476	5727
6476	6645
6477	1057
6477	1348
6477	887
6480	7956
6483	768
6491	4577
6491	3859
6491	6601
6496	4110
6497	934
6498	5145
6498	4286
6499	7820
6501	7688
6502	2841
6502	7093
6504	6537
6505	457
6505	7253
6505	3997
6505	7383
6505	5159
6505	2637
6505	1287
6507	2515
6508	1147
6511	2736
6513	7818
6514	3547
6514	4134
6525	3458
6525	3604
6525	3764
6525	7704
6525	2777
6526	616
6534	6063
6538	7561
6545	5938
6547	2736
6547	334
6547	4887
6548	664
6550	6080
6550	6879
6550	3839
6550	3782
6550	2447
6551	3344
6551	3086
6551	3539
6556	1353
6556	7406
6557	1345
6557	3906
6557	4130
6557	2116
6557	3688
6557	1611
6557	6987
6557	7756
6557	6955
6557	4303
6557	2351
6557	1266
6557	7547
6557	886
6557	3097
6557	5467
6557	3260
6557	446
6557	3742
6557	7354
6557	3754
6557	4734
6557	5811
6557	7662
6557	591
6557	3171
6557	5894
6557	3852
6558	4750
6562	6752
6562	7499
6562	5580
6562	7152
6562	2385
6562	5938
6562	1428
6562	1947
6562	1703
6562	4966
6566	5158
6571	5213
6577	2332
6579	2546
6579	1459
6580	704
6580	7122
6580	2036
6580	6886
6580	1691
6580	3768
6580	4872
6581	6816
6581	1374
6587	1866
6587	5235
6587	1604
6587	6404
6589	1314
6589	3685
6589	3918
6589	7923
6589	3831
6589	860
6589	4002
6590	2431
6592	7397
6592	4966
6592	1353
6592	7184
6592	4726
6592	7539
6593	2860
6593	1955
6594	7561
6594	2228
6596	8034
6597	1338
6598	1401
6599	5777
6606	779
6607	878
6610	820
6612	6343
6613	7208
6613	1625
6613	2172
6614	4639
6614	2527
6614	559
6615	2560
6616	2841
6616	5203
6618	3358
6625	7530
6631	6674
6635	785
6635	5777
6635	4125
6635	2214
6638	6609
6638	6164
6638	2573
6638	6165
6639	5857
6639	5275
6639	1150
6641	2503
6646	3839
6646	6887
6648	994
6648	7987
6648	5605
6648	2940
6648	6924
6650	6224
6650	7019
6650	3898
6652	1168
6652	1491
6652	7734
6653	2947
6653	6422
6653	927
6655	3769
6655	818
6655	4060
6656	5561
6656	2716
6660	2743
6662	3760
6662	5835
6662	6164
6662	4623
6662	6165
6669	1346
6669	3227
6669	7207
6673	1210
6677	7288
6679	7089
6679	6884
6679	822
6681	4871
6682	1288
6687	5981
6700	5824
6700	4931
6700	7855
6700	1470
6700	5198
6702	1203
6706	6046
6713	7561
6722	6276
6722	4286
6723	2344
6723	6609
6725	3354
6725	3738
6726	7930
6727	3906
6730	6397
6730	4599
6738	6006
6742	2630
6743	7586
6743	7492
6743	2341
6743	6808
6743	4574
6747	3730
6752	4966
6754	6492
6757	1906
6760	1466
6760	4735
6761	7687
6765	6946
6778	7823
6782	6034
6784	1373
6785	6681
6785	3252
6785	4871
6786	5825
6786	740
6786	1739
6786	1644
6786	5311
6787	4245
6787	6317
6788	2116
6788	6229
6788	1310
6788	5735
6793	4515
6796	4445
6798	3557
6798	4838
6798	4455
6798	3115
6798	1836
6798	3615
6799	3898
6802	2947
6802	927
6803	3650
6803	1258
6803	7932
6803	6006
6803	7288
6803	1722
6806	5572
6806	5957
6806	2396
6806	2233
6813	2944
6813	6736
6813	5744
6815	6620
6820	6797
6821	7436
6825	822
6825	4465
6825	1500
6825	2422
6825	2163
6827	6439
6827	4084
6828	7674
6829	352
6829	3819
6829	6830
6829	4959
6833	7180
6833	879
6836	415
6836	3147
6840	2421
6843	1977
6845	3671
6846	8071
6849	6281
6849	7835
6849	5031
6850	7665
6850	531
6850	5774
6850	5850
6867	4161
6874	5432
6875	3522
6875	7098
6875	7399
6876	2105
6878	483
6878	3779
6881	7019
6881	2782
6881	3898
6882	4678
6886	4872
6889	7909
6890	3677
6890	2805
6890	7390
6892	328
6895	8034
6895	7731
6899	867
6900	3405
6908	6210
6910	2009
6913	6250
6913	875
6913	2911
6913	2441
6913	7731
6920	809
6920	3038
6920	7703
6922	6382
6928	2983
6928	5983
6930	4386
6930	6732
6932	2782
6942	4429
6945	4364
6947	3873
6947	727
6947	2729
6947	3038
6947	5887
6947	4084
6950	6427
6959	1442
6959	4787
6959	5694
6959	7230
6959	4923
6959	6990
6959	7668
6959	2782
6964	7136
6968	4354
6971	470
6972	4208
6972	1188
6972	3048
6972	1038
6972	1310
6973	1037
6978	2960
6978	5250
6980	5085
6980	5491
6980	3254
6980	4605
6980	7342
6980	8101
6980	3154
6980	6873
6986	866
6986	6707
6986	3755
6990	7668
6991	6885
6993	3289
6994	6721
6994	5463
6995	5634
7001	4120
7001	7694
7001	4426
7003	2930
7003	3011
7003	4491
7003	5980
7003	1646
7003	783
7003	6261
7004	5851
7004	4839
7006	1560
7006	3609
7007	6841
7007	6346
7007	6789
7008	5296
7008	4504
7008	5148
7008	3342
7008	7519
7010	976
7010	3331
7010	6771
7015	7362
7015	7852
7015	4709
7016	4363
7018	1743
7019	3898
7021	3923
7021	1158
7021	5099
7021	6734
7031	3339
7034	2105
7036	1950
7037	3023
7044	1722
7047	372
7050	7789
7050	4622
7051	2112
7051	5197
7051	2590
7055	8061
7056	4225
7056	1428
7056	5677
7063	6490
7063	5396
7063	7118
7064	938
7067	4329
7068	4769
7068	980
7069	4514
7076	7059
7077	4456
7077	5134
7081	379
7081	641
7081	8074
7081	4395
7082	1074
7082	3964
7082	1772
7082	7321
7082	2401
7085	8066
7088	2561
7088	1911
7088	1067
7088	4427
7088	4895
7088	6958
7092	5686
7095	7118
7098	7399
7106	5735
7107	5964
7109	6682
7109	1288
7114	4309
7117	7793
7117	965
7117	2940
7117	2092
7117	1293
7120	6249
7120	2275
7120	6493
7123	1187
7123	6789
7123	3416
7123	3453
7123	5070
7124	6144
7125	1739
7125	3220
7125	6677
7125	5823
7125	7288
7127	5040
7127	5688
7128	996
7129	7642
7129	7467
7132	2778
7138	5370
7138	524
7144	3037
7144	4129
7144	3242
7144	5845
7144	2637
7144	4726
7146	2036
7146	925
7147	3265
7147	2535
7147	7977
7147	1454
7147	2741
7147	1950
7147	6079
7147	1199
7150	7143
7154	3948
7155	1296
7156	3344
7156	7594
7156	1202
7156	3539
7160	4074
7160	4883
7160	1381
7160	7839
7160	5230
7162	822
7167	2432
7167	3425
7167	7909
7170	2745
7171	2745
7172	4216
7172	1858
7173	1066
7175	4100
7175	6725
7175	3391
7175	2930
7175	4146
7175	370
7175	7256
7175	7839
7175	5230
7175	3738
7175	6261
7175	4637
7175	420
7175	3354
7176	6617
7176	7751
7178	4041
7179	3457
7179	1285
7179	535
7181	4406
7183	1665
7183	4201
7183	6894
7184	7539
7187	4159
7188	1131
7188	7503
7188	1296
7189	4164
7189	2054
7189	5638
7189	6152
7189	2188
7189	3341
7189	4236
7189	6227
7189	1753
7189	3098
7189	2081
7189	1379
7189	7914
7189	6315
7189	5299
7189	3828
7189	509
7189	6263
7189	6867
7189	3787
7189	4751
7189	6389
7189	1519
7190	840
7190	6160
7190	2718
7190	7325
7196	2621
7198	1025
7198	7274
7198	6954
7198	3344
7198	6897
7198	3539
7199	1864
7199	4803
7199	5645
7199	2887
7199	5189
7199	483
7199	6493
7202	925
7203	5768
7204	5456
7204	5489
7210	1866
7212	5611
7213	7820
7215	1881
7215	3174
7215	5561
7215	5579
7218	3700
7220	5480
7225	4217
7227	4739
7227	1037
7229	2253
7229	8071
7231	5569
7232	3811
7232	6339
7232	6916
7232	7461
7232	6795
7232	2701
7232	1329
7232	3123
7232	820
7232	2068
7232	4149
7232	2905
7234	2722
7234	6596
7234	7084
7234	462
7234	2911
7234	2441
7234	8034
7236	6112
7236	7748
7238	1353
7244	5489
7247	1409
7247	1058
7247	2683
7247	5035
7248	6739
7248	750
7248	2727
7253	1287
7253	5159
7254	7616
7255	6888
7256	5230
7258	5025
7258	3278
7262	3893
7267	1312
7267	1349
7267	1388
7267	6063
7267	4625
7267	5908
7267	5462
7267	7319
7267	2357
7267	362
7268	7594
7268	1022
7268	7543
7270	4697
7270	5481
7270	6337
7270	5189
7270	3779
7270	661
7271	2722
7271	779
7271	4227
7273	1169
7273	1075
7273	1190
7273	4329
7274	3539
7276	4022
7278	1892
7278	7062
7280	3049
7280	5134
7281	4134
7283	7207
7283	3782
7283	8063
7287	2671
7293	4027
7294	8056
7294	2071
7294	6084
7294	7766
7296	2778
7301	1491
7301	7356
7301	7595
7301	991
7304	7349
7310	3032
7313	2041
7313	562
7313	1683
7317	4512
7317	6178
7317	1990
7324	7405
7336	3311
7343	4872
7345	4650
7345	2087
7348	4405
7350	1550
7354	1362
7358	5480
7358	1560
7358	524
7358	3116
7358	5580
7358	3696
7358	856
7358	4217
7358	2331
7358	1973
7359	327
7365	7499
7365	7748
7365	1973
7365	1703
7365	4966
7367	7296
7367	6178
7367	6447
7367	4278
7367	5335
7367	2778
7369	7136
7369	7399
7376	552
7376	7789
7376	4622
7378	328
7379	7337
7379	6035
7379	7083
7379	7656
7383	2637
7383	5159
7387	6447
7392	2456
7392	977
7395	1305
7395	3321
7397	7539
7400	4140
7404	1220
7404	879
7408	5874
7408	3197
7411	3472
7411	2228
7411	1035
7411	3756
7411	6716
7411	3199
7413	7674
7414	3199
7419	3050
7422	6726
7422	5327
7422	7930
7423	4012
7424	3770
7424	5138
7424	2149
7427	3386
7427	7083
7427	1127
7429	373
7433	5264
7433	6698
7433	8045
7433	2686
7434	5919
7435	1312
7437	3225
7437	6586
7437	2718
7438	1265
7439	632
7439	3088
7439	1950
7443	2881
7443	6702
7443	1203
7446	7554
7446	2590
7450	4627
7452	1772
7452	453
7452	7321
7452	2401
7457	2863
7459	6249
7459	7093
7463	1441
7463	7203
7463	5768
7464	1198
7465	1888
7465	6080
7465	2026
7465	844
7465	3690
7465	2316
7465	5614
7465	8071
7465	2740
7465	3478
7469	4964
7475	378
7476	2145
7476	3803
7476	6315
7476	1519
7479	4465
7483	3846
7483	3496
7483	2284
7483	7373
7483	7253
7483	4157
7483	7406
7483	5159
7483	1703
7483	7874
7483	4406
7483	1287
7490	3972
7490	7191
7490	3964
7490	4569
7490	2572
7490	3758
7490	2401
7493	6987
7497	1449
7499	4966
7499	1703
7500	4809
7500	3847
7502	1697
7502	3938
7502	4284
7505	5248
7505	4931
7505	775
7505	6892
7505	2287
7505	4049
7505	7378
7505	2070
7505	4151
7505	2937
7505	1470
7505	843
7505	5198
7505	5240
7505	328
7507	3023
7508	2094
7509	2340
7510	1929
7510	2457
7510	5105
7511	6848
7511	6944
7512	5635
7512	1741
7512	5070
7512	2445
7512	1233
7512	6998
7512	7480
7512	5180
7512	3358
7512	8061
7520	4605
7521	3923
7521	3699
7521	7716
7521	6734
7522	4472
7522	1149
7522	2054
7522	2711
7522	6389
7522	6263
7523	3688
7523	3166
7524	4577
7525	5066
7525	5035
7525	2668
7525	461
7525	3298
7527	5953
7527	2230
7527	5319
7533	6586
7537	6091
7537	4919
7544	4785
7544	4674
7544	2059
7544	2198
7544	4707
7547	3171
7552	1186
7552	5572
7557	6276
7559	2104
7559	6904
7560	5292
7560	2189
7560	4029
7562	7817
7563	5628
7563	1205
7563	6054
7564	1338
7564	2066
7565	4459
7566	1665
7566	5939
7566	4733
7566	3070
7566	7116
7567	2341
7568	5635
7568	7909
7568	1879
7568	7208
7568	3598
7568	3358
7568	8061
7569	6182
7569	3483
7569	5605
7569	6910
7569	2009
7570	6066
7570	5916
7570	887
7572	5009
7572	6199
7572	6919
7572	8024
7572	6428
7574	4134
7579	7289
7579	6762
7579	1892
7579	6885
7580	5544
7580	5180
7580	1493
7580	7055
7580	8061
7582	2154
7587	6615
7587	3925
7587	6887
7587	476
7587	2655
7587	2560
7587	6724
7587	1082
7596	5760
7596	2342
7596	6536
7596	6607
7596	1019
7596	1373
7596	878
7598	7173
7598	7722
7598	5039
7598	5457
7598	1400
7598	1066
7598	4707
7599	6838
7600	7534
7601	3576
7601	6391
7602	2042
7602	5887
7603	7504
7603	603
7603	5148
7603	3549
7603	2798
7604	3675
7605	2491
7605	2413
7605	5117
7606	5691
7606	663
7608	8034
7611	1708
7612	994
7612	7571
7612	2245
7612	1512
7612	2092
7612	7309
7612	5708
7615	4363
7615	6087
7621	6258
7621	1717
7621	7853
7624	2937
7624	8138
7624	423
7627	2442
7630	953
7630	468
7630	1070
7631	4775
7633	5525
7634	5767
7634	626
7634	6623
7638	6321
7641	7136
7641	5688
7641	3522
7641	3458
7641	7399
7645	5289
7652	7561
7652	686
7653	4299
7653	1838
7653	8025
7655	7434
7655	5919
7659	5198
7661	4590
7662	1288
7663	4123
7664	4624
7665	5850
7665	7539
7667	497
7667	5858
7667	3209
7671	3680
7671	4192
7671	4037
7671	6886
7671	7343
7671	3088
7671	2839
7671	3032
7671	7039
7671	4872
7675	7385
7675	7714
7675	4775
7676	7075
7676	5437
7678	7265
7678	1675
7678	7221
7678	7921
7680	7184
7680	7539
7682	1073
7682	450
7682	1542
7682	4923
7682	5661
7682	6867
7684	794
7686	5475
7686	5895
7686	1000
7686	1260
7686	3793
7686	5555
7686	8051
7686	3614
7686	5055
7692	6553
7694	4426
7694	6343
7695	7704
7695	8010
7705	7331
7705	7412
7705	7687
7706	6952
7706	4343
7706	3789
7706	4967
7708	5792
7708	4366
7708	3215
7708	5526
7708	1148
7708	2515
7708	8101
7709	5584
7709	6540
7709	2333
7712	1881
7712	940
7712	5561
7712	5579
7716	6734
7718	7122
7718	852
7718	2230
7718	4281
7718	2955
7718	7774
7718	4859
7719	7049
7719	6227
7720	531
7720	4356
7720	3197
7720	2456
7720	5850
7720	7184
7720	5774
7721	5467
7722	1066
7723	7492
7726	664
7726	5557
7726	3319
7737	3472
7737	2650
7737	3092
7737	5124
7738	3600
7738	7155
7738	1296
7740	3453
7740	4902
7740	6119
7740	1997
7740	3086
7740	2295
7740	3539
7747	7136
7747	5456
7747	6838
7747	3516
7747	1118
7750	828
7753	977
7753	1892
7753	7689
7753	6463
7755	6849
7755	2154
7755	5932
7755	5971
7755	6300
7755	6281
7755	7835
7755	5031
7756	3171
7756	3852
7756	5811
7756	4734
7756	1288
7757	2541
7757	5126
7760	4159
7762	1506
7763	2352
7763	3639
7763	1991
7763	4264
7763	4234
7763	7331
7768	7058
7768	3828
7771	6112
7771	3630
7776	7699
7781	7113
7783	7113
7788	865
7788	7326
7789	4622
7791	1344
7791	3186
7791	7126
7791	7966
7791	1854
7794	6619
7794	3686
7797	2089
7799	2495
7802	1381
7802	1111
7802	3209
7802	938
7802	5725
7803	1695
7809	3847
7812	2868
7812	5145
7812	5642
7812	572
7812	7118
7812	2671
7816	1029
7816	4919
7816	5076
7822	3040
7822	6987
7822	2780
7824	1265
7825	6347
7827	7769
7827	7677
7828	6089
7829	3220
7829	3671
7830	6881
7830	5694
7830	2782
7830	7019
7831	6984
7831	4658
7831	804
7831	2613
7831	6248
7833	3149
7834	6885
7834	3846
7834	7782
7834	6632
7834	457
7834	7181
7834	1906
7834	6038
7834	7406
7834	1287
7834	7874
7834	4406
7836	846
7839	5230
7841	953
7845	3755
7845	5111
7846	7668
7851	1188
7854	1968
7856	3496
7856	1487
7856	5713
7856	6038
7856	7383
7856	1947
7856	5159
7856	7406
7856	977
7856	1703
7856	2637
7857	2740
7857	2253
7858	1127
7860	1605
7861	3397
7861	5117
7866	858
7866	6771
7866	3759
7867	6354
7867	3547
7868	1864
7868	4697
7868	2275
7868	6493
7868	5189
7868	661
7869	7115
7873	3544
7873	1220
7880	458
7880	6618
7880	3598
7880	3358
7882	2959
7882	2083
7882	4567
7883	7754
7886	786
7887	6847
7890	3118
7890	5030
7894	854
7895	2224
7895	4787
7895	6932
7895	7846
7895	7668
7895	2782
7897	7486
7897	8068
7897	8039
7897	5226
7897	5452
7897	7375
7897	5557
7897	5820
7897	1693
7897	8030
7897	4515
7897	1793
7897	1395
7899	3846
7899	4619
7899	2867
7899	4534
7899	6556
7899	3518
7899	1353
7899	7406
7899	4406
7899	7874
7899	1287
7901	7000
7901	4961
7905	3555
7906	7300
7906	7644
7906	7414
7906	3199
7907	1796
7907	3350
7910	7780
7911	5450
7911	3115
7911	7148
7912	6379
7912	4207
7912	7534
7913	4721
7913	740
7913	1509
7913	5866
7913	6540
7916	4613
7917	1665
7917	3457
7917	8066
7917	7973
7917	3784
7917	1132
7917	6988
7917	370
7917	5624
7917	1114
7917	3931
7917	3354
7917	420
7920	4043
7920	5638
7920	6495
7923	4002
7924	5524
7925	2275
7925	6493
7927	3409
7929	631
7931	581
7932	7288
7932	6006
7934	2146
7934	3058
7934	6086
7934	679
7939	1608
7939	6140
7940	6632
7940	5314
7940	3220
7940	3764
7941	5060
7941	1749
7941	6609
7942	5628
7943	5857
7943	5715
7943	7715
7943	1118
7945	6682
7945	7662
7945	1288
7946	6520
7947	2443
7947	3804
7947	2087
7957	7434
7957	5919
7958	7300
7958	639
7959	1113
7959	7996
7959	365
7960	2351
7961	4002
7966	1854
7967	4895
7968	6688
7968	5642
7968	3622
7968	6842
7968	1482
7968	7291
7969	4785
7971	2199
7977	1199
7978	1686
7980	4368
7985	5691
7985	2573
7988	7471
7990	7380
7991	3752
7993	8068
7993	1163
7993	5291
7993	7854
7993	5744
7993	6419
7993	1304
7993	1968
7993	1960
7993	4515
7994	2840
7994	2587
7998	7477
7999	1743
8001	1425
8001	4729
8001	5459
8001	2601
8001	3409
8001	4590
8001	843
8006	5299
8006	1172
8006	3525
8006	5030
8006	4149
8006	7049
8006	6855
8007	2803
8009	5900
8009	7854
8009	7727
8009	2332
8009	5820
8009	1968
8011	7696
8012	5785
8016	5457
8016	7748
8016	2726
8016	5389
8016	1934
8016	4707
8018	3133
8020	808
8020	963
8020	2687
8020	5559
8021	3425
8021	2339
8023	2587
8023	6028
8026	7477
8027	7595
8027	2572
8027	7734
8027	6543
8028	7815
8028	7181
8028	5040
8028	5168
8028	2867
8028	1524
8028	3604
8028	5715
8028	6838
8028	7420
8028	4406
8030	1793
8033	8112
8033	5508
8033	997
8033	6837
8033	1256
8033	1418
8037	641
8040	1694
8041	3040
8041	1537
8041	2381
8041	4303
8041	5877
8041	2970
8041	5182
8041	591
8041	7354
8041	1362
8041	3852
8041	3742
8042	7153
8043	5767
8044	6183
8046	2727
8047	3786
8047	1991
8052	2672
8052	4866
8052	1460
8052	1976
8052	4633
8053	6307
8054	5928
8054	2342
8054	878
8056	6084
8056	7766
8057	4650
8057	884
8058	2112
8067	1604
8067	1490
8067	7927
8067	4633
8067	7710
8067	3409
8068	4515
8075	7456
8075	791
8078	6665
8078	794
8080	6263
8081	6624
8081	6656
8081	6851
8081	2917
8081	3429
8081	2860
8081	3823
8081	3743
8081	562
8081	2707
8081	3576
8081	5434
8081	6620
8081	6623
8081	2648
8081	1683
8081	6391
8081	1955
8081	5561
8081	2732
8081	2716
8081	2745
8083	3544
8084	4403
8084	6691
8084	2133
8086	7116
8087	3696
8087	531
8087	2901
8087	7401
8087	3242
8087	3788
8087	5774
8087	7397
8087	5850
8087	7373
8087	1973
8088	2468
8090	6873
8091	7538
8091	2678
8109	7328
8110	7412
8113	4172
8113	5981
8116	7239
8119	2739
8121	515
8124	7850
8127	6923
8133	7341
8133	6731
8133	1267
8133	7255
8133	6888
8134	1346
8134	987
8134	5320
8134	4923
8134	2655
8134	1082
8135	4862
8140	6671
8141	6995
8141	3260
8141	1486
8141	2495
8141	5634
8141	2715
8141	5894
8141	7354
8144	1202
8144	3140
